id,date,user,pc,filename,to_removable_media,content
{F-0017110},01/04/2010 08:07:00,IA0008,PC-1008,1BF0DC20.xlsx,False,
{F-0022814},01/04/2010 08:23:00,LA0011,PC-1011,A3F04ABC.txt,False,
{F-0017108},01/04/2010 08:25:00,IA0008,PC-1008,3EB231A0.doc,False,
{F-0022800},01/04/2010 08:28:00,LA0011,PC-1011,370C962A.txt,False,
{F-0022813},01/04/2010 08:31:00,LA0011,PC-1011,08E961F3.doc,False,
{F-0026864},01/04/2010 08:39:00,NA0013,PC-1013,3CB8496C.doc,False,
{F-0008322},01/04/2010 08:40:00,DA0003,PC-1003,6F619D30.xls,False,
{F-0018743},01/04/2010 08:45:00,JA0009,PC-1009,0BCB4870.txt,False,
{F-0022803},01/04/2010 08:46:00,LA0011,PC-1011,F474C579.doc,False,
{F-0017103},01/04/2010 08:47:00,IA0008,PC-1008,3ED0E8D4.doc,False,
{F-0026863},01/04/2010 08:47:00,NA0013,PC-1013,E8E173CD.txt,False,
{F-0008321},01/04/2010 08:50:00,DA0003,PC-1003,69A752CA.doc,False,
{F-0013750},01/04/2010 08:56:00,GA0006,PC-1006,50D1B310.doc,False,
{F-0022818},01/04/2010 08:58:00,LA0011,PC-1011,F5D75753.doc,False,
{F-0017111},01/04/2010 09:00:00,IA0008,PC-1008,3DA6D12A.doc,False,
{F-0017104},01/04/2010 09:01:00,IA0008,PC-1008,99EA5835.xlsx,False,
{F-0018745},01/04/2010 09:04:00,JA0009,PC-1009,8DFBC3CF.doc,False,
{F-0028521},01/04/2010 09:04:00,OA0014,PC-1014,078E8396.pdf,False,
{F-0008318},01/04/2010 09:05:00,DA0003,PC-1003,CE860E90.xls,False,
{F-0022793},01/04/2010 09:06:00,LA0011,PC-1011,76E305E5.doc,False,
{F-0026856},01/04/2010 09:06:00,NA0013,PC-1013,7DF86007.txt,False,
{F-0002396},01/04/2010 09:09:00,BA0001,PC-1001,CCF8421D.pdf,False,
{F-0022806},01/04/2010 09:15:00,LA0011,PC-1011,83DA3E29.txt,False,
{F-0032711},01/04/2010 09:15:00,QA0016,PC-1016,CEDBFAA0.txt,False,
{F-0010993},01/04/2010 09:16:00,EA0004,PC-1004,7F9BF57C.txt,False,
{F-0026860},01/04/2010 09:16:00,NA0013,PC-1013,008B143E.xls,False,
{F-0008310},01/04/2010 09:18:00,DA0003,PC-1003,EF8E7793.xlsx,False,
{F-0022799},01/04/2010 09:21:00,LA0011,PC-1011,B9388724.txt,False,
{F-0028519},01/04/2010 09:25:00,OA0014,PC-1014,3FB3C6B7.pdf,False,
{F-0022796},01/04/2010 09:27:00,LA0011,PC-1011,C788B22B.jpg,False,
{F-0018741},01/04/2010 09:29:00,JA0009,PC-1009,CA481B36.txt,False,
{F-0031106},01/04/2010 09:29:00,PA0015,PC-1015,3229F99E.pdf,False,
{F-0018754},01/04/2010 09:31:00,JA0009,PC-1009,DE41D1CC.pdf,False,
{F-0000017},01/04/2010 09:36:00,AA0000,PC-1000,ECB37EE6.doc,False,
{F-0018752},01/04/2010 09:38:00,JA0009,PC-1009,0FD82D88.doc,False,
{F-0005052},01/04/2010 09:39:00,CA0002,PC-1002,B216F0D6.xlsx,False,
{F-0017102},01/04/2010 09:51:00,IA0008,PC-1008,B3998D3E.txt,False,
{F-0018749},01/04/2010 09:52:00,JA0009,PC-1009,F69FAD86.doc,False,
{F-0000020},01/04/2010 09:54:00,AA0000,PC-1000,CF288DA6.doc,False,
{F-0005069},01/04/2010 09:59:00,CA0002,PC-1002,9F35A0C1.pdf,False,
{F-0000005},01/04/2010 10:00:00,AA0000,PC-1000,CACF2C95.xls,False,
{F-0010989},01/04/2010 10:01:00,EA0004,PC-1004,A6BCD493.xls,False,
{F-0020873},01/04/2010 10:04:00,KA0010,PC-1010,B17BD241.pdf,False,
{F-0031109},01/04/2010 10:04:00,PA0015,PC-1015,D15873B9.txt,False,
{F-0008311},01/04/2010 10:08:00,DA0003,PC-1003,0AEF0297.jpg,False,
{F-0020872},01/04/2010 10:09:00,KA0010,PC-1010,26A97F9A.txt,False,
{F-0013761},01/04/2010 10:12:00,GA0006,PC-1006,C1686118.pdf,False,
{F-0031105},01/04/2010 10:15:00,PA0015,PC-1015,6E6FBEEB.doc,False,
{F-0032717},01/04/2010 10:15:00,QA0016,PC-1016,01B6B76E.doc,False,
{F-0005048},01/04/2010 10:21:00,CA0002,PC-1002,C6130D8D.jpg,False,
{F-0028520},01/04/2010 10:22:00,OA0014,PC-1014,0001DB2F.jpg,False,
{F-0031110},01/04/2010 10:23:00,PA0015,PC-1015,FA558937.xlsx,False,
{F-0002412},01/04/2010 10:24:00,BA0001,PC-1001,6F7A94A2.doc,False,
{F-0018748},01/04/2010 10:27:00,JA0009,PC-1009,F5A3584C.txt,False,
{F-0016172},01/04/2010 10:28:00,HA0007,PC-1007,B7D6FBF9.jpg,False,
{F-0018739},01/04/2010 10:29:00,JA0009,PC-1009,2F21ED1E.xlsx,False,
{F-0008316},01/04/2010 10:32:00,DA0003,PC-1003,62895652.doc,False,
{F-0002411},01/04/2010 10:34:00,BA0001,PC-1001,BB8CF38A.doc,False,
{F-0010995},01/04/2010 10:34:00,EA0004,PC-1004,3C4B5C99.xlsx,False,
{F-0011000},01/04/2010 10:34:00,EA0004,PC-1004,A2D4F7E9.txt,False,
{F-0010988},01/04/2010 10:40:00,EA0004,PC-1004,EE09C1A4.jpg,False,
{F-0012309},01/04/2010 10:42:00,FA0005,PC-1005,C699D2DC.pdf,False,
{F-0002399},01/04/2010 10:43:00,BA0001,PC-1001,2539B868.xlsx,False,
{F-0031114},01/04/2010 10:44:00,PA0015,PC-1015,F578B63A.doc,False,
{F-0022794},01/04/2010 10:46:00,LA0011,PC-1011,D75CD45D.jpg,False,
{F-0022807},01/04/2010 10:48:00,LA0011,PC-1011,391D5C2D.jpg,False,
{F-0026857},01/04/2010 10:48:00,NA0013,PC-1013,99F28748.xls,False,
{F-0010990},01/04/2010 10:50:00,EA0004,PC-1004,4114C02B.xlsx,False,
{F-0005073},01/04/2010 10:53:00,CA0002,PC-1002,D70FB417.txt,False,
{F-0022805},01/04/2010 10:53:00,LA0011,PC-1011,A5102ADB.xlsx,False,
{F-0022798},01/04/2010 10:54:00,LA0011,PC-1011,EAFA6725.doc,False,
{F-0013753},01/04/2010 10:55:00,GA0006,PC-1006,1FD03A27.jpg,False,
{F-0002410},01/04/2010 10:58:00,BA0001,PC-1001,CC50DAD3.xlsx,False,
{F-0008320},01/04/2010 11:03:00,DA0003,PC-1003,80CF0FFE.doc,False,
{F-0031107},01/04/2010 11:04:00,PA0015,PC-1015,7EAB5CA4.pdf,False,
{F-0013757},01/04/2010 11:09:00,GA0006,PC-1006,D21CF9A1.xls,False,
{F-0018740},01/04/2010 11:11:00,JA0009,PC-1009,6700CE0C.doc,False,
{F-0005059},01/04/2010 11:12:00,CA0002,PC-1002,52ED0AEA.doc,False,
{F-0031119},01/04/2010 11:12:00,PA0015,PC-1015,99C52622.xls,False,
{F-0000012},01/04/2010 11:13:00,AA0000,PC-1000,05945BB3.pdf,False,
{F-0002392},01/04/2010 11:16:00,BA0001,PC-1001,F970FCC1.txt,False,
{F-0018746},01/04/2010 11:16:00,JA0009,PC-1009,67C772B2.xls,False,
{F-0026858},01/04/2010 11:20:00,NA0013,PC-1013,807E2EBA.doc,False,
{F-0005060},01/04/2010 11:22:00,CA0002,PC-1002,D5BB8FDE.xlsx,False,
{F-0018744},01/04/2010 11:23:00,JA0009,PC-1009,A61F865D.xls,False,
{F-0028514},01/04/2010 11:27:00,OA0014,PC-1014,F25BB6DB.pdf,False,
{F-0005074},01/04/2010 11:29:00,CA0002,PC-1002,0211D98A.xls,False,
{F-0026862},01/04/2010 11:31:00,NA0013,PC-1013,AC387B9C.txt,False,
{F-0032710},01/04/2010 11:31:00,QA0016,PC-1016,3D4352B7.jpg,False,
{F-0000013},01/04/2010 11:34:00,AA0000,PC-1000,7BBB8294.pdf,False,
{F-0012302},01/04/2010 11:34:00,FA0005,PC-1005,F67FFD20.doc,False,
{F-0013752},01/04/2010 11:35:00,GA0006,PC-1006,2204E654.txt,False,
{F-0012307},01/04/2010 11:38:00,FA0005,PC-1005,D2220D37.doc,False,
{F-0034120},01/04/2010 11:39:00,RA0017,PC-1017,9218703E.xls,False,
{F-0020877},01/04/2010 11:40:00,KA0010,PC-1010,06E34DF2.pdf,False,
{F-0005067},01/04/2010 11:44:00,CA0002,PC-1002,8155661C.xlsx,False,
{F-0018737},01/04/2010 11:44:00,JA0009,PC-1009,66DE3F3B.xlsx,False,
{F-0034122},01/04/2010 11:46:00,RA0017,PC-1017,06545DF5.xlsx,False,
{F-0005064},01/04/2010 11:48:00,CA0002,PC-1002,3048B01F.txt,False,
{F-0012318},01/04/2010 11:48:00,FA0005,PC-1005,D03BD4F4.xls,False,
{F-0002404},01/04/2010 11:49:00,BA0001,PC-1001,06B7F5C8.doc,False,
{F-0000006},01/04/2010 11:52:00,AA0000,PC-1000,7D8497C0.xls,False,
{F-0031112},01/04/2010 11:53:00,PA0015,PC-1015,A80CE24F.pdf,False,
{F-0018738},01/04/2010 11:54:00,JA0009,PC-1009,E26891DF.doc,False,
{F-0022815},01/04/2010 12:00:00,LA0011,PC-1011,C278F3B2.jpg,False,
{F-0022816},01/04/2010 12:00:00,LA0011,PC-1011,0C83BE5C.jpg,False,
{F-0022811},01/04/2010 12:02:00,LA0011,PC-1011,7E37A9AA.txt,False,
{F-0013765},01/04/2010 12:04:00,GA0006,PC-1006,03133F4A.pdf,False,
{F-0002406},01/04/2010 12:05:00,BA0001,PC-1001,A411EB69.txt,False,
{F-0018736},01/04/2010 12:06:00,JA0009,PC-1009,4D0A6CB7.doc,False,
{F-0016169},01/04/2010 12:07:00,HA0007,PC-1007,8FFFD6D7.xlsx,False,
{F-0016170},01/04/2010 12:11:00,HA0007,PC-1007,01C97C8A.doc,False,
{F-0020871},01/04/2010 12:11:00,KA0010,PC-1010,E536CF5C.doc,False,
{F-0031117},01/04/2010 12:11:00,PA0015,PC-1015,C1885CD1.doc,False,
{F-0032713},01/04/2010 12:11:00,QA0016,PC-1016,58F69501.pdf,False,
{F-0028517},01/04/2010 12:12:00,OA0014,PC-1014,7BD792A2.pdf,False,
{F-0002387},01/04/2010 12:14:00,BA0001,PC-1001,F27B16EB.doc,False,
{F-0026859},01/04/2010 12:16:00,NA0013,PC-1013,E1293F43.txt,False,
{F-0002397},01/04/2010 12:19:00,BA0001,PC-1001,864BBC92.pdf,False,
{F-0008319},01/04/2010 12:28:00,DA0003,PC-1003,68BF6B60.doc,False,
{F-0005070},01/04/2010 12:30:00,CA0002,PC-1002,F831ED26.jpg,False,
{F-0016168},01/04/2010 12:35:00,HA0007,PC-1007,49B76444.doc,False,
{F-0031108},01/04/2010 12:35:00,PA0015,PC-1015,BBCFCC19.txt,False,
{F-0031121},01/04/2010 12:35:00,PA0015,PC-1015,E2665AA3.doc,False,
{F-0026853},01/04/2010 12:37:00,NA0013,PC-1013,E76A2CBB.jpg,False,
{F-0026854},01/04/2010 12:38:00,NA0013,PC-1013,ACEDD9B1.jpg,False,
{F-0022810},01/04/2010 12:40:00,LA0011,PC-1011,F7F4427A.doc,False,
{F-0016173},01/04/2010 12:43:00,HA0007,PC-1007,A4779F18.xlsx,False,
{F-0005065},01/04/2010 12:44:00,CA0002,PC-1002,ED68BEF1.jpg,False,
{F-0010999},01/04/2010 12:48:00,EA0004,PC-1004,7ECA99E7.xlsx,False,
{F-0013766},01/04/2010 12:53:00,GA0006,PC-1006,AD6F786C.doc,False,
{F-0010998},01/04/2010 12:56:00,EA0004,PC-1004,715F8C0A.jpg,False,
{F-0032715},01/04/2010 12:56:00,QA0016,PC-1016,0065F160.jpg,False,
{F-0010992},01/04/2010 12:58:00,EA0004,PC-1004,8F00A6A0.pdf,False,
{F-0031113},01/04/2010 13:03:00,PA0015,PC-1015,383EEF0F.doc,False,
{F-0013758},01/04/2010 13:05:00,GA0006,PC-1006,32B11BF9.xls,False,
{F-0005077},01/04/2010 13:06:00,CA0002,PC-1002,12930538.pdf,False,
{F-0016167},01/04/2010 13:07:00,HA0007,PC-1007,D232B151.xlsx,False,
{F-0017101},01/04/2010 13:07:00,IA0008,PC-1008,65C83C57.pdf,False,
{F-0005056},01/04/2010 13:08:00,CA0002,PC-1002,869CB996.jpg,False,
{F-0005080},01/04/2010 13:08:00,CA0002,PC-1002,CC2DBC19.doc,False,
{F-0017109},01/04/2010 13:09:00,IA0008,PC-1008,90907F61.txt,False,
{F-0005082},01/04/2010 13:10:00,CA0002,PC-1002,7C4C7288.pdf,False,
{F-0018734},01/04/2010 13:10:00,JA0009,PC-1009,247DCC27.jpg,False,
{F-0013751},01/04/2010 13:11:00,GA0006,PC-1006,97728E14.xlsx,False,
{F-0008323},01/04/2010 13:15:00,DA0003,PC-1003,B4202EB5.txt,False,
{F-0022819},01/04/2010 13:16:00,LA0011,PC-1011,824E4EBF.doc,False,
{F-0008317},01/04/2010 13:19:00,DA0003,PC-1003,9DBEF15C.xls,False,
{F-0020874},01/04/2010 13:20:00,KA0010,PC-1010,D1E3A3B4.doc,False,
{F-0005076},01/04/2010 13:21:00,CA0002,PC-1002,624B13FD.pdf,False,
{F-0022801},01/04/2010 13:23:00,LA0011,PC-1011,519F14A4.pdf,False,
{F-0000010},01/04/2010 13:27:00,AA0000,PC-1000,FDD59FFC.doc,False,
{F-0008315},01/04/2010 13:27:00,DA0003,PC-1003,91036DDE.xls,False,
{F-0012324},01/04/2010 13:27:00,FA0005,PC-1005,A15F539E.txt,False,
{F-0018750},01/04/2010 13:28:00,JA0009,PC-1009,07D63140.xlsx,False,
{F-0034119},01/04/2010 13:28:00,RA0017,PC-1017,E65E5E78.doc,False,
{F-0005078},01/04/2010 13:29:00,CA0002,PC-1002,77964504.xls,False,
{F-0002398},01/04/2010 13:34:00,BA0001,PC-1001,7D0AAD64.doc,False,
{F-0000007},01/04/2010 13:37:00,AA0000,PC-1000,7F64A182.pdf,False,
{F-0022808},01/04/2010 13:39:00,LA0011,PC-1011,C40C03F9.txt,False,
{F-0002408},01/04/2010 13:45:00,BA0001,PC-1001,874708FC.txt,False,
{F-0013762},01/04/2010 13:46:00,GA0006,PC-1006,1EAA4263.doc,False,
{F-0016174},01/04/2010 13:49:00,HA0007,PC-1007,3501C808.jpg,False,
{F-0005068},01/04/2010 13:53:00,CA0002,PC-1002,FCED9B1E.doc,False,
{F-0008313},01/04/2010 13:55:00,DA0003,PC-1003,87A25A03.txt,False,
{F-0020876},01/04/2010 13:55:00,KA0010,PC-1010,FCAF0EDB.doc,False,
{F-0005055},01/04/2010 13:56:00,CA0002,PC-1002,F5ED5464.doc,False,
{F-0002395},01/04/2010 13:58:00,BA0001,PC-1001,9E85F69A.doc,False,
{F-0010997},01/04/2010 14:04:00,EA0004,PC-1004,47C85908.xls,False,
{F-0018755},01/04/2010 14:04:00,JA0009,PC-1009,23E792D7.pdf,False,
{F-0013759},01/04/2010 14:05:00,GA0006,PC-1006,02D3CA27.doc,False,
{F-0022792},01/04/2010 14:05:00,LA0011,PC-1011,D0244FB0.doc,False,
{F-0002394},01/04/2010 14:07:00,BA0001,PC-1001,95FB59F5.pdf,False,
{F-0008314},01/04/2010 14:10:00,DA0003,PC-1003,B4D08344.pdf,False,
{F-0013756},01/04/2010 14:11:00,GA0006,PC-1006,A89F3491.xlsx,False,
{F-0016166},01/04/2010 14:14:00,HA0007,PC-1007,D7616592.doc,False,
{F-0034121},01/04/2010 14:14:00,RA0017,PC-1017,EBCA6D8A.txt,False,
{F-0017100},01/04/2010 14:17:00,IA0008,PC-1008,C516C2EA.jpg,False,
{F-0031111},01/04/2010 14:17:00,PA0015,PC-1015,80B3C743.doc,False,
{F-0005072},01/04/2010 14:23:00,CA0002,PC-1002,F15CC888.doc,False,
{F-0000008},01/04/2010 14:24:00,AA0000,PC-1000,EA43E4FF.xlsx,False,
{F-0000019},01/04/2010 14:24:00,AA0000,PC-1000,293D857D.doc,False,
{F-0020878},01/04/2010 14:25:00,KA0010,PC-1010,DCCE1196.jpg,False,
{F-0000004},01/04/2010 14:27:00,AA0000,PC-1000,0736228A.doc,False,
{F-0031118},01/04/2010 14:28:00,PA0015,PC-1015,F4EABE92.xls,False,
{F-0012316},01/04/2010 14:32:00,FA0005,PC-1005,47E7EA64.xls,False,
{F-0017099},01/04/2010 14:32:00,IA0008,PC-1008,7DCD27AB.doc,False,
{F-0022795},01/04/2010 14:34:00,LA0011,PC-1011,18C8540C.txt,False,
{F-0032714},01/04/2010 14:34:00,QA0016,PC-1016,00257DE5.xlsx,False,
{F-0002388},01/04/2010 14:35:00,BA0001,PC-1001,D366528D.jpg,False,
{F-0013760},01/04/2010 14:38:00,GA0006,PC-1006,3F33E96A.xlsx,False,
{F-0000015},01/04/2010 14:47:00,AA0000,PC-1000,44F45BEF.jpg,False,
{F-0020880},01/04/2010 14:47:00,KA0010,PC-1010,68015301.jpg,False,
{F-0028512},01/04/2010 14:52:00,OA0014,PC-1014,EE995782.jpg,False,
{F-0002402},01/04/2010 14:53:00,BA0001,PC-1001,458ACE89.xlsx,False,
{F-0013755},01/04/2010 14:56:00,GA0006,PC-1006,2D42FABB.txt,False,
{F-0005061},01/04/2010 14:58:00,CA0002,PC-1002,FAB7128C.doc,False,
{F-0002390},01/04/2010 15:01:00,BA0001,PC-1001,A79ADE7F.xlsx,False,
{F-0005066},01/04/2010 15:04:00,CA0002,PC-1002,2761EBB4.doc,False,
{F-0012310},01/04/2010 15:06:00,FA0005,PC-1005,2B36F9CC.xls,False,
{F-0005054},01/04/2010 15:09:00,CA0002,PC-1002,2F46A772.jpg,False,
{F-0005071},01/04/2010 15:16:00,CA0002,PC-1002,F91F4573.doc,False,
{F-0002409},01/04/2010 15:17:00,BA0001,PC-1001,BCC74DE8.xlsx,False,
{F-0016171},01/04/2010 15:17:00,HA0007,PC-1007,00B85B4A.doc,False,
{F-0022797},01/04/2010 15:19:00,LA0011,PC-1011,A36963B2.xlsx,False,
{F-0005050},01/04/2010 15:20:00,CA0002,PC-1002,280D80FD.pdf,False,
{F-0018753},01/04/2010 15:22:00,JA0009,PC-1009,0F6FDC1E.pdf,False,
{F-0012317},01/04/2010 15:23:00,FA0005,PC-1005,535B03AB.txt,False,
{F-0017106},01/04/2010 15:24:00,IA0008,PC-1008,08480D92.txt,False,
{F-0000011},01/04/2010 15:25:00,AA0000,PC-1000,4A8CB566.jpg,False,
{F-0012314},01/04/2010 15:25:00,FA0005,PC-1005,5AD2C4D3.doc,False,
{F-0034123},01/04/2010 15:27:00,RA0017,PC-1017,81F9A01D.xlsx,False,
{F-0012319},01/04/2010 15:28:00,FA0005,PC-1005,D6E82F3E.doc,False,
{F-0017112},01/04/2010 15:28:00,IA0008,PC-1008,3174B827.txt,False,
{F-0022804},01/04/2010 15:28:00,LA0011,PC-1011,C562B504.txt,False,
{F-0013763},01/04/2010 15:29:00,GA0006,PC-1006,61FC1105.xls,False,
{F-0002386},01/04/2010 15:31:00,BA0001,PC-1001,37024F26.xls,False,
{F-0000018},01/04/2010 15:32:00,AA0000,PC-1000,569EABDA.txt,False,
{F-0000014},01/04/2010 15:33:00,AA0000,PC-1000,116EB1EC.xls,False,
{F-0002393},01/04/2010 15:33:00,BA0001,PC-1001,F65D0D30.doc,False,
{F-0020875},01/04/2010 15:33:00,KA0010,PC-1010,2C3796A0.xls,False,
{F-0005062},01/04/2010 15:35:00,CA0002,PC-1002,0FA46EA0.xlsx,False,
{F-0012315},01/04/2010 15:39:00,FA0005,PC-1005,BD69A87F.xlsx,False,
{F-0010994},01/04/2010 15:40:00,EA0004,PC-1004,B3CD87A1.txt,False,
{F-0018742},01/04/2010 15:42:00,JA0009,PC-1009,137E68C4.doc,False,
{F-0013754},01/04/2010 15:45:00,GA0006,PC-1006,7941C11D.xlsx,False,
{F-0012320},01/04/2010 15:46:00,FA0005,PC-1005,86F7AB23.doc,False,
{F-0026852},01/04/2010 15:49:00,NA0013,PC-1013,0D5AEDFD.xls,False,
{F-0000016},01/04/2010 15:51:00,AA0000,PC-1000,6ADD74BE.xls,False,
{F-0013764},01/04/2010 15:52:00,GA0006,PC-1006,B7F9F953.jpg,False,
{F-0017107},01/04/2010 15:52:00,IA0008,PC-1008,CF35AC82.xlsx,False,
{F-0028518},01/04/2010 15:52:00,OA0014,PC-1014,95F0EF75.xls,False,
{F-0002401},01/04/2010 15:53:00,BA0001,PC-1001,E7C219A2.txt,False,
{F-0002405},01/04/2010 15:53:00,BA0001,PC-1001,325428B3.jpg,False,
{F-0000003},01/04/2010 15:54:00,AA0000,PC-1000,780702DF.doc,False,
{F-0002391},01/04/2010 15:54:00,BA0001,PC-1001,2F43C979.xls,False,
{F-0031115},01/04/2010 15:54:00,PA0015,PC-1015,03F4AE74.txt,False,
{F-0008309},01/04/2010 15:56:00,DA0003,PC-1003,A50CBD8A.doc,False,
{F-0020869},01/04/2010 15:57:00,KA0010,PC-1010,D9ADBCE2.pdf,False,
{F-0020879},01/04/2010 15:59:00,KA0010,PC-1010,68E6EC69.doc,False,
{F-0017105},01/04/2010 16:04:00,IA0008,PC-1008,F22BC282.pdf,False,
{F-0022809},01/04/2010 16:04:00,LA0011,PC-1011,E774641A.xls,False,
{F-0020868},01/04/2010 16:05:00,KA0010,PC-1010,C22A98E0.doc,False,
{F-0022817},01/04/2010 16:05:00,LA0011,PC-1011,B68CFB44.xls,False,
{F-0008312},01/04/2010 16:07:00,DA0003,PC-1003,EDC805B4.doc,False,
{F-0012306},01/04/2010 16:07:00,FA0005,PC-1005,EC484259.doc,False,
{F-0031120},01/04/2010 16:09:00,PA0015,PC-1015,BAF2402C.txt,False,
{F-0005083},01/04/2010 16:11:00,CA0002,PC-1002,FA1AE7B5.xls,False,
{F-0022812},01/04/2010 16:11:00,LA0011,PC-1011,44EC8F51.jpg,False,
{F-0031116},01/04/2010 16:14:00,PA0015,PC-1015,4DD2B737.txt,False,
{F-0028515},01/04/2010 16:16:00,OA0014,PC-1014,3420E077.doc,False,
{F-0018747},01/04/2010 16:17:00,JA0009,PC-1009,257C4CDC.doc,False,
{F-0018751},01/04/2010 16:22:00,JA0009,PC-1009,A9A8ED63.txt,False,
{F-0028513},01/04/2010 16:22:00,OA0014,PC-1014,E52466A6.xls,False,
{F-0002400},01/04/2010 16:23:00,BA0001,PC-1001,CB7B00F2.doc,False,
{F-0018735},01/04/2010 16:23:00,JA0009,PC-1009,E582212B.xlsx,False,
{F-0022802},01/04/2010 16:31:00,LA0011,PC-1011,2E9D8FBC.xls,False,
{F-0031122},01/04/2010 16:31:00,PA0015,PC-1015,919D9C10.xls,False,
{F-0002403},01/04/2010 16:32:00,BA0001,PC-1001,113C0A55.txt,False,
{F-0010991},01/04/2010 16:32:00,EA0004,PC-1004,990C3339.txt,False,
{F-0010996},01/04/2010 16:32:00,EA0004,PC-1004,50F601FC.jpg,False,
{F-0026861},01/04/2010 16:34:00,NA0013,PC-1013,625B4B54.txt,False,
{F-0000009},01/04/2010 16:35:00,AA0000,PC-1000,375248F0.doc,False,
{F-0028516},01/04/2010 16:37:00,OA0014,PC-1014,86939C21.txt,False,
{F-0005063},01/04/2010 16:52:00,CA0002,PC-1002,4A0D774B.jpg,False,
{F-0026850},01/04/2010 16:54:00,NA0013,PC-1013,7E8DC913.doc,False,
{F-0012323},01/04/2010 16:56:00,FA0005,PC-1005,566468F9.xls,False,
{F-0002407},01/04/2010 16:59:00,BA0001,PC-1001,05E47187.xls,False,
{F-0026851},01/04/2010 17:08:00,NA0013,PC-1013,230FBC0D.pdf,False,
{F-0012304},01/04/2010 17:17:00,FA0005,PC-1005,32B1A806.txt,False,
{F-0026855},01/04/2010 17:24:00,NA0013,PC-1013,D0A46B19.txt,False,
{F-0005053},01/04/2010 17:26:00,CA0002,PC-1002,0FBB4F22.xlsx,False,
{F-0032712},01/04/2010 17:33:00,QA0016,PC-1016,0D522A46.doc,False,
{F-0012326},01/04/2010 17:39:00,FA0005,PC-1005,B57B67BF.doc,False,
{F-0002389},01/04/2010 17:40:00,BA0001,PC-1001,B592C194.txt,False,
{F-0032716},01/04/2010 17:44:00,QA0016,PC-1016,3938A738.xls,False,
{F-0005051},01/04/2010 17:47:00,CA0002,PC-1002,857BBBA6.doc,False,
{F-0005057},01/04/2010 17:54:00,CA0002,PC-1002,6E85A754.xls,False,
{F-0020870},01/04/2010 17:56:00,KA0010,PC-1010,13599962.doc,False,
{F-0005079},01/04/2010 18:04:00,CA0002,PC-1002,5BACBEFA.doc,False,
{F-0005047},01/04/2010 18:22:00,CA0002,PC-1002,7E50CA73.pdf,False,
{F-0005049},01/04/2010 18:27:00,CA0002,PC-1002,6A45C017.xls,False,
{F-0012322},01/04/2010 18:31:00,FA0005,PC-1005,F4FD1DC4.jpg,False,
{F-0012312},01/04/2010 18:33:00,FA0005,PC-1005,A0E28523.txt,False,
{F-0005058},01/04/2010 18:34:00,CA0002,PC-1002,A579CE66.doc,False,
{F-0005081},01/04/2010 18:35:00,CA0002,PC-1002,178BAD82.doc,False,
{F-0005075},01/04/2010 18:46:00,CA0002,PC-1002,A1603AD0.txt,False,
{F-0012311},01/04/2010 18:46:00,FA0005,PC-1005,B8A1D531.pdf,False,
{F-0012308},01/04/2010 19:03:00,FA0005,PC-1005,3AACC706.txt,False,
{F-0012305},01/04/2010 19:26:00,FA0005,PC-1005,76C75C78.pdf,False,
{F-0012321},01/04/2010 19:34:00,FA0005,PC-1005,518E0648.jpg,False,
{F-0012325},01/04/2010 19:44:00,FA0005,PC-1005,8D92453E.doc,False,
{F-0012313},01/04/2010 19:51:00,FA0005,PC-1005,231D2307.doc,False,
{F-0012303},01/04/2010 19:52:00,FA0005,PC-1005,71C04F06.txt,False,
{F-0022852},01/05/2010 07:35:00,LA0011,PC-1011,9E358FEC.txt,False,
{F-0022853},01/05/2010 08:07:00,LA0011,PC-1011,24031222.doc,False,
{F-0026895},01/05/2010 08:25:00,NA0013,PC-1013,B8DD6A40.pdf,False,
{F-0018799},01/05/2010 08:26:00,JA0009,PC-1009,7C8FD717.pdf,False,
{F-0018803},01/05/2010 08:36:00,JA0009,PC-1009,82490E85.xls,False,
{F-0013804},01/05/2010 08:47:00,GA0006,PC-1006,7E3D6462.xls,False,
{F-0018789},01/05/2010 08:53:00,JA0009,PC-1009,F3FE8475.jpg,False,
{F-0018801},01/05/2010 08:58:00,JA0009,PC-1009,9F693DF9.jpg,False,
{F-0022847},01/05/2010 08:58:00,LA0011,PC-1011,F493C42E.xls,False,
{F-0022851},01/05/2010 09:00:00,LA0011,PC-1011,8702B221.pdf,False,
{F-0011022},01/05/2010 09:02:00,EA0004,PC-1004,3A000D52.doc,False,
{F-0000053},01/05/2010 09:03:00,AA0000,PC-1000,307466DE.doc,False,
{F-0008378},01/05/2010 09:11:00,DA0003,PC-1003,7293E834.xls,False,
{F-0008371},01/05/2010 09:13:00,DA0003,PC-1003,841516AD.xls,False,
{F-0008386},01/05/2010 09:18:00,DA0003,PC-1003,69E28DE0.jpg,False,
{F-0008384},01/05/2010 09:21:00,DA0003,PC-1003,ECAF3110.doc,False,
{F-0018804},01/05/2010 09:22:00,JA0009,PC-1009,BB9399E2.doc,False,
{F-0026893},01/05/2010 09:23:00,NA0013,PC-1013,5134722E.jpg,False,
{F-0032746},01/05/2010 09:23:00,QA0016,PC-1016,9D3D0F41.xlsx,False,
{F-0031152},01/05/2010 09:27:00,PA0015,PC-1015,A73536BE.jpg,False,
{F-0026901},01/05/2010 09:29:00,NA0013,PC-1013,9F91D7F7.doc,False,
{F-0028603},01/05/2010 09:30:00,OA0014,PC-1014,C1789C70.xlsx,False,
{F-0000055},01/05/2010 09:34:00,AA0000,PC-1000,B704FB6B.pdf,False,
{F-0020921},01/05/2010 09:35:00,KA0010,PC-1010,20E83DBD.jpg,False,
{F-0011026},01/05/2010 09:36:00,EA0004,PC-1004,CA0A404B.xls,False,
{F-0000051},01/05/2010 09:37:00,AA0000,PC-1000,816856C6.doc,False,
{F-0018795},01/05/2010 09:37:00,JA0009,PC-1009,8F442443.doc,False,
{F-0018796},01/05/2010 09:39:00,JA0009,PC-1009,2452C0EB.txt,False,
{F-0026897},01/05/2010 09:40:00,NA0013,PC-1013,1CEB19BF.doc,False,
{F-0032743},01/05/2010 09:41:00,QA0016,PC-1016,FBB70B54.txt,False,
{F-0005144},01/05/2010 09:42:00,CA0002,PC-1002,F34B85D3.xlsx,False,
{F-0011016},01/05/2010 09:43:00,EA0004,PC-1004,84F8AD11.pdf,False,
{F-0013802},01/05/2010 09:43:00,GA0006,PC-1006,A6485C00.xls,False,
{F-0020916},01/05/2010 09:43:00,KA0010,PC-1010,555AB5C5.jpg,False,
{F-0002458},01/05/2010 09:46:00,BA0001,PC-1001,08D042F6.txt,False,
{F-0020932},01/05/2010 09:50:00,KA0010,PC-1010,3AEAFF23.pdf,False,
{F-0022849},01/05/2010 09:51:00,LA0011,PC-1011,8665A478.doc,False,
{F-0002455},01/05/2010 09:53:00,BA0001,PC-1001,F5DA92E2.xls,False,
{F-0005149},01/05/2010 09:56:00,CA0002,PC-1002,CC3467A8.txt,False,
{F-0018798},01/05/2010 10:03:00,JA0009,PC-1009,8B3A7A89.xlsx,False,
{F-0031159},01/05/2010 10:13:00,PA0015,PC-1015,58DF6EC7.doc,False,
{F-0018809},01/05/2010 10:14:00,JA0009,PC-1009,7E583E89.doc,False,
{F-0020927},01/05/2010 10:15:00,KA0010,PC-1010,83000E78.xlsx,False,
{F-0024862},01/05/2010 10:18:00,MA0012,PC-1012,08DFAD2D.pdf,False,
{F-0002467},01/05/2010 10:21:00,BA0001,PC-1001,758C1CD1.doc,False,
{F-0005128},01/05/2010 10:21:00,CA0002,PC-1002,AFB95AA1.txt,False,
{F-0018797},01/05/2010 10:22:00,JA0009,PC-1009,624DA8C5.jpg,False,
{F-0028605},01/05/2010 10:24:00,OA0014,PC-1014,D84A1C91.doc,False,
{F-0022850},01/05/2010 10:25:00,LA0011,PC-1011,0E2B30DB.txt,False,
{F-0011020},01/05/2010 10:26:00,EA0004,PC-1004,47B582B9.doc,False,
{F-0008391},01/05/2010 10:28:00,DA0003,PC-1003,A3893A66.txt,False,
{F-0022848},01/05/2010 10:31:00,LA0011,PC-1011,38FF9AA5.xls,False,
{F-0031157},01/05/2010 10:31:00,PA0015,PC-1015,3A65FF14.pdf,False,
{F-0008389},01/05/2010 10:33:00,DA0003,PC-1003,6A394BC7.jpg,False,
{F-0024858},01/05/2010 10:36:00,MA0012,PC-1012,7917703C.pdf,False,
{F-0013809},01/05/2010 10:41:00,GA0006,PC-1006,E50B68B2.xls,False,
{F-0008373},01/05/2010 10:42:00,DA0003,PC-1003,9BC00F61.xlsx,False,
{F-0008374},01/05/2010 10:42:00,DA0003,PC-1003,79052275.doc,False,
{F-0005124},01/05/2010 10:43:00,CA0002,PC-1002,4666337E.doc,False,
{F-0002456},01/05/2010 10:45:00,BA0001,PC-1001,9340B010.jpg,False,
{F-0013807},01/05/2010 10:47:00,GA0006,PC-1006,338E3C13.pdf,False,
{F-0018802},01/05/2010 10:48:00,JA0009,PC-1009,AAA6676F.xlsx,False,
{F-0005147},01/05/2010 10:49:00,CA0002,PC-1002,6231D62C.jpg,False,
{F-0000048},01/05/2010 10:50:00,AA0000,PC-1000,A7F3F00D.doc,False,
{F-0031155},01/05/2010 10:57:00,PA0015,PC-1015,3FF2C69C.pdf,False,
{F-0028601},01/05/2010 11:01:00,OA0014,PC-1014,01E22CA8.xlsx,False,
{F-0013810},01/05/2010 11:04:00,GA0006,PC-1006,A7E8BB7B.pdf,False,
{F-0024863},01/05/2010 11:08:00,MA0012,PC-1012,64B6CDAF.xls,False,
{F-0005131},01/05/2010 11:09:00,CA0002,PC-1002,0056432B.pdf,False,
{F-0028611},01/05/2010 11:09:00,OA0014,PC-1014,87E11889.doc,False,
{F-0018786},01/05/2010 11:11:00,JA0009,PC-1009,C0A38BDE.txt,False,
{F-0018792},01/05/2010 11:21:00,JA0009,PC-1009,1CC42865.pdf,False,
{F-0000059},01/05/2010 11:24:00,AA0000,PC-1000,05554BB1.pdf,False,
{F-0008387},01/05/2010 11:25:00,DA0003,PC-1003,F307CDD9.txt,False,
{F-0020915},01/05/2010 11:25:00,KA0010,PC-1010,EA29730A.txt,False,
{F-0018791},01/05/2010 11:27:00,JA0009,PC-1009,925D420B.pdf,False,
{F-0011015},01/05/2010 11:29:00,EA0004,PC-1004,3E22E7E2.jpg,False,
{F-0018793},01/05/2010 11:29:00,JA0009,PC-1009,46A6D934.doc,False,
{F-0020931},01/05/2010 11:30:00,KA0010,PC-1010,9E4FC943.xls,False,
{F-0008375},01/05/2010 11:31:00,DA0003,PC-1003,E18A55B4.pdf,False,
{F-0008372},01/05/2010 11:32:00,DA0003,PC-1003,AB0D2E88.jpg,False,
{F-0028607},01/05/2010 11:32:00,OA0014,PC-1014,732099A6.xls,False,
{F-0031150},01/05/2010 11:33:00,PA0015,PC-1015,EF4248C6.xls,False,
{F-0031151},01/05/2010 11:33:00,PA0015,PC-1015,F3A51C44.doc,False,
{F-0032745},01/05/2010 11:34:00,QA0016,PC-1016,EA1999BF.doc,False,
{F-0034143},01/05/2010 11:36:00,RA0017,PC-1017,0116065F.jpg,False,
{F-0008382},01/05/2010 11:38:00,DA0003,PC-1003,E70AD54D.doc,False,
{F-0011024},01/05/2010 11:39:00,EA0004,PC-1004,BF406E02.jpg,False,
{F-0005141},01/05/2010 11:46:00,CA0002,PC-1002,BAEF637B.txt,False,
{F-0002462},01/05/2010 11:48:00,BA0001,PC-1001,8E159CF9.doc,False,
{F-0011017},01/05/2010 11:48:00,EA0004,PC-1004,D57B7980.xlsx,False,
{F-0018794},01/05/2010 11:49:00,JA0009,PC-1009,6385BB91.jpg,False,
{F-0026894},01/05/2010 11:51:00,NA0013,PC-1013,8BB94024.jpg,False,
{F-0032747},01/05/2010 11:51:00,QA0016,PC-1016,F6551736.txt,False,
{F-0018787},01/05/2010 11:53:00,JA0009,PC-1009,7DB16909.xlsx,False,
{F-0028614},01/05/2010 11:55:00,OA0014,PC-1014,E2754AD5.jpg,False,
{F-0005142},01/05/2010 12:01:00,CA0002,PC-1002,F0B77102.jpg,False,
{F-0013803},01/05/2010 12:03:00,GA0006,PC-1006,EAA13CA0.doc,False,
{F-0002464},01/05/2010 12:04:00,BA0001,PC-1001,EE9594DF.xlsx,False,
{F-0018806},01/05/2010 12:09:00,JA0009,PC-1009,95314D48.doc,False,
{F-0028602},01/05/2010 12:09:00,OA0014,PC-1014,5E4D3EDA.doc,False,
{F-0005137},01/05/2010 12:14:00,CA0002,PC-1002,BF34FFB0.doc,False,
{F-0011021},01/05/2010 12:16:00,EA0004,PC-1004,13F9399A.xls,False,
{F-0005130},01/05/2010 12:18:00,CA0002,PC-1002,AA7510C9.doc,False,
{F-0008379},01/05/2010 12:19:00,DA0003,PC-1003,C96E0DF5.pdf,False,
{F-0000050},01/05/2010 12:20:00,AA0000,PC-1000,D6C66678.doc,False,
{F-0016192},01/05/2010 12:25:00,HA0007,PC-1007,06275FB3.doc,False,
{F-0028613},01/05/2010 12:25:00,OA0014,PC-1014,18E78337.pdf,False,
{F-0026898},01/05/2010 12:30:00,NA0013,PC-1013,AED26B29.xls,False,
{F-0031158},01/05/2010 12:31:00,PA0015,PC-1015,F62B1590.jpg,False,
{F-0028612},01/05/2010 12:35:00,OA0014,PC-1014,B69B437D.pdf,False,
{F-0005123},01/05/2010 12:38:00,CA0002,PC-1002,50DE36A6.jpg,False,
{F-0024857},01/05/2010 12:41:00,MA0012,PC-1012,58E973F3.doc,False,
{F-0008383},01/05/2010 12:45:00,DA0003,PC-1003,2A2A52D7.txt,False,
{F-0013811},01/05/2010 12:46:00,GA0006,PC-1006,DA08AA76.xls,False,
{F-0005136},01/05/2010 12:48:00,CA0002,PC-1002,37C3341B.xls,False,
{F-0024861},01/05/2010 12:49:00,MA0012,PC-1012,A204A835.xls,False,
{F-0000058},01/05/2010 12:51:00,AA0000,PC-1000,BB5630A7.doc,False,
{F-0018805},01/05/2010 12:55:00,JA0009,PC-1009,0FBF0CF0.xlsx,False,
{F-0024859},01/05/2010 12:55:00,MA0012,PC-1012,5DCAFB2B.doc,False,
{F-0013815},01/05/2010 12:57:00,GA0006,PC-1006,2D7B72CE.xls,False,
{F-0013814},01/05/2010 13:02:00,GA0006,PC-1006,FD51D6A4.pdf,False,
{F-0016191},01/05/2010 13:02:00,HA0007,PC-1007,21696157.jpg,False,
{F-0028606},01/05/2010 13:04:00,OA0014,PC-1014,7361451A.doc,False,
{F-0022856},01/05/2010 13:05:00,LA0011,PC-1011,49D707F2.doc,False,
{F-0022858},01/05/2010 13:06:00,LA0011,PC-1011,9AEFD448.doc,False,
{F-0018790},01/05/2010 13:08:00,JA0009,PC-1009,67C4A7BD.doc,False,
{F-0005132},01/05/2010 13:10:00,CA0002,PC-1002,7A5F7B09.doc,False,
{F-0013806},01/05/2010 13:12:00,GA0006,PC-1006,F2B1C1A5.xlsx,False,
{F-0013813},01/05/2010 13:17:00,GA0006,PC-1006,869C6BCF.doc,False,
{F-0005140},01/05/2010 13:19:00,CA0002,PC-1002,02445A02.pdf,False,
{F-0034141},01/05/2010 13:20:00,RA0017,PC-1017,B18E4B0F.doc,False,
{F-0002461},01/05/2010 13:21:00,BA0001,PC-1001,E6B885E0.pdf,False,
{F-0020928},01/05/2010 13:24:00,KA0010,PC-1010,B644C6B5.jpg,False,
{F-0028609},01/05/2010 13:26:00,OA0014,PC-1014,58129B31.xlsx,False,
{F-0026892},01/05/2010 13:28:00,NA0013,PC-1013,A7B891E6.pdf,False,
{F-0011018},01/05/2010 13:29:00,EA0004,PC-1004,C53CF0D5.pdf,False,
{F-0005126},01/05/2010 13:35:00,CA0002,PC-1002,743E216D.pdf,False,
{F-0005148},01/05/2010 13:35:00,CA0002,PC-1002,522D5DC3.jpg,False,
{F-0031153},01/05/2010 13:36:00,PA0015,PC-1015,F96F00BE.xls,False,
{F-0016190},01/05/2010 13:45:00,HA0007,PC-1007,666283E3.pdf,False,
{F-0020926},01/05/2010 14:03:00,KA0010,PC-1010,EF4F602F.xls,False,
{F-0008385},01/05/2010 14:05:00,DA0003,PC-1003,F405A568.xls,False,
{F-0008369},01/05/2010 14:06:00,DA0003,PC-1003,46C3D271.doc,False,
{F-0022845},01/05/2010 14:09:00,LA0011,PC-1011,04512305.jpg,False,
{F-0028599},01/05/2010 14:11:00,OA0014,PC-1014,8B308DC5.pdf,False,
{F-0022846},01/05/2010 14:17:00,LA0011,PC-1011,18FAA5EE.xls,False,
{F-0008390},01/05/2010 14:19:00,DA0003,PC-1003,EE6BA094.jpg,False,
{F-0005138},01/05/2010 14:20:00,CA0002,PC-1002,9AF620D0.xls,False,
{F-0000047},01/05/2010 14:22:00,AA0000,PC-1000,17F3D595.pdf,False,
{F-0002460},01/05/2010 14:24:00,BA0001,PC-1001,29048EB1.jpg,False,
{F-0005139},01/05/2010 14:24:00,CA0002,PC-1002,AADF36B5.pdf,False,
{F-0013808},01/05/2010 14:24:00,GA0006,PC-1006,A9941DE5.xls,False,
{F-0031154},01/05/2010 14:25:00,PA0015,PC-1015,A3C6DC1F.txt,False,
{F-0024856},01/05/2010 14:36:00,MA0012,PC-1012,392EFC0B.xls,False,
{F-0005134},01/05/2010 14:38:00,CA0002,PC-1002,62DDBEFB.doc,False,
{F-0002459},01/05/2010 14:39:00,BA0001,PC-1001,B1435251.jpg,False,
{F-0018807},01/05/2010 14:39:00,JA0009,PC-1009,3D5A53F7.txt,False,
{F-0026896},01/05/2010 14:40:00,NA0013,PC-1013,67F9F71F.jpg,False,
{F-0002465},01/05/2010 14:41:00,BA0001,PC-1001,2DCD6489.xlsx,False,
{F-0000049},01/05/2010 14:46:00,AA0000,PC-1000,CAA2A58E.pdf,False,
{F-0024860},01/05/2010 14:46:00,MA0012,PC-1012,4B51A76F.txt,False,
{F-0008370},01/05/2010 14:47:00,DA0003,PC-1003,E46E1D6F.doc,False,
{F-0022854},01/05/2010 14:48:00,LA0011,PC-1011,703DDA29.xls,False,
{F-0028600},01/05/2010 14:50:00,OA0014,PC-1014,520D8F22.xlsx,False,
{F-0008388},01/05/2010 14:52:00,DA0003,PC-1003,68DF6D96.pdf,False,
{F-0028610},01/05/2010 14:53:00,OA0014,PC-1014,852D0135.doc,False,
{F-0008381},01/05/2010 14:55:00,DA0003,PC-1003,B7775201.doc,False,
{F-0008377},01/05/2010 14:58:00,DA0003,PC-1003,562A3C9A.txt,False,
{F-0011019},01/05/2010 14:58:00,EA0004,PC-1004,D866394E.doc,False,
{F-0002466},01/05/2010 15:00:00,BA0001,PC-1001,6E970494.jpg,False,
{F-0020923},01/05/2010 15:00:00,KA0010,PC-1010,52B4D905.jpg,False,
{F-0020930},01/05/2010 15:00:00,KA0010,PC-1010,EF637837.jpg,False,
{F-0020918},01/05/2010 15:03:00,KA0010,PC-1010,AA077689.doc,False,
{F-0000052},01/05/2010 15:04:00,AA0000,PC-1000,86821F8F.jpg,False,
{F-0022857},01/05/2010 15:07:00,LA0011,PC-1011,4439C555.jpg,False,
{F-0000056},01/05/2010 15:09:00,AA0000,PC-1000,BA6D8904.xlsx,False,
{F-0002463},01/05/2010 15:12:00,BA0001,PC-1001,A5EADBF3.pdf,False,
{F-0031160},01/05/2010 15:14:00,PA0015,PC-1015,A9254F86.txt,False,
{F-0005135},01/05/2010 15:15:00,CA0002,PC-1002,CEBA3AE2.jpg,False,
{F-0005127},01/05/2010 15:24:00,CA0002,PC-1002,953F4C60.doc,False,
{F-0020917},01/05/2010 15:24:00,KA0010,PC-1010,C839D6B6.doc,False,
{F-0032742},01/05/2010 15:24:00,QA0016,PC-1016,92AAF171.pdf,False,
{F-0013805},01/05/2010 15:28:00,GA0006,PC-1006,6F9B0F23.doc,False,
{F-0018800},01/05/2010 15:32:00,JA0009,PC-1009,DCBAE11C.xlsx,False,
{F-0018788},01/05/2010 15:39:00,JA0009,PC-1009,9F90828D.xlsx,False,
{F-0000060},01/05/2010 15:40:00,AA0000,PC-1000,5C16DBAA.xlsx,False,
{F-0020922},01/05/2010 15:40:00,KA0010,PC-1010,01FED097.doc,False,
{F-0011023},01/05/2010 15:44:00,EA0004,PC-1004,09F84EAA.xls,False,
{F-0018808},01/05/2010 15:49:00,JA0009,PC-1009,197F55E9.doc,False,
{F-0028598},01/05/2010 15:50:00,OA0014,PC-1014,3FFAF880.pdf,False,
{F-0026900},01/05/2010 15:59:00,NA0013,PC-1013,8F670943.doc,False,
{F-0013812},01/05/2010 16:02:00,GA0006,PC-1006,6F75DC6D.doc,False,
{F-0011014},01/05/2010 16:03:00,EA0004,PC-1004,F53B2933.doc,False,
{F-0005129},01/05/2010 16:04:00,CA0002,PC-1002,5FE0B0BC.jpg,False,
{F-0008380},01/05/2010 16:05:00,DA0003,PC-1003,68C796D2.pdf,False,
{F-0032744},01/05/2010 16:10:00,QA0016,PC-1016,AE97A148.xlsx,False,
{F-0000054},01/05/2010 16:12:00,AA0000,PC-1000,B182C9B3.doc,False,
{F-0002457},01/05/2010 16:14:00,BA0001,PC-1001,C9152D47.pdf,False,
{F-0000057},01/05/2010 16:17:00,AA0000,PC-1000,468FCA3C.pdf,False,
{F-0011025},01/05/2010 16:33:00,EA0004,PC-1004,0C910773.txt,False,
{F-0020929},01/05/2010 16:36:00,KA0010,PC-1010,DEA04EA0.xlsx,False,
{F-0028604},01/05/2010 16:37:00,OA0014,PC-1014,74C10BD4.pdf,False,
{F-0034142},01/05/2010 16:37:00,RA0017,PC-1017,A524B87D.doc,False,
{F-0008376},01/05/2010 16:43:00,DA0003,PC-1003,A0DA13A9.txt,False,
{F-0026899},01/05/2010 16:46:00,NA0013,PC-1013,8F3EA1D6.txt,False,
{F-0005145},01/05/2010 16:52:00,CA0002,PC-1002,3F477971.doc,False,
{F-0022855},01/05/2010 16:53:00,LA0011,PC-1011,B8001F27.xlsx,False,
{F-0028608},01/05/2010 16:53:00,OA0014,PC-1014,26EA17C4.xlsx,False,
{F-0020919},01/05/2010 16:56:00,KA0010,PC-1010,6CE309CA.doc,False,
{F-0005143},01/05/2010 16:57:00,CA0002,PC-1002,7FE1747D.xlsx,False,
{F-0031156},01/05/2010 17:03:00,PA0015,PC-1015,430720DC.xlsx,False,
{F-0020920},01/05/2010 17:10:00,KA0010,PC-1010,5C1A223A.doc,False,
{F-0024865},01/05/2010 17:12:00,MA0012,PC-1012,6C819A80.pdf,False,
{F-0005125},01/05/2010 17:38:00,CA0002,PC-1002,C63EC407.jpg,False,
{F-0024864},01/05/2010 17:45:00,MA0012,PC-1012,A36D5827.jpg,False,
{F-0005146},01/05/2010 17:53:00,CA0002,PC-1002,9061B8D5.jpg,False,
{F-0005133},01/05/2010 17:56:00,CA0002,PC-1002,2211E37C.txt,False,
{F-0020925},01/05/2010 18:07:00,KA0010,PC-1010,0C2D4FC6.txt,False,
{F-0020924},01/05/2010 18:12:00,KA0010,PC-1010,D939643F.jpg,False,
{F-0017152},01/06/2010 07:49:00,IA0008,PC-1008,89A54A4A.jpg,False,
{F-0024911},01/06/2010 07:49:00,MA0012,PC-1012,3C88FC60.xlsx,False,
{F-0026923},01/06/2010 07:49:00,NA0013,PC-1013,CE9F4A84.xls,False,
{F-0024912},01/06/2010 08:05:00,MA0012,PC-1012,CB5958DD.xls,False,
{F-0018858},01/06/2010 08:07:00,JA0009,PC-1009,F636D14C.xls,False,
{F-0024915},01/06/2010 08:18:00,MA0012,PC-1012,60CE7E53.xlsx,False,
{F-0008445},01/06/2010 08:20:00,DA0003,PC-1003,F81E55B2.xlsx,False,
{F-0028681},01/06/2010 08:21:00,OA0014,PC-1014,1CC197AE.xls,False,
{F-0018853},01/06/2010 08:23:00,JA0009,PC-1009,00449B30.doc,False,
{F-0018860},01/06/2010 08:25:00,JA0009,PC-1009,1F08C406.xls,False,
{F-0008443},01/06/2010 08:27:00,DA0003,PC-1003,71507EAF.txt,False,
{F-0024917},01/06/2010 08:35:00,MA0012,PC-1012,264FD5C1.jpg,False,
{F-0018838},01/06/2010 08:39:00,JA0009,PC-1009,F227CEA6.txt,False,
{F-0028675},01/06/2010 08:47:00,OA0014,PC-1014,396FD1D2.xlsx,False,
{F-0026925},01/06/2010 08:49:00,NA0013,PC-1013,B448AB4A.pdf,False,
{F-0013887},01/06/2010 08:51:00,GA0006,PC-1006,053D2B73.xls,False,
{F-0031193},01/06/2010 08:57:00,PA0015,PC-1015,E2530AC4.xlsx,False,
{F-0008438},01/06/2010 09:01:00,DA0003,PC-1003,11D17B50.doc,False,
{F-0016218},01/06/2010 09:02:00,HA0007,PC-1007,F6787B82.doc,False,
{F-0005216},01/06/2010 09:06:00,CA0002,PC-1002,96099837.pdf,False,
{F-0032769},01/06/2010 09:07:00,QA0016,PC-1016,5CF8AFE3.txt,False,
{F-0005215},01/06/2010 09:09:00,CA0002,PC-1002,20970B95.txt,False,
{F-0032775},01/06/2010 09:10:00,QA0016,PC-1016,7F23C6E7.doc,False,
{F-0002528},01/06/2010 09:14:00,BA0001,PC-1001,0FE7E716.jpg,False,
{F-0005232},01/06/2010 09:21:00,CA0002,PC-1002,D64D4032.doc,False,
{F-0017158},01/06/2010 09:21:00,IA0008,PC-1008,CC4D4F87.txt,False,
{F-0005224},01/06/2010 09:25:00,CA0002,PC-1002,207D96CC.xls,False,
{F-0020958},01/06/2010 09:25:00,KA0010,PC-1010,3A4C8695.jpg,False,
{F-0000093},01/06/2010 09:28:00,AA0000,PC-1000,B43F2F2E.xls,False,
{F-0022890},01/06/2010 09:29:00,LA0011,PC-1011,455C156A.pdf,False,
{F-0005229},01/06/2010 09:34:00,CA0002,PC-1002,578D2CBC.xls,False,
{F-0000100},01/06/2010 09:36:00,AA0000,PC-1000,3FF17449.jpg,False,
{F-0008444},01/06/2010 09:36:00,DA0003,PC-1003,DF866341.pdf,False,
{F-0018855},01/06/2010 09:37:00,JA0009,PC-1009,826D6A2F.xls,False,
{F-0022896},01/06/2010 09:38:00,LA0011,PC-1011,6F03EB16.xlsx,False,
{F-0017155},01/06/2010 09:40:00,IA0008,PC-1008,0EA38152.xls,False,
{F-0024908},01/06/2010 09:41:00,MA0012,PC-1012,A285412D.txt,False,
{F-0008435},01/06/2010 09:42:00,DA0003,PC-1003,84D8F44A.jpg,False,
{F-0016212},01/06/2010 09:42:00,HA0007,PC-1007,16B560A9.jpg,False,
{F-0018843},01/06/2010 09:42:00,JA0009,PC-1009,56344B3C.xls,False,
{F-0022883},01/06/2010 09:43:00,LA0011,PC-1011,8849D0F1.doc,False,
{F-0031202},01/06/2010 09:45:00,PA0015,PC-1015,AEE40131.doc,False,
{F-0026927},01/06/2010 09:49:00,NA0013,PC-1013,3AACCB3C.jpg,False,
{F-0031192},01/06/2010 09:50:00,PA0015,PC-1015,316BC439.xlsx,False,
{F-0018839},01/06/2010 10:02:00,JA0009,PC-1009,032F14F2.xls,False,
{F-0020954},01/06/2010 10:03:00,KA0010,PC-1010,89AE8111.xls,False,
{F-0002522},01/06/2010 10:04:00,BA0001,PC-1001,2233B533.xls,False,
{F-0017157},01/06/2010 10:06:00,IA0008,PC-1008,F6E8A467.jpg,False,
{F-0022894},01/06/2010 10:06:00,LA0011,PC-1011,25D788AD.xls,False,
{F-0020951},01/06/2010 10:11:00,KA0010,PC-1010,1C066D38.doc,False,
{F-0032772},01/06/2010 10:16:00,QA0016,PC-1016,6896411B.doc,False,
{F-0002534},01/06/2010 10:18:00,BA0001,PC-1001,D937ED10.pdf,False,
{F-0011050},01/06/2010 10:18:00,EA0004,PC-1004,ADC41BA7.jpg,False,
{F-0017161},01/06/2010 10:20:00,IA0008,PC-1008,C41061F1.xlsx,False,
{F-0018846},01/06/2010 10:20:00,JA0009,PC-1009,E1F0C46E.doc,False,
{F-0005226},01/06/2010 10:23:00,CA0002,PC-1002,AC2D7B0D.doc,False,
{F-0013886},01/06/2010 10:30:00,GA0006,PC-1006,90E60D15.xlsx,False,
{F-0022889},01/06/2010 10:31:00,LA0011,PC-1011,8156A6DB.jpg,False,
{F-0020969},01/06/2010 10:33:00,KA0010,PC-1010,32B43E01.txt,False,
{F-0005227},01/06/2010 10:36:00,CA0002,PC-1002,68A006F1.doc,False,
{F-0022897},01/06/2010 10:36:00,LA0011,PC-1011,5E645253.doc,False,
{F-0028671},01/06/2010 10:41:00,OA0014,PC-1014,D4DE5639.doc,False,
{F-0018854},01/06/2010 10:44:00,JA0009,PC-1009,E45883F4.txt,False,
{F-0002516},01/06/2010 10:48:00,BA0001,PC-1001,DDD8E577.doc,False,
{F-0028673},01/06/2010 10:53:00,OA0014,PC-1014,DA27CAD6.txt,False,
{F-0026924},01/06/2010 10:55:00,NA0013,PC-1013,C1AA48ED.pdf,False,
{F-0000099},01/06/2010 10:56:00,AA0000,PC-1000,89723209.xls,False,
{F-0031194},01/06/2010 11:01:00,PA0015,PC-1015,937A26B4.xlsx,False,
{F-0005205},01/06/2010 11:05:00,CA0002,PC-1002,5C10C707.txt,False,
{F-0032777},01/06/2010 11:05:00,QA0016,PC-1016,ACFC92CE.doc,False,
{F-0013889},01/06/2010 11:06:00,GA0006,PC-1006,DDCC3586.doc,False,
{F-0028672},01/06/2010 11:06:00,OA0014,PC-1014,6CFEF1BD.doc,False,
{F-0000091},01/06/2010 11:07:00,AA0000,PC-1000,3E05B0C9.xls,False,
{F-0008436},01/06/2010 11:07:00,DA0003,PC-1003,3883DB54.jpg,False,
{F-0012360},01/06/2010 11:12:00,FA0005,PC-1005,9309CF49.jpg,False,
{F-0018849},01/06/2010 11:12:00,JA0009,PC-1009,A262CA41.jpg,False,
{F-0012347},01/06/2010 11:14:00,FA0005,PC-1005,44699C1B.doc,False,
{F-0016209},01/06/2010 11:14:00,HA0007,PC-1007,96B478D8.doc,False,
{F-0005207},01/06/2010 11:25:00,CA0002,PC-1002,FC998DA2.doc,False,
{F-0028679},01/06/2010 11:26:00,OA0014,PC-1014,82B752C3.doc,False,
{F-0012362},01/06/2010 11:27:00,FA0005,PC-1005,F4578708.txt,False,
{F-0002525},01/06/2010 11:30:00,BA0001,PC-1001,E1E5F89C.txt,False,
{F-0028678},01/06/2010 11:31:00,OA0014,PC-1014,FD9528B0.txt,False,
{F-0024909},01/06/2010 11:32:00,MA0012,PC-1012,D87D7CA5.doc,False,
{F-0018848},01/06/2010 11:38:00,JA0009,PC-1009,0A2DD39B.doc,False,
{F-0028670},01/06/2010 11:40:00,OA0014,PC-1014,15434C7E.txt,False,
{F-0013883},01/06/2010 11:41:00,GA0006,PC-1006,65BE704A.doc,False,
{F-0032776},01/06/2010 11:42:00,QA0016,PC-1016,F4B5601D.doc,False,
{F-0028680},01/06/2010 11:44:00,OA0014,PC-1014,8971D7A2.xlsx,False,
{F-0011049},01/06/2010 11:48:00,EA0004,PC-1004,CB8D74A9.txt,False,
{F-0020967},01/06/2010 11:49:00,KA0010,PC-1010,96759E02.xlsx,False,
{F-0012364},01/06/2010 11:50:00,FA0005,PC-1005,F57DE7FA.xlsx,False,
{F-0022891},01/06/2010 11:52:00,LA0011,PC-1011,4FB582C3.jpg,False,
{F-0011051},01/06/2010 11:53:00,EA0004,PC-1004,4632D3E1.xls,False,
{F-0018857},01/06/2010 11:54:00,JA0009,PC-1009,7A4DA9AB.doc,False,
{F-0016216},01/06/2010 11:59:00,HA0007,PC-1007,47F39F6D.xls,False,
{F-0024918},01/06/2010 12:00:00,MA0012,PC-1012,4D90EF64.xls,False,
{F-0008446},01/06/2010 12:06:00,DA0003,PC-1003,32B5079E.jpg,False,
{F-0017160},01/06/2010 12:06:00,IA0008,PC-1008,4E4A8257.doc,False,
{F-0002533},01/06/2010 12:08:00,BA0001,PC-1001,CE3C585E.xls,False,
{F-0002518},01/06/2010 12:09:00,BA0001,PC-1001,88677E75.pdf,False,
{F-0024914},01/06/2010 12:10:00,MA0012,PC-1012,B58F3CA0.doc,False,
{F-0002530},01/06/2010 12:11:00,BA0001,PC-1001,2FB17465.txt,False,
{F-0005223},01/06/2010 12:11:00,CA0002,PC-1002,9886E517.xlsx,False,
{F-0028674},01/06/2010 12:11:00,OA0014,PC-1014,6C517143.doc,False,
{F-0016214},01/06/2010 12:13:00,HA0007,PC-1007,58F271EC.txt,False,
{F-0020966},01/06/2010 12:18:00,KA0010,PC-1010,E5360701.pdf,False,
{F-0017154},01/06/2010 12:19:00,IA0008,PC-1008,0AC206D2.xlsx,False,
{F-0020968},01/06/2010 12:19:00,KA0010,PC-1010,B6159339.pdf,False,
{F-0016217},01/06/2010 12:21:00,HA0007,PC-1007,B01AF9A5.xls,False,
{F-0005209},01/06/2010 12:22:00,CA0002,PC-1002,230952A5.txt,False,
{F-0020957},01/06/2010 12:22:00,KA0010,PC-1010,FC630D4F.doc,False,
{F-0017159},01/06/2010 12:31:00,IA0008,PC-1008,8C222171.txt,False,
{F-0020963},01/06/2010 12:38:00,KA0010,PC-1010,4D564C60.jpg,False,
{F-0008439},01/06/2010 12:40:00,DA0003,PC-1003,97D4A856.doc,False,
{F-0032771},01/06/2010 12:41:00,QA0016,PC-1016,55C871FF.xlsx,False,
{F-0032773},01/06/2010 12:41:00,QA0016,PC-1016,85AC5EF7.txt,False,
{F-0018841},01/06/2010 12:42:00,JA0009,PC-1009,D8567ACF.txt,False,
{F-0000097},01/06/2010 12:43:00,AA0000,PC-1000,51E39B83.txt,False,
{F-0020965},01/06/2010 12:47:00,KA0010,PC-1010,2C44BA44.doc,False,
{F-0020962},01/06/2010 12:48:00,KA0010,PC-1010,3BDF2FA5.jpg,False,
{F-0017162},01/06/2010 12:49:00,IA0008,PC-1008,325010E8.doc,False,
{F-0005231},01/06/2010 12:52:00,CA0002,PC-1002,35001373.pdf,False,
{F-0022887},01/06/2010 12:56:00,LA0011,PC-1011,1DF58C95.xlsx,False,
{F-0005233},01/06/2010 12:59:00,CA0002,PC-1002,6E5F7A46.jpg,False,
{F-0018847},01/06/2010 13:04:00,JA0009,PC-1009,9DA4D783.xls,False,
{F-0008441},01/06/2010 13:05:00,DA0003,PC-1003,ECE4F85F.txt,False,
{F-0002521},01/06/2010 13:06:00,BA0001,PC-1001,D84DE2DF.pdf,False,
{F-0022892},01/06/2010 13:06:00,LA0011,PC-1011,BCD9F448.xls,False,
{F-0008442},01/06/2010 13:10:00,DA0003,PC-1003,98308620.doc,False,
{F-0028683},01/06/2010 13:11:00,OA0014,PC-1014,A8D02D46.txt,False,
{F-0031201},01/06/2010 13:11:00,PA0015,PC-1015,2BF3BCB4.xlsx,False,
{F-0002526},01/06/2010 13:13:00,BA0001,PC-1001,6EE4E8D6.doc,False,
{F-0022888},01/06/2010 13:15:00,LA0011,PC-1011,3223852E.pdf,False,
{F-0018859},01/06/2010 13:17:00,JA0009,PC-1009,46BF4F56.doc,False,
{F-0002524},01/06/2010 13:20:00,BA0001,PC-1001,973F2EB5.xlsx,False,
{F-0018851},01/06/2010 13:20:00,JA0009,PC-1009,5C81AE16.xlsx,False,
{F-0026928},01/06/2010 13:21:00,NA0013,PC-1013,FE56260D.doc,False,
{F-0013880},01/06/2010 13:24:00,GA0006,PC-1006,055D9A8E.xls,False,
{F-0031191},01/06/2010 13:26:00,PA0015,PC-1015,F0160D43.jpg,False,
{F-0005234},01/06/2010 13:27:00,CA0002,PC-1002,284C738C.doc,False,
{F-0005230},01/06/2010 13:29:00,CA0002,PC-1002,DFDE392C.xls,False,
{F-0002517},01/06/2010 13:30:00,BA0001,PC-1001,A559D737.doc,False,
{F-0012356},01/06/2010 13:30:00,FA0005,PC-1005,50519F64.xlsx,False,
{F-0017164},01/06/2010 13:31:00,IA0008,PC-1008,5BAD7B14.jpg,False,
{F-0020961},01/06/2010 13:31:00,KA0010,PC-1010,4E8D20A4.pdf,False,
{F-0005219},01/06/2010 13:33:00,CA0002,PC-1002,F8D47DCD.xlsx,False,
{F-0013878},01/06/2010 13:33:00,GA0006,PC-1006,2866C769.pdf,False,
{F-0022898},01/06/2010 13:33:00,LA0011,PC-1011,C2CB2FDD.xls,False,
{F-0005217},01/06/2010 13:34:00,CA0002,PC-1002,5482DBBA.txt,False,
{F-0020952},01/06/2010 13:34:00,KA0010,PC-1010,0D7CE7B2.pdf,False,
{F-0024913},01/06/2010 13:34:00,MA0012,PC-1012,540F550E.doc,False,
{F-0032774},01/06/2010 13:39:00,QA0016,PC-1016,503CEC9C.doc,False,
{F-0002529},01/06/2010 13:40:00,BA0001,PC-1001,E77EF7F7.pdf,False,
{F-0018844},01/06/2010 13:40:00,JA0009,PC-1009,153052C1.xls,False,
{F-0031199},01/06/2010 13:43:00,PA0015,PC-1015,2FFC4C8F.doc,False,
{F-0013879},01/06/2010 13:44:00,GA0006,PC-1006,8DC8EDB9.txt,False,
{F-0028676},01/06/2010 13:47:00,OA0014,PC-1014,E095BD3D.xlsx,False,
{F-0011048},01/06/2010 13:59:00,EA0004,PC-1004,AF6EEAC8.doc,False,
{F-0018852},01/06/2010 14:07:00,JA0009,PC-1009,973A2CB0.txt,False,
{F-0002531},01/06/2010 14:08:00,BA0001,PC-1001,63016244.txt,False,
{F-0020949},01/06/2010 14:11:00,KA0010,PC-1010,C9F211C9.doc,False,
{F-0018850},01/06/2010 14:14:00,JA0009,PC-1009,789A2AC6.doc,False,
{F-0031190},01/06/2010 14:14:00,PA0015,PC-1015,DF9FD9FF.xlsx,False,
{F-0002523},01/06/2010 14:16:00,BA0001,PC-1001,E9E12310.xls,False,
{F-0011047},01/06/2010 14:18:00,EA0004,PC-1004,3DAC357F.doc,False,
{F-0008437},01/06/2010 14:19:00,DA0003,PC-1003,B421C023.pdf,False,
{F-0005221},01/06/2010 14:22:00,CA0002,PC-1002,A4B3837B.txt,False,
{F-0020955},01/06/2010 14:23:00,KA0010,PC-1010,29BF15E8.pdf,False,
{F-0022884},01/06/2010 14:23:00,LA0011,PC-1011,6A296F61.pdf,False,
{F-0000098},01/06/2010 14:24:00,AA0000,PC-1000,1E46F0F8.xlsx,False,
{F-0028677},01/06/2010 14:26:00,OA0014,PC-1014,DFD77F91.pdf,False,
{F-0031196},01/06/2010 14:38:00,PA0015,PC-1015,6E47153A.doc,False,
{F-0002515},01/06/2010 14:43:00,BA0001,PC-1001,60A86A6F.doc,False,
{F-0018842},01/06/2010 14:43:00,JA0009,PC-1009,9E5F7D62.jpg,False,
{F-0028682},01/06/2010 14:44:00,OA0014,PC-1014,57561B42.doc,False,
{F-0020953},01/06/2010 14:46:00,KA0010,PC-1010,477427AB.doc,False,
{F-0005210},01/06/2010 14:50:00,CA0002,PC-1002,0D723B1A.xlsx,False,
{F-0013885},01/06/2010 14:51:00,GA0006,PC-1006,6DE8E426.jpg,False,
{F-0017156},01/06/2010 14:55:00,IA0008,PC-1008,86967350.txt,False,
{F-0031197},01/06/2010 14:55:00,PA0015,PC-1015,A8EE1EEB.doc,False,
{F-0012348},01/06/2010 14:57:00,FA0005,PC-1005,FF20CBD7.jpg,False,
{F-0012354},01/06/2010 14:57:00,FA0005,PC-1005,BF368BFF.xlsx,False,
{F-0005235},01/06/2010 15:02:00,CA0002,PC-1002,82B06EDD.xlsx,False,
{F-0016215},01/06/2010 15:03:00,HA0007,PC-1007,31177B02.xlsx,False,
{F-0002535},01/06/2010 15:04:00,BA0001,PC-1001,9FC630CD.doc,False,
{F-0000092},01/06/2010 15:08:00,AA0000,PC-1000,5FC99A2F.jpg,False,
{F-0013881},01/06/2010 15:08:00,GA0006,PC-1006,88B5A17E.jpg,False,
{F-0011045},01/06/2010 15:10:00,EA0004,PC-1004,75917DA1.txt,False,
{F-0018845},01/06/2010 15:11:00,JA0009,PC-1009,1A64B58A.pdf,False,
{F-0018856},01/06/2010 15:12:00,JA0009,PC-1009,CD24C0F7.doc,False,
{F-0012357},01/06/2010 15:14:00,FA0005,PC-1005,BF9DDE41.doc,False,
{F-0005220},01/06/2010 15:16:00,CA0002,PC-1002,DF754DD3.jpg,False,
{F-0002520},01/06/2010 15:18:00,BA0001,PC-1001,48D90448.jpg,False,
{F-0017153},01/06/2010 15:23:00,IA0008,PC-1008,8FC57D61.pdf,False,
{F-0012363},01/06/2010 15:24:00,FA0005,PC-1005,DD7183B6.doc,False,
{F-0018840},01/06/2010 15:24:00,JA0009,PC-1009,E8F0EB38.xls,False,
{F-0005213},01/06/2010 15:28:00,CA0002,PC-1002,E8F1BACE.jpg,False,
{F-0017163},01/06/2010 15:28:00,IA0008,PC-1008,F7CA03BA.doc,False,
{F-0000095},01/06/2010 15:32:00,AA0000,PC-1000,EFCFE862.pdf,False,
{F-0031195},01/06/2010 15:34:00,PA0015,PC-1015,935E6FB4.jpg,False,
{F-0012359},01/06/2010 15:38:00,FA0005,PC-1005,66ED5279.xls,False,
{F-0024910},01/06/2010 15:38:00,MA0012,PC-1012,CFD4E0A3.xls,False,
{F-0020950},01/06/2010 15:40:00,KA0010,PC-1010,72DC4DCC.xls,False,
{F-0031200},01/06/2010 15:45:00,PA0015,PC-1015,429DC9AE.xls,False,
{F-0020960},01/06/2010 15:46:00,KA0010,PC-1010,1954D21F.xlsx,False,
{F-0000094},01/06/2010 15:52:00,AA0000,PC-1000,10C326D8.xls,False,
{F-0011046},01/06/2010 15:55:00,EA0004,PC-1004,9E984BA2.doc,False,
{F-0013884},01/06/2010 15:57:00,GA0006,PC-1006,CD7CEA83.doc,False,
{F-0016213},01/06/2010 15:59:00,HA0007,PC-1007,9DE6392C.doc,False,
{F-0034174},01/06/2010 15:59:00,RA0017,PC-1017,1ED459B4.xlsx,False,
{F-0002527},01/06/2010 16:06:00,BA0001,PC-1001,E7FB4B7A.xlsx,False,
{F-0031198},01/06/2010 16:07:00,PA0015,PC-1015,49277A1A.jpg,False,
{F-0012350},01/06/2010 16:18:00,FA0005,PC-1005,66BE934E.jpg,False,
{F-0013888},01/06/2010 16:18:00,GA0006,PC-1006,87C7E9D7.jpg,False,
{F-0020956},01/06/2010 16:18:00,KA0010,PC-1010,E83BCC65.txt,False,
{F-0008440},01/06/2010 16:20:00,DA0003,PC-1003,8C3FE175.doc,False,
{F-0011044},01/06/2010 16:21:00,EA0004,PC-1004,17D0F2D7.xls,False,
{F-0022886},01/06/2010 16:22:00,LA0011,PC-1011,FC2D770B.xls,False,
{F-0012355},01/06/2010 16:28:00,FA0005,PC-1005,A250C3F6.pdf,False,
{F-0013877},01/06/2010 16:28:00,GA0006,PC-1006,19426A93.txt,False,
{F-0016210},01/06/2010 16:30:00,HA0007,PC-1007,313A9933.pdf,False,
{F-0012358},01/06/2010 16:38:00,FA0005,PC-1005,5AD92BE5.doc,False,
{F-0024916},01/06/2010 16:39:00,MA0012,PC-1012,D90D6BF8.doc,False,
{F-0005214},01/06/2010 16:40:00,CA0002,PC-1002,46F83B89.doc,False,
{F-0020959},01/06/2010 16:40:00,KA0010,PC-1010,01D3A394.doc,False,
{F-0002532},01/06/2010 16:43:00,BA0001,PC-1001,542FCCD2.txt,False,
{F-0000096},01/06/2010 16:44:00,AA0000,PC-1000,651B4A0C.jpg,False,
{F-0024907},01/06/2010 16:45:00,MA0012,PC-1012,BF4CEEF6.doc,False,
{F-0032770},01/06/2010 16:45:00,QA0016,PC-1016,C46D182C.txt,False,
{F-0011043},01/06/2010 16:47:00,EA0004,PC-1004,7EE21060.txt,False,
{F-0026926},01/06/2010 16:47:00,NA0013,PC-1013,FD751557.jpg,False,
{F-0005212},01/06/2010 16:50:00,CA0002,PC-1002,8E7C64D9.txt,False,
{F-0013882},01/06/2010 16:50:00,GA0006,PC-1006,2D55616C.doc,False,
{F-0005218},01/06/2010 16:59:00,CA0002,PC-1002,552A98FD.pdf,False,
{F-0022885},01/06/2010 16:59:00,LA0011,PC-1011,D7248C7A.xls,False,
{F-0024919},01/06/2010 16:59:00,MA0012,PC-1012,AA0F03DA.doc,False,
{F-0016211},01/06/2010 17:04:00,HA0007,PC-1007,9CA27E12.pdf,False,
{F-0002519},01/06/2010 17:09:00,BA0001,PC-1001,DE9CED73.jpg,False,
{F-0005225},01/06/2010 17:09:00,CA0002,PC-1002,6EAEB4C5.xls,False,
{F-0020964},01/06/2010 17:16:00,KA0010,PC-1010,955530D0.doc,False,
{F-0012351},01/06/2010 17:21:00,FA0005,PC-1005,4E81B12D.xls,False,
{F-0005208},01/06/2010 17:24:00,CA0002,PC-1002,FA834B97.pdf,False,
{F-0034175},01/06/2010 17:26:00,RA0017,PC-1017,7891828A.doc,False,
{F-0022882},01/06/2010 17:37:00,LA0011,PC-1011,34D61F33.xlsx,False,
{F-0022893},01/06/2010 17:37:00,LA0011,PC-1011,D0AB7EBC.jpg,False,
{F-0022895},01/06/2010 17:43:00,LA0011,PC-1011,80686742.jpg,False,
{F-0005211},01/06/2010 17:46:00,CA0002,PC-1002,0D362EA6.jpg,False,
{F-0005222},01/06/2010 17:52:00,CA0002,PC-1002,EBADE322.jpg,False,
{F-0012353},01/06/2010 18:01:00,FA0005,PC-1005,59311FCD.xlsx,False,
{F-0012352},01/06/2010 18:07:00,FA0005,PC-1005,667A43ED.jpg,False,
{F-0005206},01/06/2010 18:13:00,CA0002,PC-1002,3496245F.doc,False,
{F-0005228},01/06/2010 18:18:00,CA0002,PC-1002,EBE89207.txt,False,
{F-0012349},01/06/2010 18:48:00,FA0005,PC-1005,CBF4602E.xlsx,False,
{F-0012361},01/06/2010 18:57:00,FA0005,PC-1005,31E163ED.jpg,False,
{F-0024955},01/07/2010 07:30:00,MA0012,PC-1012,5B8D656F.xlsx,False,
{F-0013943},01/07/2010 08:09:00,GA0006,PC-1006,7B7E7C53.xlsx,False,
{F-0017191},01/07/2010 08:12:00,IA0008,PC-1008,80C05EBB.jpg,False,
{F-0008501},01/07/2010 08:14:00,DA0003,PC-1003,ED171C43.xlsx,False,
{F-0016228},01/07/2010 08:23:00,HA0007,PC-1007,952050B6.xls,False,
{F-0017192},01/07/2010 08:23:00,IA0008,PC-1008,FA0C28DB.xlsx,False,
{F-0008490},01/07/2010 08:26:00,DA0003,PC-1003,D79E0794.jpg,False,
{F-0028728},01/07/2010 08:29:00,OA0014,PC-1014,6D29CA1E.doc,False,
{F-0013948},01/07/2010 08:47:00,GA0006,PC-1006,99DF6F72.pdf,False,
{F-0002603},01/07/2010 08:52:00,BA0001,PC-1001,A188C4E0.txt,False,
{F-0028719},01/07/2010 08:52:00,OA0014,PC-1014,05B5AD50.xlsx,False,
{F-0022942},01/07/2010 08:56:00,LA0011,PC-1011,2AC54EBA.doc,False,
{F-0018921},01/07/2010 08:57:00,JA0009,PC-1009,9AD67DE9.jpg,False,
{F-0018933},01/07/2010 08:59:00,JA0009,PC-1009,036FA4F0.doc,False,
{F-0000142},01/07/2010 09:03:00,AA0000,PC-1000,757CD3CB.jpg,False,
{F-0017193},01/07/2010 09:04:00,IA0008,PC-1008,C811F367.txt,False,
{F-0002622},01/07/2010 09:10:00,BA0001,PC-1001,272B451B.pdf,False,
{F-0017189},01/07/2010 09:12:00,IA0008,PC-1008,F015F789.xlsx,False,
{F-0002605},01/07/2010 09:15:00,BA0001,PC-1001,4E855B87.txt,False,
{F-0008494},01/07/2010 09:15:00,DA0003,PC-1003,C3413D58.doc,False,
{F-0002608},01/07/2010 09:16:00,BA0001,PC-1001,93F7054F.xls,False,
{F-0013938},01/07/2010 09:17:00,GA0006,PC-1006,8A100D84.jpg,False,
{F-0012384},01/07/2010 09:20:00,FA0005,PC-1005,5F496084.doc,False,
{F-0011071},01/07/2010 09:24:00,EA0004,PC-1004,FFF39E5E.doc,False,
{F-0005290},01/07/2010 09:25:00,CA0002,PC-1002,2B84F834.txt,False,
{F-0002596},01/07/2010 09:26:00,BA0001,PC-1001,CF595099.xlsx,False,
{F-0005294},01/07/2010 09:27:00,CA0002,PC-1002,A4DE44B1.doc,False,
{F-0012385},01/07/2010 09:27:00,FA0005,PC-1005,81E365AD.doc,False,
{F-0000138},01/07/2010 09:30:00,AA0000,PC-1000,33093A94.xls,False,
{F-0005296},01/07/2010 09:32:00,CA0002,PC-1002,440BEE8A.jpg,False,
{F-0026954},01/07/2010 09:33:00,NA0013,PC-1013,17C617D0.xlsx,False,
{F-0026959},01/07/2010 09:35:00,NA0013,PC-1013,C8F5DC11.doc,False,
{F-0002612},01/07/2010 09:38:00,BA0001,PC-1001,7A3A7CD4.jpg,False,
{F-0016230},01/07/2010 09:38:00,HA0007,PC-1007,07B4AE44.xls,False,
{F-0000139},01/07/2010 09:40:00,AA0000,PC-1000,AAB77799.doc,False,
{F-0018915},01/07/2010 09:41:00,JA0009,PC-1009,EBCB32C1.doc,False,
{F-0008493},01/07/2010 09:43:00,DA0003,PC-1003,BFD74B1E.doc,False,
{F-0013946},01/07/2010 09:43:00,GA0006,PC-1006,38A14244.txt,False,
{F-0011075},01/07/2010 09:46:00,EA0004,PC-1004,B2AE5953.xlsx,False,
{F-0016227},01/07/2010 09:46:00,HA0007,PC-1007,4461CF57.pdf,False,
{F-0005280},01/07/2010 09:47:00,CA0002,PC-1002,E5F8E8E3.doc,False,
{F-0008505},01/07/2010 09:49:00,DA0003,PC-1003,19B4F6BA.xls,False,
{F-0018918},01/07/2010 10:02:00,JA0009,PC-1009,1480577D.xls,False,
{F-0017190},01/07/2010 10:03:00,IA0008,PC-1008,3931596C.pdf,False,
{F-0018925},01/07/2010 10:04:00,JA0009,PC-1009,6B1D1ECA.pdf,False,
{F-0018916},01/07/2010 10:06:00,JA0009,PC-1009,C8BC9C5A.pdf,False,
{F-0011069},01/07/2010 10:07:00,EA0004,PC-1004,5A30C56F.pdf,False,
{F-0008498},01/07/2010 10:09:00,DA0003,PC-1003,99431F3A.pdf,False,
{F-0013944},01/07/2010 10:09:00,GA0006,PC-1006,E339C28C.txt,False,
{F-0022930},01/07/2010 10:10:00,LA0011,PC-1011,AD48BC1C.txt,False,
{F-0022933},01/07/2010 10:11:00,LA0011,PC-1011,3E3E633C.txt,False,
{F-0026956},01/07/2010 10:11:00,NA0013,PC-1013,DCF7BA17.doc,False,
{F-0008506},01/07/2010 10:23:00,DA0003,PC-1003,591A3EF0.doc,False,
{F-0002606},01/07/2010 10:24:00,BA0001,PC-1001,1ABEB7F2.txt,False,
{F-0012386},01/07/2010 10:24:00,FA0005,PC-1005,4A77A655.txt,False,
{F-0022944},01/07/2010 10:24:00,LA0011,PC-1011,8A28F819.jpg,False,
{F-0028718},01/07/2010 10:25:00,OA0014,PC-1014,3707580B.jpg,False,
{F-0002621},01/07/2010 10:26:00,BA0001,PC-1001,7486339A.txt,False,
{F-0022945},01/07/2010 10:28:00,LA0011,PC-1011,E02981E8.xls,False,
{F-0017198},01/07/2010 10:29:00,IA0008,PC-1008,64DA2C70.xlsx,False,
{F-0017197},01/07/2010 10:30:00,IA0008,PC-1008,A014BCD1.txt,False,
{F-0005283},01/07/2010 10:32:00,CA0002,PC-1002,A4B27CEE.xls,False,
{F-0002597},01/07/2010 10:33:00,BA0001,PC-1001,41ABC82A.doc,False,
{F-0017194},01/07/2010 10:33:00,IA0008,PC-1008,30AC53EF.pdf,False,
{F-0013942},01/07/2010 10:35:00,GA0006,PC-1006,16F827C9.xls,False,
{F-0028721},01/07/2010 10:35:00,OA0014,PC-1014,F22724A9.doc,False,
{F-0012390},01/07/2010 10:40:00,FA0005,PC-1005,B50BDB82.pdf,False,
{F-0008495},01/07/2010 10:41:00,DA0003,PC-1003,46FFD54A.txt,False,
{F-0032807},01/07/2010 10:43:00,QA0016,PC-1016,2062F862.jpg,False,
{F-0018923},01/07/2010 10:45:00,JA0009,PC-1009,FE6B3C93.doc,False,
{F-0031231},01/07/2010 10:45:00,PA0015,PC-1015,0F1C5A1B.pdf,False,
{F-0024957},01/07/2010 10:49:00,MA0012,PC-1012,43615FD6.jpg,False,
{F-0022941},01/07/2010 10:53:00,LA0011,PC-1011,E27CF9E3.xlsx,False,
{F-0012391},01/07/2010 10:54:00,FA0005,PC-1005,6D284655.jpg,False,
{F-0005297},01/07/2010 10:59:00,CA0002,PC-1002,1B122D1C.doc,False,
{F-0008500},01/07/2010 11:00:00,DA0003,PC-1003,BB83AEDA.xlsx,False,
{F-0028717},01/07/2010 11:07:00,OA0014,PC-1014,CAB9EAB2.doc,False,
{F-0002623},01/07/2010 11:14:00,BA0001,PC-1001,8AC3D6AE.jpg,False,
{F-0032803},01/07/2010 11:20:00,QA0016,PC-1016,C6C92B71.pdf,False,
{F-0008492},01/07/2010 11:22:00,DA0003,PC-1003,59793116.xlsx,False,
{F-0018928},01/07/2010 11:24:00,JA0009,PC-1009,F304FC24.jpg,False,
{F-0022940},01/07/2010 11:27:00,LA0011,PC-1011,510E3392.xlsx,False,
{F-0013939},01/07/2010 11:28:00,GA0006,PC-1006,885AE9E0.xls,False,
{F-0018914},01/07/2010 11:29:00,JA0009,PC-1009,8FE68E54.xls,False,
{F-0002604},01/07/2010 11:32:00,BA0001,PC-1001,FCDE0AD5.pdf,False,
{F-0002602},01/07/2010 11:37:00,BA0001,PC-1001,1DEB7FE9.doc,False,
{F-0017187},01/07/2010 11:37:00,IA0008,PC-1008,ECB657CE.jpg,False,
{F-0008497},01/07/2010 11:42:00,DA0003,PC-1003,C07E36EE.jpg,False,
{F-0008507},01/07/2010 11:42:00,DA0003,PC-1003,129F193C.pdf,False,
{F-0031229},01/07/2010 11:42:00,PA0015,PC-1015,1798C57D.txt,False,
{F-0005310},01/07/2010 11:44:00,CA0002,PC-1002,B0A02B1E.doc,False,
{F-0005299},01/07/2010 11:46:00,CA0002,PC-1002,C25B04C0.txt,False,
{F-0002618},01/07/2010 11:51:00,BA0001,PC-1001,E653E8AF.doc,False,
{F-0005306},01/07/2010 11:54:00,CA0002,PC-1002,18735953.txt,False,
{F-0017199},01/07/2010 11:55:00,IA0008,PC-1008,DC21E159.xlsx,False,
{F-0021014},01/07/2010 11:58:00,KA0010,PC-1010,B4096433.xlsx,False,
{F-0013936},01/07/2010 12:02:00,GA0006,PC-1006,F44AA9E7.xls,False,
{F-0002609},01/07/2010 12:06:00,BA0001,PC-1001,E2CF3D01.xlsx,False,
{F-0005285},01/07/2010 12:06:00,CA0002,PC-1002,213B8DFB.xls,False,
{F-0002619},01/07/2010 12:10:00,BA0001,PC-1001,7B46DCF3.doc,False,
{F-0011077},01/07/2010 12:11:00,EA0004,PC-1004,CA84321E.doc,False,
{F-0005300},01/07/2010 12:12:00,CA0002,PC-1002,5942F2C2.xls,False,
{F-0024959},01/07/2010 12:12:00,MA0012,PC-1012,E15A0703.txt,False,
{F-0031228},01/07/2010 12:16:00,PA0015,PC-1015,FEDE143D.txt,False,
{F-0012387},01/07/2010 12:23:00,FA0005,PC-1005,90B251B6.doc,False,
{F-0034203},01/07/2010 12:23:00,RA0017,PC-1017,63D3A252.jpg,False,
{F-0026958},01/07/2010 12:24:00,NA0013,PC-1013,027882AB.txt,False,
{F-0013947},01/07/2010 12:25:00,GA0006,PC-1006,1A61AA4F.txt,False,
{F-0012395},01/07/2010 12:26:00,FA0005,PC-1005,97E7E226.xls,False,
{F-0008503},01/07/2010 12:27:00,DA0003,PC-1003,F1FEC4D1.xlsx,False,
{F-0002610},01/07/2010 12:28:00,BA0001,PC-1001,9E0804A4.txt,False,
{F-0000143},01/07/2010 12:29:00,AA0000,PC-1000,48380328.doc,False,
{F-0005293},01/07/2010 12:31:00,CA0002,PC-1002,167457F9.pdf,False,
{F-0032802},01/07/2010 12:33:00,QA0016,PC-1016,BAF2A023.doc,False,
{F-0000137},01/07/2010 12:34:00,AA0000,PC-1000,EF86584F.doc,False,
{F-0011070},01/07/2010 12:38:00,EA0004,PC-1004,734C53D8.pdf,False,
{F-0024960},01/07/2010 12:38:00,MA0012,PC-1012,E8D0A940.xlsx,False,
{F-0031232},01/07/2010 12:39:00,PA0015,PC-1015,E2F65B2B.xls,False,
{F-0017195},01/07/2010 12:40:00,IA0008,PC-1008,33C0E07E.xls,False,
{F-0018938},01/07/2010 12:44:00,JA0009,PC-1009,3CE77BF9.doc,False,
{F-0028720},01/07/2010 12:45:00,OA0014,PC-1014,BCA0D83F.txt,False,
{F-0002620},01/07/2010 12:46:00,BA0001,PC-1001,8EBF041C.xls,False,
{F-0018913},01/07/2010 12:46:00,JA0009,PC-1009,8D4B10A6.xlsx,False,
{F-0013941},01/07/2010 12:47:00,GA0006,PC-1006,7F174909.doc,False,
{F-0022936},01/07/2010 12:47:00,LA0011,PC-1011,5EADF5F7.xlsx,False,
{F-0008499},01/07/2010 12:49:00,DA0003,PC-1003,1E3EDB6D.xlsx,False,
{F-0005304},01/07/2010 12:51:00,CA0002,PC-1002,6D66F8E2.pdf,False,
{F-0008502},01/07/2010 12:54:00,DA0003,PC-1003,3DB59EF4.pdf,False,
{F-0012393},01/07/2010 12:55:00,FA0005,PC-1005,81E07D87.doc,False,
{F-0022937},01/07/2010 12:56:00,LA0011,PC-1011,0625A933.xlsx,False,
{F-0011074},01/07/2010 12:57:00,EA0004,PC-1004,60F2DF42.xlsx,False,
{F-0022938},01/07/2010 12:58:00,LA0011,PC-1011,568C3D4B.doc,False,
{F-0018926},01/07/2010 12:59:00,JA0009,PC-1009,AAA78A43.txt,False,
{F-0024958},01/07/2010 13:00:00,MA0012,PC-1012,88BFAE7C.jpg,False,
{F-0028724},01/07/2010 13:00:00,OA0014,PC-1014,D6AA86A8.xls,False,
{F-0012383},01/07/2010 13:02:00,FA0005,PC-1005,1FEED0C2.doc,False,
{F-0024956},01/07/2010 13:03:00,MA0012,PC-1012,FBB69B9C.doc,False,
{F-0002613},01/07/2010 13:06:00,BA0001,PC-1001,6E45F202.jpg,False,
{F-0016226},01/07/2010 13:06:00,HA0007,PC-1007,4EDC4925.doc,False,
{F-0002607},01/07/2010 13:11:00,BA0001,PC-1001,48A0E5D0.pdf,False,
{F-0018930},01/07/2010 13:12:00,JA0009,PC-1009,A37AD9AE.xlsx,False,
{F-0022946},01/07/2010 13:17:00,LA0011,PC-1011,782E09B7.doc,False,
{F-0000140},01/07/2010 13:18:00,AA0000,PC-1000,140F9AD4.doc,False,
{F-0002624},01/07/2010 13:22:00,BA0001,PC-1001,56765661.jpg,False,
{F-0005292},01/07/2010 13:23:00,CA0002,PC-1002,2976E312.pdf,False,
{F-0013937},01/07/2010 13:26:00,GA0006,PC-1006,7D5B4B4C.doc,False,
{F-0022929},01/07/2010 13:27:00,LA0011,PC-1011,E1CA53C8.doc,False,
{F-0013940},01/07/2010 13:37:00,GA0006,PC-1006,4942E557.xlsx,False,
{F-0028722},01/07/2010 13:40:00,OA0014,PC-1014,CA721539.doc,False,
{F-0018931},01/07/2010 13:43:00,JA0009,PC-1009,6DDAEEA3.doc,False,
{F-0005302},01/07/2010 13:44:00,CA0002,PC-1002,322EAE5E.doc,False,
{F-0002601},01/07/2010 13:46:00,BA0001,PC-1001,D69A86C2.xls,False,
{F-0005286},01/07/2010 13:46:00,CA0002,PC-1002,AB0E4AB7.jpg,False,
{F-0017200},01/07/2010 13:47:00,IA0008,PC-1008,894CAF16.txt,False,
{F-0018922},01/07/2010 13:47:00,JA0009,PC-1009,96E86460.doc,False,
{F-0026957},01/07/2010 13:47:00,NA0013,PC-1013,7291C6A7.xls,False,
{F-0013945},01/07/2010 13:51:00,GA0006,PC-1006,D584ED1C.xlsx,False,
{F-0022943},01/07/2010 14:01:00,LA0011,PC-1011,749CA1D9.xls,False,
{F-0017196},01/07/2010 14:02:00,IA0008,PC-1008,809621C6.pdf,False,
{F-0018937},01/07/2010 14:04:00,JA0009,PC-1009,792EF0C2.jpg,False,
{F-0008504},01/07/2010 14:05:00,DA0003,PC-1003,BB0054E2.jpg,False,
{F-0005308},01/07/2010 14:07:00,CA0002,PC-1002,08B25B36.jpg,False,
{F-0002599},01/07/2010 14:19:00,BA0001,PC-1001,BBE1581B.txt,False,
{F-0005282},01/07/2010 14:20:00,CA0002,PC-1002,984AAC5F.pdf,False,
{F-0018936},01/07/2010 14:21:00,JA0009,PC-1009,1F5A69DD.txt,False,
{F-0032804},01/07/2010 14:22:00,QA0016,PC-1016,2E71982B.xlsx,False,
{F-0028723},01/07/2010 14:23:00,OA0014,PC-1014,28B798F0.doc,False,
{F-0016229},01/07/2010 14:24:00,HA0007,PC-1007,D2411A8C.pdf,False,
{F-0022928},01/07/2010 14:25:00,LA0011,PC-1011,1C5C237B.jpg,False,
{F-0028727},01/07/2010 14:25:00,OA0014,PC-1014,21C570EE.xls,False,
{F-0018932},01/07/2010 14:27:00,JA0009,PC-1009,B36D6C3B.doc,False,
{F-0016232},01/07/2010 14:31:00,HA0007,PC-1007,0242B161.pdf,False,
{F-0028725},01/07/2010 14:32:00,OA0014,PC-1014,7C61E22E.pdf,False,
{F-0034201},01/07/2010 14:36:00,RA0017,PC-1017,0F810759.xlsx,False,
{F-0022935},01/07/2010 14:37:00,LA0011,PC-1011,D03478BB.txt,False,
{F-0005287},01/07/2010 14:38:00,CA0002,PC-1002,8A49538C.jpg,False,
{F-0011072},01/07/2010 14:41:00,EA0004,PC-1004,9A48961F.doc,False,
{F-0022932},01/07/2010 14:45:00,LA0011,PC-1011,B673872B.xlsx,False,
{F-0018924},01/07/2010 14:47:00,JA0009,PC-1009,2D19A8E9.doc,False,
{F-0016225},01/07/2010 14:51:00,HA0007,PC-1007,EE1B67EB.xls,False,
{F-0021010},01/07/2010 14:51:00,KA0010,PC-1010,0DB1F84B.doc,False,
{F-0031230},01/07/2010 14:53:00,PA0015,PC-1015,5B05322A.xls,False,
{F-0005309},01/07/2010 14:57:00,CA0002,PC-1002,38158CC8.doc,False,
{F-0011073},01/07/2010 14:57:00,EA0004,PC-1004,0762496D.doc,False,
{F-0017188},01/07/2010 14:57:00,IA0008,PC-1008,F5643996.jpg,False,
{F-0000141},01/07/2010 15:03:00,AA0000,PC-1000,E58C98DD.pdf,False,
{F-0005307},01/07/2010 15:04:00,CA0002,PC-1002,B5C4E6F4.txt,False,
{F-0018919},01/07/2010 15:04:00,JA0009,PC-1009,70F870A2.doc,False,
{F-0012389},01/07/2010 15:05:00,FA0005,PC-1005,36F3BA3C.doc,False,
{F-0034202},01/07/2010 15:07:00,RA0017,PC-1017,9268F8EA.doc,False,
{F-0000136},01/07/2010 15:11:00,AA0000,PC-1000,8A6990AC.xls,False,
{F-0002616},01/07/2010 15:18:00,BA0001,PC-1001,EFDFE5BF.txt,False,
{F-0021008},01/07/2010 15:18:00,KA0010,PC-1010,22036B88.doc,False,
{F-0021012},01/07/2010 15:23:00,KA0010,PC-1010,DDFED070.xls,False,
{F-0032808},01/07/2010 15:26:00,QA0016,PC-1016,1B866170.jpg,False,
{F-0018912},01/07/2010 15:27:00,JA0009,PC-1009,177F59A5.xlsx,False,
{F-0021011},01/07/2010 15:28:00,KA0010,PC-1010,EF02DC33.jpg,False,
{F-0005298},01/07/2010 15:31:00,CA0002,PC-1002,C1E0278D.txt,False,
{F-0012388},01/07/2010 15:32:00,FA0005,PC-1005,46AE75BF.txt,False,
{F-0028726},01/07/2010 15:38:00,OA0014,PC-1014,23B4D99E.pdf,False,
{F-0011076},01/07/2010 15:46:00,EA0004,PC-1004,E07A0053.doc,False,
{F-0008496},01/07/2010 15:49:00,DA0003,PC-1003,97ACF7A8.jpg,False,
{F-0008491},01/07/2010 15:51:00,DA0003,PC-1003,64E790F2.xls,False,
{F-0028729},01/07/2010 15:56:00,OA0014,PC-1014,68985149.xls,False,
{F-0005281},01/07/2010 16:00:00,CA0002,PC-1002,F0A6ED08.pdf,False,
{F-0018935},01/07/2010 16:05:00,JA0009,PC-1009,29094622.pdf,False,
{F-0016231},01/07/2010 16:08:00,HA0007,PC-1007,661B03EC.jpg,False,
{F-0022931},01/07/2010 16:09:00,LA0011,PC-1011,1A08BA55.xls,False,
{F-0002600},01/07/2010 16:13:00,BA0001,PC-1001,04600130.txt,False,
{F-0018927},01/07/2010 16:17:00,JA0009,PC-1009,0FF861A8.doc,False,
{F-0018929},01/07/2010 16:19:00,JA0009,PC-1009,E3700E9E.pdf,False,
{F-0005284},01/07/2010 16:20:00,CA0002,PC-1002,143F8E79.doc,False,
{F-0013949},01/07/2010 16:20:00,GA0006,PC-1006,49671271.pdf,False,
{F-0028730},01/07/2010 16:21:00,OA0014,PC-1014,600C0CB0.txt,False,
{F-0022927},01/07/2010 16:22:00,LA0011,PC-1011,4ABF8109.jpg,False,
{F-0005291},01/07/2010 16:23:00,CA0002,PC-1002,6C8E1D35.xls,False,
{F-0018920},01/07/2010 16:23:00,JA0009,PC-1009,9BAE157C.doc,False,
{F-0002614},01/07/2010 16:25:00,BA0001,PC-1001,7ADAE81D.jpg,False,
{F-0011078},01/07/2010 16:26:00,EA0004,PC-1004,E3F841C5.xls,False,
{F-0018917},01/07/2010 16:27:00,JA0009,PC-1009,85CF34D0.doc,False,
{F-0026955},01/07/2010 16:36:00,NA0013,PC-1013,B58B6334.txt,False,
{F-0028731},01/07/2010 16:37:00,OA0014,PC-1014,4656693D.xls,False,
{F-0028732},01/07/2010 16:37:00,OA0014,PC-1014,084380BF.jpg,False,
{F-0021009},01/07/2010 16:41:00,KA0010,PC-1010,C3773FA2.xls,False,
{F-0032805},01/07/2010 16:47:00,QA0016,PC-1016,79BC1540.doc,False,
{F-0005289},01/07/2010 16:51:00,CA0002,PC-1002,64707DFE.doc,False,
{F-0005301},01/07/2010 16:55:00,CA0002,PC-1002,C9F2DF8D.txt,False,
{F-0012396},01/07/2010 16:56:00,FA0005,PC-1005,9F12B4CE.pdf,False,
{F-0005303},01/07/2010 16:57:00,CA0002,PC-1002,CE5F204F.doc,False,
{F-0018934},01/07/2010 17:01:00,JA0009,PC-1009,778A810E.doc,False,
{F-0012394},01/07/2010 17:04:00,FA0005,PC-1005,F443FBAE.pdf,False,
{F-0002615},01/07/2010 17:08:00,BA0001,PC-1001,4F3BCB2B.doc,False,
{F-0002617},01/07/2010 17:12:00,BA0001,PC-1001,083AD912.doc,False,
{F-0022934},01/07/2010 17:17:00,LA0011,PC-1011,230DBF8A.doc,False,
{F-0002598},01/07/2010 17:21:00,BA0001,PC-1001,CF50F7A7.pdf,False,
{F-0012382},01/07/2010 17:29:00,FA0005,PC-1005,98F04C2A.xlsx,False,
{F-0021013},01/07/2010 17:30:00,KA0010,PC-1010,C48FD8CC.xlsx,False,
{F-0002611},01/07/2010 17:31:00,BA0001,PC-1001,F347A87A.txt,False,
{F-0032801},01/07/2010 17:39:00,QA0016,PC-1016,C04FAB78.xls,False,
{F-0022939},01/07/2010 17:57:00,LA0011,PC-1011,BEFB718B.xls,False,
{F-0012392},01/07/2010 18:20:00,FA0005,PC-1005,39BAC133.jpg,False,
{F-0005288},01/07/2010 18:21:00,CA0002,PC-1002,C9797F7D.pdf,False,
{F-0032806},01/07/2010 18:41:00,QA0016,PC-1016,0DC60FC3.xlsx,False,
{F-0005305},01/07/2010 18:46:00,CA0002,PC-1002,D6B319B6.txt,False,
{F-0005295},01/07/2010 18:50:00,CA0002,PC-1002,28A87B76.jpg,False,
{F-0027000},01/08/2010 07:13:00,NA0013,PC-1013,2FB73D88.txt,False,
{F-0026997},01/08/2010 07:15:00,NA0013,PC-1013,B87F59B4.jpg,False,
{F-0017224},01/08/2010 07:16:00,IA0008,PC-1008,15045769.xls,False,
{F-0017230},01/08/2010 07:38:00,IA0008,PC-1008,3EDDB603.pdf,False,
{F-0024980},01/08/2010 07:41:00,MA0012,PC-1012,091C1B18.xlsx,False,
{F-0026998},01/08/2010 07:42:00,NA0013,PC-1013,A8BA63B1.pdf,False,
{F-0017239},01/08/2010 07:46:00,IA0008,PC-1008,0306F7A2.xls,False,
{F-0024986},01/08/2010 07:47:00,MA0012,PC-1012,E96047A8.doc,False,
{F-0027005},01/08/2010 07:58:00,NA0013,PC-1013,B3639645.pdf,False,
{F-0027008},01/08/2010 08:00:00,NA0013,PC-1013,7F105850.doc,False,
{F-0027004},01/08/2010 08:05:00,NA0013,PC-1013,80173E6D.jpg,False,
{F-0027007},01/08/2010 08:09:00,NA0013,PC-1013,1FA9CFDA.pdf,False,
{F-0017233},01/08/2010 08:12:00,IA0008,PC-1008,536B3FEE.doc,False,
{F-0026999},01/08/2010 08:19:00,NA0013,PC-1013,C4533938.doc,False,
{F-0002689},01/08/2010 08:35:00,BA0001,PC-1001,6373F860.jpg,False,
{F-0008556},01/08/2010 08:35:00,DA0003,PC-1003,61B10570.xls,False,
{F-0022989},01/08/2010 08:40:00,LA0011,PC-1011,5545FF97.xls,False,
{F-0022975},01/08/2010 08:43:00,LA0011,PC-1011,B98F0520.txt,False,
{F-0000202},01/08/2010 08:47:00,AA0000,PC-1000,0CA6A56F.xlsx,False,
{F-0002688},01/08/2010 08:52:00,BA0001,PC-1001,D68488AB.xlsx,False,
{F-0017228},01/08/2010 08:53:00,IA0008,PC-1008,7ECE15DD.xlsx,False,
{F-0028772},01/08/2010 08:53:00,OA0014,PC-1014,F25DD958.xlsx,False,
{F-0017237},01/08/2010 08:55:00,IA0008,PC-1008,7AD27578.txt,False,
{F-0017232},01/08/2010 08:59:00,IA0008,PC-1008,E2CB887B.doc,False,
{F-0031273},01/08/2010 09:01:00,PA0015,PC-1015,9FED5A46.doc,False,
{F-0011110},01/08/2010 09:05:00,EA0004,PC-1004,4D39E1F3.txt,False,
{F-0022971},01/08/2010 09:05:00,LA0011,PC-1011,2BC23A36.jpg,False,
{F-0031272},01/08/2010 09:05:00,PA0015,PC-1015,6CA131DE.xls,False,
{F-0027001},01/08/2010 09:06:00,NA0013,PC-1013,3B813C58.pdf,False,
{F-0002698},01/08/2010 09:09:00,BA0001,PC-1001,0DB86A0E.xls,False,
{F-0002686},01/08/2010 09:10:00,BA0001,PC-1001,BAE5472D.doc,False,
{F-0024979},01/08/2010 09:14:00,MA0012,PC-1012,F67CB40E.xls,False,
{F-0011104},01/08/2010 09:18:00,EA0004,PC-1004,CE123590.pdf,False,
{F-0022979},01/08/2010 09:26:00,LA0011,PC-1011,9DC7B149.xlsx,False,
{F-0027003},01/08/2010 09:26:00,NA0013,PC-1013,B69F5C5E.txt,False,
{F-0024984},01/08/2010 09:27:00,MA0012,PC-1012,D1B17C82.doc,False,
{F-0008553},01/08/2010 09:33:00,DA0003,PC-1003,E895D406.doc,False,
{F-0000211},01/08/2010 09:35:00,AA0000,PC-1000,8006113B.pdf,False,
{F-0005363},01/08/2010 09:36:00,CA0002,PC-1002,4E54FC6E.doc,False,
{F-0000198},01/08/2010 09:37:00,AA0000,PC-1000,E1B422E0.xls,False,
{F-0017225},01/08/2010 09:39:00,IA0008,PC-1008,204ACEAB.doc,False,
{F-0017240},01/08/2010 09:40:00,IA0008,PC-1008,DF8179C8.doc,False,
{F-0028777},01/08/2010 09:40:00,OA0014,PC-1014,D7518CA6.xlsx,False,
{F-0022980},01/08/2010 09:41:00,LA0011,PC-1011,571FD12C.xlsx,False,
{F-0008547},01/08/2010 09:42:00,DA0003,PC-1003,6792D1CB.xlsx,False,
{F-0013993},01/08/2010 09:43:00,GA0006,PC-1006,684C9E32.xlsx,False,
{F-0021047},01/08/2010 09:45:00,KA0010,PC-1010,31241BD5.txt,False,
{F-0013987},01/08/2010 09:48:00,GA0006,PC-1006,E5DC1EE8.xlsx,False,
{F-0005382},01/08/2010 09:50:00,CA0002,PC-1002,8198CA1E.pdf,False,
{F-0008560},01/08/2010 09:51:00,DA0003,PC-1003,C7EABAE7.xls,False,
{F-0000215},01/08/2010 09:53:00,AA0000,PC-1000,0C8E628C.txt,False,
{F-0021035},01/08/2010 09:55:00,KA0010,PC-1010,DB895AE2.txt,False,
{F-0000207},01/08/2010 10:02:00,AA0000,PC-1000,54A0A5F1.jpg,False,
{F-0008557},01/08/2010 10:06:00,DA0003,PC-1003,116F3A9C.pdf,False,
{F-0002700},01/08/2010 10:09:00,BA0001,PC-1001,D45C1CEE.doc,False,
{F-0002697},01/08/2010 10:10:00,BA0001,PC-1001,8C0CB324.doc,False,
{F-0031279},01/08/2010 10:12:00,PA0015,PC-1015,8EDDE3B9.xls,False,
{F-0008549},01/08/2010 10:13:00,DA0003,PC-1003,8F1BF3C7.doc,False,
{F-0022987},01/08/2010 10:13:00,LA0011,PC-1011,DC5F67D0.doc,False,
{F-0008548},01/08/2010 10:19:00,DA0003,PC-1003,4C7E79D3.pdf,False,
{F-0026996},01/08/2010 10:19:00,NA0013,PC-1013,118C4012.pdf,False,
{F-0012426},01/08/2010 10:21:00,FA0005,PC-1005,92FBBC4F.jpg,False,
{F-0000208},01/08/2010 10:22:00,AA0000,PC-1000,E3119EA0.pdf,False,
{F-0022978},01/08/2010 10:22:00,LA0011,PC-1011,C3A11B1A.txt,False,
{F-0032835},01/08/2010 10:22:00,QA0016,PC-1016,70ECFAE7.xls,False,
{F-0012419},01/08/2010 10:25:00,FA0005,PC-1005,07C7FBCC.doc,False,
{F-0013994},01/08/2010 10:26:00,GA0006,PC-1006,3DEF28BC.pdf,False,
{F-0000200},01/08/2010 10:29:00,AA0000,PC-1000,2F944885.pdf,False,
{F-0008555},01/08/2010 10:29:00,DA0003,PC-1003,BE595A9F.jpg,False,
{F-0008554},01/08/2010 10:33:00,DA0003,PC-1003,7D681D39.xls,False,
{F-0005379},01/08/2010 10:34:00,CA0002,PC-1002,52DF9BC6.doc,False,
{F-0021042},01/08/2010 10:34:00,KA0010,PC-1010,7A19958D.txt,False,
{F-0005385},01/08/2010 10:35:00,CA0002,PC-1002,9536C9E9.xlsx,False,
{F-0011107},01/08/2010 10:37:00,EA0004,PC-1004,6DA71D2B.doc,False,
{F-0000214},01/08/2010 10:39:00,AA0000,PC-1000,56BAF94D.doc,False,
{F-0022985},01/08/2010 10:39:00,LA0011,PC-1011,D8471CC8.pdf,False,
{F-0022984},01/08/2010 10:41:00,LA0011,PC-1011,46C25BBA.xlsx,False,
{F-0028773},01/08/2010 10:41:00,OA0014,PC-1014,F7E4105C.pdf,False,
{F-0011108},01/08/2010 10:43:00,EA0004,PC-1004,38036802.doc,False,
{F-0002691},01/08/2010 10:51:00,BA0001,PC-1001,866F2393.pdf,False,
{F-0000204},01/08/2010 10:54:00,AA0000,PC-1000,D908C87B.xlsx,False,
{F-0000218},01/08/2010 10:54:00,AA0000,PC-1000,30DFAEF7.txt,False,
{F-0028779},01/08/2010 10:59:00,OA0014,PC-1014,86B5F151.pdf,False,
{F-0022977},01/08/2010 11:03:00,LA0011,PC-1011,C9E323BC.pdf,False,
{F-0012416},01/08/2010 11:07:00,FA0005,PC-1005,0E842E1B.xls,False,
{F-0012421},01/08/2010 11:09:00,FA0005,PC-1005,DB97235D.jpg,False,
{F-0028774},01/08/2010 11:12:00,OA0014,PC-1014,1C683334.doc,False,
{F-0013985},01/08/2010 11:20:00,GA0006,PC-1006,BBDCFB62.pdf,False,
{F-0005374},01/08/2010 11:21:00,CA0002,PC-1002,6DB8CD15.xls,False,
{F-0028775},01/08/2010 11:21:00,OA0014,PC-1014,DD175C8A.doc,False,
{F-0017235},01/08/2010 11:25:00,IA0008,PC-1008,42A5B254.pdf,False,
{F-0031275},01/08/2010 11:26:00,PA0015,PC-1015,7D00975A.xlsx,False,
{F-0017234},01/08/2010 11:31:00,IA0008,PC-1008,FE20FF60.doc,False,
{F-0022986},01/08/2010 11:31:00,LA0011,PC-1011,EAD250FC.txt,False,
{F-0021045},01/08/2010 11:32:00,KA0010,PC-1010,0B019623.xlsx,False,
{F-0031266},01/08/2010 11:32:00,PA0015,PC-1015,E5A92092.doc,False,
{F-0034227},01/08/2010 11:33:00,RA0017,PC-1017,509C24C5.jpg,False,
{F-0016250},01/08/2010 11:35:00,HA0007,PC-1007,2A443569.doc,False,
{F-0008561},01/08/2010 11:39:00,DA0003,PC-1003,4EBEC5F1.txt,False,
{F-0002699},01/08/2010 11:42:00,BA0001,PC-1001,B6F54103.doc,False,
{F-0031277},01/08/2010 11:46:00,PA0015,PC-1015,2F8741C8.doc,False,
{F-0005368},01/08/2010 11:51:00,CA0002,PC-1002,BDFAFE43.jpg,False,
{F-0027006},01/08/2010 11:52:00,NA0013,PC-1013,8E169512.pdf,False,
{F-0005366},01/08/2010 11:55:00,CA0002,PC-1002,B5661162.jpg,False,
{F-0018970},01/08/2010 11:55:00,JA0009,PC-1009,A93D97C6.txt,False,
{F-0028783},01/08/2010 11:58:00,OA0014,PC-1014,498CCC04.xls,False,
{F-0000210},01/08/2010 11:59:00,AA0000,PC-1000,C126BB36.txt,False,
{F-0022973},01/08/2010 11:59:00,LA0011,PC-1011,A8C8439A.pdf,False,
{F-0002694},01/08/2010 12:00:00,BA0001,PC-1001,D59C6EF2.txt,False,
{F-0012427},01/08/2010 12:03:00,FA0005,PC-1005,03A8541C.doc,False,
{F-0024983},01/08/2010 12:05:00,MA0012,PC-1012,BBCCF1A8.xls,False,
{F-0005376},01/08/2010 12:06:00,CA0002,PC-1002,73205F05.xls,False,
{F-0024978},01/08/2010 12:07:00,MA0012,PC-1012,38DE1356.doc,False,
{F-0005388},01/08/2010 12:09:00,CA0002,PC-1002,41B9FB25.pdf,False,
{F-0024981},01/08/2010 12:17:00,MA0012,PC-1012,4AD85ACD.xlsx,False,
{F-0024987},01/08/2010 12:18:00,MA0012,PC-1012,C6B0EC91.doc,False,
{F-0034225},01/08/2010 12:24:00,RA0017,PC-1017,2F36BE28.doc,False,
{F-0008559},01/08/2010 12:27:00,DA0003,PC-1003,DC54C9B8.pdf,False,
{F-0022970},01/08/2010 12:27:00,LA0011,PC-1011,164B4685.jpg,False,
{F-0017226},01/08/2010 12:30:00,IA0008,PC-1008,9C2EE373.xls,False,
{F-0005387},01/08/2010 12:31:00,CA0002,PC-1002,9D824BB1.xls,False,
{F-0016249},01/08/2010 12:37:00,HA0007,PC-1007,F631B00F.xlsx,False,
{F-0002701},01/08/2010 12:39:00,BA0001,PC-1001,D1B22C98.jpg,False,
{F-0000203},01/08/2010 12:42:00,AA0000,PC-1000,E2CEECA0.txt,False,
{F-0034228},01/08/2010 12:45:00,RA0017,PC-1017,52E31F30.xls,False,
{F-0028784},01/08/2010 12:56:00,OA0014,PC-1014,1B6C5F46.xlsx,False,
{F-0011101},01/08/2010 12:57:00,EA0004,PC-1004,E7A92C01.doc,False,
{F-0002696},01/08/2010 13:02:00,BA0001,PC-1001,6CBACDB8.txt,False,
{F-0013995},01/08/2010 13:05:00,GA0006,PC-1006,ABF11359.doc,False,
{F-0021043},01/08/2010 13:09:00,KA0010,PC-1010,6024FFCB.jpg,False,
{F-0000216},01/08/2010 13:10:00,AA0000,PC-1000,0AC638BE.txt,False,
{F-0013992},01/08/2010 13:16:00,GA0006,PC-1006,2A839B7C.doc,False,
{F-0022983},01/08/2010 13:19:00,LA0011,PC-1011,4F670A14.doc,False,
{F-0021044},01/08/2010 13:25:00,KA0010,PC-1010,D0C8DEE9.jpg,False,
{F-0005369},01/08/2010 13:27:00,CA0002,PC-1002,5F23F9B4.txt,False,
{F-0005380},01/08/2010 13:28:00,CA0002,PC-1002,52E33ACB.xls,False,
{F-0034221},01/08/2010 13:29:00,RA0017,PC-1017,A7D86332.xls,False,
{F-0005371},01/08/2010 13:30:00,CA0002,PC-1002,04C63E1B.pdf,False,
{F-0032834},01/08/2010 13:30:00,QA0016,PC-1016,5D569B6E.doc,False,
{F-0031268},01/08/2010 13:32:00,PA0015,PC-1015,8D0FBB5E.doc,False,
{F-0008550},01/08/2010 13:33:00,DA0003,PC-1003,7C46FB6D.txt,False,
{F-0031274},01/08/2010 13:34:00,PA0015,PC-1015,0AFA913F.pdf,False,
{F-0031269},01/08/2010 13:35:00,PA0015,PC-1015,AD68192E.txt,False,
{F-0012438},01/08/2010 13:37:00,FA0005,PC-1005,2CF5DF10.pdf,False,
{F-0034222},01/08/2010 13:39:00,RA0017,PC-1017,D8EAB031.doc,False,
{F-0012441},01/08/2010 13:41:00,FA0005,PC-1005,B4099D30.xlsx,False,
{F-0005383},01/08/2010 13:42:00,CA0002,PC-1002,F7E8FB58.doc,False,
{F-0012425},01/08/2010 13:43:00,FA0005,PC-1005,53598EC0.pdf,False,
{F-0002683},01/08/2010 13:44:00,BA0001,PC-1001,18F0DD68.xls,False,
{F-0000206},01/08/2010 13:45:00,AA0000,PC-1000,3EB69D6A.txt,False,
{F-0017227},01/08/2010 13:47:00,IA0008,PC-1008,98D89507.pdf,False,
{F-0005365},01/08/2010 13:51:00,CA0002,PC-1002,BC126279.jpg,False,
{F-0017231},01/08/2010 13:56:00,IA0008,PC-1008,5AF8F54E.pdf,False,
{F-0031267},01/08/2010 13:56:00,PA0015,PC-1015,1DB475CE.txt,False,
{F-0028782},01/08/2010 13:59:00,OA0014,PC-1014,FCB7C599.pdf,False,
{F-0012430},01/08/2010 14:04:00,FA0005,PC-1005,B099E463.xlsx,False,
{F-0013989},01/08/2010 14:06:00,GA0006,PC-1006,5CA0BEDC.doc,False,
{F-0031270},01/08/2010 14:10:00,PA0015,PC-1015,FE001950.doc,False,
{F-0013986},01/08/2010 14:12:00,GA0006,PC-1006,E49AC69A.jpg,False,
{F-0017238},01/08/2010 14:19:00,IA0008,PC-1008,88A062EB.txt,False,
{F-0022988},01/08/2010 14:20:00,LA0011,PC-1011,A4E7DF33.doc,False,
{F-0022969},01/08/2010 14:22:00,LA0011,PC-1011,3DE552DC.pdf,False,
{F-0028780},01/08/2010 14:24:00,OA0014,PC-1014,743BE03D.xls,False,
{F-0031276},01/08/2010 14:25:00,PA0015,PC-1015,F41BE3FB.doc,False,
{F-0034226},01/08/2010 14:30:00,RA0017,PC-1017,8C59E50D.pdf,False,
{F-0024985},01/08/2010 14:35:00,MA0012,PC-1012,F5A63216.xls,False,
{F-0000209},01/08/2010 14:38:00,AA0000,PC-1000,9BC75621.jpg,False,
{F-0000213},01/08/2010 14:38:00,AA0000,PC-1000,7F19322E.xls,False,
{F-0012420},01/08/2010 14:38:00,FA0005,PC-1005,6F986306.doc,False,
{F-0005364},01/08/2010 14:39:00,CA0002,PC-1002,3B0BBDEB.txt,False,
{F-0000205},01/08/2010 14:40:00,AA0000,PC-1000,E71FD86B.txt,False,
{F-0013997},01/08/2010 14:41:00,GA0006,PC-1006,96F52738.jpg,False,
{F-0005370},01/08/2010 14:43:00,CA0002,PC-1002,DAC36ACD.xls,False,
{F-0011105},01/08/2010 14:43:00,EA0004,PC-1004,2B5BA2BE.doc,False,
{F-0017236},01/08/2010 14:46:00,IA0008,PC-1008,3CEC3FF8.jpg,False,
{F-0005386},01/08/2010 14:47:00,CA0002,PC-1002,C098C38D.doc,False,
{F-0022982},01/08/2010 14:48:00,LA0011,PC-1011,A376E54B.doc,False,
{F-0012437},01/08/2010 14:52:00,FA0005,PC-1005,519B84DE.txt,False,
{F-0002693},01/08/2010 14:59:00,BA0001,PC-1001,A87AAA09.pdf,False,
{F-0022981},01/08/2010 14:59:00,LA0011,PC-1011,F48B9E06.xls,False,
{F-0031271},01/08/2010 15:00:00,PA0015,PC-1015,774BC93F.doc,False,
{F-0002685},01/08/2010 15:03:00,BA0001,PC-1001,95A40F1B.jpg,False,
{F-0012436},01/08/2010 15:05:00,FA0005,PC-1005,D5D90310.jpg,False,
{F-0021039},01/08/2010 15:06:00,KA0010,PC-1010,B4FBE798.xls,False,
{F-0000217},01/08/2010 15:07:00,AA0000,PC-1000,8510C0D4.xlsx,False,
{F-0008551},01/08/2010 15:08:00,DA0003,PC-1003,567467DE.doc,False,
{F-0013996},01/08/2010 15:11:00,GA0006,PC-1006,2466FBDF.doc,False,
{F-0028776},01/08/2010 15:11:00,OA0014,PC-1014,E0455B75.doc,False,
{F-0017229},01/08/2010 15:14:00,IA0008,PC-1008,E0BF1632.pdf,False,
{F-0012433},01/08/2010 15:16:00,FA0005,PC-1005,CA0DD9E5.pdf,False,
{F-0008558},01/08/2010 15:17:00,DA0003,PC-1003,BB3FAE56.doc,False,
{F-0012415},01/08/2010 15:17:00,FA0005,PC-1005,624F3F79.jpg,False,
{F-0028771},01/08/2010 15:20:00,OA0014,PC-1014,05910104.jpg,False,
{F-0002695},01/08/2010 15:24:00,BA0001,PC-1001,57462914.doc,False,
{F-0011103},01/08/2010 15:25:00,EA0004,PC-1004,BC51D7D6.xls,False,
{F-0024982},01/08/2010 15:30:00,MA0012,PC-1012,3D297B82.jpg,False,
{F-0005367},01/08/2010 15:31:00,CA0002,PC-1002,6E7C2A9B.jpg,False,
{F-0005375},01/08/2010 15:34:00,CA0002,PC-1002,3CC39F4E.txt,False,
{F-0012435},01/08/2010 15:35:00,FA0005,PC-1005,EF007F2E.xls,False,
{F-0000212},01/08/2010 15:43:00,AA0000,PC-1000,A013C844.doc,False,
{F-0002684},01/08/2010 15:43:00,BA0001,PC-1001,1738671D.doc,False,
{F-0005378},01/08/2010 15:44:00,CA0002,PC-1002,949AAE9A.pdf,False,
{F-0021041},01/08/2010 15:44:00,KA0010,PC-1010,7D4BA9F6.doc,False,
{F-0005373},01/08/2010 15:45:00,CA0002,PC-1002,185F0EE4.doc,False,
{F-0012423},01/08/2010 15:49:00,FA0005,PC-1005,4D2B2545.jpg,False,
{F-0022974},01/08/2010 15:52:00,LA0011,PC-1011,8A5AC9A6.txt,False,
{F-0018969},01/08/2010 15:54:00,JA0009,PC-1009,F2778895.xlsx,False,
{F-0005381},01/08/2010 15:55:00,CA0002,PC-1002,2A0A587F.doc,False,
{F-0012431},01/08/2010 15:59:00,FA0005,PC-1005,0D709F9A.xls,False,
{F-0000201},01/08/2010 16:01:00,AA0000,PC-1000,1F1ACE2E.doc,False,
{F-0022972},01/08/2010 16:01:00,LA0011,PC-1011,FED34003.xls,False,
{F-0013988},01/08/2010 16:10:00,GA0006,PC-1006,55D34D34.doc,False,
{F-0031278},01/08/2010 16:10:00,PA0015,PC-1015,9D02B016.doc,False,
{F-0008552},01/08/2010 16:15:00,DA0003,PC-1003,D8EDCAA4.doc,False,
{F-0013990},01/08/2010 16:19:00,GA0006,PC-1006,B1875C05.jpg,False,
{F-0013991},01/08/2010 16:21:00,GA0006,PC-1006,F7D5FFDE.xls,False,
{F-0011106},01/08/2010 16:23:00,EA0004,PC-1004,429BAFE1.xls,False,
{F-0022976},01/08/2010 16:24:00,LA0011,PC-1011,8241D3E5.doc,False,
{F-0021040},01/08/2010 16:31:00,KA0010,PC-1010,2A36BAA0.jpg,False,
{F-0012422},01/08/2010 16:32:00,FA0005,PC-1005,B12C127D.xls,False,
{F-0002692},01/08/2010 16:34:00,BA0001,PC-1001,3110DD0A.xlsx,False,
{F-0005372},01/08/2010 16:36:00,CA0002,PC-1002,730CCFF5.doc,False,
{F-0011102},01/08/2010 16:43:00,EA0004,PC-1004,FD929398.pdf,False,
{F-0012432},01/08/2010 16:45:00,FA0005,PC-1005,D0EA8983.xls,False,
{F-0013984},01/08/2010 16:45:00,GA0006,PC-1006,9F5ADB2A.xls,False,
{F-0028778},01/08/2010 16:45:00,OA0014,PC-1014,20DBE8E2.txt,False,
{F-0002690},01/08/2010 16:49:00,BA0001,PC-1001,2B481C49.pdf,False,
{F-0012428},01/08/2010 16:53:00,FA0005,PC-1005,79072D27.xls,False,
{F-0011109},01/08/2010 16:54:00,EA0004,PC-1004,D058DB86.doc,False,
{F-0027002},01/08/2010 16:57:00,NA0013,PC-1013,B61AB2C1.xlsx,False,
{F-0000199},01/08/2010 16:59:00,AA0000,PC-1000,71989721.xls,False,
{F-0012424},01/08/2010 17:04:00,FA0005,PC-1005,CA026099.jpg,False,
{F-0028781},01/08/2010 17:04:00,OA0014,PC-1014,09D08BDD.pdf,False,
{F-0021036},01/08/2010 17:13:00,KA0010,PC-1010,67DBC373.xls,False,
{F-0011100},01/08/2010 17:15:00,EA0004,PC-1004,3E7635FD.doc,False,
{F-0002687},01/08/2010 17:23:00,BA0001,PC-1001,99E9995A.doc,False,
{F-0005389},01/08/2010 17:28:00,CA0002,PC-1002,563F269F.doc,False,
{F-0005384},01/08/2010 17:36:00,CA0002,PC-1002,17A1CCDB.xlsx,False,
{F-0034223},01/08/2010 17:39:00,RA0017,PC-1017,05EA95CA.pdf,False,
{F-0012434},01/08/2010 17:40:00,FA0005,PC-1005,97E779CE.pdf,False,
{F-0021038},01/08/2010 17:40:00,KA0010,PC-1010,DCE4C557.xlsx,False,
{F-0034224},01/08/2010 17:44:00,RA0017,PC-1017,3923513B.doc,False,
{F-0012439},01/08/2010 17:52:00,FA0005,PC-1005,875320E3.pdf,False,
{F-0005362},01/08/2010 17:57:00,CA0002,PC-1002,45392287.pdf,False,
{F-0021046},01/08/2010 18:03:00,KA0010,PC-1010,436B36D8.jpg,False,
{F-0032836},01/08/2010 18:05:00,QA0016,PC-1016,2A65A3BC.jpg,False,
{F-0012429},01/08/2010 18:11:00,FA0005,PC-1005,436C56A6.doc,False,
{F-0005377},01/08/2010 18:14:00,CA0002,PC-1002,D5EC48A2.xls,False,
{F-0012440},01/08/2010 18:33:00,FA0005,PC-1005,B889CE8F.jpg,False,
{F-0012417},01/08/2010 18:38:00,FA0005,PC-1005,F34640AA.doc,False,
{F-0021037},01/08/2010 18:45:00,KA0010,PC-1010,E6D6E9F4.txt,False,
{F-0012418},01/08/2010 19:06:00,FA0005,PC-1005,16B25E58.pdf,False,
{F-0021048},01/08/2010 19:09:00,KA0010,PC-1010,5B0CC168.txt,False,
{F-0008614},01/11/2010 07:47:00,DA0003,PC-1003,ADC3281F.doc,False,
{F-0023010},01/11/2010 07:52:00,LA0011,PC-1011,1CD59A09.doc,False,
{F-0023024},01/11/2010 07:54:00,LA0011,PC-1011,0ECBE235.jpg,False,
{F-0016266},01/11/2010 08:07:00,HA0007,PC-1007,1D9BFAF8.doc,False,
{F-0017269},01/11/2010 08:15:00,IA0008,PC-1008,B06DCE0F.xlsx,False,
{F-0000265},01/11/2010 08:17:00,AA0000,PC-1000,00A6DBDF.pdf,False,
{F-0023015},01/11/2010 08:23:00,LA0011,PC-1011,E9C2ABF5.xlsx,False,
{F-0019012},01/11/2010 08:24:00,JA0009,PC-1009,DFF115CB.pdf,False,
{F-0000260},01/11/2010 08:36:00,AA0000,PC-1000,35FDACEF.xlsx,False,
{F-0016269},01/11/2010 08:37:00,HA0007,PC-1007,BF6177AF.jpg,False,
{F-0017263},01/11/2010 08:40:00,IA0008,PC-1008,2398E7C4.txt,False,
{F-0023021},01/11/2010 08:42:00,LA0011,PC-1011,A4A19596.pdf,False,
{F-0031319},01/11/2010 08:59:00,PA0015,PC-1015,1287AB17.doc,False,
{F-0031309},01/11/2010 09:01:00,PA0015,PC-1015,FFF46B8A.doc,False,
{F-0000258},01/11/2010 09:03:00,AA0000,PC-1000,BA5788D8.pdf,False,
{F-0014059},01/11/2010 09:06:00,GA0006,PC-1006,AC962AA2.xlsx,False,
{F-0017255},01/11/2010 09:08:00,IA0008,PC-1008,A3816FE8.xls,False,
{F-0008620},01/11/2010 09:11:00,DA0003,PC-1003,16D772D9.xlsx,False,
{F-0017256},01/11/2010 09:18:00,IA0008,PC-1008,5B484B26.pdf,False,
{F-0031317},01/11/2010 09:19:00,PA0015,PC-1015,2172F542.doc,False,
{F-0008617},01/11/2010 09:20:00,DA0003,PC-1003,4133EC63.txt,False,
{F-0012473},01/11/2010 09:24:00,FA0005,PC-1005,D77FCF92.txt,False,
{F-0021090},01/11/2010 09:26:00,KA0010,PC-1010,9C995FD4.pdf,False,
{F-0023023},01/11/2010 09:32:00,LA0011,PC-1011,95841176.txt,False,
{F-0002762},01/11/2010 09:33:00,BA0001,PC-1001,EA7175E4.doc,False,
{F-0016265},01/11/2010 09:37:00,HA0007,PC-1007,50A6A931.xls,False,
{F-0023014},01/11/2010 09:38:00,LA0011,PC-1011,08FD5C19.pdf,False,
{F-0032858},01/11/2010 09:38:00,QA0016,PC-1016,ABBE7540.doc,False,
{F-0002750},01/11/2010 09:39:00,BA0001,PC-1001,1B871E98.doc,False,
{F-0028816},01/11/2010 09:39:00,OA0014,PC-1014,821E18AE.xlsx,False,
{F-0028812},01/11/2010 09:44:00,OA0014,PC-1014,131013AA.doc,False,
{F-0011137},01/11/2010 09:45:00,EA0004,PC-1004,9583150D.txt,False,
{F-0028814},01/11/2010 09:45:00,OA0014,PC-1014,ACE53B62.txt,False,
{F-0028821},01/11/2010 09:45:00,OA0014,PC-1014,FC994C26.doc,False,
{F-0005431},01/11/2010 09:48:00,CA0002,PC-1002,A614ED82.txt,False,
{F-0031315},01/11/2010 09:48:00,PA0015,PC-1015,9441BE8F.xlsx,False,
{F-0005470},01/11/2010 09:54:00,CA0002,PC-1002,BFB170B0.jpg,False,
{F-0012471},01/11/2010 09:55:00,FA0005,PC-1005,253D79BA.jpg,False,
{F-0002764},01/11/2010 09:58:00,BA0001,PC-1001,68430163.txt,False,
{F-0017264},01/11/2010 09:58:00,IA0008,PC-1008,FD476E55.doc,False,
{F-0031316},01/11/2010 10:02:00,PA0015,PC-1015,A928747C.xls,False,
{F-0021091},01/11/2010 10:07:00,KA0010,PC-1010,0097F402.pdf,False,
{F-0014052},01/11/2010 10:08:00,GA0006,PC-1006,5E041855.xlsx,False,
{F-0027046},01/11/2010 10:09:00,NA0013,PC-1013,80C77C22.xls,False,
{F-0025048},01/11/2010 10:10:00,MA0012,PC-1012,75C24328.doc,False,
{F-0023016},01/11/2010 10:11:00,LA0011,PC-1011,6891E904.jpg,False,
{F-0005461},01/11/2010 10:12:00,CA0002,PC-1002,0601D015.pdf,False,
{F-0021086},01/11/2010 10:12:00,KA0010,PC-1010,2F826A99.xls,False,
{F-0021089},01/11/2010 10:12:00,KA0010,PC-1010,968143FE.doc,False,
{F-0005458},01/11/2010 10:13:00,CA0002,PC-1002,6BCD4B74.txt,False,
{F-0028820},01/11/2010 10:13:00,OA0014,PC-1014,5709EF64.xls,False,
{F-0023022},01/11/2010 10:15:00,LA0011,PC-1011,20417D58.txt,False,
{F-0031310},01/11/2010 10:18:00,PA0015,PC-1015,4EFA6DB9.doc,False,
{F-0000262},01/11/2010 10:19:00,AA0000,PC-1000,E105EE0A.doc,False,
{F-0005451},01/11/2010 10:20:00,CA0002,PC-1002,F7193796.pdf,False,
{F-0008613},01/11/2010 10:21:00,DA0003,PC-1003,61D4CEB8.xls,False,
{F-0028815},01/11/2010 10:22:00,OA0014,PC-1014,4EB24357.pdf,False,
{F-0017258},01/11/2010 10:23:00,IA0008,PC-1008,3BF19A31.txt,False,
{F-0005453},01/11/2010 10:25:00,CA0002,PC-1002,0C9BAD7E.xlsx,False,
{F-0005454},01/11/2010 10:27:00,CA0002,PC-1002,E9BA4709.jpg,False,
{F-0017262},01/11/2010 10:27:00,IA0008,PC-1008,68FF5752.pdf,False,
{F-0019008},01/11/2010 10:29:00,JA0009,PC-1009,F465F467.pdf,False,
{F-0005457},01/11/2010 10:33:00,CA0002,PC-1002,C18FFA4D.xlsx,False,
{F-0016267},01/11/2010 10:36:00,HA0007,PC-1007,57CCA76E.jpg,False,
{F-0027049},01/11/2010 10:36:00,NA0013,PC-1013,5A725808.jpg,False,
{F-0027045},01/11/2010 10:38:00,NA0013,PC-1013,D2B956D8.jpg,False,
{F-0025047},01/11/2010 10:40:00,MA0012,PC-1012,C5048846.txt,False,
{F-0002765},01/11/2010 10:42:00,BA0001,PC-1001,58C002E1.jpg,False,
{F-0021083},01/11/2010 10:42:00,KA0010,PC-1010,86B1919A.jpg,False,
{F-0005447},01/11/2010 10:44:00,CA0002,PC-1002,FDB0E412.txt,False,
{F-0019002},01/11/2010 10:45:00,JA0009,PC-1009,0FAF197E.txt,False,
{F-0005438},01/11/2010 10:53:00,CA0002,PC-1002,5EC56C6E.xls,False,
{F-0019010},01/11/2010 10:53:00,JA0009,PC-1009,1D706F0D.doc,False,
{F-0000261},01/11/2010 10:55:00,AA0000,PC-1000,55EE08B0.jpg,False,
{F-0034252},01/11/2010 10:55:00,RA0017,PC-1017,96AB223E.doc,False,
{F-0032855},01/11/2010 10:56:00,QA0016,PC-1016,07D2545A.txt,False,
{F-0005436},01/11/2010 11:03:00,CA0002,PC-1002,59A871C3.doc,False,
{F-0008618},01/11/2010 11:05:00,DA0003,PC-1003,B6590C33.xls,False,
{F-0002759},01/11/2010 11:07:00,BA0001,PC-1001,82C90128.doc,False,
{F-0011139},01/11/2010 11:07:00,EA0004,PC-1004,D6442018.xls,False,
{F-0005466},01/11/2010 11:10:00,CA0002,PC-1002,3809AA63.jpg,False,
{F-0031307},01/11/2010 11:10:00,PA0015,PC-1015,605298C3.doc,False,
{F-0005452},01/11/2010 11:11:00,CA0002,PC-1002,7F78B884.doc,False,
{F-0031318},01/11/2010 11:12:00,PA0015,PC-1015,4F4A8D04.doc,False,
{F-0017270},01/11/2010 11:14:00,IA0008,PC-1008,E1F95E4C.doc,False,
{F-0012470},01/11/2010 11:26:00,FA0005,PC-1005,6F90562D.pdf,False,
{F-0014051},01/11/2010 11:26:00,GA0006,PC-1006,A3267194.txt,False,
{F-0005444},01/11/2010 11:28:00,CA0002,PC-1002,7CD72341.jpg,False,
{F-0019015},01/11/2010 11:29:00,JA0009,PC-1009,889F728A.doc,False,
{F-0023019},01/11/2010 11:33:00,LA0011,PC-1011,E82A4445.pdf,False,
{F-0028819},01/11/2010 11:34:00,OA0014,PC-1014,2A197D9E.pdf,False,
{F-0023011},01/11/2010 11:39:00,LA0011,PC-1011,44102C70.xlsx,False,
{F-0023017},01/11/2010 11:41:00,LA0011,PC-1011,CAFD00C4.txt,False,
{F-0027043},01/11/2010 11:42:00,NA0013,PC-1013,B0CED124.pdf,False,
{F-0005443},01/11/2010 11:47:00,CA0002,PC-1002,50326B40.txt,False,
{F-0011136},01/11/2010 11:47:00,EA0004,PC-1004,20684F6A.txt,False,
{F-0008615},01/11/2010 11:51:00,DA0003,PC-1003,54324732.txt,False,
{F-0017266},01/11/2010 12:01:00,IA0008,PC-1008,1DA63536.doc,False,
{F-0002763},01/11/2010 12:08:00,BA0001,PC-1001,AB526C0A.pdf,False,
{F-0005459},01/11/2010 12:09:00,CA0002,PC-1002,5AA169A4.jpg,False,
{F-0017259},01/11/2010 12:09:00,IA0008,PC-1008,A468F71A.pdf,False,
{F-0019013},01/11/2010 12:09:00,JA0009,PC-1009,3C2FD65C.txt,False,
{F-0012462},01/11/2010 12:10:00,FA0005,PC-1005,140D37C4.xlsx,False,
{F-0025052},01/11/2010 12:15:00,MA0012,PC-1012,DDAB6B74.txt,False,
{F-0028818},01/11/2010 12:15:00,OA0014,PC-1014,9F217D3C.doc,False,
{F-0023012},01/11/2010 12:18:00,LA0011,PC-1011,19FCE7AC.xls,False,
{F-0023018},01/11/2010 12:20:00,LA0011,PC-1011,345D0E63.xls,False,
{F-0031314},01/11/2010 12:20:00,PA0015,PC-1015,9D0ABFCE.txt,False,
{F-0005448},01/11/2010 12:36:00,CA0002,PC-1002,1BDBF88B.doc,False,
{F-0005441},01/11/2010 12:37:00,CA0002,PC-1002,D255FC2E.txt,False,
{F-0002761},01/11/2010 12:39:00,BA0001,PC-1001,6A3D6E2F.doc,False,
{F-0014049},01/11/2010 12:44:00,GA0006,PC-1006,E035C1E9.xlsx,False,
{F-0002753},01/11/2010 12:45:00,BA0001,PC-1001,39AE16A9.xls,False,
{F-0016268},01/11/2010 12:46:00,HA0007,PC-1007,68B72AF8.pdf,False,
{F-0023006},01/11/2010 12:46:00,LA0011,PC-1011,4A356F27.txt,False,
{F-0011135},01/11/2010 12:48:00,EA0004,PC-1004,403333F0.pdf,False,
{F-0023025},01/11/2010 12:48:00,LA0011,PC-1011,7922E2D0.doc,False,
{F-0002751},01/11/2010 12:51:00,BA0001,PC-1001,2C5F624C.txt,False,
{F-0017257},01/11/2010 12:56:00,IA0008,PC-1008,7B3B4C09.doc,False,
{F-0016270},01/11/2010 12:59:00,HA0007,PC-1007,67F5BB01.xls,False,
{F-0012463},01/11/2010 13:01:00,FA0005,PC-1005,1D9711C0.jpg,False,
{F-0014050},01/11/2010 13:04:00,GA0006,PC-1006,14095C64.pdf,False,
{F-0002756},01/11/2010 13:09:00,BA0001,PC-1001,3B1D2097.doc,False,
{F-0002754},01/11/2010 13:12:00,BA0001,PC-1001,3D1919EB.doc,False,
{F-0016263},01/11/2010 13:12:00,HA0007,PC-1007,4FC7FD6B.doc,False,
{F-0017268},01/11/2010 13:12:00,IA0008,PC-1008,8E62D8CA.txt,False,
{F-0027044},01/11/2010 13:14:00,NA0013,PC-1013,BC786E63.pdf,False,
{F-0028827},01/11/2010 13:16:00,OA0014,PC-1014,670895C4.doc,False,
{F-0005442},01/11/2010 13:18:00,CA0002,PC-1002,52AC80FB.xlsx,False,
{F-0002760},01/11/2010 13:23:00,BA0001,PC-1001,0D90CC76.jpg,False,
{F-0005434},01/11/2010 13:23:00,CA0002,PC-1002,D006CF9B.xls,False,
{F-0005445},01/11/2010 13:23:00,CA0002,PC-1002,E94CE0B2.doc,False,
{F-0000259},01/11/2010 13:24:00,AA0000,PC-1000,DB17D62C.doc,False,
{F-0028825},01/11/2010 13:24:00,OA0014,PC-1014,F02EB1CC.jpg,False,
{F-0019011},01/11/2010 13:25:00,JA0009,PC-1009,E3153338.doc,False,
{F-0023007},01/11/2010 13:26:00,LA0011,PC-1011,C3A6F2F0.xlsx,False,
{F-0023008},01/11/2010 13:28:00,LA0011,PC-1011,0C47154B.jpg,False,
{F-0000266},01/11/2010 13:30:00,AA0000,PC-1000,CA6FA549.xlsx,False,
{F-0002757},01/11/2010 13:31:00,BA0001,PC-1001,7AA050A8.xls,False,
{F-0019005},01/11/2010 13:32:00,JA0009,PC-1009,474DDE93.jpg,False,
{F-0025041},01/11/2010 13:32:00,MA0012,PC-1012,5FF40868.doc,False,
{F-0025051},01/11/2010 13:34:00,MA0012,PC-1012,D0E33B33.pdf,False,
{F-0017267},01/11/2010 13:36:00,IA0008,PC-1008,1023AE02.xlsx,False,
{F-0027047},01/11/2010 13:38:00,NA0013,PC-1013,73A5A252.doc,False,
{F-0028822},01/11/2010 13:42:00,OA0014,PC-1014,B1511BB9.doc,False,
{F-0002747},01/11/2010 13:43:00,BA0001,PC-1001,8A76AD03.doc,False,
{F-0005440},01/11/2010 13:43:00,CA0002,PC-1002,49E3C264.txt,False,
{F-0012468},01/11/2010 13:44:00,FA0005,PC-1005,DFF03BFD.xls,False,
{F-0025050},01/11/2010 13:45:00,MA0012,PC-1012,8EF6F7AA.pdf,False,
{F-0031313},01/11/2010 13:50:00,PA0015,PC-1015,BBCB8CDA.xlsx,False,
{F-0031308},01/11/2010 13:51:00,PA0015,PC-1015,CF30197C.jpg,False,
{F-0031312},01/11/2010 13:57:00,PA0015,PC-1015,4D6805F0.xls,False,
{F-0028826},01/11/2010 13:59:00,OA0014,PC-1014,2C615B92.xls,False,
{F-0011134},01/11/2010 14:06:00,EA0004,PC-1004,A21FA958.jpg,False,
{F-0017260},01/11/2010 14:09:00,IA0008,PC-1008,117640A1.jpg,False,
{F-0028823},01/11/2010 14:13:00,OA0014,PC-1014,480A3EA8.txt,False,
{F-0032856},01/11/2010 14:13:00,QA0016,PC-1016,5004180D.xlsx,False,
{F-0023009},01/11/2010 14:17:00,LA0011,PC-1011,FB41EE5F.xls,False,
{F-0021082},01/11/2010 14:23:00,KA0010,PC-1010,2EDE34C2.txt,False,
{F-0028813},01/11/2010 14:24:00,OA0014,PC-1014,7032D67F.doc,False,
{F-0028824},01/11/2010 14:24:00,OA0014,PC-1014,71E07B10.txt,False,
{F-0019003},01/11/2010 14:26:00,JA0009,PC-1009,D6B87EC0.txt,False,
{F-0016272},01/11/2010 14:28:00,HA0007,PC-1007,49E8DFF5.txt,False,
{F-0008619},01/11/2010 14:29:00,DA0003,PC-1003,5FAA1F5C.pdf,False,
{F-0005439},01/11/2010 14:33:00,CA0002,PC-1002,4D7C4BB2.txt,False,
{F-0005462},01/11/2010 14:35:00,CA0002,PC-1002,FC32E9A2.doc,False,
{F-0019014},01/11/2010 14:38:00,JA0009,PC-1009,3877A446.xlsx,False,
{F-0005437},01/11/2010 14:41:00,CA0002,PC-1002,F7FE4817.xlsx,False,
{F-0002749},01/11/2010 14:42:00,BA0001,PC-1001,817AB7E1.xlsx,False,
{F-0005432},01/11/2010 14:46:00,CA0002,PC-1002,04A90E35.xlsx,False,
{F-0028817},01/11/2010 14:48:00,OA0014,PC-1014,57EDADDC.jpg,False,
{F-0019009},01/11/2010 14:51:00,JA0009,PC-1009,C7F769A4.xls,False,
{F-0005465},01/11/2010 14:53:00,CA0002,PC-1002,926BC8FC.txt,False,
{F-0023020},01/11/2010 15:10:00,LA0011,PC-1011,940D4934.xlsx,False,
{F-0023013},01/11/2010 15:12:00,LA0011,PC-1011,64E82C4B.xls,False,
{F-0031311},01/11/2010 15:12:00,PA0015,PC-1015,08F46D6D.doc,False,
{F-0002748},01/11/2010 15:15:00,BA0001,PC-1001,69577A24.pdf,False,
{F-0016271},01/11/2010 15:16:00,HA0007,PC-1007,EC45210D.txt,False,
{F-0005463},01/11/2010 15:18:00,CA0002,PC-1002,341FF7D6.doc,False,
{F-0021088},01/11/2010 15:18:00,KA0010,PC-1010,9F931761.txt,False,
{F-0017265},01/11/2010 15:20:00,IA0008,PC-1008,883753CC.xlsx,False,
{F-0016262},01/11/2010 15:26:00,HA0007,PC-1007,DBB4E529.xlsx,False,
{F-0005460},01/11/2010 15:27:00,CA0002,PC-1002,FF07EA15.pdf,False,
{F-0011133},01/11/2010 15:27:00,EA0004,PC-1004,83CB0E7D.txt,False,
{F-0014055},01/11/2010 15:30:00,GA0006,PC-1006,D56B8853.pdf,False,
{F-0034254},01/11/2010 15:33:00,RA0017,PC-1017,237F79C7.xlsx,False,
{F-0000263},01/11/2010 15:36:00,AA0000,PC-1000,A26ACD70.pdf,False,
{F-0023026},01/11/2010 15:38:00,LA0011,PC-1011,0E095E4A.doc,False,
{F-0025044},01/11/2010 15:41:00,MA0012,PC-1012,D83EFE9D.xls,False,
{F-0021078},01/11/2010 15:46:00,KA0010,PC-1010,6EC71EC4.xls,False,
{F-0008616},01/11/2010 15:49:00,DA0003,PC-1003,88FA8986.xlsx,False,
{F-0019007},01/11/2010 15:49:00,JA0009,PC-1009,356C90FB.xlsx,False,
{F-0025043},01/11/2010 15:49:00,MA0012,PC-1012,2369337F.doc,False,
{F-0021087},01/11/2010 15:51:00,KA0010,PC-1010,B42747CD.xlsx,False,
{F-0000264},01/11/2010 15:56:00,AA0000,PC-1000,6ADA8796.pdf,False,
{F-0012466},01/11/2010 15:56:00,FA0005,PC-1005,1DFE3F95.jpg,False,
{F-0014058},01/11/2010 15:56:00,GA0006,PC-1006,B995C1D0.xls,False,
{F-0008621},01/11/2010 16:00:00,DA0003,PC-1003,CAF2D531.xlsx,False,
{F-0011138},01/11/2010 16:01:00,EA0004,PC-1004,312A17D2.xls,False,
{F-0017261},01/11/2010 16:02:00,IA0008,PC-1008,BB6414EB.doc,False,
{F-0012472},01/11/2010 16:07:00,FA0005,PC-1005,3C14256D.pdf,False,
{F-0019004},01/11/2010 16:07:00,JA0009,PC-1009,469B9CD9.txt,False,
{F-0002758},01/11/2010 16:10:00,BA0001,PC-1001,05385361.xlsx,False,
{F-0019006},01/11/2010 16:10:00,JA0009,PC-1009,B5229109.pdf,False,
{F-0025049},01/11/2010 16:11:00,MA0012,PC-1012,09E833A2.doc,False,
{F-0002755},01/11/2010 16:12:00,BA0001,PC-1001,4F403AEE.doc,False,
{F-0005455},01/11/2010 16:13:00,CA0002,PC-1002,2EC7DC22.doc,False,
{F-0021076},01/11/2010 16:18:00,KA0010,PC-1010,79572C5D.txt,False,
{F-0021084},01/11/2010 16:21:00,KA0010,PC-1010,BCB7037E.jpg,False,
{F-0021077},01/11/2010 16:26:00,KA0010,PC-1010,E50048ED.doc,False,
{F-0011140},01/11/2010 16:29:00,EA0004,PC-1004,F4DA9460.txt,False,
{F-0016264},01/11/2010 16:29:00,HA0007,PC-1007,15DF0DAD.jpg,False,
{F-0025045},01/11/2010 16:29:00,MA0012,PC-1012,D1A5A167.jpg,False,
{F-0014056},01/11/2010 16:35:00,GA0006,PC-1006,EBDDBA33.doc,False,
{F-0021085},01/11/2010 16:41:00,KA0010,PC-1010,88B44B7F.xls,False,
{F-0021079},01/11/2010 16:42:00,KA0010,PC-1010,99E218AA.txt,False,
{F-0011141},01/11/2010 16:46:00,EA0004,PC-1004,A83956BD.xlsx,False,
{F-0014053},01/11/2010 16:49:00,GA0006,PC-1006,CCE8814A.txt,False,
{F-0021081},01/11/2010 16:56:00,KA0010,PC-1010,54B391B8.xls,False,
{F-0014054},01/11/2010 17:00:00,GA0006,PC-1006,F7B005E8.doc,False,
{F-0025042},01/11/2010 17:00:00,MA0012,PC-1012,F490B47B.pdf,False,
{F-0005449},01/11/2010 17:03:00,CA0002,PC-1002,8AE05DC6.xlsx,False,
{F-0012465},01/11/2010 17:03:00,FA0005,PC-1005,45E1361F.pdf,False,
{F-0034251},01/11/2010 17:05:00,RA0017,PC-1017,8C4AAFFF.txt,False,
{F-0014057},01/11/2010 17:09:00,GA0006,PC-1006,4A2EC35E.xlsx,False,
{F-0021080},01/11/2010 17:12:00,KA0010,PC-1010,3430C31C.xlsx,False,
{F-0005468},01/11/2010 17:15:00,CA0002,PC-1002,DAB3FC67.jpg,False,
{F-0012469},01/11/2010 17:30:00,FA0005,PC-1005,3E1A4F49.xlsx,False,
{F-0025046},01/11/2010 17:32:00,MA0012,PC-1012,A73A016D.txt,False,
{F-0005469},01/11/2010 17:33:00,CA0002,PC-1002,754E01BD.doc,False,
{F-0002752},01/11/2010 17:37:00,BA0001,PC-1001,3FB056A9.pdf,False,
{F-0012467},01/11/2010 17:40:00,FA0005,PC-1005,815FBE52.xlsx,False,
{F-0021075},01/11/2010 17:43:00,KA0010,PC-1010,52484670.xls,False,
{F-0027048},01/11/2010 17:44:00,NA0013,PC-1013,DB1733A5.txt,False,
{F-0034255},01/11/2010 17:45:00,RA0017,PC-1017,D4C6D90E.xlsx,False,
{F-0005446},01/11/2010 17:58:00,CA0002,PC-1002,0615060E.txt,False,
{F-0034250},01/11/2010 18:01:00,RA0017,PC-1017,7B92AB38.doc,False,
{F-0012474},01/11/2010 18:11:00,FA0005,PC-1005,FF74A311.doc,False,
{F-0005456},01/11/2010 18:14:00,CA0002,PC-1002,9A293588.doc,False,
{F-0005467},01/11/2010 18:14:00,CA0002,PC-1002,FA433C2C.xlsx,False,
{F-0034253},01/11/2010 18:15:00,RA0017,PC-1017,12273DB5.jpg,False,
{F-0012464},01/11/2010 18:17:00,FA0005,PC-1005,D4E4EE3D.xls,False,
{F-0005433},01/11/2010 18:32:00,CA0002,PC-1002,E95A7D30.doc,False,
{F-0032857},01/11/2010 18:32:00,QA0016,PC-1016,7F7E7292.xlsx,False,
{F-0005450},01/11/2010 18:35:00,CA0002,PC-1002,241390D5.jpg,False,
{F-0005464},01/11/2010 18:52:00,CA0002,PC-1002,5178827D.pdf,False,
{F-0005435},01/11/2010 18:53:00,CA0002,PC-1002,2333E266.doc,False,
{F-0008683},01/12/2010 07:51:00,DA0003,PC-1003,CD267662.pdf,False,
{F-0023072},01/12/2010 07:58:00,LA0011,PC-1011,CCC8D6A0.txt,False,
{F-0025073},01/12/2010 08:03:00,MA0012,PC-1012,AD9FF642.xlsx,False,
{F-0023074},01/12/2010 08:06:00,LA0011,PC-1011,F1FA6515.doc,False,
{F-0027075},01/12/2010 08:07:00,NA0013,PC-1013,8DDB0D9C.xlsx,False,
{F-0023065},01/12/2010 08:10:00,LA0011,PC-1011,24657359.doc,False,
{F-0014115},01/12/2010 08:14:00,GA0006,PC-1006,A34221C5.xlsx,False,
{F-0017299},01/12/2010 08:15:00,IA0008,PC-1008,887F1563.doc,False,
{F-0014106},01/12/2010 08:28:00,GA0006,PC-1006,C47BE2A5.jpg,False,
{F-0017304},01/12/2010 08:28:00,IA0008,PC-1008,2D65E25D.jpg,False,
{F-0028865},01/12/2010 08:38:00,OA0014,PC-1014,F7AC78C8.doc,False,
{F-0017307},01/12/2010 08:47:00,IA0008,PC-1008,FA03660E.xlsx,False,
{F-0023054},01/12/2010 08:47:00,LA0011,PC-1011,71C319A4.pdf,False,
{F-0000310},01/12/2010 08:48:00,AA0000,PC-1000,0E775370.xlsx,False,
{F-0028861},01/12/2010 08:59:00,OA0014,PC-1014,77C41687.xlsx,False,
{F-0025078},01/12/2010 09:03:00,MA0012,PC-1012,E9046946.doc,False,
{F-0014116},01/12/2010 09:04:00,GA0006,PC-1006,29B5C8F4.pdf,False,
{F-0023056},01/12/2010 09:04:00,LA0011,PC-1011,98CD4477.xls,False,
{F-0028869},01/12/2010 09:14:00,OA0014,PC-1014,9C503C65.xlsx,False,
{F-0014103},01/12/2010 09:15:00,GA0006,PC-1006,269FE79F.doc,False,
{F-0008677},01/12/2010 09:16:00,DA0003,PC-1003,8E806265.xls,False,
{F-0017297},01/12/2010 09:16:00,IA0008,PC-1008,BA066400.pdf,False,
{F-0021121},01/12/2010 09:19:00,KA0010,PC-1010,4FBE9A0B.pdf,False,
{F-0019053},01/12/2010 09:23:00,JA0009,PC-1009,0747110B.txt,False,
{F-0028857},01/12/2010 09:25:00,OA0014,PC-1014,69E48B41.doc,False,
{F-0014117},01/12/2010 09:27:00,GA0006,PC-1006,3FBDB37B.doc,False,
{F-0019059},01/12/2010 09:27:00,JA0009,PC-1009,813EBAED.pdf,False,
{F-0017316},01/12/2010 09:28:00,IA0008,PC-1008,1A06A779.pdf,False,
{F-0028866},01/12/2010 09:31:00,OA0014,PC-1014,CB496278.pdf,False,
{F-0002823},01/12/2010 09:34:00,BA0001,PC-1001,837E4ECB.xlsx,False,
{F-0019060},01/12/2010 09:38:00,JA0009,PC-1009,BDE3FED4.doc,False,
{F-0002825},01/12/2010 09:41:00,BA0001,PC-1001,A7790721.doc,False,
{F-0002820},01/12/2010 09:44:00,BA0001,PC-1001,19567B8E.xls,False,
{F-0000309},01/12/2010 09:46:00,AA0000,PC-1000,7A0542EF.doc,False,
{F-0028858},01/12/2010 09:47:00,OA0014,PC-1014,5E42E7F3.xls,False,
{F-0017292},01/12/2010 09:48:00,IA0008,PC-1008,79BDA2D6.xlsx,False,
{F-0021125},01/12/2010 09:48:00,KA0010,PC-1010,180E0035.jpg,False,
{F-0017312},01/12/2010 09:49:00,IA0008,PC-1008,28E51553.xlsx,False,
{F-0021122},01/12/2010 09:51:00,KA0010,PC-1010,6A8E5200.xlsx,False,
{F-0008685},01/12/2010 09:56:00,DA0003,PC-1003,F46E580E.pdf,False,
{F-0034271},01/12/2010 09:56:00,RA0017,PC-1017,73A03F6C.pdf,False,
{F-0000313},01/12/2010 09:58:00,AA0000,PC-1000,F7330A87.txt,False,
{F-0021117},01/12/2010 09:58:00,KA0010,PC-1010,4D72F70B.txt,False,
{F-0021127},01/12/2010 09:58:00,KA0010,PC-1010,9286276B.txt,False,
{F-0016289},01/12/2010 09:59:00,HA0007,PC-1007,427D6AA8.pdf,False,
{F-0023068},01/12/2010 10:00:00,LA0011,PC-1011,390C8C07.jpg,False,
{F-0012508},01/12/2010 10:01:00,FA0005,PC-1005,DC47070A.pdf,False,
{F-0019058},01/12/2010 10:03:00,JA0009,PC-1009,30808F79.doc,False,
{F-0032896},01/12/2010 10:07:00,QA0016,PC-1016,AC40E358.xlsx,False,
{F-0031352},01/12/2010 10:08:00,PA0015,PC-1015,89A2F96C.doc,False,
{F-0012504},01/12/2010 10:09:00,FA0005,PC-1005,BB24EB2E.doc,False,
{F-0005531},01/12/2010 10:14:00,CA0002,PC-1002,7C2C58FB.jpg,False,
{F-0027079},01/12/2010 10:16:00,NA0013,PC-1013,8F0F3CE7.doc,False,
{F-0017313},01/12/2010 10:17:00,IA0008,PC-1008,1BFEAD41.xlsx,False,
{F-0005520},01/12/2010 10:22:00,CA0002,PC-1002,6459EC89.doc,False,
{F-0023075},01/12/2010 10:30:00,LA0011,PC-1011,94D35428.doc,False,
{F-0027082},01/12/2010 10:33:00,NA0013,PC-1013,5E574ACA.doc,False,
{F-0012507},01/12/2010 10:34:00,FA0005,PC-1005,54638B20.xls,False,
{F-0021124},01/12/2010 10:38:00,KA0010,PC-1010,18FA269A.jpg,False,
{F-0019049},01/12/2010 10:39:00,JA0009,PC-1009,22BD419C.jpg,False,
{F-0025070},01/12/2010 10:44:00,MA0012,PC-1012,3D0B9EBA.jpg,False,
{F-0011164},01/12/2010 10:47:00,EA0004,PC-1004,1807FC30.doc,False,
{F-0008686},01/12/2010 10:50:00,DA0003,PC-1003,D2D57B80.pdf,False,
{F-0011163},01/12/2010 10:50:00,EA0004,PC-1004,47AC9BF9.jpg,False,
{F-0034266},01/12/2010 10:51:00,RA0017,PC-1017,02871852.doc,False,
{F-0005526},01/12/2010 10:52:00,CA0002,PC-1002,C669D846.pdf,False,
{F-0008678},01/12/2010 10:52:00,DA0003,PC-1003,B79D5D80.txt,False,
{F-0000322},01/12/2010 10:55:00,AA0000,PC-1000,7FEB31F8.xlsx,False,
{F-0017310},01/12/2010 11:01:00,IA0008,PC-1008,E1716ACD.pdf,False,
{F-0025075},01/12/2010 11:01:00,MA0012,PC-1012,28D97689.txt,False,
{F-0014111},01/12/2010 11:04:00,GA0006,PC-1006,1CE65E07.doc,False,
{F-0031355},01/12/2010 11:06:00,PA0015,PC-1015,75F37A44.doc,False,
{F-0002822},01/12/2010 11:08:00,BA0001,PC-1001,EE351824.jpg,False,
{F-0016293},01/12/2010 11:16:00,HA0007,PC-1007,CB075145.pdf,False,
{F-0027080},01/12/2010 11:23:00,NA0013,PC-1013,20D88823.xlsx,False,
{F-0023059},01/12/2010 11:24:00,LA0011,PC-1011,298015F3.xls,False,
{F-0028867},01/12/2010 11:26:00,OA0014,PC-1014,0AA88850.doc,False,
{F-0016290},01/12/2010 11:27:00,HA0007,PC-1007,02644CB1.pdf,False,
{F-0012498},01/12/2010 11:29:00,FA0005,PC-1005,B70B23F0.txt,False,
{F-0005530},01/12/2010 11:35:00,CA0002,PC-1002,F4D7AB9F.xls,False,
{F-0017306},01/12/2010 11:37:00,IA0008,PC-1008,FD2C42B9.pdf,False,
{F-0019051},01/12/2010 11:40:00,JA0009,PC-1009,253A3F63.xlsx,False,
{F-0008684},01/12/2010 11:42:00,DA0003,PC-1003,C40365B6.doc,False,
{F-0002829},01/12/2010 11:43:00,BA0001,PC-1001,549B9C48.xlsx,False,
{F-0019055},01/12/2010 11:43:00,JA0009,PC-1009,E18FF062.jpg,False,
{F-0008679},01/12/2010 11:44:00,DA0003,PC-1003,8414DB81.pdf,False,
{F-0023057},01/12/2010 11:46:00,LA0011,PC-1011,0C109052.xls,False,
{F-0000306},01/12/2010 11:48:00,AA0000,PC-1000,D3CC262B.xlsx,False,
{F-0014101},01/12/2010 11:48:00,GA0006,PC-1006,7838B843.xlsx,False,
{F-0025077},01/12/2010 11:50:00,MA0012,PC-1012,8FB3FE7E.doc,False,
{F-0027077},01/12/2010 11:50:00,NA0013,PC-1013,8FD80436.jpg,False,
{F-0019063},01/12/2010 11:53:00,JA0009,PC-1009,6B08E41F.xls,False,
{F-0034270},01/12/2010 11:56:00,RA0017,PC-1017,E48B947A.txt,False,
{F-0017303},01/12/2010 11:57:00,IA0008,PC-1008,CA9208BA.doc,False,
{F-0014102},01/12/2010 11:59:00,GA0006,PC-1006,D362E6ED.xlsx,False,
{F-0023071},01/12/2010 12:00:00,LA0011,PC-1011,D8BBBECB.txt,False,
{F-0017298},01/12/2010 12:02:00,IA0008,PC-1008,B58520A9.doc,False,
{F-0032894},01/12/2010 12:02:00,QA0016,PC-1016,B3506B69.xlsx,False,
{F-0000325},01/12/2010 12:03:00,AA0000,PC-1000,AF802FCF.doc,False,
{F-0023067},01/12/2010 12:05:00,LA0011,PC-1011,382F22E7.txt,False,
{F-0032893},01/12/2010 12:05:00,QA0016,PC-1016,353C5978.jpg,False,
{F-0031349},01/12/2010 12:09:00,PA0015,PC-1015,5890BECF.pdf,False,
{F-0012501},01/12/2010 12:10:00,FA0005,PC-1005,BBFA1A96.doc,False,
{F-0000311},01/12/2010 12:11:00,AA0000,PC-1000,A7CDCB5D.xlsx,False,
{F-0000319},01/12/2010 12:12:00,AA0000,PC-1000,230AD43F.doc,False,
{F-0019052},01/12/2010 12:12:00,JA0009,PC-1009,99E42A96.pdf,False,
{F-0008682},01/12/2010 12:16:00,DA0003,PC-1003,632366E0.pdf,False,
{F-0017300},01/12/2010 12:16:00,IA0008,PC-1008,9F14F66A.xlsx,False,
{F-0014105},01/12/2010 12:17:00,GA0006,PC-1006,9AAD28A1.pdf,False,
{F-0027074},01/12/2010 12:19:00,NA0013,PC-1013,FBB4D647.xlsx,False,
{F-0021118},01/12/2010 12:24:00,KA0010,PC-1010,FDA00C19.xls,False,
{F-0014113},01/12/2010 12:25:00,GA0006,PC-1006,3BE312E8.xls,False,
{F-0019057},01/12/2010 12:31:00,JA0009,PC-1009,687E8CA7.jpg,False,
{F-0016288},01/12/2010 12:35:00,HA0007,PC-1007,380F5EC6.doc,False,
{F-0016291},01/12/2010 12:38:00,HA0007,PC-1007,6BDF7F3C.xlsx,False,
{F-0023069},01/12/2010 12:38:00,LA0011,PC-1011,1D5E1CC7.doc,False,
{F-0002824},01/12/2010 12:40:00,BA0001,PC-1001,FC17C8BA.xls,False,
{F-0011165},01/12/2010 12:40:00,EA0004,PC-1004,4A32DFB7.doc,False,
{F-0005511},01/12/2010 12:47:00,CA0002,PC-1002,3509EA77.pdf,False,
{F-0027078},01/12/2010 12:54:00,NA0013,PC-1013,FE4EEF01.jpg,False,
{F-0014108},01/12/2010 12:57:00,GA0006,PC-1006,30471E41.doc,False,
{F-0011166},01/12/2010 12:59:00,EA0004,PC-1004,C139401F.jpg,False,
{F-0032895},01/12/2010 12:59:00,QA0016,PC-1016,88EF4ED5.pdf,False,
{F-0002826},01/12/2010 13:00:00,BA0001,PC-1001,D87DB294.pdf,False,
{F-0008676},01/12/2010 13:01:00,DA0003,PC-1003,F4A32B17.txt,False,
{F-0031354},01/12/2010 13:04:00,PA0015,PC-1015,3D6B115B.pdf,False,
{F-0028856},01/12/2010 13:05:00,OA0014,PC-1014,E53686AB.jpg,False,
{F-0019062},01/12/2010 13:08:00,JA0009,PC-1009,4F3136BE.xlsx,False,
{F-0002818},01/12/2010 13:09:00,BA0001,PC-1001,81B7C722.doc,False,
{F-0002819},01/12/2010 13:09:00,BA0001,PC-1001,1F1AEDA0.pdf,False,
{F-0005519},01/12/2010 13:10:00,CA0002,PC-1002,BCC7A966.doc,False,
{F-0002830},01/12/2010 13:11:00,BA0001,PC-1001,A4B38B97.doc,False,
{F-0005529},01/12/2010 13:11:00,CA0002,PC-1002,F3054BA5.doc,False,
{F-0008680},01/12/2010 13:11:00,DA0003,PC-1003,1D68FA28.doc,False,
{F-0008675},01/12/2010 13:12:00,DA0003,PC-1003,2509453B.doc,False,
{F-0005521},01/12/2010 13:13:00,CA0002,PC-1002,06C1D1C9.txt,False,
{F-0000316},01/12/2010 13:15:00,AA0000,PC-1000,AEA078A6.xls,False,
{F-0021123},01/12/2010 13:16:00,KA0010,PC-1010,D075ECDB.xls,False,
{F-0002828},01/12/2010 13:17:00,BA0001,PC-1001,1CFB963D.xls,False,
{F-0008681},01/12/2010 13:18:00,DA0003,PC-1003,F5B6217F.xls,False,
{F-0000317},01/12/2010 13:19:00,AA0000,PC-1000,FF0E02DE.pdf,False,
{F-0005524},01/12/2010 13:27:00,CA0002,PC-1002,0A157AC9.doc,False,
{F-0014114},01/12/2010 13:29:00,GA0006,PC-1006,25081C23.doc,False,
{F-0034272},01/12/2010 13:29:00,RA0017,PC-1017,9DACC425.xls,False,
{F-0014109},01/12/2010 13:32:00,GA0006,PC-1006,AD4A622C.xls,False,
{F-0017315},01/12/2010 13:32:00,IA0008,PC-1008,AF3E6359.doc,False,
{F-0017301},01/12/2010 13:44:00,IA0008,PC-1008,AD9B458F.xls,False,
{F-0021120},01/12/2010 13:44:00,KA0010,PC-1010,61202673.xlsx,False,
{F-0023060},01/12/2010 13:47:00,LA0011,PC-1011,F37CEE03.jpg,False,
{F-0031358},01/12/2010 13:47:00,PA0015,PC-1015,B3F29C2B.xlsx,False,
{F-0023061},01/12/2010 13:49:00,LA0011,PC-1011,F118A94A.jpg,False,
{F-0028863},01/12/2010 13:49:00,OA0014,PC-1014,C18A4103.xls,False,
{F-0012502},01/12/2010 13:55:00,FA0005,PC-1005,CD7F77E8.txt,False,
{F-0021128},01/12/2010 13:55:00,KA0010,PC-1010,2864A326.doc,False,
{F-0028868},01/12/2010 13:56:00,OA0014,PC-1014,5A2DD037.txt,False,
{F-0000318},01/12/2010 13:58:00,AA0000,PC-1000,7A7C69A2.xls,False,
{F-0032891},01/12/2010 13:59:00,QA0016,PC-1016,DD4F683E.xlsx,False,
{F-0017305},01/12/2010 14:00:00,IA0008,PC-1008,E0400750.doc,False,
{F-0031348},01/12/2010 14:02:00,PA0015,PC-1015,6A1EA5D9.xls,False,
{F-0023073},01/12/2010 14:05:00,LA0011,PC-1011,4D97DF49.pdf,False,
{F-0005510},01/12/2010 14:08:00,CA0002,PC-1002,ACA5FA03.doc,False,
{F-0000323},01/12/2010 14:12:00,AA0000,PC-1000,283F1F4F.xlsx,False,
{F-0031350},01/12/2010 14:12:00,PA0015,PC-1015,8143CE73.xls,False,
{F-0019056},01/12/2010 14:13:00,JA0009,PC-1009,A30A28FE.txt,False,
{F-0025076},01/12/2010 14:14:00,MA0012,PC-1012,9EB06F67.pdf,False,
{F-0000307},01/12/2010 14:17:00,AA0000,PC-1000,406F9EC9.xls,False,
{F-0014104},01/12/2010 14:25:00,GA0006,PC-1006,89A24694.jpg,False,
{F-0005517},01/12/2010 14:29:00,CA0002,PC-1002,77EB5D1A.xls,False,
{F-0017295},01/12/2010 14:29:00,IA0008,PC-1008,A788673A.jpg,False,
{F-0031351},01/12/2010 14:30:00,PA0015,PC-1015,77C58B48.txt,False,
{F-0011167},01/12/2010 14:35:00,EA0004,PC-1004,8F8DBB73.doc,False,
{F-0005512},01/12/2010 14:38:00,CA0002,PC-1002,640E8211.pdf,False,
{F-0031353},01/12/2010 14:39:00,PA0015,PC-1015,60EFBA57.txt,False,
{F-0005515},01/12/2010 14:41:00,CA0002,PC-1002,8C6CB330.xlsx,False,
{F-0017302},01/12/2010 14:41:00,IA0008,PC-1008,AAA0FE76.xls,False,
{F-0002821},01/12/2010 14:43:00,BA0001,PC-1001,F508D3B2.xlsx,False,
{F-0000324},01/12/2010 14:46:00,AA0000,PC-1000,4D816984.doc,False,
{F-0005528},01/12/2010 14:54:00,CA0002,PC-1002,215F0075.xlsx,False,
{F-0017294},01/12/2010 14:59:00,IA0008,PC-1008,C960D86E.txt,False,
{F-0000308},01/12/2010 15:05:00,AA0000,PC-1000,AF3ACDA4.pdf,False,
{F-0012495},01/12/2010 15:06:00,FA0005,PC-1005,A8F5D4D2.xls,False,
{F-0005527},01/12/2010 15:08:00,CA0002,PC-1002,04A7C97F.jpg,False,
{F-0023055},01/12/2010 15:10:00,LA0011,PC-1011,3AFDCA51.doc,False,
{F-0017309},01/12/2010 15:12:00,IA0008,PC-1008,67B0A39C.txt,False,
{F-0014107},01/12/2010 15:13:00,GA0006,PC-1006,CDA7FA1F.jpg,False,
{F-0005525},01/12/2010 15:14:00,CA0002,PC-1002,417EAFCB.doc,False,
{F-0002827},01/12/2010 15:16:00,BA0001,PC-1001,B6A3C7FA.jpg,False,
{F-0023063},01/12/2010 15:17:00,LA0011,PC-1011,E5E9C605.doc,False,
{F-0025074},01/12/2010 15:22:00,MA0012,PC-1012,0CC16CFD.xlsx,False,
{F-0021126},01/12/2010 15:24:00,KA0010,PC-1010,40017F08.pdf,False,
{F-0014112},01/12/2010 15:26:00,GA0006,PC-1006,5D869893.xls,False,
{F-0025072},01/12/2010 15:26:00,MA0012,PC-1012,9DB5D142.xls,False,
{F-0012497},01/12/2010 15:30:00,FA0005,PC-1005,E211B5B2.xls,False,
{F-0000321},01/12/2010 15:32:00,AA0000,PC-1000,AEB42D9D.xls,False,
{F-0014110},01/12/2010 15:32:00,GA0006,PC-1006,1F3EC56E.xlsx,False,
{F-0023058},01/12/2010 15:35:00,LA0011,PC-1011,994FA0EA.doc,False,
{F-0032890},01/12/2010 15:36:00,QA0016,PC-1016,13780E91.doc,False,
{F-0005516},01/12/2010 15:37:00,CA0002,PC-1002,22136168.xlsx,False,
{F-0000315},01/12/2010 15:40:00,AA0000,PC-1000,DBC315D7.xls,False,
{F-0025071},01/12/2010 15:41:00,MA0012,PC-1012,8717C291.doc,False,
{F-0017296},01/12/2010 15:42:00,IA0008,PC-1008,BD0E519F.doc,False,
{F-0034267},01/12/2010 15:42:00,RA0017,PC-1017,4D440AA6.doc,False,
{F-0021114},01/12/2010 15:43:00,KA0010,PC-1010,22852CB5.doc,False,
{F-0023066},01/12/2010 15:45:00,LA0011,PC-1011,1452C021.doc,False,
{F-0002816},01/12/2010 15:47:00,BA0001,PC-1001,B974D60B.txt,False,
{F-0002817},01/12/2010 15:49:00,BA0001,PC-1001,C3005FB9.jpg,False,
{F-0016292},01/12/2010 15:49:00,HA0007,PC-1007,94E19A14.txt,False,
{F-0017314},01/12/2010 15:49:00,IA0008,PC-1008,2E4F074A.xls,False,
{F-0000320},01/12/2010 15:52:00,AA0000,PC-1000,00CE3F6F.xlsx,False,
{F-0023070},01/12/2010 15:52:00,LA0011,PC-1011,AB22BCFD.xls,False,
{F-0000312},01/12/2010 15:53:00,AA0000,PC-1000,395B5448.doc,False,
{F-0019050},01/12/2010 15:53:00,JA0009,PC-1009,C8CF7E70.txt,False,
{F-0008687},01/12/2010 15:58:00,DA0003,PC-1003,209C126F.pdf,False,
{F-0019054},01/12/2010 16:00:00,JA0009,PC-1009,4C7E2D9A.jpg,False,
{F-0031356},01/12/2010 16:00:00,PA0015,PC-1015,C8035ECE.doc,False,
{F-0021115},01/12/2010 16:01:00,KA0010,PC-1010,2B0839A5.doc,False,
{F-0017311},01/12/2010 16:02:00,IA0008,PC-1008,32D55161.txt,False,
{F-0000314},01/12/2010 16:03:00,AA0000,PC-1000,DA0AED65.pdf,False,
{F-0005513},01/12/2010 16:05:00,CA0002,PC-1002,E751E3FE.xls,False,
{F-0023064},01/12/2010 16:05:00,LA0011,PC-1011,B304A1BC.xlsx,False,
{F-0031359},01/12/2010 16:07:00,PA0015,PC-1015,498E68FC.xls,False,
{F-0005514},01/12/2010 16:08:00,CA0002,PC-1002,97C31D9F.jpg,False,
{F-0017293},01/12/2010 16:10:00,IA0008,PC-1008,1902B4F7.xlsx,False,
{F-0027076},01/12/2010 16:12:00,NA0013,PC-1013,62610944.pdf,False,
{F-0028862},01/12/2010 16:13:00,OA0014,PC-1014,5AEFE66D.xls,False,
{F-0028864},01/12/2010 16:15:00,OA0014,PC-1014,3F59D846.pdf,False,
{F-0005518},01/12/2010 16:19:00,CA0002,PC-1002,20468C6F.doc,False,
{F-0019061},01/12/2010 16:21:00,JA0009,PC-1009,EE7EB483.txt,False,
{F-0034268},01/12/2010 16:21:00,RA0017,PC-1017,4FFD5BDA.doc,False,
{F-0021116},01/12/2010 16:22:00,KA0010,PC-1010,D44B96DB.xls,False,
{F-0002814},01/12/2010 16:24:00,BA0001,PC-1001,AD6A4269.txt,False,
{F-0021119},01/12/2010 16:24:00,KA0010,PC-1010,0B19AAC5.doc,False,
{F-0027081},01/12/2010 16:26:00,NA0013,PC-1013,D16CC588.txt,False,
{F-0012493},01/12/2010 16:27:00,FA0005,PC-1005,D5063281.doc,False,
{F-0028860},01/12/2010 16:35:00,OA0014,PC-1014,2E54A328.txt,False,
{F-0017308},01/12/2010 16:38:00,IA0008,PC-1008,8DC3C4D1.doc,False,
{F-0002815},01/12/2010 16:44:00,BA0001,PC-1001,FE2129C1.pdf,False,
{F-0021129},01/12/2010 16:47:00,KA0010,PC-1010,14667052.doc,False,
{F-0002831},01/12/2010 16:48:00,BA0001,PC-1001,C00F981B.doc,False,
{F-0012500},01/12/2010 16:49:00,FA0005,PC-1005,33F60BC7.xls,False,
{F-0031357},01/12/2010 16:52:00,PA0015,PC-1015,A1E96564.doc,False,
{F-0028859},01/12/2010 16:55:00,OA0014,PC-1014,BE986E0F.xls,False,
{F-0012494},01/12/2010 16:56:00,FA0005,PC-1005,866C1AAC.xlsx,False,
{F-0023062},01/12/2010 17:01:00,LA0011,PC-1011,60199ACC.xls,False,
{F-0025079},01/12/2010 17:01:00,MA0012,PC-1012,9786C98E.jpg,False,
{F-0034269},01/12/2010 17:05:00,RA0017,PC-1017,82D0DC09.jpg,False,
{F-0012492},01/12/2010 17:21:00,FA0005,PC-1005,30EE55AA.pdf,False,
{F-0012496},01/12/2010 17:27:00,FA0005,PC-1005,1195AD9D.jpg,False,
{F-0012510},01/12/2010 17:52:00,FA0005,PC-1005,53E36840.pdf,False,
{F-0005522},01/12/2010 17:53:00,CA0002,PC-1002,BE34F31F.doc,False,
{F-0012509},01/12/2010 17:54:00,FA0005,PC-1005,D2DF35C6.xls,False,
{F-0032892},01/12/2010 18:09:00,QA0016,PC-1016,53A4AB12.txt,False,
{F-0012499},01/12/2010 18:13:00,FA0005,PC-1005,152F3110.jpg,False,
{F-0005523},01/12/2010 18:18:00,CA0002,PC-1002,DDA796A2.txt,False,
{F-0012505},01/12/2010 18:25:00,FA0005,PC-1005,A8F32119.doc,False,
{F-0012506},01/12/2010 18:54:00,FA0005,PC-1005,16F9C236.doc,False,
{F-0012503},01/12/2010 19:20:00,FA0005,PC-1005,665D5D7F.xls,False,
{F-0017343},01/13/2010 07:28:00,IA0008,PC-1008,64525B7A.pdf,False,
{F-0028925},01/13/2010 07:44:00,OA0014,PC-1014,D991E951.jpg,False,
{F-0027108},01/13/2010 08:03:00,NA0013,PC-1013,2A1C9A97.pdf,False,
{F-0017351},01/13/2010 08:07:00,IA0008,PC-1008,A385839E.pdf,False,
{F-0023095},01/13/2010 08:09:00,LA0011,PC-1011,A1CBAAF7.xlsx,False,
{F-0025119},01/13/2010 08:09:00,MA0012,PC-1012,365D8D0D.jpg,False,
{F-0023112},01/13/2010 08:10:00,LA0011,PC-1011,83EA68C7.txt,False,
{F-0008737},01/13/2010 08:12:00,DA0003,PC-1003,E7B88374.xls,False,
{F-0017353},01/13/2010 08:14:00,IA0008,PC-1008,C4D9F86E.pdf,False,
{F-0025120},01/13/2010 08:23:00,MA0012,PC-1012,77266556.xlsx,False,
{F-0028924},01/13/2010 08:25:00,OA0014,PC-1014,73C7185F.xls,False,
{F-0023096},01/13/2010 08:27:00,LA0011,PC-1011,D15C4D6D.pdf,False,
{F-0016314},01/13/2010 08:28:00,HA0007,PC-1007,3A5D3C1A.pdf,False,
{F-0016313},01/13/2010 08:34:00,HA0007,PC-1007,1F357E81.xls,False,
{F-0014163},01/13/2010 08:38:00,GA0006,PC-1006,C5E41CC6.xlsx,False,
{F-0027113},01/13/2010 08:40:00,NA0013,PC-1013,6D2F83DF.xls,False,
{F-0019103},01/13/2010 08:50:00,JA0009,PC-1009,C50F5837.doc,False,
{F-0019094},01/13/2010 08:53:00,JA0009,PC-1009,7C8FA4E9.xls,False,
{F-0019099},01/13/2010 08:54:00,JA0009,PC-1009,2631A437.jpg,False,
{F-0014168},01/13/2010 08:56:00,GA0006,PC-1006,2833AF15.doc,False,
{F-0021159},01/13/2010 08:58:00,KA0010,PC-1010,4DB75A36.xlsx,False,
{F-0008736},01/13/2010 08:59:00,DA0003,PC-1003,7D41FE1C.xls,False,
{F-0002857},01/13/2010 09:05:00,BA0001,PC-1001,2B87A60F.doc,False,
{F-0017354},01/13/2010 09:11:00,IA0008,PC-1008,F46689B8.xlsx,False,
{F-0028929},01/13/2010 09:11:00,OA0014,PC-1014,398DE37D.jpg,False,
{F-0000373},01/13/2010 09:17:00,AA0000,PC-1000,4F1079A6.doc,False,
{F-0034294},01/13/2010 09:18:00,RA0017,PC-1017,CEF1A42A.xlsx,False,
{F-0002861},01/13/2010 09:21:00,BA0001,PC-1001,22BB3C64.xlsx,False,
{F-0002862},01/13/2010 09:22:00,BA0001,PC-1001,2088C6D4.doc,False,
{F-0012541},01/13/2010 09:22:00,FA0005,PC-1005,D90E21FA.txt,False,
{F-0025117},01/13/2010 09:25:00,MA0012,PC-1012,E67FC066.txt,False,
{F-0017352},01/13/2010 09:26:00,IA0008,PC-1008,53271C6D.xlsx,False,
{F-0021174},01/13/2010 09:26:00,KA0010,PC-1010,FA2CCA01.pdf,False,
{F-0014154},01/13/2010 09:27:00,GA0006,PC-1006,F61AE90C.xls,False,
{F-0014157},01/13/2010 09:27:00,GA0006,PC-1006,83F33776.doc,False,
{F-0019093},01/13/2010 09:27:00,JA0009,PC-1009,A790BC60.xlsx,False,
{F-0019095},01/13/2010 09:28:00,JA0009,PC-1009,BE5DB5C7.doc,False,
{F-0000372},01/13/2010 09:32:00,AA0000,PC-1000,A9EEE2AB.doc,False,
{F-0017349},01/13/2010 09:33:00,IA0008,PC-1008,D3971E28.txt,False,
{F-0019107},01/13/2010 09:35:00,JA0009,PC-1009,EE4C3396.jpg,False,
{F-0016312},01/13/2010 09:41:00,HA0007,PC-1007,A19BDD30.xlsx,False,
{F-0028928},01/13/2010 09:45:00,OA0014,PC-1014,29FB6733.jpg,False,
{F-0011185},01/13/2010 09:48:00,EA0004,PC-1004,4A819163.xlsx,False,
{F-0011183},01/13/2010 09:50:00,EA0004,PC-1004,33653AF3.xls,False,
{F-0019106},01/13/2010 09:50:00,JA0009,PC-1009,4BC0B9D8.pdf,False,
{F-0017355},01/13/2010 09:51:00,IA0008,PC-1008,E888FEFE.xls,False,
{F-0017356},01/13/2010 09:51:00,IA0008,PC-1008,F7B5C541.doc,False,
{F-0017348},01/13/2010 09:53:00,IA0008,PC-1008,C5C12A4B.doc,False,
{F-0031396},01/13/2010 09:54:00,PA0015,PC-1015,5DB58C9D.jpg,False,
{F-0008741},01/13/2010 09:55:00,DA0003,PC-1003,BEC76BA8.doc,False,
{F-0019102},01/13/2010 09:57:00,JA0009,PC-1009,D04ED95E.doc,False,
{F-0012540},01/13/2010 09:58:00,FA0005,PC-1005,9E29C616.xlsx,False,
{F-0021170},01/13/2010 10:00:00,KA0010,PC-1010,75EA53A2.xls,False,
{F-0023099},01/13/2010 10:00:00,LA0011,PC-1011,843F5E02.xlsx,False,
{F-0014166},01/13/2010 10:04:00,GA0006,PC-1006,205CA3D5.doc,False,
{F-0031398},01/13/2010 10:04:00,PA0015,PC-1015,9491B1AF.doc,False,
{F-0027114},01/13/2010 10:05:00,NA0013,PC-1013,DB553622.jpg,False,
{F-0019092},01/13/2010 10:09:00,JA0009,PC-1009,5A41C366.xlsx,False,
{F-0002858},01/13/2010 10:23:00,BA0001,PC-1001,6370E672.jpg,False,
{F-0023108},01/13/2010 10:26:00,LA0011,PC-1011,EF5775F6.pdf,False,
{F-0023109},01/13/2010 10:26:00,LA0011,PC-1011,F9241990.pdf,False,
{F-0014169},01/13/2010 10:29:00,GA0006,PC-1006,7808EED6.xls,False,
{F-0011192},01/13/2010 10:40:00,EA0004,PC-1004,A44C4ED5.xls,False,
{F-0023107},01/13/2010 10:42:00,LA0011,PC-1011,366E52A5.txt,False,
{F-0002867},01/13/2010 10:44:00,BA0001,PC-1001,699BAF55.xlsx,False,
{F-0031390},01/13/2010 10:49:00,PA0015,PC-1015,7ECBC294.pdf,False,
{F-0023105},01/13/2010 10:50:00,LA0011,PC-1011,4EF9DBF1.xlsx,False,
{F-0031393},01/13/2010 10:51:00,PA0015,PC-1015,0781E146.xls,False,
{F-0012539},01/13/2010 10:54:00,FA0005,PC-1005,95D67E24.xls,False,
{F-0008742},01/13/2010 11:00:00,DA0003,PC-1003,C288F303.jpg,False,
{F-0025115},01/13/2010 11:00:00,MA0012,PC-1012,92A8BEA6.doc,False,
{F-0011189},01/13/2010 11:02:00,EA0004,PC-1004,CE7446D7.xls,False,
{F-0031397},01/13/2010 11:02:00,PA0015,PC-1015,777E27ED.doc,False,
{F-0032922},01/13/2010 11:04:00,QA0016,PC-1016,1A540FB7.pdf,False,
{F-0011191},01/13/2010 11:07:00,EA0004,PC-1004,9269D677.xls,False,
{F-0014156},01/13/2010 11:07:00,GA0006,PC-1006,B3757C22.doc,False,
{F-0002866},01/13/2010 11:08:00,BA0001,PC-1001,74CC469D.doc,False,
{F-0023110},01/13/2010 11:08:00,LA0011,PC-1011,6F50A146.txt,False,
{F-0021165},01/13/2010 11:09:00,KA0010,PC-1010,5313D32C.doc,False,
{F-0027107},01/13/2010 11:11:00,NA0013,PC-1013,213586D8.doc,False,
{F-0008740},01/13/2010 11:19:00,DA0003,PC-1003,387FCBA1.doc,False,
{F-0017346},01/13/2010 11:20:00,IA0008,PC-1008,C3A36B51.pdf,False,
{F-0000369},01/13/2010 11:21:00,AA0000,PC-1000,26D00356.xlsx,False,
{F-0008739},01/13/2010 11:21:00,DA0003,PC-1003,7CA3EBCA.doc,False,
{F-0011182},01/13/2010 11:29:00,EA0004,PC-1004,21132B4F.jpg,False,
{F-0016317},01/13/2010 11:29:00,HA0007,PC-1007,24525F49.jpg,False,
{F-0023103},01/13/2010 11:29:00,LA0011,PC-1011,75798B4A.jpg,False,
{F-0023113},01/13/2010 11:33:00,LA0011,PC-1011,06679FB8.doc,False,
{F-0028923},01/13/2010 11:35:00,OA0014,PC-1014,46CCDF7A.jpg,False,
{F-0025116},01/13/2010 11:37:00,MA0012,PC-1012,3AF84ABE.doc,False,
{F-0031394},01/13/2010 11:38:00,PA0015,PC-1015,600DE692.jpg,False,
{F-0000371},01/13/2010 11:39:00,AA0000,PC-1000,DDBF99A2.doc,False,
{F-0027112},01/13/2010 11:39:00,NA0013,PC-1013,35A40D20.txt,False,
{F-0016315},01/13/2010 11:40:00,HA0007,PC-1007,67C1FA62.jpg,False,
{F-0016316},01/13/2010 11:40:00,HA0007,PC-1007,A82823C0.txt,False,
{F-0014160},01/13/2010 11:43:00,GA0006,PC-1006,A8BF095B.xlsx,False,
{F-0002855},01/13/2010 11:45:00,BA0001,PC-1001,1E3B3E3C.doc,False,
{F-0011190},01/13/2010 11:46:00,EA0004,PC-1004,F0C1BCB1.xls,False,
{F-0005600},01/13/2010 11:51:00,CA0002,PC-1002,3DBB5B75.xls,False,
{F-0012534},01/13/2010 11:57:00,FA0005,PC-1005,DCA5DFCD.doc,False,
{F-0011184},01/13/2010 11:58:00,EA0004,PC-1004,1E8FBAFF.doc,False,
{F-0011186},01/13/2010 11:59:00,EA0004,PC-1004,9F4179EC.txt,False,
{F-0021166},01/13/2010 12:06:00,KA0010,PC-1010,C0A3B9A3.xlsx,False,
{F-0014155},01/13/2010 12:09:00,GA0006,PC-1006,4EFFC01F.doc,False,
{F-0027111},01/13/2010 12:11:00,NA0013,PC-1013,24D8CE8C.doc,False,
{F-0025118},01/13/2010 12:12:00,MA0012,PC-1012,1DE75B00.doc,False,
{F-0017345},01/13/2010 12:18:00,IA0008,PC-1008,6359CD8C.xlsx,False,
{F-0031399},01/13/2010 12:19:00,PA0015,PC-1015,09A6478A.pdf,False,
{F-0012532},01/13/2010 12:22:00,FA0005,PC-1005,CC350878.pdf,False,
{F-0019098},01/13/2010 12:23:00,JA0009,PC-1009,5A208D39.pdf,False,
{F-0017347},01/13/2010 12:26:00,IA0008,PC-1008,3A67E400.doc,False,
{F-0011194},01/13/2010 12:40:00,EA0004,PC-1004,14F48A3D.xlsx,False,
{F-0000366},01/13/2010 12:47:00,AA0000,PC-1000,DCB30421.xlsx,False,
{F-0014159},01/13/2010 12:47:00,GA0006,PC-1006,F9185BDF.xlsx,False,
{F-0021172},01/13/2010 12:48:00,KA0010,PC-1010,F7FE13F1.xls,False,
{F-0000374},01/13/2010 12:49:00,AA0000,PC-1000,B9D93E1B.xls,False,
{F-0023098},01/13/2010 12:50:00,LA0011,PC-1011,098B7314.pdf,False,
{F-0002856},01/13/2010 12:51:00,BA0001,PC-1001,156973F4.xlsx,False,
{F-0021157},01/13/2010 12:52:00,KA0010,PC-1010,A9A6B2E7.txt,False,
{F-0028927},01/13/2010 12:55:00,OA0014,PC-1014,C4611337.xls,False,
{F-0000365},01/13/2010 12:57:00,AA0000,PC-1000,30575219.doc,False,
{F-0014167},01/13/2010 12:57:00,GA0006,PC-1006,9BADFFDE.xls,False,
{F-0025114},01/13/2010 12:59:00,MA0012,PC-1012,193B7EAF.xls,False,
{F-0002865},01/13/2010 13:00:00,BA0001,PC-1001,C45B7508.jpg,False,
{F-0005606},01/13/2010 13:02:00,CA0002,PC-1002,B7E650A4.jpg,False,
{F-0021169},01/13/2010 13:02:00,KA0010,PC-1010,A5B2D234.doc,False,
{F-0023094},01/13/2010 13:04:00,LA0011,PC-1011,041AD7DA.txt,False,
{F-0021162},01/13/2010 13:05:00,KA0010,PC-1010,1221DECD.doc,False,
{F-0023102},01/13/2010 13:05:00,LA0011,PC-1011,DD926013.xls,False,
{F-0028922},01/13/2010 13:07:00,OA0014,PC-1014,44E0CDAB.xlsx,False,
{F-0031400},01/13/2010 13:11:00,PA0015,PC-1015,60A84990.xlsx,False,
{F-0019105},01/13/2010 13:12:00,JA0009,PC-1009,6FDFB8D7.pdf,False,
{F-0000375},01/13/2010 13:13:00,AA0000,PC-1000,74B321FD.xls,False,
{F-0012538},01/13/2010 13:13:00,FA0005,PC-1005,E00BC337.doc,False,
{F-0019090},01/13/2010 13:15:00,JA0009,PC-1009,3114A5EA.pdf,False,
{F-0017357},01/13/2010 13:16:00,IA0008,PC-1008,E3153353.xls,False,
{F-0012535},01/13/2010 13:17:00,FA0005,PC-1005,AC39C915.txt,False,
{F-0019091},01/13/2010 13:17:00,JA0009,PC-1009,6294C0F1.pdf,False,
{F-0000376},01/13/2010 13:20:00,AA0000,PC-1000,E0C84872.xls,False,
{F-0002868},01/13/2010 13:22:00,BA0001,PC-1001,F48D8379.jpg,False,
{F-0019097},01/13/2010 13:22:00,JA0009,PC-1009,7312A9D7.jpg,False,
{F-0019088},01/13/2010 13:23:00,JA0009,PC-1009,E57E9528.doc,False,
{F-0019089},01/13/2010 13:24:00,JA0009,PC-1009,BA84332E.txt,False,
{F-0014165},01/13/2010 13:39:00,GA0006,PC-1006,D1C5E78F.doc,False,
{F-0017350},01/13/2010 13:39:00,IA0008,PC-1008,5673FFC0.xlsx,False,
{F-0031392},01/13/2010 13:46:00,PA0015,PC-1015,75066C27.doc,False,
{F-0000367},01/13/2010 13:47:00,AA0000,PC-1000,42A03337.pdf,False,
{F-0028926},01/13/2010 13:47:00,OA0014,PC-1014,4C24F83F.jpg,False,
{F-0008734},01/13/2010 13:49:00,DA0003,PC-1003,5FA3930C.doc,False,
{F-0011195},01/13/2010 13:52:00,EA0004,PC-1004,56A49F70.jpg,False,
{F-0016311},01/13/2010 13:57:00,HA0007,PC-1007,D4CD6385.doc,False,
{F-0023100},01/13/2010 14:00:00,LA0011,PC-1011,31B4F3AF.doc,False,
{F-0005598},01/13/2010 14:01:00,CA0002,PC-1002,CF3FD430.doc,False,
{F-0002860},01/13/2010 14:02:00,BA0001,PC-1001,ADE8D9EE.xls,False,
{F-0005603},01/13/2010 14:05:00,CA0002,PC-1002,7453EC61.txt,False,
{F-0012545},01/13/2010 14:07:00,FA0005,PC-1005,F811CCF5.doc,False,
{F-0000378},01/13/2010 14:11:00,AA0000,PC-1000,A1A62CAB.pdf,False,
{F-0002863},01/13/2010 14:11:00,BA0001,PC-1001,DBE6B6E8.doc,False,
{F-0019104},01/13/2010 14:13:00,JA0009,PC-1009,C82E69BD.xlsx,False,
{F-0012546},01/13/2010 14:15:00,FA0005,PC-1005,4555918B.pdf,False,
{F-0008743},01/13/2010 14:24:00,DA0003,PC-1003,D3A9A164.doc,False,
{F-0031395},01/13/2010 14:25:00,PA0015,PC-1015,D12EA7EA.txt,False,
{F-0000379},01/13/2010 14:28:00,AA0000,PC-1000,3CF259FA.jpg,False,
{F-0014162},01/13/2010 14:28:00,GA0006,PC-1006,47E5512A.txt,False,
{F-0032925},01/13/2010 14:40:00,QA0016,PC-1016,DFBDE0CA.pdf,False,
{F-0002864},01/13/2010 14:41:00,BA0001,PC-1001,4DDB05DD.jpg,False,
{F-0021173},01/13/2010 14:43:00,KA0010,PC-1010,4B65C6C7.xls,False,
{F-0008738},01/13/2010 14:45:00,DA0003,PC-1003,EC19FBB9.xls,False,
{F-0017344},01/13/2010 14:45:00,IA0008,PC-1008,03B96A8B.xlsx,False,
{F-0021161},01/13/2010 14:48:00,KA0010,PC-1010,FE8F0A3F.xls,False,
{F-0023106},01/13/2010 14:51:00,LA0011,PC-1011,279B5F52.jpg,False,
{F-0000377},01/13/2010 15:00:00,AA0000,PC-1000,2076A597.doc,False,
{F-0000370},01/13/2010 15:02:00,AA0000,PC-1000,29AF2BE4.txt,False,
{F-0021167},01/13/2010 15:10:00,KA0010,PC-1010,B3587C34.pdf,False,
{F-0014161},01/13/2010 15:12:00,GA0006,PC-1006,2332A6B9.xls,False,
{F-0025113},01/13/2010 15:12:00,MA0012,PC-1012,85E8E81F.txt,False,
{F-0028930},01/13/2010 15:14:00,OA0014,PC-1014,827A8E14.xlsx,False,
{F-0012537},01/13/2010 15:15:00,FA0005,PC-1005,67090C96.doc,False,
{F-0014164},01/13/2010 15:23:00,GA0006,PC-1006,608DBA62.xls,False,
{F-0031389},01/13/2010 15:23:00,PA0015,PC-1015,9FE4FF5B.xls,False,
{F-0002869},01/13/2010 15:30:00,BA0001,PC-1001,227F580E.xls,False,
{F-0005607},01/13/2010 15:32:00,CA0002,PC-1002,29B4D4AB.doc,False,
{F-0005605},01/13/2010 15:36:00,CA0002,PC-1002,DFACB75F.doc,False,
{F-0019096},01/13/2010 15:40:00,JA0009,PC-1009,F80635D7.txt,False,
{F-0011193},01/13/2010 15:43:00,EA0004,PC-1004,4206DFEE.doc,False,
{F-0008735},01/13/2010 15:51:00,DA0003,PC-1003,67711561.txt,False,
{F-0019101},01/13/2010 15:56:00,JA0009,PC-1009,B359D391.pdf,False,
{F-0000368},01/13/2010 15:57:00,AA0000,PC-1000,4316637D.xls,False,
{F-0012543},01/13/2010 16:05:00,FA0005,PC-1005,E7909A80.pdf,False,
{F-0023104},01/13/2010 16:14:00,LA0011,PC-1011,B23FC1AC.doc,False,
{F-0005601},01/13/2010 16:15:00,CA0002,PC-1002,0D368CF7.jpg,False,
{F-0011188},01/13/2010 16:16:00,EA0004,PC-1004,ECE36F09.doc,False,
{F-0019100},01/13/2010 16:16:00,JA0009,PC-1009,375EA80E.doc,False,
{F-0023111},01/13/2010 16:17:00,LA0011,PC-1011,784B916B.xls,False,
{F-0023101},01/13/2010 16:21:00,LA0011,PC-1011,9DBA725E.doc,False,
{F-0011187},01/13/2010 16:26:00,EA0004,PC-1004,515E28B1.doc,False,
{F-0014158},01/13/2010 16:27:00,GA0006,PC-1006,E6F80410.xlsx,False,
{F-0016310},01/13/2010 16:29:00,HA0007,PC-1007,1BF3E3AC.doc,False,
{F-0023093},01/13/2010 16:29:00,LA0011,PC-1011,791F6300.xls,False,
{F-0012533},01/13/2010 16:32:00,FA0005,PC-1005,536B15C5.jpg,False,
{F-0005602},01/13/2010 16:41:00,CA0002,PC-1002,82BF007E.doc,False,
{F-0032920},01/13/2010 16:41:00,QA0016,PC-1016,27EDDB38.pdf,False,
{F-0002859},01/13/2010 16:42:00,BA0001,PC-1001,6C5BC34D.xls,False,
{F-0021164},01/13/2010 16:42:00,KA0010,PC-1010,91BBECC1.doc,False,
{F-0021158},01/13/2010 16:44:00,KA0010,PC-1010,9B4451E8.pdf,False,
{F-0031391},01/13/2010 16:46:00,PA0015,PC-1015,6B4D8F6E.pdf,False,
{F-0034295},01/13/2010 16:46:00,RA0017,PC-1017,2E57140C.txt,False,
{F-0027115},01/13/2010 16:47:00,NA0013,PC-1013,301892B1.txt,False,
{F-0021163},01/13/2010 16:55:00,KA0010,PC-1010,224431C4.doc,False,
{F-0032924},01/13/2010 17:03:00,QA0016,PC-1016,7B7B8C21.doc,False,
{F-0021160},01/13/2010 17:08:00,KA0010,PC-1010,646CCAD9.doc,False,
{F-0021168},01/13/2010 17:28:00,KA0010,PC-1010,F25468F8.xlsx,False,
{F-0005599},01/13/2010 17:38:00,CA0002,PC-1002,AB8A800A.doc,False,
{F-0027109},01/13/2010 17:38:00,NA0013,PC-1013,F735449E.xls,False,
{F-0021171},01/13/2010 17:40:00,KA0010,PC-1010,ABDEFCFA.txt,False,
{F-0023097},01/13/2010 17:41:00,LA0011,PC-1011,848F321F.doc,False,
{F-0027110},01/13/2010 17:55:00,NA0013,PC-1013,D8FB6FC0.pdf,False,
{F-0034296},01/13/2010 17:56:00,RA0017,PC-1017,DDF2A473.pdf,False,
{F-0032921},01/13/2010 18:11:00,QA0016,PC-1016,C1510D6F.xlsx,False,
{F-0012547},01/13/2010 18:33:00,FA0005,PC-1005,A2BD5322.pdf,False,
{F-0012544},01/13/2010 18:34:00,FA0005,PC-1005,3F079622.jpg,False,
{F-0005604},01/13/2010 18:37:00,CA0002,PC-1002,85E4AE55.doc,False,
{F-0032923},01/13/2010 18:50:00,QA0016,PC-1016,4EBA3DCE.doc,False,
{F-0012536},01/13/2010 18:56:00,FA0005,PC-1005,70E4B668.doc,False,
{F-0012542},01/13/2010 19:01:00,FA0005,PC-1005,3DE770D0.doc,False,
{F-0023167},01/14/2010 07:16:00,LA0011,PC-1011,EAAC60E0.pdf,False,
{F-0027153},01/14/2010 07:51:00,NA0013,PC-1013,454F6ECD.doc,False,
{F-0008815},01/14/2010 07:57:00,DA0003,PC-1003,D9F1A2EE.txt,False,
{F-0008818},01/14/2010 07:58:00,DA0003,PC-1003,5EC88940.pdf,False,
{F-0023158},01/14/2010 07:59:00,LA0011,PC-1011,06A0D331.pdf,False,
{F-0008817},01/14/2010 08:06:00,DA0003,PC-1003,E2FCBFDB.jpg,False,
{F-0016334},01/14/2010 08:06:00,HA0007,PC-1007,87BCD770.txt,False,
{F-0027155},01/14/2010 08:06:00,NA0013,PC-1013,C9E52131.pdf,False,
{F-0017402},01/14/2010 08:09:00,IA0008,PC-1008,03C7B419.xls,False,
{F-0027154},01/14/2010 08:15:00,NA0013,PC-1013,57A4AAFC.xls,False,
{F-0019170},01/14/2010 08:25:00,JA0009,PC-1009,E857079D.xlsx,False,
{F-0019166},01/14/2010 08:30:00,JA0009,PC-1009,DD59316C.xls,False,
{F-0027151},01/14/2010 08:32:00,NA0013,PC-1013,091090ED.txt,False,
{F-0019157},01/14/2010 08:34:00,JA0009,PC-1009,F22DB905.jpg,False,
{F-0025175},01/14/2010 08:35:00,MA0012,PC-1012,76ABAC9C.doc,False,
{F-0032954},01/14/2010 08:38:00,QA0016,PC-1016,94E35871.txt,False,
{F-0017396},01/14/2010 08:44:00,IA0008,PC-1008,35BC0DAB.jpg,False,
{F-0023147},01/14/2010 08:49:00,LA0011,PC-1011,642BD7B2.xls,False,
{F-0008813},01/14/2010 08:53:00,DA0003,PC-1003,38693F04.doc,False,
{F-0000424},01/14/2010 08:58:00,AA0000,PC-1000,F2E4A915.jpg,False,
{F-0032958},01/14/2010 08:58:00,QA0016,PC-1016,F7BB108D.jpg,False,
{F-0023152},01/14/2010 09:01:00,LA0011,PC-1011,A11A5E26.jpg,False,
{F-0017400},01/14/2010 09:06:00,IA0008,PC-1008,A7829A79.jpg,False,
{F-0021219},01/14/2010 09:07:00,KA0010,PC-1010,3216B9AB.pdf,False,
{F-0028971},01/14/2010 09:08:00,OA0014,PC-1014,2B4A2E50.doc,False,
{F-0028969},01/14/2010 09:09:00,OA0014,PC-1014,75EA8DBA.txt,False,
{F-0028970},01/14/2010 09:13:00,OA0014,PC-1014,E9D70F11.doc,False,
{F-0014210},01/14/2010 09:15:00,GA0006,PC-1006,CB5EA7FC.xls,False,
{F-0019159},01/14/2010 09:15:00,JA0009,PC-1009,E4597AE4.xls,False,
{F-0023164},01/14/2010 09:15:00,LA0011,PC-1011,7A9120F8.doc,False,
{F-0002926},01/14/2010 09:18:00,BA0001,PC-1001,D105F328.txt,False,
{F-0016336},01/14/2010 09:20:00,HA0007,PC-1007,20BA08E3.xls,False,
{F-0011214},01/14/2010 09:26:00,EA0004,PC-1004,89BF1FF5.txt,False,
{F-0025176},01/14/2010 09:26:00,MA0012,PC-1012,3A4095F5.txt,False,
{F-0014212},01/14/2010 09:36:00,GA0006,PC-1006,41EE4ED9.txt,False,
{F-0025186},01/14/2010 09:38:00,MA0012,PC-1012,76C33FF2.xls,False,
{F-0012571},01/14/2010 09:39:00,FA0005,PC-1005,BD1B9B12.xls,False,
{F-0000425},01/14/2010 09:41:00,AA0000,PC-1000,D0F94413.pdf,False,
{F-0023162},01/14/2010 09:44:00,LA0011,PC-1011,906BB359.xls,False,
{F-0014203},01/14/2010 09:51:00,GA0006,PC-1006,F1251F74.txt,False,
{F-0019160},01/14/2010 09:51:00,JA0009,PC-1009,D2A61925.jpg,False,
{F-0023154},01/14/2010 09:51:00,LA0011,PC-1011,5783F6B6.doc,False,
{F-0012585},01/14/2010 09:54:00,FA0005,PC-1005,517827BB.xlsx,False,
{F-0027158},01/14/2010 09:55:00,NA0013,PC-1013,061CCF9D.pdf,False,
{F-0014200},01/14/2010 09:58:00,GA0006,PC-1006,D994D937.doc,False,
{F-0023146},01/14/2010 10:05:00,LA0011,PC-1011,A41C6CD5.txt,False,
{F-0025182},01/14/2010 10:08:00,MA0012,PC-1012,67F4A0CA.txt,False,
{F-0000432},01/14/2010 10:09:00,AA0000,PC-1000,DF8D96FF.pdf,False,
{F-0002937},01/14/2010 10:09:00,BA0001,PC-1001,82DFFA63.xlsx,False,
{F-0031428},01/14/2010 10:10:00,PA0015,PC-1015,9868DBF4.xls,False,
{F-0017394},01/14/2010 10:12:00,IA0008,PC-1008,41D11207.doc,False,
{F-0011210},01/14/2010 10:14:00,EA0004,PC-1004,D1353E88.jpg,False,
{F-0021221},01/14/2010 10:15:00,KA0010,PC-1010,0AA03F81.doc,False,
{F-0019167},01/14/2010 10:16:00,JA0009,PC-1009,A487CC6D.doc,False,
{F-0014206},01/14/2010 10:17:00,GA0006,PC-1006,DA6BDF64.pdf,False,
{F-0016338},01/14/2010 10:19:00,HA0007,PC-1007,5C86D523.jpg,False,
{F-0000418},01/14/2010 10:24:00,AA0000,PC-1000,BA684517.xls,False,
{F-0031436},01/14/2010 10:26:00,PA0015,PC-1015,F7CC0EDC.doc,False,
{F-0025184},01/14/2010 10:31:00,MA0012,PC-1012,C4E020DD.jpg,False,
{F-0028973},01/14/2010 10:31:00,OA0014,PC-1014,E7363A1B.jpg,False,
{F-0000422},01/14/2010 10:34:00,AA0000,PC-1000,BB2E0EA4.txt,False,
{F-0017399},01/14/2010 10:36:00,IA0008,PC-1008,54AC56AF.jpg,False,
{F-0016340},01/14/2010 10:37:00,HA0007,PC-1007,AD642364.xlsx,False,
{F-0021210},01/14/2010 10:37:00,KA0010,PC-1010,4E6A43C1.jpg,False,
{F-0008819},01/14/2010 10:41:00,DA0003,PC-1003,E3240C67.txt,False,
{F-0017384},01/14/2010 10:47:00,IA0008,PC-1008,85B0F129.doc,False,
{F-0000426},01/14/2010 10:48:00,AA0000,PC-1000,514EDB14.doc,False,
{F-0031424},01/14/2010 10:51:00,PA0015,PC-1015,98E04292.doc,False,
{F-0031433},01/14/2010 10:53:00,PA0015,PC-1015,F3403F32.jpg,False,
{F-0014204},01/14/2010 10:55:00,GA0006,PC-1006,BB3AA089.xlsx,False,
{F-0016339},01/14/2010 11:11:00,HA0007,PC-1007,F1128427.doc,False,
{F-0023153},01/14/2010 11:13:00,LA0011,PC-1011,C4707B75.doc,False,
{F-0017389},01/14/2010 11:15:00,IA0008,PC-1008,8BC1DDA8.xls,False,
{F-0002928},01/14/2010 11:16:00,BA0001,PC-1001,0D6E21A0.pdf,False,
{F-0002931},01/14/2010 11:20:00,BA0001,PC-1001,76037B6F.doc,False,
{F-0021217},01/14/2010 11:20:00,KA0010,PC-1010,D6D188F3.xlsx,False,
{F-0002935},01/14/2010 11:21:00,BA0001,PC-1001,CF8BECE3.pdf,False,
{F-0017388},01/14/2010 11:22:00,IA0008,PC-1008,0547775D.doc,False,
{F-0014208},01/14/2010 11:25:00,GA0006,PC-1006,F5321817.xls,False,
{F-0019165},01/14/2010 11:25:00,JA0009,PC-1009,C973E2DA.txt,False,
{F-0017383},01/14/2010 11:26:00,IA0008,PC-1008,8FCB0D7A.pdf,False,
{F-0031431},01/14/2010 11:26:00,PA0015,PC-1015,64D6843E.doc,False,
{F-0000438},01/14/2010 11:28:00,AA0000,PC-1000,A33F37A4.pdf,False,
{F-0028974},01/14/2010 11:28:00,OA0014,PC-1014,7D70C4E2.txt,False,
{F-0021211},01/14/2010 11:32:00,KA0010,PC-1010,98185785.doc,False,
{F-0005656},01/14/2010 11:35:00,CA0002,PC-1002,B8E58320.doc,False,
{F-0019161},01/14/2010 11:37:00,JA0009,PC-1009,739B8577.doc,False,
{F-0019169},01/14/2010 11:38:00,JA0009,PC-1009,568AAE8B.xls,False,
{F-0000416},01/14/2010 11:40:00,AA0000,PC-1000,68F16BA4.pdf,False,
{F-0005663},01/14/2010 11:41:00,CA0002,PC-1002,3F874122.txt,False,
{F-0002925},01/14/2010 11:42:00,BA0001,PC-1001,DA045A93.doc,False,
{F-0017401},01/14/2010 11:42:00,IA0008,PC-1008,BB28632C.txt,False,
{F-0027159},01/14/2010 11:43:00,NA0013,PC-1013,92C4E0BD.xlsx,False,
{F-0028976},01/14/2010 11:44:00,OA0014,PC-1014,F425A2A3.jpg,False,
{F-0012581},01/14/2010 11:53:00,FA0005,PC-1005,39CB4271.txt,False,
{F-0032955},01/14/2010 12:00:00,QA0016,PC-1016,B0774D43.pdf,False,
{F-0008821},01/14/2010 12:02:00,DA0003,PC-1003,103E5280.jpg,False,
{F-0000433},01/14/2010 12:05:00,AA0000,PC-1000,7A184F9C.pdf,False,
{F-0031426},01/14/2010 12:06:00,PA0015,PC-1015,3DE804B5.xlsx,False,
{F-0000423},01/14/2010 12:07:00,AA0000,PC-1000,80F1276B.pdf,False,
{F-0000419},01/14/2010 12:09:00,AA0000,PC-1000,3E74C7FB.txt,False,
{F-0000430},01/14/2010 12:09:00,AA0000,PC-1000,BF30993D.xls,False,
{F-0016335},01/14/2010 12:09:00,HA0007,PC-1007,F3A983D1.xls,False,
{F-0011213},01/14/2010 12:10:00,EA0004,PC-1004,7FD1F4D6.doc,False,
{F-0025183},01/14/2010 12:10:00,MA0012,PC-1012,6E9F96F6.xls,False,
{F-0012579},01/14/2010 12:12:00,FA0005,PC-1005,EBE612A5.xls,False,
{F-0008823},01/14/2010 12:13:00,DA0003,PC-1003,23DC6A4B.doc,False,
{F-0023159},01/14/2010 12:13:00,LA0011,PC-1011,285BA6FC.jpg,False,
{F-0034332},01/14/2010 12:13:00,RA0017,PC-1017,755D9201.txt,False,
{F-0031423},01/14/2010 12:17:00,PA0015,PC-1015,0846262A.xls,False,
{F-0000431},01/14/2010 12:24:00,AA0000,PC-1000,1F585934.pdf,False,
{F-0019164},01/14/2010 12:24:00,JA0009,PC-1009,28EF92D3.doc,False,
{F-0008812},01/14/2010 12:25:00,DA0003,PC-1003,2D1D5F75.xls,False,
{F-0017387},01/14/2010 12:26:00,IA0008,PC-1008,D872FBF4.txt,False,
{F-0025178},01/14/2010 12:27:00,MA0012,PC-1012,4F72BB75.doc,False,
{F-0008811},01/14/2010 12:28:00,DA0003,PC-1003,35588A1D.doc,False,
{F-0027161},01/14/2010 12:29:00,NA0013,PC-1013,0641775E.txt,False,
{F-0019162},01/14/2010 12:31:00,JA0009,PC-1009,E3790EF0.xls,False,
{F-0028972},01/14/2010 12:31:00,OA0014,PC-1014,2A7BFBC5.doc,False,
{F-0008822},01/14/2010 12:34:00,DA0003,PC-1003,67FD637E.jpg,False,
{F-0012570},01/14/2010 12:40:00,FA0005,PC-1005,BE183356.txt,False,
{F-0005655},01/14/2010 12:41:00,CA0002,PC-1002,8165C52E.jpg,False,
{F-0000417},01/14/2010 12:42:00,AA0000,PC-1000,5630716E.pdf,False,
{F-0017385},01/14/2010 12:42:00,IA0008,PC-1008,3287BAA3.xls,False,
{F-0031429},01/14/2010 12:42:00,PA0015,PC-1015,B4D6DD69.jpg,False,
{F-0031425},01/14/2010 12:46:00,PA0015,PC-1015,6BC132CF.jpg,False,
{F-0002936},01/14/2010 12:50:00,BA0001,PC-1001,7FB92681.doc,False,
{F-0019168},01/14/2010 12:51:00,JA0009,PC-1009,3AA44519.xlsx,False,
{F-0028978},01/14/2010 12:54:00,OA0014,PC-1014,17D6A5E9.xls,False,
{F-0034331},01/14/2010 12:55:00,RA0017,PC-1017,A6AB039A.doc,False,
{F-0023151},01/14/2010 12:59:00,LA0011,PC-1011,49FE828E.xls,False,
{F-0023166},01/14/2010 13:00:00,LA0011,PC-1011,6EF9A48C.doc,False,
{F-0025177},01/14/2010 13:00:00,MA0012,PC-1012,BE8D7B9F.xlsx,False,
{F-0016337},01/14/2010 13:02:00,HA0007,PC-1007,2792CA04.doc,False,
{F-0005662},01/14/2010 13:03:00,CA0002,PC-1002,628ED0E8.pdf,False,
{F-0019156},01/14/2010 13:06:00,JA0009,PC-1009,9408E664.doc,False,
{F-0027152},01/14/2010 13:06:00,NA0013,PC-1013,4205BC77.txt,False,
{F-0000435},01/14/2010 13:11:00,AA0000,PC-1000,AD8E62B8.xls,False,
{F-0002923},01/14/2010 13:12:00,BA0001,PC-1001,949C8EB0.pdf,False,
{F-0019158},01/14/2010 13:12:00,JA0009,PC-1009,3D53597E.xlsx,False,
{F-0008810},01/14/2010 13:13:00,DA0003,PC-1003,EE7151ED.doc,False,
{F-0016341},01/14/2010 13:13:00,HA0007,PC-1007,1A4BE20C.txt,False,
{F-0027157},01/14/2010 13:13:00,NA0013,PC-1013,ED7A7C4D.pdf,False,
{F-0014202},01/14/2010 13:22:00,GA0006,PC-1006,C5170099.doc,False,
{F-0031421},01/14/2010 13:23:00,PA0015,PC-1015,0A8242B3.pdf,False,
{F-0000420},01/14/2010 13:24:00,AA0000,PC-1000,513543F6.doc,False,
{F-0014207},01/14/2010 13:26:00,GA0006,PC-1006,D88DD53C.xlsx,False,
{F-0025185},01/14/2010 13:29:00,MA0012,PC-1012,FB140D9B.pdf,False,
{F-0012565},01/14/2010 13:31:00,FA0005,PC-1005,42AA8A16.txt,False,
{F-0012575},01/14/2010 13:35:00,FA0005,PC-1005,4E0FFE35.doc,False,
{F-0017382},01/14/2010 13:45:00,IA0008,PC-1008,F19B76B5.xls,False,
{F-0023156},01/14/2010 13:45:00,LA0011,PC-1011,3B705206.jpg,False,
{F-0021213},01/14/2010 13:46:00,KA0010,PC-1010,CC2F7D53.txt,False,
{F-0021218},01/14/2010 13:46:00,KA0010,PC-1010,69A9B4CA.jpg,False,
{F-0005664},01/14/2010 13:47:00,CA0002,PC-1002,94D3879D.xls,False,
{F-0023171},01/14/2010 13:47:00,LA0011,PC-1011,62FD683A.doc,False,
{F-0005654},01/14/2010 13:48:00,CA0002,PC-1002,693F862B.pdf,False,
{F-0012574},01/14/2010 13:51:00,FA0005,PC-1005,81838781.jpg,False,
{F-0000436},01/14/2010 13:55:00,AA0000,PC-1000,B313BBEF.txt,False,
{F-0008816},01/14/2010 14:00:00,DA0003,PC-1003,EBF299D2.xls,False,
{F-0014211},01/14/2010 14:00:00,GA0006,PC-1006,0E262DAD.xlsx,False,
{F-0017392},01/14/2010 14:01:00,IA0008,PC-1008,673B4164.xlsx,False,
{F-0031422},01/14/2010 14:02:00,PA0015,PC-1015,671D25B9.pdf,False,
{F-0012567},01/14/2010 14:05:00,FA0005,PC-1005,E4432FDB.doc,False,
{F-0017398},01/14/2010 14:10:00,IA0008,PC-1008,A360ACE5.doc,False,
{F-0000437},01/14/2010 14:11:00,AA0000,PC-1000,F08A4DEE.txt,False,
{F-0002932},01/14/2010 14:15:00,BA0001,PC-1001,5ECDE3EB.doc,False,
{F-0023160},01/14/2010 14:15:00,LA0011,PC-1011,403E6351.xls,False,
{F-0002930},01/14/2010 14:16:00,BA0001,PC-1001,81FC2909.pdf,False,
{F-0028977},01/14/2010 14:19:00,OA0014,PC-1014,92B2C17F.xls,False,
{F-0012564},01/14/2010 14:20:00,FA0005,PC-1005,8685679F.doc,False,
{F-0031430},01/14/2010 14:22:00,PA0015,PC-1015,7C46B0ED.jpg,False,
{F-0023155},01/14/2010 14:25:00,LA0011,PC-1011,2822F8F9.xlsx,False,
{F-0023170},01/14/2010 14:26:00,LA0011,PC-1011,4E010A02.jpg,False,
{F-0017380},01/14/2010 14:27:00,IA0008,PC-1008,9357AEBD.jpg,False,
{F-0023148},01/14/2010 14:32:00,LA0011,PC-1011,6B78BE0A.doc,False,
{F-0019163},01/14/2010 14:34:00,JA0009,PC-1009,EC409947.doc,False,
{F-0014201},01/14/2010 14:35:00,GA0006,PC-1006,B3CC8525.jpg,False,
{F-0014205},01/14/2010 14:35:00,GA0006,PC-1006,96297B5C.pdf,False,
{F-0005660},01/14/2010 14:36:00,CA0002,PC-1002,EE2F48D9.xls,False,
{F-0031435},01/14/2010 14:38:00,PA0015,PC-1015,003C151D.doc,False,
{F-0002929},01/14/2010 14:40:00,BA0001,PC-1001,47738C41.xls,False,
{F-0025179},01/14/2010 14:45:00,MA0012,PC-1012,1B8C4267.txt,False,
{F-0034330},01/14/2010 14:47:00,RA0017,PC-1017,E7A2C761.xlsx,False,
{F-0017390},01/14/2010 14:48:00,IA0008,PC-1008,EC784B3C.pdf,False,
{F-0027156},01/14/2010 14:49:00,NA0013,PC-1013,91B59CB4.jpg,False,
{F-0002934},01/14/2010 14:51:00,BA0001,PC-1001,DB520A2D.xlsx,False,
{F-0002938},01/14/2010 14:51:00,BA0001,PC-1001,81153140.txt,False,
{F-0023169},01/14/2010 14:54:00,LA0011,PC-1011,BFCE83CE.xls,False,
{F-0023149},01/14/2010 14:57:00,LA0011,PC-1011,EA51EC98.jpg,False,
{F-0000421},01/14/2010 15:05:00,AA0000,PC-1000,E3BD5174.doc,False,
{F-0011215},01/14/2010 15:05:00,EA0004,PC-1004,D0F949D4.xlsx,False,
{F-0031427},01/14/2010 15:05:00,PA0015,PC-1015,91F8D9A5.jpg,False,
{F-0002942},01/14/2010 15:06:00,BA0001,PC-1001,2D68D0E4.jpg,False,
{F-0012583},01/14/2010 15:08:00,FA0005,PC-1005,4AE30F67.pdf,False,
{F-0011211},01/14/2010 15:10:00,EA0004,PC-1004,0B8AA97B.xls,False,
{F-0034333},01/14/2010 15:10:00,RA0017,PC-1017,EDC54DDC.jpg,False,
{F-0002939},01/14/2010 15:14:00,BA0001,PC-1001,BBDF3B49.txt,False,
{F-0028975},01/14/2010 15:15:00,OA0014,PC-1014,944E1342.doc,False,
{F-0021216},01/14/2010 15:16:00,KA0010,PC-1010,8F687303.xls,False,
{F-0031432},01/14/2010 15:16:00,PA0015,PC-1015,637E0757.doc,False,
{F-0021222},01/14/2010 15:18:00,KA0010,PC-1010,85F4EC9A.doc,False,
{F-0008820},01/14/2010 15:19:00,DA0003,PC-1003,0D820B9E.doc,False,
{F-0021220},01/14/2010 15:23:00,KA0010,PC-1010,53534633.txt,False,
{F-0027162},01/14/2010 15:28:00,NA0013,PC-1013,029C8768.doc,False,
{F-0011212},01/14/2010 15:31:00,EA0004,PC-1004,11E63C23.pdf,False,
{F-0000428},01/14/2010 15:32:00,AA0000,PC-1000,D57A8F71.xlsx,False,
{F-0031434},01/14/2010 15:34:00,PA0015,PC-1015,42E7DAB5.doc,False,
{F-0027160},01/14/2010 15:35:00,NA0013,PC-1013,523A6EB1.doc,False,
{F-0017381},01/14/2010 15:36:00,IA0008,PC-1008,6376C2BE.xlsx,False,
{F-0023157},01/14/2010 15:36:00,LA0011,PC-1011,CB67171D.jpg,False,
{F-0014199},01/14/2010 15:37:00,GA0006,PC-1006,6A57CBCE.xls,False,
{F-0021215},01/14/2010 15:37:00,KA0010,PC-1010,4FA3FB52.xlsx,False,
{F-0023150},01/14/2010 15:38:00,LA0011,PC-1011,ADA387D9.pdf,False,
{F-0008814},01/14/2010 15:39:00,DA0003,PC-1003,EFBC33C4.xlsx,False,
{F-0025181},01/14/2010 15:40:00,MA0012,PC-1012,A6AD07B5.doc,False,
{F-0017393},01/14/2010 15:41:00,IA0008,PC-1008,58A0694B.jpg,False,
{F-0016333},01/14/2010 15:46:00,HA0007,PC-1007,719CCB91.doc,False,
{F-0017397},01/14/2010 15:47:00,IA0008,PC-1008,F3599536.xlsx,False,
{F-0012588},01/14/2010 15:48:00,FA0005,PC-1005,16706878.jpg,False,
{F-0023161},01/14/2010 15:49:00,LA0011,PC-1011,3AE235DE.xls,False,
{F-0012586},01/14/2010 15:54:00,FA0005,PC-1005,1B27F697.xlsx,False,
{F-0002924},01/14/2010 16:04:00,BA0001,PC-1001,611D02E7.txt,False,
{F-0012578},01/14/2010 16:05:00,FA0005,PC-1005,7DDB11E4.doc,False,
{F-0021212},01/14/2010 16:09:00,KA0010,PC-1010,AAE7923B.pdf,False,
{F-0000427},01/14/2010 16:10:00,AA0000,PC-1000,0C65A5B9.xls,False,
{F-0017391},01/14/2010 16:10:00,IA0008,PC-1008,8A8BF2A2.doc,False,
{F-0012572},01/14/2010 16:12:00,FA0005,PC-1005,10D4FEF7.doc,False,
{F-0025180},01/14/2010 16:19:00,MA0012,PC-1012,D4096861.doc,False,
{F-0002933},01/14/2010 16:24:00,BA0001,PC-1001,CFBB176E.xls,False,
{F-0014209},01/14/2010 16:25:00,GA0006,PC-1006,3EA8FB48.doc,False,
{F-0032957},01/14/2010 16:26:00,QA0016,PC-1016,19FF6047.doc,False,
{F-0002927},01/14/2010 16:28:00,BA0001,PC-1001,7B3D261F.doc,False,
{F-0023168},01/14/2010 16:28:00,LA0011,PC-1011,9014FC0D.doc,False,
{F-0002941},01/14/2010 16:31:00,BA0001,PC-1001,ECFCE9DC.xls,False,
{F-0012569},01/14/2010 16:34:00,FA0005,PC-1005,784E15B4.xlsx,False,
{F-0000429},01/14/2010 16:36:00,AA0000,PC-1000,A4C4D0D1.txt,False,
{F-0021214},01/14/2010 16:44:00,KA0010,PC-1010,1F63DEE3.xlsx,False,
{F-0012577},01/14/2010 16:45:00,FA0005,PC-1005,0C43B349.doc,False,
{F-0017386},01/14/2010 16:51:00,IA0008,PC-1008,E4AB01EF.pdf,False,
{F-0017395},01/14/2010 16:51:00,IA0008,PC-1008,75459B44.jpg,False,
{F-0012573},01/14/2010 16:53:00,FA0005,PC-1005,BE16AC36.xls,False,
{F-0012587},01/14/2010 16:57:00,FA0005,PC-1005,D9258C59.doc,False,
{F-0023163},01/14/2010 16:57:00,LA0011,PC-1011,5807F647.pdf,False,
{F-0023165},01/14/2010 16:57:00,LA0011,PC-1011,4C2701A3.doc,False,
{F-0002940},01/14/2010 16:59:00,BA0001,PC-1001,0269120A.doc,False,
{F-0012582},01/14/2010 17:02:00,FA0005,PC-1005,97E32AD8.xls,False,
{F-0012568},01/14/2010 17:03:00,FA0005,PC-1005,873D31C1.txt,False,
{F-0000434},01/14/2010 17:07:00,AA0000,PC-1000,44BEFAAA.jpg,False,
{F-0032956},01/14/2010 17:13:00,QA0016,PC-1016,9090AB45.xlsx,False,
{F-0012566},01/14/2010 17:24:00,FA0005,PC-1005,C8866C65.xlsx,False,
{F-0005665},01/14/2010 17:25:00,CA0002,PC-1002,41EBE6C7.doc,False,
{F-0005653},01/14/2010 17:37:00,CA0002,PC-1002,881AEC7E.pdf,False,
{F-0012584},01/14/2010 17:41:00,FA0005,PC-1005,7480CE28.jpg,False,
{F-0005658},01/14/2010 18:09:00,CA0002,PC-1002,E09D24ED.jpg,False,
{F-0012580},01/14/2010 18:09:00,FA0005,PC-1005,8D1C82AC.jpg,False,
{F-0012563},01/14/2010 18:10:00,FA0005,PC-1005,70A23B2D.doc,False,
{F-0005657},01/14/2010 18:12:00,CA0002,PC-1002,AF8F7192.xls,False,
{F-0012576},01/14/2010 18:33:00,FA0005,PC-1005,829326FC.pdf,False,
{F-0005661},01/14/2010 19:10:00,CA0002,PC-1002,ACF160D4.pdf,False,
{F-0005659},01/14/2010 19:23:00,CA0002,PC-1002,FCDBB845.doc,False,
{F-0027190},01/15/2010 07:55:00,NA0013,PC-1013,20A1FFC3.xlsx,False,
{F-0016364},01/15/2010 08:04:00,HA0007,PC-1007,41D800A3.xlsx,False,
{F-0017424},01/15/2010 08:07:00,IA0008,PC-1008,D54E6E1D.txt,False,
{F-0014274},01/15/2010 08:10:00,GA0006,PC-1006,B6CFED86.xlsx,False,
{F-0000499},01/15/2010 08:16:00,AA0000,PC-1000,09831D37.pdf,False,
{F-0016361},01/15/2010 08:18:00,HA0007,PC-1007,E01800D8.jpg,False,
{F-0023202},01/15/2010 08:25:00,LA0011,PC-1011,FD64823E.doc,False,
{F-0008848},01/15/2010 08:27:00,DA0003,PC-1003,DE841023.doc,False,
{F-0000493},01/15/2010 08:31:00,AA0000,PC-1000,27955226.xls,False,
{F-0016363},01/15/2010 08:37:00,HA0007,PC-1007,E5BF52FC.doc,False,
{F-0029009},01/15/2010 08:39:00,OA0014,PC-1014,A2A9A09A.doc,False,
{F-0023205},01/15/2010 08:40:00,LA0011,PC-1011,DC80B9C6.doc,False,
{F-0000486},01/15/2010 08:41:00,AA0000,PC-1000,F5AC7AC8.jpg,False,
{F-0029008},01/15/2010 08:45:00,OA0014,PC-1014,2551919F.txt,False,
{F-0019198},01/15/2010 08:51:00,JA0009,PC-1009,E34485A0.txt,False,
{F-0017445},01/15/2010 08:55:00,IA0008,PC-1008,8879946C.txt,False,
{F-0019199},01/15/2010 08:55:00,JA0009,PC-1009,C78A2E8A.txt,False,
{F-0027188},01/15/2010 09:02:00,NA0013,PC-1013,C81961C2.pdf,False,
{F-0031464},01/15/2010 09:03:00,PA0015,PC-1015,6FA1A53A.doc,False,
{F-0023201},01/15/2010 09:05:00,LA0011,PC-1011,4A979996.pdf,False,
{F-0000488},01/15/2010 09:08:00,AA0000,PC-1000,805CD5D9.xls,False,
{F-0031472},01/15/2010 09:09:00,PA0015,PC-1015,52D2812B.pdf,False,
{F-0025230},01/15/2010 09:12:00,MA0012,PC-1012,994F11C7.doc,False,
{F-0000495},01/15/2010 09:16:00,AA0000,PC-1000,A8C34DC0.txt,False,
{F-0014265},01/15/2010 09:22:00,GA0006,PC-1006,3CD2A753.doc,False,
{F-0019208},01/15/2010 09:22:00,JA0009,PC-1009,DE256B41.doc,False,
{F-0029007},01/15/2010 09:23:00,OA0014,PC-1014,6D8F8677.xls,False,
{F-0011253},01/15/2010 09:28:00,EA0004,PC-1004,F2BF9CAB.doc,False,
{F-0014264},01/15/2010 09:36:00,GA0006,PC-1006,DDDF8A20.doc,False,
{F-0005723},01/15/2010 09:37:00,CA0002,PC-1002,83603B49.doc,False,
{F-0005741},01/15/2010 09:37:00,CA0002,PC-1002,CE344A56.jpg,False,
{F-0029015},01/15/2010 09:38:00,OA0014,PC-1014,2028AF60.xls,False,
{F-0011254},01/15/2010 09:42:00,EA0004,PC-1004,449CE76B.xls,False,
{F-0005725},01/15/2010 09:47:00,CA0002,PC-1002,53A45088.xls,False,
{F-0014271},01/15/2010 09:47:00,GA0006,PC-1006,692CC65A.xlsx,False,
{F-0027192},01/15/2010 09:50:00,NA0013,PC-1013,80C4C1BE.jpg,False,
{F-0031467},01/15/2010 09:51:00,PA0015,PC-1015,5C063607.doc,False,
{F-0011245},01/15/2010 09:56:00,EA0004,PC-1004,67AC1B93.jpg,False,
{F-0005740},01/15/2010 09:57:00,CA0002,PC-1002,2F65E03D.txt,False,
{F-0012605},01/15/2010 09:57:00,FA0005,PC-1005,072AE1EA.txt,False,
{F-0008861},01/15/2010 09:58:00,DA0003,PC-1003,E1AB69AF.xls,False,
{F-0012617},01/15/2010 10:05:00,FA0005,PC-1005,32A8815E.txt,False,
{F-0005733},01/15/2010 10:06:00,CA0002,PC-1002,B89BCA6A.doc,False,
{F-0019202},01/15/2010 10:07:00,JA0009,PC-1009,BB493D08.txt,False,
{F-0017441},01/15/2010 10:08:00,IA0008,PC-1008,FB5DF276.jpg,False,
{F-0000496},01/15/2010 10:09:00,AA0000,PC-1000,5BDEC4B7.txt,False,
{F-0000490},01/15/2010 10:11:00,AA0000,PC-1000,92201691.pdf,False,
{F-0003021},01/15/2010 10:11:00,BA0001,PC-1001,9F4205AF.doc,False,
{F-0017432},01/15/2010 10:11:00,IA0008,PC-1008,7ED78099.xls,False,
{F-0000485},01/15/2010 10:12:00,AA0000,PC-1000,4A949464.pdf,False,
{F-0003022},01/15/2010 10:13:00,BA0001,PC-1001,149E30C9.pdf,False,
{F-0031465},01/15/2010 10:13:00,PA0015,PC-1015,0BE02096.jpg,False,
{F-0034352},01/15/2010 10:15:00,RA0017,PC-1017,E3AE4EB5.jpg,False,
{F-0003011},01/15/2010 10:17:00,BA0001,PC-1001,6261D30D.txt,False,
{F-0016370},01/15/2010 10:17:00,HA0007,PC-1007,370FEC46.jpg,False,
{F-0003020},01/15/2010 10:18:00,BA0001,PC-1001,21C49680.jpg,False,
{F-0011252},01/15/2010 10:22:00,EA0004,PC-1004,7210F3BD.xlsx,False,
{F-0032987},01/15/2010 10:22:00,QA0016,PC-1016,4917BCA2.xls,False,
{F-0011238},01/15/2010 10:25:00,EA0004,PC-1004,D9030EDB.jpg,False,
{F-0021250},01/15/2010 10:26:00,KA0010,PC-1010,FC61E8E9.doc,False,
{F-0005735},01/15/2010 10:27:00,CA0002,PC-1002,A227008B.xls,False,
{F-0017438},01/15/2010 10:30:00,IA0008,PC-1008,2C410D82.pdf,False,
{F-0017443},01/15/2010 10:30:00,IA0008,PC-1008,DD25785E.jpg,False,
{F-0017446},01/15/2010 10:33:00,IA0008,PC-1008,EA0AED12.jpg,False,
{F-0023200},01/15/2010 10:34:00,LA0011,PC-1011,1F81F1C3.txt,False,
{F-0014262},01/15/2010 10:37:00,GA0006,PC-1006,10F1E599.xls,False,
{F-0008851},01/15/2010 10:38:00,DA0003,PC-1003,9A5E61AF.jpg,False,
{F-0017428},01/15/2010 10:45:00,IA0008,PC-1008,0C67E34F.xlsx,False,
{F-0008854},01/15/2010 10:53:00,DA0003,PC-1003,0CEE4B31.doc,False,
{F-0019205},01/15/2010 10:54:00,JA0009,PC-1009,C657B9DC.txt,False,
{F-0003014},01/15/2010 11:00:00,BA0001,PC-1001,604B54C6.jpg,False,
{F-0034354},01/15/2010 11:02:00,RA0017,PC-1017,BE77DC66.doc,False,
{F-0019204},01/15/2010 11:05:00,JA0009,PC-1009,3DB0DD90.xlsx,False,
{F-0000491},01/15/2010 11:06:00,AA0000,PC-1000,D4F15358.pdf,False,
{F-0011247},01/15/2010 11:07:00,EA0004,PC-1004,FC2113FE.xlsx,False,
{F-0008855},01/15/2010 11:08:00,DA0003,PC-1003,3663CB8C.pdf,False,
{F-0031471},01/15/2010 11:08:00,PA0015,PC-1015,E931BA46.pdf,False,
{F-0032985},01/15/2010 11:09:00,QA0016,PC-1016,8B5C78BA.doc,False,
{F-0000494},01/15/2010 11:15:00,AA0000,PC-1000,C7CB05B7.doc,False,
{F-0017426},01/15/2010 11:15:00,IA0008,PC-1008,E2E14F6C.xls,False,
{F-0014270},01/15/2010 11:16:00,GA0006,PC-1006,C4DDEF46.txt,False,
{F-0017442},01/15/2010 11:17:00,IA0008,PC-1008,050C4418.xls,False,
{F-0016366},01/15/2010 11:18:00,HA0007,PC-1007,4C65BBC5.doc,False,
{F-0003018},01/15/2010 11:19:00,BA0001,PC-1001,2BA66E72.jpg,False,
{F-0011249},01/15/2010 11:20:00,EA0004,PC-1004,21552880.xlsx,False,
{F-0012612},01/15/2010 11:24:00,FA0005,PC-1005,6BBAC794.jpg,False,
{F-0019203},01/15/2010 11:26:00,JA0009,PC-1009,E5CC0C7C.txt,False,
{F-0023206},01/15/2010 11:28:00,LA0011,PC-1011,9AE534A2.xls,False,
{F-0008864},01/15/2010 11:30:00,DA0003,PC-1003,CF830C0C.xls,False,
{F-0014263},01/15/2010 11:30:00,GA0006,PC-1006,806954B5.txt,False,
{F-0027191},01/15/2010 11:38:00,NA0013,PC-1013,6D3DFC6F.doc,False,
{F-0000481},01/15/2010 11:42:00,AA0000,PC-1000,A60EFD22.doc,False,
{F-0008857},01/15/2010 11:43:00,DA0003,PC-1003,2F86A973.doc,False,
{F-0019206},01/15/2010 11:43:00,JA0009,PC-1009,A1B4B633.xls,False,
{F-0031468},01/15/2010 11:46:00,PA0015,PC-1015,32F517EC.xls,False,
{F-0008865},01/15/2010 11:51:00,DA0003,PC-1003,52BC5E46.xlsx,False,
{F-0031466},01/15/2010 11:53:00,PA0015,PC-1015,8F1FB2A9.doc,False,
{F-0029011},01/15/2010 11:59:00,OA0014,PC-1014,765CC9D3.doc,False,
{F-0005724},01/15/2010 12:01:00,CA0002,PC-1002,9B583F18.doc,False,
{F-0000487},01/15/2010 12:03:00,AA0000,PC-1000,54BB8720.xls,False,
{F-0017444},01/15/2010 12:07:00,IA0008,PC-1008,9FDF81EF.xls,False,
{F-0012601},01/15/2010 12:08:00,FA0005,PC-1005,F411A05C.jpg,False,
{F-0003007},01/15/2010 12:09:00,BA0001,PC-1001,64F6076C.xls,False,
{F-0012606},01/15/2010 12:11:00,FA0005,PC-1005,9A684152.doc,False,
{F-0008868},01/15/2010 12:13:00,DA0003,PC-1003,62B517BF.xls,False,
{F-0005720},01/15/2010 12:14:00,CA0002,PC-1002,EC44289F.doc,False,
{F-0012600},01/15/2010 12:18:00,FA0005,PC-1005,D6A4501E.doc,False,
{F-0012603},01/15/2010 12:20:00,FA0005,PC-1005,34395AE5.jpg,False,
{F-0011242},01/15/2010 12:21:00,EA0004,PC-1004,6A4AC3E5.doc,False,
{F-0016362},01/15/2010 12:21:00,HA0007,PC-1007,358BA79C.doc,False,
{F-0017433},01/15/2010 12:23:00,IA0008,PC-1008,AB0FA060.txt,False,
{F-0005727},01/15/2010 12:29:00,CA0002,PC-1002,8E73BB42.jpg,False,
{F-0003010},01/15/2010 12:38:00,BA0001,PC-1001,ECA74F77.xlsx,False,
{F-0003019},01/15/2010 12:39:00,BA0001,PC-1001,5F2F67E6.jpg,False,
{F-0023198},01/15/2010 12:50:00,LA0011,PC-1011,104E91B0.doc,False,
{F-0011255},01/15/2010 12:51:00,EA0004,PC-1004,74C26415.doc,False,
{F-0003012},01/15/2010 12:53:00,BA0001,PC-1001,CE4C8395.doc,False,
{F-0019209},01/15/2010 12:58:00,JA0009,PC-1009,7E6B4F3B.txt,False,
{F-0019211},01/15/2010 13:00:00,JA0009,PC-1009,9620D819.xls,False,
{F-0021251},01/15/2010 13:01:00,KA0010,PC-1010,09D8CE07.doc,False,
{F-0008860},01/15/2010 13:02:00,DA0003,PC-1003,6E220B32.pdf,False,
{F-0008867},01/15/2010 13:03:00,DA0003,PC-1003,D5445A84.xlsx,False,
{F-0008852},01/15/2010 13:07:00,DA0003,PC-1003,837A11E0.xls,False,
{F-0029016},01/15/2010 13:09:00,OA0014,PC-1014,922A01F2.xlsx,False,
{F-0016368},01/15/2010 13:12:00,HA0007,PC-1007,E6494A17.jpg,False,
{F-0003008},01/15/2010 13:14:00,BA0001,PC-1001,691C16B2.doc,False,
{F-0012616},01/15/2010 13:15:00,FA0005,PC-1005,52A6E84C.txt,False,
{F-0027193},01/15/2010 13:16:00,NA0013,PC-1013,5E7A595B.xlsx,False,
{F-0011239},01/15/2010 13:23:00,EA0004,PC-1004,52C770AC.pdf,False,
{F-0003017},01/15/2010 13:24:00,BA0001,PC-1001,5B4D3CEF.jpg,False,
{F-0016369},01/15/2010 13:25:00,HA0007,PC-1007,4974BEDA.xlsx,False,
{F-0014261},01/15/2010 13:29:00,GA0006,PC-1006,242DB711.pdf,False,
{F-0012604},01/15/2010 13:30:00,FA0005,PC-1005,A8D718B0.jpg,False,
{F-0019213},01/15/2010 13:30:00,JA0009,PC-1009,9F909759.jpg,False,
{F-0000482},01/15/2010 13:31:00,AA0000,PC-1000,A10EF227.doc,False,
{F-0011243},01/15/2010 13:32:00,EA0004,PC-1004,3756F62E.txt,False,
{F-0012602},01/15/2010 13:32:00,FA0005,PC-1005,36C48BEA.jpg,False,
{F-0023199},01/15/2010 13:33:00,LA0011,PC-1011,E3C8A42F.jpg,False,
{F-0019201},01/15/2010 13:35:00,JA0009,PC-1009,774F57D7.xlsx,False,
{F-0019207},01/15/2010 13:36:00,JA0009,PC-1009,E4A4F32A.xls,False,
{F-0008856},01/15/2010 13:38:00,DA0003,PC-1003,C214229E.pdf,False,
{F-0031470},01/15/2010 13:40:00,PA0015,PC-1015,88F253F0.pdf,False,
{F-0011251},01/15/2010 13:41:00,EA0004,PC-1004,92179CDD.doc,False,
{F-0016365},01/15/2010 13:45:00,HA0007,PC-1007,EAC234E6.xls,False,
{F-0023207},01/15/2010 13:45:00,LA0011,PC-1011,63B4272A.txt,False,
{F-0017439},01/15/2010 13:50:00,IA0008,PC-1008,B45A3B6B.jpg,False,
{F-0005742},01/15/2010 13:52:00,CA0002,PC-1002,4B9C713C.xlsx,False,
{F-0029010},01/15/2010 13:54:00,OA0014,PC-1014,5E31C4D9.doc,False,
{F-0017434},01/15/2010 13:55:00,IA0008,PC-1008,04E55463.pdf,False,
{F-0000489},01/15/2010 13:56:00,AA0000,PC-1000,BF956190.xlsx,False,
{F-0012610},01/15/2010 13:56:00,FA0005,PC-1005,BFE271D1.pdf,False,
{F-0008866},01/15/2010 14:00:00,DA0003,PC-1003,863262D6.xls,False,
{F-0012607},01/15/2010 14:02:00,FA0005,PC-1005,D045E4CF.xlsx,False,
{F-0005734},01/15/2010 14:09:00,CA0002,PC-1002,DB6C599C.doc,False,
{F-0014272},01/15/2010 14:09:00,GA0006,PC-1006,EEA31D27.jpg,False,
{F-0014273},01/15/2010 14:10:00,GA0006,PC-1006,063DCAD3.doc,False,
{F-0023204},01/15/2010 14:13:00,LA0011,PC-1011,E29A752B.doc,False,
{F-0025227},01/15/2010 14:17:00,MA0012,PC-1012,B73CAB28.doc,False,
{F-0016367},01/15/2010 14:18:00,HA0007,PC-1007,21F37DF9.xls,False,
{F-0027187},01/15/2010 14:23:00,NA0013,PC-1013,0EC93328.txt,False,
{F-0017423},01/15/2010 14:25:00,IA0008,PC-1008,2E1D6B10.jpg,False,
{F-0008859},01/15/2010 14:28:00,DA0003,PC-1003,E79C2C41.txt,False,
{F-0014269},01/15/2010 14:29:00,GA0006,PC-1006,95DF0DFE.doc,False,
{F-0019212},01/15/2010 14:29:00,JA0009,PC-1009,4CA4DE0D.txt,False,
{F-0025229},01/15/2010 14:30:00,MA0012,PC-1012,8C834FA3.xls,False,
{F-0008853},01/15/2010 14:32:00,DA0003,PC-1003,CE9176A0.jpg,False,
{F-0011250},01/15/2010 14:32:00,EA0004,PC-1004,83E4AB89.jpg,False,
{F-0019210},01/15/2010 14:35:00,JA0009,PC-1009,7FD694C5.xlsx,False,
{F-0017431},01/15/2010 14:36:00,IA0008,PC-1008,01EC03A0.doc,False,
{F-0014268},01/15/2010 14:42:00,GA0006,PC-1006,EAF5B267.doc,False,
{F-0017437},01/15/2010 14:43:00,IA0008,PC-1008,E80F9262.txt,False,
{F-0017435},01/15/2010 14:44:00,IA0008,PC-1008,91B8D980.txt,False,
{F-0012613},01/15/2010 14:45:00,FA0005,PC-1005,78D6FC0E.xlsx,False,
{F-0005729},01/15/2010 14:47:00,CA0002,PC-1002,A03B60D0.txt,False,
{F-0027186},01/15/2010 14:51:00,NA0013,PC-1013,E79683ED.pdf,False,
{F-0014267},01/15/2010 14:52:00,GA0006,PC-1006,317B40CD.jpg,False,
{F-0008863},01/15/2010 14:55:00,DA0003,PC-1003,4F26A3BE.jpg,False,
{F-0011241},01/15/2010 14:55:00,EA0004,PC-1004,5065A9C4.doc,False,
{F-0019197},01/15/2010 14:57:00,JA0009,PC-1009,B6AFA9A9.xlsx,False,
{F-0003013},01/15/2010 14:58:00,BA0001,PC-1001,0972213E.doc,False,
{F-0031469},01/15/2010 14:59:00,PA0015,PC-1015,3902164B.txt,False,
{F-0000492},01/15/2010 15:02:00,AA0000,PC-1000,D4E26A47.doc,False,
{F-0008850},01/15/2010 15:05:00,DA0003,PC-1003,D3A3A8C4.jpg,False,
{F-0017436},01/15/2010 15:05:00,IA0008,PC-1008,1AA16F69.xlsx,False,
{F-0017440},01/15/2010 15:05:00,IA0008,PC-1008,4B4AE08B.jpg,False,
{F-0017425},01/15/2010 15:08:00,IA0008,PC-1008,A81E96D8.xlsx,False,
{F-0005731},01/15/2010 15:12:00,CA0002,PC-1002,8E663A73.pdf,False,
{F-0017427},01/15/2010 15:14:00,IA0008,PC-1008,05D449D9.pdf,False,
{F-0034355},01/15/2010 15:14:00,RA0017,PC-1017,466595C8.xlsx,False,
{F-0008849},01/15/2010 15:25:00,DA0003,PC-1003,1356F5D1.doc,False,
{F-0011246},01/15/2010 15:25:00,EA0004,PC-1004,B8CDE334.xlsx,False,
{F-0021252},01/15/2010 15:25:00,KA0010,PC-1010,A1D68E9B.xls,False,
{F-0011240},01/15/2010 15:30:00,EA0004,PC-1004,BECE3F07.xls,False,
{F-0005719},01/15/2010 15:31:00,CA0002,PC-1002,DCB4E38A.txt,False,
{F-0017429},01/15/2010 15:37:00,IA0008,PC-1008,5899899D.pdf,False,
{F-0000483},01/15/2010 15:41:00,AA0000,PC-1000,F2393026.doc,False,
{F-0003016},01/15/2010 15:43:00,BA0001,PC-1001,2ECDB313.pdf,False,
{F-0005728},01/15/2010 15:46:00,CA0002,PC-1002,547BBAC9.pdf,False,
{F-0031463},01/15/2010 15:48:00,PA0015,PC-1015,C13568C6.xlsx,False,
{F-0000498},01/15/2010 15:49:00,AA0000,PC-1000,65910C48.txt,False,
{F-0005739},01/15/2010 15:50:00,CA0002,PC-1002,BCD19EF1.doc,False,
{F-0011248},01/15/2010 15:51:00,EA0004,PC-1004,AC3A52C5.jpg,False,
{F-0029014},01/15/2010 15:55:00,OA0014,PC-1014,D6EE87B6.pdf,False,
{F-0000484},01/15/2010 15:57:00,AA0000,PC-1000,17525345.xlsx,False,
{F-0005730},01/15/2010 16:01:00,CA0002,PC-1002,4DFB0D9D.doc,False,
{F-0014266},01/15/2010 16:01:00,GA0006,PC-1006,3E7A02DC.xlsx,False,
{F-0029017},01/15/2010 16:08:00,OA0014,PC-1014,C29F39D3.pdf,False,
{F-0003015},01/15/2010 16:09:00,BA0001,PC-1001,8B8C5DAD.txt,False,
{F-0027189},01/15/2010 16:10:00,NA0013,PC-1013,86508BEB.xls,False,
{F-0008858},01/15/2010 16:12:00,DA0003,PC-1003,65BCCD5D.xlsx,False,
{F-0021249},01/15/2010 16:22:00,KA0010,PC-1010,61162182.txt,False,
{F-0005726},01/15/2010 16:25:00,CA0002,PC-1002,5C72D4EA.doc,False,
{F-0012611},01/15/2010 16:26:00,FA0005,PC-1005,DC4182E5.xlsx,False,
{F-0005718},01/15/2010 16:29:00,CA0002,PC-1002,57F86C60.doc,False,
{F-0023208},01/15/2010 16:31:00,LA0011,PC-1011,4CECC63C.xls,False,
{F-0029012},01/15/2010 16:31:00,OA0014,PC-1014,DEDE02B3.pdf,False,
{F-0017430},01/15/2010 16:32:00,IA0008,PC-1008,A24C8DE4.xlsx,False,
{F-0029013},01/15/2010 16:33:00,OA0014,PC-1014,EC7691DB.jpg,False,
{F-0003009},01/15/2010 16:34:00,BA0001,PC-1001,57DC8CDB.xls,False,
{F-0019196},01/15/2010 16:34:00,JA0009,PC-1009,2633D962.pdf,False,
{F-0025228},01/15/2010 16:35:00,MA0012,PC-1012,14607D2A.jpg,False,
{F-0011244},01/15/2010 16:38:00,EA0004,PC-1004,12E1B15D.doc,False,
{F-0023203},01/15/2010 16:52:00,LA0011,PC-1011,F0F44542.doc,False,
{F-0019200},01/15/2010 16:53:00,JA0009,PC-1009,9F697A8B.doc,False,
{F-0008862},01/15/2010 16:54:00,DA0003,PC-1003,418AF3E8.xls,False,
{F-0012614},01/15/2010 16:58:00,FA0005,PC-1005,DE94FBC7.pdf,False,
{F-0005738},01/15/2010 17:02:00,CA0002,PC-1002,FFF91E60.xls,False,
{F-0032986},01/15/2010 17:06:00,QA0016,PC-1016,A6E5F731.jpg,False,
{F-0021253},01/15/2010 17:16:00,KA0010,PC-1010,3582A0F9.xls,False,
{F-0000497},01/15/2010 17:33:00,AA0000,PC-1000,48C9AEFA.doc,False,
{F-0005737},01/15/2010 17:49:00,CA0002,PC-1002,D6B14E76.txt,False,
{F-0005722},01/15/2010 17:55:00,CA0002,PC-1002,B9DA30A9.txt,False,
{F-0005721},01/15/2010 17:56:00,CA0002,PC-1002,07456515.xlsx,False,
{F-0012608},01/15/2010 18:05:00,FA0005,PC-1005,B31C72B4.xls,False,
{F-0034353},01/15/2010 18:18:00,RA0017,PC-1017,F6666D10.jpg,False,
{F-0005732},01/15/2010 18:21:00,CA0002,PC-1002,5E971647.txt,False,
{F-0005736},01/15/2010 18:42:00,CA0002,PC-1002,89F28CDE.xls,False,
{F-0012609},01/15/2010 19:02:00,FA0005,PC-1005,1C3C8B73.doc,False,
{F-0012615},01/15/2010 19:02:00,FA0005,PC-1005,D1ED0006.doc,False,
{F-0023250},01/18/2010 07:38:00,LA0011,PC-1011,813DB929.jpg,False,
{F-0027240},01/18/2010 07:55:00,NA0013,PC-1013,264AC151.doc,False,
{F-0017483},01/18/2010 07:58:00,IA0008,PC-1008,F7B14E49.doc,False,
{F-0029057},01/18/2010 07:59:00,OA0014,PC-1014,003E85E1.xls,False,
{F-0017486},01/18/2010 08:18:00,IA0008,PC-1008,52C994DC.xls,False,
{F-0008917},01/18/2010 08:21:00,DA0003,PC-1003,0F9DB7E2.xls,False,
{F-0017478},01/18/2010 08:32:00,IA0008,PC-1008,86F36689.xls,False,
{F-0019246},01/18/2010 08:40:00,JA0009,PC-1009,125C1C14.txt,False,
{F-0008916},01/18/2010 08:44:00,DA0003,PC-1003,198BBFA4.xls,False,
{F-0027242},01/18/2010 08:49:00,NA0013,PC-1013,CE9E8816.xlsx,False,
{F-0025281},01/18/2010 08:54:00,MA0012,PC-1012,41304E7D.xlsx,False,
{F-0025286},01/18/2010 08:58:00,MA0012,PC-1012,19B520EF.xlsx,False,
{F-0000564},01/18/2010 09:00:00,AA0000,PC-1000,52E5893A.xls,False,
{F-0014341},01/18/2010 09:00:00,GA0006,PC-1006,B390CF8B.jpg,False,
{F-0019248},01/18/2010 09:07:00,JA0009,PC-1009,BC61F274.xlsx,False,
{F-0017480},01/18/2010 09:08:00,IA0008,PC-1008,01BB61B4.jpg,False,
{F-0017489},01/18/2010 09:09:00,IA0008,PC-1008,CF8AC345.pdf,False,
{F-0000554},01/18/2010 09:15:00,AA0000,PC-1000,9095C811.xls,False,
{F-0000559},01/18/2010 09:15:00,AA0000,PC-1000,BAFC6125.jpg,False,
{F-0014339},01/18/2010 09:18:00,GA0006,PC-1006,E9396B81.xlsx,False,
{F-0014348},01/18/2010 09:23:00,GA0006,PC-1006,2B667269.xls,False,
{F-0021295},01/18/2010 09:23:00,KA0010,PC-1010,749EBDA5.txt,False,
{F-0017476},01/18/2010 09:24:00,IA0008,PC-1008,339344A7.xls,False,
{F-0025287},01/18/2010 09:24:00,MA0012,PC-1012,F3D4D934.jpg,False,
{F-0031496},01/18/2010 09:28:00,PA0015,PC-1015,90F2A660.xls,False,
{F-0000557},01/18/2010 09:29:00,AA0000,PC-1000,FF559985.xlsx,False,
{F-0000567},01/18/2010 09:29:00,AA0000,PC-1000,E901B738.txt,False,
{F-0027241},01/18/2010 09:33:00,NA0013,PC-1013,722C6340.xls,False,
{F-0023244},01/18/2010 09:35:00,LA0011,PC-1011,4C5A3648.pdf,False,
{F-0000556},01/18/2010 09:37:00,AA0000,PC-1000,FB3AEA4E.pdf,False,
{F-0019253},01/18/2010 09:37:00,JA0009,PC-1009,902AD4E0.jpg,False,
{F-0011289},01/18/2010 09:39:00,EA0004,PC-1004,BAB33ADB.txt,False,
{F-0003061},01/18/2010 09:42:00,BA0001,PC-1001,255795FF.doc,False,
{F-0008923},01/18/2010 09:44:00,DA0003,PC-1003,80B2B59E.doc,False,
{F-0014342},01/18/2010 09:47:00,GA0006,PC-1006,18057506.pdf,False,
{F-0029051},01/18/2010 09:47:00,OA0014,PC-1014,C29055C1.pdf,False,
{F-0012633},01/18/2010 09:49:00,FA0005,PC-1005,8BBCA807.xls,False,
{F-0023253},01/18/2010 09:52:00,LA0011,PC-1011,41453465.doc,False,
{F-0019250},01/18/2010 09:54:00,JA0009,PC-1009,D90FE468.doc,False,
{F-0023240},01/18/2010 09:54:00,LA0011,PC-1011,D638CC46.pdf,False,
{F-0008913},01/18/2010 09:56:00,DA0003,PC-1003,AF5A0D9F.pdf,False,
{F-0027243},01/18/2010 10:02:00,NA0013,PC-1013,BF879987.doc,False,
{F-0003060},01/18/2010 10:03:00,BA0001,PC-1001,2043BDAE.doc,False,
{F-0005825},01/18/2010 10:04:00,CA0002,PC-1002,A7946837.pdf,False,
{F-0014337},01/18/2010 10:05:00,GA0006,PC-1006,5203DFE7.pdf,False,
{F-0014340},01/18/2010 10:13:00,GA0006,PC-1006,BBF66AA0.doc,False,
{F-0021294},01/18/2010 10:13:00,KA0010,PC-1010,74C51FEA.pdf,False,
{F-0012641},01/18/2010 10:19:00,FA0005,PC-1005,97B655D5.doc,False,
{F-0031501},01/18/2010 10:20:00,PA0015,PC-1015,E841AC2A.doc,False,
{F-0008911},01/18/2010 10:21:00,DA0003,PC-1003,B2A7A462.doc,False,
{F-0029060},01/18/2010 10:22:00,OA0014,PC-1014,C2316EA7.xls,False,
{F-0012644},01/18/2010 10:23:00,FA0005,PC-1005,62995C70.doc,False,
{F-0029056},01/18/2010 10:26:00,OA0014,PC-1014,BEE398B7.doc,False,
{F-0003047},01/18/2010 10:31:00,BA0001,PC-1001,CC69257F.pdf,False,
{F-0003050},01/18/2010 10:33:00,BA0001,PC-1001,463FEBB2.jpg,False,
{F-0008914},01/18/2010 10:33:00,DA0003,PC-1003,2591C862.xlsx,False,
{F-0034378},01/18/2010 10:36:00,RA0017,PC-1017,D6590EDD.pdf,False,
{F-0008924},01/18/2010 10:40:00,DA0003,PC-1003,026DB967.txt,False,
{F-0021296},01/18/2010 10:41:00,KA0010,PC-1010,C424935F.xlsx,False,
{F-0025282},01/18/2010 10:43:00,MA0012,PC-1012,D309B8D0.txt,False,
{F-0017477},01/18/2010 10:45:00,IA0008,PC-1008,F5A2ADDE.doc,False,
{F-0005816},01/18/2010 10:47:00,CA0002,PC-1002,5325F974.pdf,False,
{F-0025288},01/18/2010 10:48:00,MA0012,PC-1012,C084C49A.doc,False,
{F-0019256},01/18/2010 10:50:00,JA0009,PC-1009,DEC8681A.jpg,False,
{F-0011285},01/18/2010 10:54:00,EA0004,PC-1004,049D1E00.txt,False,
{F-0005819},01/18/2010 10:59:00,CA0002,PC-1002,3B935FAE.pdf,False,
{F-0031498},01/18/2010 11:01:00,PA0015,PC-1015,A06E73AC.doc,False,
{F-0023246},01/18/2010 11:03:00,LA0011,PC-1011,0BABA0AC.pdf,False,
{F-0033020},01/18/2010 11:05:00,QA0016,PC-1016,ABF7BD79.doc,False,
{F-0025283},01/18/2010 11:08:00,MA0012,PC-1012,8937C86C.jpg,False,
{F-0000569},01/18/2010 11:09:00,AA0000,PC-1000,4139FBD7.xlsx,False,
{F-0019251},01/18/2010 11:10:00,JA0009,PC-1009,50DD7CBD.pdf,False,
{F-0000570},01/18/2010 11:13:00,AA0000,PC-1000,A2BB1941.doc,False,
{F-0029053},01/18/2010 11:14:00,OA0014,PC-1014,15302C7A.xlsx,False,
{F-0012636},01/18/2010 11:20:00,FA0005,PC-1005,E38E00BD.doc,False,
{F-0017484},01/18/2010 11:22:00,IA0008,PC-1008,E22E79D8.jpg,False,
{F-0012640},01/18/2010 11:24:00,FA0005,PC-1005,78F552D1.doc,False,
{F-0031503},01/18/2010 11:28:00,PA0015,PC-1015,35FE8D5E.xls,False,
{F-0016390},01/18/2010 11:33:00,HA0007,PC-1007,0104A3D2.xls,False,
{F-0017479},01/18/2010 11:34:00,IA0008,PC-1008,ED7B81F7.doc,False,
{F-0008921},01/18/2010 11:37:00,DA0003,PC-1003,70CD0CAC.doc,False,
{F-0017481},01/18/2010 11:38:00,IA0008,PC-1008,DED4A995.xls,False,
{F-0012638},01/18/2010 11:40:00,FA0005,PC-1005,E19895CC.doc,False,
{F-0012637},01/18/2010 11:43:00,FA0005,PC-1005,C168158C.txt,False,
{F-0000563},01/18/2010 11:46:00,AA0000,PC-1000,7A01C7C3.doc,False,
{F-0014347},01/18/2010 11:46:00,GA0006,PC-1006,2BAEA8B1.pdf,False,
{F-0019259},01/18/2010 11:47:00,JA0009,PC-1009,1B60CFA3.doc,False,
{F-0023239},01/18/2010 11:48:00,LA0011,PC-1011,397E904A.jpg,False,
{F-0016395},01/18/2010 11:53:00,HA0007,PC-1007,027F9B10.doc,False,
{F-0027237},01/18/2010 11:54:00,NA0013,PC-1013,795675EC.xls,False,
{F-0021300},01/18/2010 11:58:00,KA0010,PC-1010,08314368.xlsx,False,
{F-0014346},01/18/2010 12:08:00,GA0006,PC-1006,6054BE78.txt,False,
{F-0027245},01/18/2010 12:08:00,NA0013,PC-1013,3F07E744.xls,False,
{F-0029049},01/18/2010 12:09:00,OA0014,PC-1014,79CAEFC1.doc,False,
{F-0025278},01/18/2010 12:10:00,MA0012,PC-1012,EEAA7733.pdf,False,
{F-0008919},01/18/2010 12:11:00,DA0003,PC-1003,998A8200.doc,False,
{F-0005807},01/18/2010 12:15:00,CA0002,PC-1002,9DC05ECC.jpg,False,
{F-0005814},01/18/2010 12:15:00,CA0002,PC-1002,51CFA62F.xls,False,
{F-0021293},01/18/2010 12:15:00,KA0010,PC-1010,ED047354.xls,False,
{F-0003051},01/18/2010 12:20:00,BA0001,PC-1001,EF7BB167.xlsx,False,
{F-0017487},01/18/2010 12:26:00,IA0008,PC-1008,F21A1D72.xls,False,
{F-0017485},01/18/2010 12:27:00,IA0008,PC-1008,D1BECEF1.txt,False,
{F-0019245},01/18/2010 12:30:00,JA0009,PC-1009,8EA8C350.jpg,False,
{F-0008915},01/18/2010 12:31:00,DA0003,PC-1003,0AFB4804.doc,False,
{F-0011286},01/18/2010 12:35:00,EA0004,PC-1004,2C3C6F5B.xlsx,False,
{F-0005808},01/18/2010 12:42:00,CA0002,PC-1002,DE7101C5.xls,False,
{F-0016394},01/18/2010 12:46:00,HA0007,PC-1007,58D3A278.xlsx,False,
{F-0011292},01/18/2010 12:47:00,EA0004,PC-1004,7264724C.doc,False,
{F-0021288},01/18/2010 12:47:00,KA0010,PC-1010,763391B8.doc,False,
{F-0008922},01/18/2010 12:49:00,DA0003,PC-1003,3A73E366.pdf,False,
{F-0000565},01/18/2010 12:50:00,AA0000,PC-1000,CD5B8722.txt,False,
{F-0008918},01/18/2010 12:51:00,DA0003,PC-1003,1650013B.txt,False,
{F-0034374},01/18/2010 12:53:00,RA0017,PC-1017,216A59FF.jpg,False,
{F-0023241},01/18/2010 12:55:00,LA0011,PC-1011,5C1B96D6.jpg,False,
{F-0023247},01/18/2010 12:56:00,LA0011,PC-1011,1EE01CF8.jpg,False,
{F-0017488},01/18/2010 12:57:00,IA0008,PC-1008,9D66BA9F.jpg,False,
{F-0025284},01/18/2010 12:57:00,MA0012,PC-1012,88D1B5BE.xls,False,
{F-0000560},01/18/2010 12:58:00,AA0000,PC-1000,4023FAFC.xls,False,
{F-0011284},01/18/2010 12:58:00,EA0004,PC-1004,01269E84.xls,False,
{F-0016393},01/18/2010 13:00:00,HA0007,PC-1007,BB345DFE.xlsx,False,
{F-0008920},01/18/2010 13:02:00,DA0003,PC-1003,4E6DAC65.doc,False,
{F-0029059},01/18/2010 13:04:00,OA0014,PC-1014,9B074EDF.pdf,False,
{F-0008909},01/18/2010 13:05:00,DA0003,PC-1003,B529C1E7.jpg,False,
{F-0014345},01/18/2010 13:15:00,GA0006,PC-1006,8946C6A4.pdf,False,
{F-0019252},01/18/2010 13:19:00,JA0009,PC-1009,8B6CC614.jpg,False,
{F-0005802},01/18/2010 13:23:00,CA0002,PC-1002,1F01D7CF.pdf,False,
{F-0016392},01/18/2010 13:23:00,HA0007,PC-1007,C8D9D229.xls,False,
{F-0011287},01/18/2010 13:24:00,EA0004,PC-1004,F8CC9C2C.doc,False,
{F-0029055},01/18/2010 13:24:00,OA0014,PC-1014,4481AFF8.doc,False,
{F-0012634},01/18/2010 13:25:00,FA0005,PC-1005,3236FC04.doc,False,
{F-0005827},01/18/2010 13:28:00,CA0002,PC-1002,03B1FF5D.doc,False,
{F-0027238},01/18/2010 13:29:00,NA0013,PC-1013,28F8B317.doc,False,
{F-0014338},01/18/2010 13:33:00,GA0006,PC-1006,6A4B231F.pdf,False,
{F-0027239},01/18/2010 13:33:00,NA0013,PC-1013,D554D5FA.jpg,False,
{F-0019249},01/18/2010 13:34:00,JA0009,PC-1009,C1A7EA6D.txt,False,
{F-0029054},01/18/2010 13:34:00,OA0014,PC-1014,AFD28A3B.xls,False,
{F-0027244},01/18/2010 13:35:00,NA0013,PC-1013,2D473D48.doc,False,
{F-0012645},01/18/2010 13:36:00,FA0005,PC-1005,4926FDD0.doc,False,
{F-0011290},01/18/2010 13:45:00,EA0004,PC-1004,87705AC6.doc,False,
{F-0000566},01/18/2010 13:50:00,AA0000,PC-1000,84B380B1.jpg,False,
{F-0012639},01/18/2010 13:51:00,FA0005,PC-1005,6722A284.jpg,False,
{F-0023252},01/18/2010 13:52:00,LA0011,PC-1011,FE2138D0.doc,False,
{F-0033016},01/18/2010 13:56:00,QA0016,PC-1016,E4F1F57E.jpg,False,
{F-0000562},01/18/2010 13:58:00,AA0000,PC-1000,A57BDF6B.doc,False,
{F-0031502},01/18/2010 13:59:00,PA0015,PC-1015,9C01CA3C.xlsx,False,
{F-0005809},01/18/2010 14:00:00,CA0002,PC-1002,C22122BF.doc,False,
{F-0014350},01/18/2010 14:02:00,GA0006,PC-1006,B83DDA36.txt,False,
{F-0025280},01/18/2010 14:03:00,MA0012,PC-1012,61F3370D.pdf,False,
{F-0034376},01/18/2010 14:06:00,RA0017,PC-1017,1910692E.txt,False,
{F-0000555},01/18/2010 14:07:00,AA0000,PC-1000,A8D02FC7.doc,False,
{F-0008910},01/18/2010 14:09:00,DA0003,PC-1003,0820BBC1.doc,False,
{F-0005823},01/18/2010 14:16:00,CA0002,PC-1002,39FA126B.xls,False,
{F-0021297},01/18/2010 14:18:00,KA0010,PC-1010,018D3DA1.pdf,False,
{F-0008912},01/18/2010 14:19:00,DA0003,PC-1003,F9E98548.xlsx,False,
{F-0014343},01/18/2010 14:27:00,GA0006,PC-1006,0512B5AD.pdf,False,
{F-0000561},01/18/2010 14:30:00,AA0000,PC-1000,1D5BFBF7.txt,False,
{F-0014344},01/18/2010 14:32:00,GA0006,PC-1006,D274F7BB.doc,False,
{F-0011283},01/18/2010 14:37:00,EA0004,PC-1004,C9D0CE77.doc,False,
{F-0014349},01/18/2010 14:39:00,GA0006,PC-1006,1A59CECB.doc,False,
{F-0019254},01/18/2010 14:40:00,JA0009,PC-1009,945C9AEA.doc,False,
{F-0019244},01/18/2010 14:43:00,JA0009,PC-1009,DEFDF4E3.pdf,False,
{F-0011282},01/18/2010 14:45:00,EA0004,PC-1004,EE2DD6D3.xlsx,False,
{F-0012643},01/18/2010 14:48:00,FA0005,PC-1005,CF98767E.jpg,False,
{F-0011291},01/18/2010 15:00:00,EA0004,PC-1004,AA46C089.txt,False,
{F-0005805},01/18/2010 15:01:00,CA0002,PC-1002,DDE31208.doc,False,
{F-0005820},01/18/2010 15:01:00,CA0002,PC-1002,2039AEF9.jpg,False,
{F-0023245},01/18/2010 15:06:00,LA0011,PC-1011,1C863B68.doc,False,
{F-0031497},01/18/2010 15:06:00,PA0015,PC-1015,0ADB65BD.doc,False,
{F-0005817},01/18/2010 15:11:00,CA0002,PC-1002,87E94A4E.xlsx,False,
{F-0016389},01/18/2010 15:12:00,HA0007,PC-1007,B989EA98.jpg,False,
{F-0017482},01/18/2010 15:13:00,IA0008,PC-1008,224EAFAB.xls,False,
{F-0029052},01/18/2010 15:14:00,OA0014,PC-1014,3504EEE6.txt,False,
{F-0005806},01/18/2010 15:21:00,CA0002,PC-1002,D3BEE3B4.txt,False,
{F-0003057},01/18/2010 15:27:00,BA0001,PC-1001,8C5E8E60.jpg,False,
{F-0016391},01/18/2010 15:29:00,HA0007,PC-1007,C87D3F3A.pdf,False,
{F-0019247},01/18/2010 15:31:00,JA0009,PC-1009,B30716A4.doc,False,
{F-0000568},01/18/2010 15:38:00,AA0000,PC-1000,697F554C.doc,False,
{F-0012630},01/18/2010 15:40:00,FA0005,PC-1005,EC06AF8A.doc,False,
{F-0033021},01/18/2010 15:40:00,QA0016,PC-1016,BD4BB077.jpg,False,
{F-0005821},01/18/2010 15:44:00,CA0002,PC-1002,8885D325.xls,False,
{F-0029046},01/18/2010 15:44:00,OA0014,PC-1014,AB12C493.doc,False,
{F-0003053},01/18/2010 15:45:00,BA0001,PC-1001,BE8EF676.xlsx,False,
{F-0012632},01/18/2010 15:46:00,FA0005,PC-1005,711516FC.xlsx,False,
{F-0005815},01/18/2010 15:49:00,CA0002,PC-1002,B674920B.xlsx,False,
{F-0025285},01/18/2010 15:52:00,MA0012,PC-1012,F580463D.doc,False,
{F-0023248},01/18/2010 15:54:00,LA0011,PC-1011,94D4B3DB.doc,False,
{F-0023251},01/18/2010 15:54:00,LA0011,PC-1011,70EDACF0.doc,False,
{F-0021286},01/18/2010 15:55:00,KA0010,PC-1010,31523088.pdf,False,
{F-0031499},01/18/2010 15:55:00,PA0015,PC-1015,E57FE18D.doc,False,
{F-0029047},01/18/2010 15:56:00,OA0014,PC-1014,5DB052B5.xlsx,False,
{F-0003054},01/18/2010 15:57:00,BA0001,PC-1001,96204098.doc,False,
{F-0008925},01/18/2010 16:03:00,DA0003,PC-1003,3135CE7B.txt,False,
{F-0029058},01/18/2010 16:03:00,OA0014,PC-1014,C488BD6D.txt,False,
{F-0005812},01/18/2010 16:04:00,CA0002,PC-1002,E18E7A0D.txt,False,
{F-0003058},01/18/2010 16:07:00,BA0001,PC-1001,37B89AB4.jpg,False,
{F-0012631},01/18/2010 16:07:00,FA0005,PC-1005,5258E461.pdf,False,
{F-0029050},01/18/2010 16:08:00,OA0014,PC-1014,9C6A906C.xls,False,
{F-0003056},01/18/2010 16:09:00,BA0001,PC-1001,A1C20BDE.doc,False,
{F-0005801},01/18/2010 16:09:00,CA0002,PC-1002,915B00BF.jpg,False,
{F-0019257},01/18/2010 16:10:00,JA0009,PC-1009,29D85D76.txt,False,
{F-0021298},01/18/2010 16:12:00,KA0010,PC-1010,50893EE6.xlsx,False,
{F-0033017},01/18/2010 16:12:00,QA0016,PC-1016,EA7F01D0.xlsx,False,
{F-0031500},01/18/2010 16:14:00,PA0015,PC-1015,72C1D2DF.jpg,False,
{F-0000558},01/18/2010 16:17:00,AA0000,PC-1000,086587D8.pdf,False,
{F-0003055},01/18/2010 16:18:00,BA0001,PC-1001,4AE0B31B.doc,False,
{F-0003048},01/18/2010 16:19:00,BA0001,PC-1001,E912C3FD.xlsx,False,
{F-0033018},01/18/2010 16:20:00,QA0016,PC-1016,ACD50586.xlsx,False,
{F-0011288},01/18/2010 16:22:00,EA0004,PC-1004,7C297170.txt,False,
{F-0029048},01/18/2010 16:22:00,OA0014,PC-1014,29888619.doc,False,
{F-0023243},01/18/2010 16:23:00,LA0011,PC-1011,5068961B.xls,False,
{F-0021287},01/18/2010 16:27:00,KA0010,PC-1010,5A42BE9F.txt,False,
{F-0012642},01/18/2010 16:32:00,FA0005,PC-1005,0E8B574A.txt,False,
{F-0034375},01/18/2010 16:35:00,RA0017,PC-1017,E17A3466.txt,False,
{F-0003059},01/18/2010 16:39:00,BA0001,PC-1001,A129B56D.doc,False,
{F-0012635},01/18/2010 16:41:00,FA0005,PC-1005,89F43588.txt,False,
{F-0025279},01/18/2010 16:42:00,MA0012,PC-1012,D256E9E0.pdf,False,
{F-0012646},01/18/2010 16:43:00,FA0005,PC-1005,BF5B9A9D.txt,False,
{F-0021291},01/18/2010 16:45:00,KA0010,PC-1010,3E2CF216.txt,False,
{F-0021292},01/18/2010 16:45:00,KA0010,PC-1010,E80F3A1E.doc,False,
{F-0034377},01/18/2010 16:49:00,RA0017,PC-1017,3B87BC9E.doc,False,
{F-0003052},01/18/2010 16:54:00,BA0001,PC-1001,0421FC2B.doc,False,
{F-0003046},01/18/2010 16:58:00,BA0001,PC-1001,18100230.xlsx,False,
{F-0023249},01/18/2010 17:00:00,LA0011,PC-1011,59673CA5.xls,False,
{F-0005822},01/18/2010 17:07:00,CA0002,PC-1002,1A2651A3.doc,False,
{F-0003049},01/18/2010 17:11:00,BA0001,PC-1001,C9C8C6C0.doc,False,
{F-0019255},01/18/2010 17:11:00,JA0009,PC-1009,F9170B51.doc,False,
{F-0019258},01/18/2010 17:19:00,JA0009,PC-1009,CDABAC8D.xlsx,False,
{F-0021290},01/18/2010 17:19:00,KA0010,PC-1010,E44D4644.pdf,False,
{F-0005803},01/18/2010 17:20:00,CA0002,PC-1002,EEE04B74.jpg,False,
{F-0003062},01/18/2010 17:22:00,BA0001,PC-1001,446809C7.xls,False,
{F-0005829},01/18/2010 17:24:00,CA0002,PC-1002,8AD9E71E.jpg,False,
{F-0021285},01/18/2010 17:25:00,KA0010,PC-1010,1BEDB9FB.pdf,False,
{F-0005828},01/18/2010 17:26:00,CA0002,PC-1002,4CA17FB1.txt,False,
{F-0023242},01/18/2010 17:30:00,LA0011,PC-1011,FD65727A.doc,False,
{F-0005800},01/18/2010 17:35:00,CA0002,PC-1002,34A3A20F.jpg,False,
{F-0021299},01/18/2010 17:35:00,KA0010,PC-1010,2E230F59.doc,False,
{F-0033019},01/18/2010 17:46:00,QA0016,PC-1016,07F8AEEF.doc,False,
{F-0021289},01/18/2010 17:49:00,KA0010,PC-1010,30FAA57D.txt,False,
{F-0005811},01/18/2010 18:22:00,CA0002,PC-1002,A2B7D7C9.doc,False,
{F-0005813},01/18/2010 18:33:00,CA0002,PC-1002,88C5D54F.jpg,False,
{F-0005818},01/18/2010 18:38:00,CA0002,PC-1002,0AE6A88B.xls,False,
{F-0005804},01/18/2010 18:46:00,CA0002,PC-1002,3FEF0E6E.txt,False,
{F-0005824},01/18/2010 19:17:00,CA0002,PC-1002,6B76C584.doc,False,
{F-0005810},01/18/2010 19:20:00,CA0002,PC-1002,CE0F1F6C.xlsx,False,
{F-0005826},01/18/2010 19:21:00,CA0002,PC-1002,AA4480FC.doc,False,
{F-0017531},01/19/2010 07:42:00,IA0008,PC-1008,4DEB3F26.pdf,False,
{F-0025325},01/19/2010 07:57:00,MA0012,PC-1012,C54E34BD.xlsx,False,
{F-0023284},01/19/2010 08:34:00,LA0011,PC-1011,06FCB1FB.txt,False,
{F-0025330},01/19/2010 08:34:00,MA0012,PC-1012,3CD4895A.pdf,False,
{F-0008962},01/19/2010 08:36:00,DA0003,PC-1003,FC693DF9.txt,False,
{F-0023287},01/19/2010 08:37:00,LA0011,PC-1011,6B8CDE32.xls,False,
{F-0021334},01/19/2010 08:38:00,KA0010,PC-1010,05FA3392.jpg,False,
{F-0014418},01/19/2010 08:41:00,GA0006,PC-1006,93E19A4F.xls,False,
{F-0017530},01/19/2010 08:41:00,IA0008,PC-1008,95CD130E.pdf,False,
{F-0000626},01/19/2010 08:46:00,AA0000,PC-1000,1B0FB1ED.doc,False,
{F-0029126},01/19/2010 08:48:00,OA0014,PC-1014,EA79BDC4.xls,False,
{F-0019316},01/19/2010 08:50:00,JA0009,PC-1009,86724B0E.doc,False,
{F-0031535},01/19/2010 08:55:00,PA0015,PC-1015,00C06447.pdf,False,
{F-0031538},01/19/2010 08:55:00,PA0015,PC-1015,9C6AC608.xls,False,
{F-0025328},01/19/2010 08:58:00,MA0012,PC-1012,72AF07D3.doc,False,
{F-0023296},01/19/2010 08:59:00,LA0011,PC-1011,58C83532.jpg,False,
{F-0025331},01/19/2010 09:01:00,MA0012,PC-1012,6106E1BC.txt,False,
{F-0003098},01/19/2010 09:02:00,BA0001,PC-1001,F271E294.doc,False,
{F-0011316},01/19/2010 09:02:00,EA0004,PC-1004,499FE8CF.doc,False,
{F-0011315},01/19/2010 09:12:00,EA0004,PC-1004,BD754CF7.pdf,False,
{F-0021343},01/19/2010 09:12:00,KA0010,PC-1010,742D00C3.doc,False,
{F-0011312},01/19/2010 09:14:00,EA0004,PC-1004,D4256A85.txt,False,
{F-0000620},01/19/2010 09:19:00,AA0000,PC-1000,0CDBED9D.jpg,False,
{F-0014409},01/19/2010 09:19:00,GA0006,PC-1006,8F0E89DE.xlsx,False,
{F-0031545},01/19/2010 09:20:00,PA0015,PC-1015,19AC3791.doc,False,
{F-0021341},01/19/2010 09:22:00,KA0010,PC-1010,764CA8B8.xlsx,False,
{F-0005892},01/19/2010 09:23:00,CA0002,PC-1002,C8E89634.xlsx,False,
{F-0005875},01/19/2010 09:24:00,CA0002,PC-1002,95BF345C.doc,False,
{F-0017532},01/19/2010 09:26:00,IA0008,PC-1008,50F91CFD.doc,False,
{F-0029124},01/19/2010 09:28:00,OA0014,PC-1014,5FA79145.jpg,False,
{F-0003090},01/19/2010 09:29:00,BA0001,PC-1001,4FFAA883.xlsx,False,
{F-0031533},01/19/2010 09:30:00,PA0015,PC-1015,BDACD894.doc,False,
{F-0011321},01/19/2010 09:32:00,EA0004,PC-1004,A696AABB.doc,False,
{F-0029125},01/19/2010 09:32:00,OA0014,PC-1014,E07B3F1E.xlsx,False,
{F-0000615},01/19/2010 09:34:00,AA0000,PC-1000,4E2ADAE0.jpg,False,
{F-0005891},01/19/2010 09:36:00,CA0002,PC-1002,59702C2D.pdf,False,
{F-0019310},01/19/2010 09:37:00,JA0009,PC-1009,36321ADA.txt,False,
{F-0031536},01/19/2010 09:41:00,PA0015,PC-1015,D7B96729.xlsx,False,
{F-0017527},01/19/2010 09:43:00,IA0008,PC-1008,9B28723D.txt,False,
{F-0023300},01/19/2010 09:44:00,LA0011,PC-1011,17CB5DFB.txt,False,
{F-0012672},01/19/2010 09:45:00,FA0005,PC-1005,5686A2C4.doc,False,
{F-0003087},01/19/2010 09:51:00,BA0001,PC-1001,C727D5D4.pdf,False,
{F-0012666},01/19/2010 09:51:00,FA0005,PC-1005,15C24A5C.txt,False,
{F-0023292},01/19/2010 09:52:00,LA0011,PC-1011,68D0C253.doc,False,
{F-0016413},01/19/2010 09:56:00,HA0007,PC-1007,1F5B595F.xlsx,False,
{F-0011319},01/19/2010 09:59:00,EA0004,PC-1004,C21E5DD1.doc,False,
{F-0014415},01/19/2010 10:09:00,GA0006,PC-1006,1E321483.doc,False,
{F-0005889},01/19/2010 10:12:00,CA0002,PC-1002,CF0903FD.doc,False,
{F-0014405},01/19/2010 10:14:00,GA0006,PC-1006,9D80B7C8.jpg,False,
{F-0011309},01/19/2010 10:16:00,EA0004,PC-1004,D9670323.jpg,False,
{F-0012665},01/19/2010 10:16:00,FA0005,PC-1005,9BC0D1DB.txt,False,
{F-0000628},01/19/2010 10:17:00,AA0000,PC-1000,D94EBF48.jpg,False,
{F-0000621},01/19/2010 10:18:00,AA0000,PC-1000,1007C99B.doc,False,
{F-0019314},01/19/2010 10:25:00,JA0009,PC-1009,37DD7F05.xlsx,False,
{F-0014410},01/19/2010 10:27:00,GA0006,PC-1006,04DF88AB.doc,False,
{F-0025329},01/19/2010 10:31:00,MA0012,PC-1012,DB018370.pdf,False,
{F-0027272},01/19/2010 10:33:00,NA0013,PC-1013,EFE1DF08.xls,False,
{F-0016415},01/19/2010 10:37:00,HA0007,PC-1007,3B04C588.txt,False,
{F-0014412},01/19/2010 10:38:00,GA0006,PC-1006,027FC739.pdf,False,
{F-0023291},01/19/2010 10:38:00,LA0011,PC-1011,730E4C70.doc,False,
{F-0031532},01/19/2010 10:38:00,PA0015,PC-1015,559674DE.txt,False,
{F-0025323},01/19/2010 10:42:00,MA0012,PC-1012,622BE220.doc,False,
{F-0008963},01/19/2010 10:46:00,DA0003,PC-1003,D2397CFB.doc,False,
{F-0000619},01/19/2010 10:47:00,AA0000,PC-1000,FC834F25.txt,False,
{F-0014408},01/19/2010 10:48:00,GA0006,PC-1006,F7BFF3AC.xls,False,
{F-0027274},01/19/2010 10:49:00,NA0013,PC-1013,EFD14FE2.doc,False,
{F-0029122},01/19/2010 10:49:00,OA0014,PC-1014,879600EE.doc,False,
{F-0014413},01/19/2010 10:51:00,GA0006,PC-1006,373E8759.txt,False,
{F-0019318},01/19/2010 10:51:00,JA0009,PC-1009,2280EC9A.doc,False,
{F-0027271},01/19/2010 10:54:00,NA0013,PC-1013,A5A7B9C0.doc,False,
{F-0016416},01/19/2010 10:55:00,HA0007,PC-1007,52918A53.doc,False,
{F-0003091},01/19/2010 10:58:00,BA0001,PC-1001,76887EEE.txt,False,
{F-0029131},01/19/2010 11:02:00,OA0014,PC-1014,B010DB20.jpg,False,
{F-0008965},01/19/2010 11:10:00,DA0003,PC-1003,ABA4F61B.pdf,False,
{F-0008968},01/19/2010 11:10:00,DA0003,PC-1003,A6FC796B.pdf,False,
{F-0011307},01/19/2010 11:10:00,EA0004,PC-1004,D2345996.doc,False,
{F-0000618},01/19/2010 11:13:00,AA0000,PC-1000,26FE7573.txt,False,
{F-0025327},01/19/2010 11:13:00,MA0012,PC-1012,AA2728B7.txt,False,
{F-0017529},01/19/2010 11:15:00,IA0008,PC-1008,4FDC53F6.jpg,False,
{F-0012669},01/19/2010 11:16:00,FA0005,PC-1005,15C5ACFA.doc,False,
{F-0025326},01/19/2010 11:22:00,MA0012,PC-1012,EDA918B5.txt,False,
{F-0005883},01/19/2010 11:25:00,CA0002,PC-1002,1A1FAC8F.pdf,False,
{F-0034388},01/19/2010 11:25:00,RA0017,PC-1017,B25AAC4A.xls,False,
{F-0034386},01/19/2010 11:27:00,RA0017,PC-1017,EB48F12B.doc,False,
{F-0019308},01/19/2010 11:29:00,JA0009,PC-1009,54714F9A.doc,False,
{F-0031543},01/19/2010 11:31:00,PA0015,PC-1015,782A6F27.xlsx,False,
{F-0008966},01/19/2010 11:34:00,DA0003,PC-1003,6FBAED59.jpg,False,
{F-0019317},01/19/2010 11:38:00,JA0009,PC-1009,FF1A1B71.xlsx,False,
{F-0017526},01/19/2010 11:40:00,IA0008,PC-1008,87CD6B39.xlsx,False,
{F-0023289},01/19/2010 11:40:00,LA0011,PC-1011,002EFA2D.jpg,False,
{F-0021330},01/19/2010 11:41:00,KA0010,PC-1010,4F2E322D.xlsx,False,
{F-0025322},01/19/2010 11:41:00,MA0012,PC-1012,40E5DE0D.jpg,False,
{F-0008964},01/19/2010 11:48:00,DA0003,PC-1003,704A8CDA.pdf,False,
{F-0017528},01/19/2010 11:52:00,IA0008,PC-1008,F7198F42.doc,False,
{F-0000616},01/19/2010 11:53:00,AA0000,PC-1000,BF84E7E4.pdf,False,
{F-0021347},01/19/2010 11:54:00,KA0010,PC-1010,E676F11B.pdf,False,
{F-0031544},01/19/2010 11:57:00,PA0015,PC-1015,85D4DA74.jpg,False,
{F-0029129},01/19/2010 12:00:00,OA0014,PC-1014,411F2BC3.xls,False,
{F-0017523},01/19/2010 12:01:00,IA0008,PC-1008,82893C1E.jpg,False,
{F-0031531},01/19/2010 12:04:00,PA0015,PC-1015,38DC43C0.pdf,False,
{F-0000614},01/19/2010 12:05:00,AA0000,PC-1000,C2293982.txt,False,
{F-0005880},01/19/2010 12:07:00,CA0002,PC-1002,59521240.xlsx,False,
{F-0029123},01/19/2010 12:09:00,OA0014,PC-1014,206E4AB0.jpg,False,
{F-0019309},01/19/2010 12:11:00,JA0009,PC-1009,93A43895.doc,False,
{F-0005882},01/19/2010 12:13:00,CA0002,PC-1002,F6365C37.jpg,False,
{F-0029127},01/19/2010 12:13:00,OA0014,PC-1014,4B088634.doc,False,
{F-0021345},01/19/2010 12:14:00,KA0010,PC-1010,D204945C.xls,False,
{F-0005873},01/19/2010 12:17:00,CA0002,PC-1002,1DEBB20D.doc,False,
{F-0019311},01/19/2010 12:17:00,JA0009,PC-1009,F628CA61.doc,False,
{F-0021348},01/19/2010 12:24:00,KA0010,PC-1010,296C3E9B.xls,False,
{F-0023299},01/19/2010 12:29:00,LA0011,PC-1011,DBCE91F3.txt,False,
{F-0003092},01/19/2010 12:30:00,BA0001,PC-1001,F159FD95.pdf,False,
{F-0012677},01/19/2010 12:33:00,FA0005,PC-1005,675AB986.xls,False,
{F-0027273},01/19/2010 12:33:00,NA0013,PC-1013,4F66A1D5.doc,False,
{F-0003095},01/19/2010 12:37:00,BA0001,PC-1001,C3935235.jpg,False,
{F-0003086},01/19/2010 12:38:00,BA0001,PC-1001,32656360.xlsx,False,
{F-0005879},01/19/2010 12:38:00,CA0002,PC-1002,BC27BD1C.doc,False,
{F-0031537},01/19/2010 12:41:00,PA0015,PC-1015,CE7D6ED3.txt,False,
{F-0000617},01/19/2010 12:45:00,AA0000,PC-1000,8138E5BB.xls,False,
{F-0005870},01/19/2010 12:47:00,CA0002,PC-1002,3C15119C.jpg,False,
{F-0021335},01/19/2010 12:50:00,KA0010,PC-1010,4E079E50.jpg,False,
{F-0005894},01/19/2010 12:51:00,CA0002,PC-1002,FC96F3CE.doc,False,
{F-0003093},01/19/2010 12:54:00,BA0001,PC-1001,18A39D67.xls,False,
{F-0011304},01/19/2010 12:54:00,EA0004,PC-1004,4F9E2114.doc,False,
{F-0023295},01/19/2010 13:00:00,LA0011,PC-1011,14175976.jpg,False,
{F-0021336},01/19/2010 13:03:00,KA0010,PC-1010,CF0EA592.pdf,False,
{F-0017533},01/19/2010 13:05:00,IA0008,PC-1008,8EE86275.txt,False,
{F-0023280},01/19/2010 13:05:00,LA0011,PC-1011,EC27F492.pdf,False,
{F-0003089},01/19/2010 13:06:00,BA0001,PC-1001,FA519881.xls,False,
{F-0025324},01/19/2010 13:11:00,MA0012,PC-1012,19D21752.xls,False,
{F-0019315},01/19/2010 13:14:00,JA0009,PC-1009,0A4300C9.jpg,False,
{F-0023294},01/19/2010 13:18:00,LA0011,PC-1011,BAD720B1.xls,False,
{F-0016412},01/19/2010 13:20:00,HA0007,PC-1007,905526FC.xls,False,
{F-0000624},01/19/2010 13:25:00,AA0000,PC-1000,B12A7E1C.xls,False,
{F-0005890},01/19/2010 13:30:00,CA0002,PC-1002,49387309.xls,False,
{F-0012671},01/19/2010 13:34:00,FA0005,PC-1005,F6AC2322.pdf,False,
{F-0021349},01/19/2010 13:39:00,KA0010,PC-1010,EEF2E27C.xlsx,False,
{F-0021342},01/19/2010 13:40:00,KA0010,PC-1010,2C065D88.doc,False,
{F-0023282},01/19/2010 13:42:00,LA0011,PC-1011,FBE8BE30.txt,False,
{F-0021331},01/19/2010 13:44:00,KA0010,PC-1010,11575B08.txt,False,
{F-0027269},01/19/2010 13:44:00,NA0013,PC-1013,F894141C.doc,False,
{F-0000623},01/19/2010 13:47:00,AA0000,PC-1000,8CC747BA.txt,False,
{F-0019312},01/19/2010 13:47:00,JA0009,PC-1009,D2E5CD8F.xls,False,
{F-0034385},01/19/2010 13:48:00,RA0017,PC-1017,960B7456.xlsx,False,
{F-0011313},01/19/2010 13:50:00,EA0004,PC-1004,D1CD26A1.xls,False,
{F-0000625},01/19/2010 13:55:00,AA0000,PC-1000,DA3634AE.xlsx,False,
{F-0017525},01/19/2010 14:00:00,IA0008,PC-1008,17633858.pdf,False,
{F-0000622},01/19/2010 14:01:00,AA0000,PC-1000,7E5021E1.xlsx,False,
{F-0003084},01/19/2010 14:04:00,BA0001,PC-1001,0EC14E24.jpg,False,
{F-0014414},01/19/2010 14:07:00,GA0006,PC-1006,581C2161.pdf,False,
{F-0023285},01/19/2010 14:08:00,LA0011,PC-1011,BF7B6A71.doc,False,
{F-0005871},01/19/2010 14:16:00,CA0002,PC-1002,A818A724.xls,False,
{F-0014417},01/19/2010 14:16:00,GA0006,PC-1006,EAC379B4.txt,False,
{F-0014411},01/19/2010 14:19:00,GA0006,PC-1006,190C4FED.pdf,False,
{F-0025321},01/19/2010 14:27:00,MA0012,PC-1012,66E3D0C8.xlsx,False,
{F-0029128},01/19/2010 14:29:00,OA0014,PC-1014,D80BB563.doc,False,
{F-0011314},01/19/2010 14:33:00,EA0004,PC-1004,F184244F.doc,False,
{F-0005885},01/19/2010 14:35:00,CA0002,PC-1002,A96E447A.xlsx,False,
{F-0012678},01/19/2010 14:42:00,FA0005,PC-1005,5E5CB7CE.doc,False,
{F-0012668},01/19/2010 14:50:00,FA0005,PC-1005,AC512C72.xls,False,
{F-0017520},01/19/2010 15:00:00,IA0008,PC-1008,1D523BE7.pdf,False,
{F-0012679},01/19/2010 15:02:00,FA0005,PC-1005,A8BB88F4.xls,False,
{F-0000629},01/19/2010 15:03:00,AA0000,PC-1000,491D655E.pdf,False,
{F-0017522},01/19/2010 15:05:00,IA0008,PC-1008,EC26F581.doc,False,
{F-0021346},01/19/2010 15:05:00,KA0010,PC-1010,85722E91.pdf,False,
{F-0014406},01/19/2010 15:06:00,GA0006,PC-1006,A04E3ED1.txt,False,
{F-0012674},01/19/2010 15:07:00,FA0005,PC-1005,919DFDB7.xls,False,
{F-0008967},01/19/2010 15:08:00,DA0003,PC-1003,4989753B.doc,False,
{F-0031542},01/19/2010 15:10:00,PA0015,PC-1015,19156D42.txt,False,
{F-0023297},01/19/2010 15:12:00,LA0011,PC-1011,C9006E9F.xls,False,
{F-0031534},01/19/2010 15:12:00,PA0015,PC-1015,3EF94C21.pdf,False,
{F-0019313},01/19/2010 15:13:00,JA0009,PC-1009,4CA5B0BD.xlsx,False,
{F-0008970},01/19/2010 15:16:00,DA0003,PC-1003,EF5C4A33.xlsx,False,
{F-0005888},01/19/2010 15:17:00,CA0002,PC-1002,CAC0EC09.txt,False,
{F-0003088},01/19/2010 15:18:00,BA0001,PC-1001,30BC2F47.xls,False,
{F-0003096},01/19/2010 15:18:00,BA0001,PC-1001,34641AC3.doc,False,
{F-0005872},01/19/2010 15:19:00,CA0002,PC-1002,77C4F6FD.jpg,False,
{F-0021344},01/19/2010 15:21:00,KA0010,PC-1010,80CD23F2.doc,False,
{F-0012670},01/19/2010 15:24:00,FA0005,PC-1005,A3A65470.xlsx,False,
{F-0011317},01/19/2010 15:28:00,EA0004,PC-1004,37CCC617.doc,False,
{F-0017524},01/19/2010 15:28:00,IA0008,PC-1008,35E0072E.jpg,False,
{F-0031541},01/19/2010 15:28:00,PA0015,PC-1015,12AFCE0A.doc,False,
{F-0014404},01/19/2010 15:30:00,GA0006,PC-1006,1FB3117F.doc,False,
{F-0031539},01/19/2010 15:30:00,PA0015,PC-1015,BEB2CE57.txt,False,
{F-0014403},01/19/2010 15:34:00,GA0006,PC-1006,F3F3415B.pdf,False,
{F-0027270},01/19/2010 15:39:00,NA0013,PC-1013,C3BEB0BD.doc,False,
{F-0000627},01/19/2010 15:50:00,AA0000,PC-1000,C98CB5E3.doc,False,
{F-0033057},01/19/2010 15:55:00,QA0016,PC-1016,B26F5C9C.pdf,False,
{F-0008969},01/19/2010 15:58:00,DA0003,PC-1003,62FE198E.doc,False,
{F-0023290},01/19/2010 15:58:00,LA0011,PC-1011,362EB056.doc,False,
{F-0012676},01/19/2010 15:59:00,FA0005,PC-1005,468F2B72.xlsx,False,
{F-0031540},01/19/2010 15:59:00,PA0015,PC-1015,A8339149.xls,False,
{F-0016417},01/19/2010 16:01:00,HA0007,PC-1007,B36821D2.xls,False,
{F-0023279},01/19/2010 16:09:00,LA0011,PC-1011,A6938A39.xls,False,
{F-0023283},01/19/2010 16:09:00,LA0011,PC-1011,0867EB66.xls,False,
{F-0033059},01/19/2010 16:10:00,QA0016,PC-1016,CA3E69B6.txt,False,
{F-0017521},01/19/2010 16:12:00,IA0008,PC-1008,D8968AA6.xlsx,False,
{F-0033058},01/19/2010 16:22:00,QA0016,PC-1016,CAD1A84A.doc,False,
{F-0011308},01/19/2010 16:26:00,EA0004,PC-1004,58157724.doc,False,
{F-0016414},01/19/2010 16:27:00,HA0007,PC-1007,7DCF7A1F.txt,False,
{F-0005893},01/19/2010 16:28:00,CA0002,PC-1002,92ACBFF0.txt,False,
{F-0011306},01/19/2010 16:28:00,EA0004,PC-1004,F6ABF140.pdf,False,
{F-0011311},01/19/2010 16:29:00,EA0004,PC-1004,B06DCE9A.txt,False,
{F-0012673},01/19/2010 16:29:00,FA0005,PC-1005,3FFEF5DF.doc,False,
{F-0011310},01/19/2010 16:32:00,EA0004,PC-1004,3632A0BD.pdf,False,
{F-0005878},01/19/2010 16:34:00,CA0002,PC-1002,80E906B7.doc,False,
{F-0021333},01/19/2010 16:34:00,KA0010,PC-1010,319A2DE4.doc,False,
{F-0023293},01/19/2010 16:34:00,LA0011,PC-1011,FDCAE597.jpg,False,
{F-0021337},01/19/2010 16:35:00,KA0010,PC-1010,E8294BBC.jpg,False,
{F-0023298},01/19/2010 16:42:00,LA0011,PC-1011,23DAA76C.jpg,False,
{F-0011320},01/19/2010 16:45:00,EA0004,PC-1004,0DEA4C2F.xls,False,
{F-0005881},01/19/2010 16:47:00,CA0002,PC-1002,8871D186.jpg,False,
{F-0003085},01/19/2010 16:54:00,BA0001,PC-1001,6025C65C.doc,False,
{F-0023281},01/19/2010 16:58:00,LA0011,PC-1011,20FB2FC7.xls,False,
{F-0014407},01/19/2010 17:00:00,GA0006,PC-1006,B1EA4777.doc,False,
{F-0034387},01/19/2010 17:00:00,RA0017,PC-1017,9B5811DF.txt,False,
{F-0003097},01/19/2010 17:01:00,BA0001,PC-1001,7715507B.jpg,False,
{F-0003094},01/19/2010 17:04:00,BA0001,PC-1001,85D6320C.txt,False,
{F-0023301},01/19/2010 17:04:00,LA0011,PC-1011,75CF8986.txt,False,
{F-0014416},01/19/2010 17:05:00,GA0006,PC-1006,90BEB18D.doc,False,
{F-0005886},01/19/2010 17:07:00,CA0002,PC-1002,CF67C135.pdf,False,
{F-0029130},01/19/2010 17:08:00,OA0014,PC-1014,4AF7736C.doc,False,
{F-0011318},01/19/2010 17:09:00,EA0004,PC-1004,40564052.jpg,False,
{F-0033060},01/19/2010 17:09:00,QA0016,PC-1016,F2ADC3EC.xlsx,False,
{F-0005876},01/19/2010 17:14:00,CA0002,PC-1002,A08AF8E2.xlsx,False,
{F-0012662},01/19/2010 17:17:00,FA0005,PC-1005,FEC8C156.jpg,False,
{F-0011305},01/19/2010 17:25:00,EA0004,PC-1004,AD00D82C.txt,False,
{F-0005877},01/19/2010 17:27:00,CA0002,PC-1002,54CAFA6B.pdf,False,
{F-0023286},01/19/2010 17:27:00,LA0011,PC-1011,2939474D.xlsx,False,
{F-0021338},01/19/2010 17:38:00,KA0010,PC-1010,B4C52762.doc,False,
{F-0023288},01/19/2010 17:39:00,LA0011,PC-1011,83C819DB.doc,False,
{F-0021339},01/19/2010 17:41:00,KA0010,PC-1010,8B23D358.xls,False,
{F-0012667},01/19/2010 17:48:00,FA0005,PC-1005,2694DB45.pdf,False,
{F-0012663},01/19/2010 17:57:00,FA0005,PC-1005,094D1FAF.jpg,False,
{F-0012675},01/19/2010 17:59:00,FA0005,PC-1005,1C3AB0EE.xlsx,False,
{F-0005874},01/19/2010 18:01:00,CA0002,PC-1002,CB76143B.pdf,False,
{F-0005887},01/19/2010 18:14:00,CA0002,PC-1002,11D204BF.pdf,False,
{F-0021340},01/19/2010 18:17:00,KA0010,PC-1010,E67872B0.xls,False,
{F-0021332},01/19/2010 18:18:00,KA0010,PC-1010,ED2820C9.jpg,False,
{F-0033056},01/19/2010 18:24:00,QA0016,PC-1016,90D76613.pdf,False,
{F-0012664},01/19/2010 18:31:00,FA0005,PC-1005,0F2C37FC.txt,False,
{F-0033061},01/19/2010 18:46:00,QA0016,PC-1016,109F0510.jpg,False,
{F-0005884},01/19/2010 18:54:00,CA0002,PC-1002,555E87E8.pdf,False,
{F-0027299},01/20/2010 07:41:00,NA0013,PC-1013,52BBE9DD.doc,False,
{F-0027301},01/20/2010 07:45:00,NA0013,PC-1013,FBC1B97A.pdf,False,
{F-0014467},01/20/2010 08:08:00,GA0006,PC-1006,E8EA2027.txt,False,
{F-0009014},01/20/2010 08:19:00,DA0003,PC-1003,867267F7.jpg,False,
{F-0009016},01/20/2010 08:22:00,DA0003,PC-1003,23BD28EC.jpg,False,
{F-0019362},01/20/2010 08:26:00,JA0009,PC-1009,69A96367.xlsx,False,
{F-0029175},01/20/2010 08:27:00,OA0014,PC-1014,7DE7233E.doc,False,
{F-0025376},01/20/2010 08:31:00,MA0012,PC-1012,AE87BAFE.doc,False,
{F-0025378},01/20/2010 08:40:00,MA0012,PC-1012,6EBB5A92.jpg,False,
{F-0029178},01/20/2010 08:59:00,OA0014,PC-1014,1A868A3C.doc,False,
{F-0014464},01/20/2010 09:03:00,GA0006,PC-1006,4E5251A5.pdf,False,
{F-0003134},01/20/2010 09:05:00,BA0001,PC-1001,0CD0B88A.pdf,False,
{F-0019354},01/20/2010 09:10:00,JA0009,PC-1009,0456D0F2.txt,False,
{F-0023335},01/20/2010 09:10:00,LA0011,PC-1011,223496FB.doc,False,
{F-0003135},01/20/2010 09:15:00,BA0001,PC-1001,AF2BEF04.pdf,False,
{F-0021394},01/20/2010 09:16:00,KA0010,PC-1010,1FDD02E2.xls,False,
{F-0009011},01/20/2010 09:17:00,DA0003,PC-1003,7CA933A7.doc,False,
{F-0019369},01/20/2010 09:19:00,JA0009,PC-1009,3DCDA90A.doc,False,
{F-0009021},01/20/2010 09:23:00,DA0003,PC-1003,4D324B47.txt,False,
{F-0023332},01/20/2010 09:23:00,LA0011,PC-1011,A65E188C.pdf,False,
{F-0027300},01/20/2010 09:24:00,NA0013,PC-1013,AECDDD55.doc,False,
{F-0009013},01/20/2010 09:32:00,DA0003,PC-1003,14155E75.xls,False,
{F-0012709},01/20/2010 09:33:00,FA0005,PC-1005,EAA23339.txt,False,
{F-0016434},01/20/2010 09:40:00,HA0007,PC-1007,4DB09EAC.doc,False,
{F-0005978},01/20/2010 09:41:00,CA0002,PC-1002,48887731.xls,False,
{F-0019366},01/20/2010 09:42:00,JA0009,PC-1009,581E31F7.doc,False,
{F-0021383},01/20/2010 09:43:00,KA0010,PC-1010,9C76A9C5.xls,False,
{F-0005979},01/20/2010 09:44:00,CA0002,PC-1002,FB39655B.xls,False,
{F-0021379},01/20/2010 09:48:00,KA0010,PC-1010,79692D2B.doc,False,
{F-0009012},01/20/2010 09:51:00,DA0003,PC-1003,AB4A3671.xlsx,False,
{F-0009019},01/20/2010 09:52:00,DA0003,PC-1003,3E7589CE.xls,False,
{F-0016437},01/20/2010 09:53:00,HA0007,PC-1007,0AF95FDE.jpg,False,
{F-0019360},01/20/2010 09:58:00,JA0009,PC-1009,E6DAA32D.doc,False,
{F-0000670},01/20/2010 09:59:00,AA0000,PC-1000,7CDC3535.txt,False,
{F-0011351},01/20/2010 10:02:00,EA0004,PC-1004,5AE214FC.txt,False,
{F-0014465},01/20/2010 10:02:00,GA0006,PC-1006,1BCC660F.doc,False,
{F-0021391},01/20/2010 10:02:00,KA0010,PC-1010,88FF93D5.txt,False,
{F-0023328},01/20/2010 10:03:00,LA0011,PC-1011,CD73E034.doc,False,
{F-0029172},01/20/2010 10:08:00,OA0014,PC-1014,3E054EBE.pdf,False,
{F-0014466},01/20/2010 10:21:00,GA0006,PC-1006,ADECA3B3.txt,False,
{F-0021396},01/20/2010 10:26:00,KA0010,PC-1010,E9289FFC.doc,False,
{F-0009018},01/20/2010 10:29:00,DA0003,PC-1003,50F69504.pdf,False,
{F-0011349},01/20/2010 10:33:00,EA0004,PC-1004,95FB2FDE.xls,False,
{F-0029179},01/20/2010 10:35:00,OA0014,PC-1014,F0EDC815.doc,False,
{F-0019372},01/20/2010 10:39:00,JA0009,PC-1009,3F5BAD64.doc,False,
{F-0031583},01/20/2010 10:41:00,PA0015,PC-1015,E8F54935.doc,False,
{F-0031584},01/20/2010 10:48:00,PA0015,PC-1015,E27171A7.pdf,False,
{F-0021400},01/20/2010 10:51:00,KA0010,PC-1010,21FBD7EC.doc,False,
{F-0031585},01/20/2010 10:51:00,PA0015,PC-1015,48701A49.pdf,False,
{F-0012704},01/20/2010 10:53:00,FA0005,PC-1005,464C532F.jpg,False,
{F-0005970},01/20/2010 10:56:00,CA0002,PC-1002,76256D4C.jpg,False,
{F-0031580},01/20/2010 10:56:00,PA0015,PC-1015,F854FB55.xlsx,False,
{F-0005971},01/20/2010 10:57:00,CA0002,PC-1002,9DD9AF14.doc,False,
{F-0016430},01/20/2010 10:58:00,HA0007,PC-1007,4F4C3336.pdf,False,
{F-0005960},01/20/2010 10:59:00,CA0002,PC-1002,E8CE9D88.pdf,False,
{F-0019373},01/20/2010 10:59:00,JA0009,PC-1009,3848E0D7.txt,False,
{F-0011355},01/20/2010 11:00:00,EA0004,PC-1004,5ED35DF5.txt,False,
{F-0021388},01/20/2010 11:01:00,KA0010,PC-1010,60CFBD4F.txt,False,
{F-0031578},01/20/2010 11:02:00,PA0015,PC-1015,6C7826A4.xls,False,
{F-0009017},01/20/2010 11:07:00,DA0003,PC-1003,1A9D60CE.doc,False,
{F-0021399},01/20/2010 11:07:00,KA0010,PC-1010,DE638F83.txt,False,
{F-0005969},01/20/2010 11:09:00,CA0002,PC-1002,0B56A221.jpg,False,
{F-0005956},01/20/2010 11:10:00,CA0002,PC-1002,201826E0.xls,False,
{F-0005959},01/20/2010 11:11:00,CA0002,PC-1002,B6646458.pdf,False,
{F-0019361},01/20/2010 11:12:00,JA0009,PC-1009,4D5FC343.pdf,False,
{F-0005962},01/20/2010 11:16:00,CA0002,PC-1002,41FC4296.doc,False,
{F-0029181},01/20/2010 11:21:00,OA0014,PC-1014,E06E2D70.pdf,False,
{F-0003143},01/20/2010 11:27:00,BA0001,PC-1001,5A2F20AE.xlsx,False,
{F-0016432},01/20/2010 11:28:00,HA0007,PC-1007,4C846E66.txt,False,
{F-0000668},01/20/2010 11:34:00,AA0000,PC-1000,1CBA8FA8.pdf,False,
{F-0014463},01/20/2010 11:34:00,GA0006,PC-1006,F3937DB9.doc,False,
{F-0011350},01/20/2010 11:36:00,EA0004,PC-1004,305519B0.doc,False,
{F-0019375},01/20/2010 11:41:00,JA0009,PC-1009,76440C49.txt,False,
{F-0021382},01/20/2010 11:43:00,KA0010,PC-1010,2F2314A1.pdf,False,
{F-0025375},01/20/2010 11:49:00,MA0012,PC-1012,B57F687B.xlsx,False,
{F-0029171},01/20/2010 11:49:00,OA0014,PC-1014,EBB33F18.xlsx,False,
{F-0003141},01/20/2010 11:50:00,BA0001,PC-1001,E9ED9867.xlsx,False,
{F-0003133},01/20/2010 11:52:00,BA0001,PC-1001,454A73FF.doc,False,
{F-0011344},01/20/2010 11:52:00,EA0004,PC-1004,625E1CB0.pdf,False,
{F-0023345},01/20/2010 11:52:00,LA0011,PC-1011,ECBAF542.doc,False,
{F-0014468},01/20/2010 11:53:00,GA0006,PC-1006,9A150F7C.doc,False,
{F-0019353},01/20/2010 11:55:00,JA0009,PC-1009,1931BB2E.txt,False,
{F-0021389},01/20/2010 11:55:00,KA0010,PC-1010,EFE1E9C6.doc,False,
{F-0023341},01/20/2010 12:00:00,LA0011,PC-1011,F69947FF.doc,False,
{F-0011341},01/20/2010 12:06:00,EA0004,PC-1004,8628C69F.txt,False,
{F-0011345},01/20/2010 12:06:00,EA0004,PC-1004,3F3B7E8D.jpg,False,
{F-0005972},01/20/2010 12:08:00,CA0002,PC-1002,3F63EE6B.xls,False,
{F-0005967},01/20/2010 12:09:00,CA0002,PC-1002,C44328CD.jpg,False,
{F-0000672},01/20/2010 12:13:00,AA0000,PC-1000,A18D41FE.xls,False,
{F-0023329},01/20/2010 12:14:00,LA0011,PC-1011,9254D551.xls,False,
{F-0029186},01/20/2010 12:14:00,OA0014,PC-1014,83C56FCD.doc,False,
{F-0029176},01/20/2010 12:16:00,OA0014,PC-1014,B4D131C8.xlsx,False,
{F-0034408},01/20/2010 12:16:00,RA0017,PC-1017,EC351321.doc,False,
{F-0029185},01/20/2010 12:20:00,OA0014,PC-1014,4A0EE006.jpg,False,
{F-0031577},01/20/2010 12:20:00,PA0015,PC-1015,D20DD325.jpg,False,
{F-0011356},01/20/2010 12:24:00,EA0004,PC-1004,D19A22F3.jpg,False,
{F-0029180},01/20/2010 12:24:00,OA0014,PC-1014,EA1B5C02.xlsx,False,
{F-0019368},01/20/2010 12:32:00,JA0009,PC-1009,53ACE046.doc,False,
{F-0019371},01/20/2010 12:39:00,JA0009,PC-1009,F3937CF6.txt,False,
{F-0021397},01/20/2010 12:42:00,KA0010,PC-1010,9F568FEC.jpg,False,
{F-0021385},01/20/2010 12:44:00,KA0010,PC-1010,C14C346C.xls,False,
{F-0011354},01/20/2010 12:45:00,EA0004,PC-1004,303DB25B.xls,False,
{F-0023330},01/20/2010 12:45:00,LA0011,PC-1011,F0649FE1.doc,False,
{F-0000671},01/20/2010 12:47:00,AA0000,PC-1000,DC0BDD40.pdf,False,
{F-0021387},01/20/2010 12:49:00,KA0010,PC-1010,3E0D3138.xls,False,
{F-0005952},01/20/2010 12:50:00,CA0002,PC-1002,B9216661.doc,False,
{F-0019357},01/20/2010 12:50:00,JA0009,PC-1009,0B619E7D.doc,False,
{F-0011348},01/20/2010 12:53:00,EA0004,PC-1004,DCEF8385.xls,False,
{F-0029183},01/20/2010 12:54:00,OA0014,PC-1014,6B63F12A.txt,False,
{F-0011357},01/20/2010 12:58:00,EA0004,PC-1004,3F9D1608.txt,False,
{F-0023327},01/20/2010 13:01:00,LA0011,PC-1011,04F628C5.jpg,False,
{F-0031586},01/20/2010 13:03:00,PA0015,PC-1015,D1AC823F.doc,False,
{F-0005980},01/20/2010 13:06:00,CA0002,PC-1002,D23D99BA.txt,False,
{F-0031573},01/20/2010 13:07:00,PA0015,PC-1015,7F36313F.doc,False,
{F-0012697},01/20/2010 13:10:00,FA0005,PC-1005,58863AAC.jpg,False,
{F-0023346},01/20/2010 13:15:00,LA0011,PC-1011,C36DA040.xlsx,False,
{F-0019355},01/20/2010 13:21:00,JA0009,PC-1009,C41F37A3.txt,False,
{F-0012693},01/20/2010 13:23:00,FA0005,PC-1005,214EB4C7.doc,False,
{F-0019374},01/20/2010 13:23:00,JA0009,PC-1009,F4A4B651.txt,False,
{F-0019352},01/20/2010 13:26:00,JA0009,PC-1009,0F606E35.xlsx,False,
{F-0005974},01/20/2010 13:27:00,CA0002,PC-1002,D50AC4E5.doc,False,
{F-0012700},01/20/2010 13:31:00,FA0005,PC-1005,CE9511AE.xls,False,
{F-0016435},01/20/2010 13:31:00,HA0007,PC-1007,91F34D6D.doc,False,
{F-0019363},01/20/2010 13:32:00,JA0009,PC-1009,E21AB73B.txt,False,
{F-0003146},01/20/2010 13:34:00,BA0001,PC-1001,86E56BFA.txt,False,
{F-0003144},01/20/2010 13:37:00,BA0001,PC-1001,29D94D2A.doc,False,
{F-0019356},01/20/2010 13:38:00,JA0009,PC-1009,94E58870.doc,False,
{F-0005977},01/20/2010 13:40:00,CA0002,PC-1002,31BE9511.pdf,False,
{F-0012699},01/20/2010 13:42:00,FA0005,PC-1005,45AE9ED0.txt,False,
{F-0025377},01/20/2010 13:45:00,MA0012,PC-1012,F9892BC7.xlsx,False,
{F-0029173},01/20/2010 13:45:00,OA0014,PC-1014,90FDD2B3.doc,False,
{F-0025380},01/20/2010 13:47:00,MA0012,PC-1012,92944031.doc,False,
{F-0005982},01/20/2010 13:52:00,CA0002,PC-1002,F5264D8E.doc,False,
{F-0000665},01/20/2010 13:55:00,AA0000,PC-1000,C5BD30E1.xls,False,
{F-0003132},01/20/2010 13:55:00,BA0001,PC-1001,2104FB3B.pdf,False,
{F-0003142},01/20/2010 14:04:00,BA0001,PC-1001,D40CE801.xls,False,
{F-0005955},01/20/2010 14:04:00,CA0002,PC-1002,C8B50F75.pdf,False,
{F-0019359},01/20/2010 14:07:00,JA0009,PC-1009,04351168.doc,False,
{F-0012706},01/20/2010 14:11:00,FA0005,PC-1005,E912FF3B.xls,False,
{F-0005973},01/20/2010 14:13:00,CA0002,PC-1002,ECCB9CCD.doc,False,
{F-0031582},01/20/2010 14:15:00,PA0015,PC-1015,0C9B10C5.doc,False,
{F-0005958},01/20/2010 14:16:00,CA0002,PC-1002,9E924865.doc,False,
{F-0005966},01/20/2010 14:16:00,CA0002,PC-1002,4EB6021D.xlsx,False,
{F-0009015},01/20/2010 14:16:00,DA0003,PC-1003,95AFE815.doc,False,
{F-0011343},01/20/2010 14:17:00,EA0004,PC-1004,B8A91735.jpg,False,
{F-0014472},01/20/2010 14:17:00,GA0006,PC-1006,67B4CDB4.doc,False,
{F-0005957},01/20/2010 14:18:00,CA0002,PC-1002,10CD267B.xlsx,False,
{F-0011352},01/20/2010 14:19:00,EA0004,PC-1004,7D9AFA91.doc,False,
{F-0027298},01/20/2010 14:19:00,NA0013,PC-1013,E8A9C5AD.xlsx,False,
{F-0016433},01/20/2010 14:22:00,HA0007,PC-1007,2D370960.xlsx,False,
{F-0005963},01/20/2010 14:24:00,CA0002,PC-1002,8DB73019.doc,False,
{F-0031579},01/20/2010 14:26:00,PA0015,PC-1015,B1C2E00E.xlsx,False,
{F-0021398},01/20/2010 14:33:00,KA0010,PC-1010,E746719C.txt,False,
{F-0003145},01/20/2010 14:36:00,BA0001,PC-1001,9C24CCBC.xls,False,
{F-0003138},01/20/2010 14:40:00,BA0001,PC-1001,1086DC08.xlsx,False,
{F-0025379},01/20/2010 14:41:00,MA0012,PC-1012,1CAD6263.xlsx,False,
{F-0019365},01/20/2010 14:45:00,JA0009,PC-1009,DB1420BF.xlsx,False,
{F-0034411},01/20/2010 14:47:00,RA0017,PC-1017,0C48D2D9.jpg,False,
{F-0009010},01/20/2010 14:48:00,DA0003,PC-1003,8C6F6AEB.xlsx,False,
{F-0011346},01/20/2010 14:48:00,EA0004,PC-1004,707AB9B6.xlsx,False,
{F-0023338},01/20/2010 14:48:00,LA0011,PC-1011,42B25C0C.xls,False,
{F-0011347},01/20/2010 14:52:00,EA0004,PC-1004,79F0AF3A.txt,False,
{F-0021392},01/20/2010 14:52:00,KA0010,PC-1010,27D417E9.txt,False,
{F-0031575},01/20/2010 14:52:00,PA0015,PC-1015,D34EE665.txt,False,
{F-0019367},01/20/2010 14:53:00,JA0009,PC-1009,37AFF363.doc,False,
{F-0011353},01/20/2010 14:57:00,EA0004,PC-1004,340C545B.doc,False,
{F-0019370},01/20/2010 15:00:00,JA0009,PC-1009,1E2A8ED3.xls,False,
{F-0029184},01/20/2010 15:02:00,OA0014,PC-1014,483C37E9.pdf,False,
{F-0029177},01/20/2010 15:04:00,OA0014,PC-1014,8DA8CE3B.pdf,False,
{F-0000673},01/20/2010 15:11:00,AA0000,PC-1000,D9A81D58.xls,False,
{F-0009020},01/20/2010 15:11:00,DA0003,PC-1003,26151EA8.pdf,False,
{F-0021378},01/20/2010 15:17:00,KA0010,PC-1010,7297F970.xls,False,
{F-0016436},01/20/2010 15:18:00,HA0007,PC-1007,83827D40.xls,False,
{F-0023334},01/20/2010 15:21:00,LA0011,PC-1011,C893ACC8.xlsx,False,
{F-0014471},01/20/2010 15:23:00,GA0006,PC-1006,3E1D40BE.doc,False,
{F-0021381},01/20/2010 15:23:00,KA0010,PC-1010,CBFFC836.xls,False,
{F-0014469},01/20/2010 15:24:00,GA0006,PC-1006,968B9D2D.pdf,False,
{F-0029182},01/20/2010 15:25:00,OA0014,PC-1014,E28AC682.doc,False,
{F-0031576},01/20/2010 15:27:00,PA0015,PC-1015,0970EB6E.pdf,False,
{F-0023342},01/20/2010 15:31:00,LA0011,PC-1011,15B78F6C.doc,False,
{F-0016431},01/20/2010 15:33:00,HA0007,PC-1007,5DFB4E54.jpg,False,
{F-0029174},01/20/2010 15:34:00,OA0014,PC-1014,1C322DF0.doc,False,
{F-0021401},01/20/2010 15:35:00,KA0010,PC-1010,C3B25BF4.pdf,False,
{F-0034410},01/20/2010 15:45:00,RA0017,PC-1017,0AFF84AB.doc,False,
{F-0000669},01/20/2010 15:50:00,AA0000,PC-1000,E49D0A5D.jpg,False,
{F-0011342},01/20/2010 15:52:00,EA0004,PC-1004,74C2BE22.pdf,False,
{F-0021390},01/20/2010 15:54:00,KA0010,PC-1010,736B531F.xls,False,
{F-0019364},01/20/2010 16:01:00,JA0009,PC-1009,B2174B49.xls,False,
{F-0009009},01/20/2010 16:05:00,DA0003,PC-1003,BA0FD043.xlsx,False,
{F-0000667},01/20/2010 16:08:00,AA0000,PC-1000,18C51573.xlsx,False,
{F-0023343},01/20/2010 16:09:00,LA0011,PC-1011,D4A626D0.pdf,False,
{F-0014470},01/20/2010 16:10:00,GA0006,PC-1006,4F56A45E.pdf,False,
{F-0021386},01/20/2010 16:11:00,KA0010,PC-1010,57C15FF2.jpg,False,
{F-0031574},01/20/2010 16:13:00,PA0015,PC-1015,E596F847.doc,False,
{F-0012707},01/20/2010 16:14:00,FA0005,PC-1005,F9759286.txt,False,
{F-0023339},01/20/2010 16:16:00,LA0011,PC-1011,95889F8C.jpg,False,
{F-0012698},01/20/2010 16:18:00,FA0005,PC-1005,F1D51832.txt,False,
{F-0003137},01/20/2010 16:20:00,BA0001,PC-1001,1C9BB6F9.doc,False,
{F-0000674},01/20/2010 16:22:00,AA0000,PC-1000,05C8D379.xlsx,False,
{F-0021380},01/20/2010 16:24:00,KA0010,PC-1010,FA687709.xlsx,False,
{F-0003139},01/20/2010 16:31:00,BA0001,PC-1001,54C38B71.doc,False,
{F-0005968},01/20/2010 16:32:00,CA0002,PC-1002,0AAE86FC.doc,False,
{F-0019358},01/20/2010 16:35:00,JA0009,PC-1009,DCCB36CB.jpg,False,
{F-0012696},01/20/2010 16:37:00,FA0005,PC-1005,93FAC83F.xlsx,False,
{F-0012705},01/20/2010 16:38:00,FA0005,PC-1005,483EF2FB.doc,False,
{F-0009008},01/20/2010 16:39:00,DA0003,PC-1003,921D1C30.doc,False,
{F-0012692},01/20/2010 16:43:00,FA0005,PC-1005,6BC9EF7E.doc,False,
{F-0021393},01/20/2010 16:54:00,KA0010,PC-1010,9A513F4C.txt,False,
{F-0023331},01/20/2010 16:55:00,LA0011,PC-1011,8C53F5E8.jpg,False,
{F-0012708},01/20/2010 16:58:00,FA0005,PC-1005,7DA463B8.pdf,False,
{F-0023337},01/20/2010 16:58:00,LA0011,PC-1011,6DCFFD1F.xlsx,False,
{F-0003131},01/20/2010 17:00:00,BA0001,PC-1001,9355D93A.txt,False,
{F-0031581},01/20/2010 17:00:00,PA0015,PC-1015,67211AF2.pdf,False,
{F-0023340},01/20/2010 17:01:00,LA0011,PC-1011,6FBA1B38.pdf,False,
{F-0005954},01/20/2010 17:02:00,CA0002,PC-1002,888365B2.txt,False,
{F-0003140},01/20/2010 17:03:00,BA0001,PC-1001,50FA5A0C.doc,False,
{F-0005964},01/20/2010 17:14:00,CA0002,PC-1002,B3AC272F.txt,False,
{F-0000666},01/20/2010 17:17:00,AA0000,PC-1000,3FD92ECC.xlsx,False,
{F-0023344},01/20/2010 17:17:00,LA0011,PC-1011,C79173D0.doc,False,
{F-0023333},01/20/2010 17:23:00,LA0011,PC-1011,031B86FB.txt,False,
{F-0023336},01/20/2010 17:23:00,LA0011,PC-1011,E5DDD55F.xls,False,
{F-0003136},01/20/2010 17:26:00,BA0001,PC-1001,228F5E3C.xls,False,
{F-0021395},01/20/2010 17:36:00,KA0010,PC-1010,B695DE6E.doc,False,
{F-0012691},01/20/2010 17:41:00,FA0005,PC-1005,3C9A6D0A.pdf,False,
{F-0005961},01/20/2010 17:48:00,CA0002,PC-1002,D46435E2.txt,False,
{F-0034407},01/20/2010 17:48:00,RA0017,PC-1017,858C931E.xlsx,False,
{F-0034409},01/20/2010 17:57:00,RA0017,PC-1017,D3C0D321.xls,False,
{F-0021384},01/20/2010 17:59:00,KA0010,PC-1010,F4476E54.jpg,False,
{F-0012695},01/20/2010 18:00:00,FA0005,PC-1005,781B7856.jpg,False,
{F-0005953},01/20/2010 18:06:00,CA0002,PC-1002,36979FF1.xlsx,False,
{F-0005975},01/20/2010 18:11:00,CA0002,PC-1002,B705C896.jpg,False,
{F-0012702},01/20/2010 18:13:00,FA0005,PC-1005,860D8180.xlsx,False,
{F-0012701},01/20/2010 18:14:00,FA0005,PC-1005,89FB7844.doc,False,
{F-0012694},01/20/2010 18:25:00,FA0005,PC-1005,3B73D5DD.txt,False,
{F-0005981},01/20/2010 18:28:00,CA0002,PC-1002,E0C4A7F1.xls,False,
{F-0005976},01/20/2010 18:30:00,CA0002,PC-1002,CF1EB0EA.pdf,False,
{F-0012703},01/20/2010 18:55:00,FA0005,PC-1005,5FCA8311.xlsx,False,
{F-0005965},01/20/2010 19:00:00,CA0002,PC-1002,C1B38C04.jpg,False,
{F-0023377},01/21/2010 07:37:00,LA0011,PC-1011,D5FDB05D.xlsx,False,
{F-0017556},01/21/2010 07:50:00,IA0008,PC-1008,F120FDC5.doc,False,
{F-0025413},01/21/2010 07:59:00,MA0012,PC-1012,756BE625.pdf,False,
{F-0019408},01/21/2010 08:10:00,JA0009,PC-1009,6F876FAD.txt,False,
{F-0003229},01/21/2010 08:19:00,BA0001,PC-1001,D4E39B15.txt,False,
{F-0017559},01/21/2010 08:21:00,IA0008,PC-1008,D5F19A32.jpg,False,
{F-0023383},01/21/2010 08:21:00,LA0011,PC-1011,5C087F76.xls,False,
{F-0023388},01/21/2010 08:26:00,LA0011,PC-1011,A4528BFB.xls,False,
{F-0009076},01/21/2010 08:29:00,DA0003,PC-1003,CE22E93A.doc,False,
{F-0017555},01/21/2010 08:40:00,IA0008,PC-1008,2667F14D.pdf,False,
{F-0025414},01/21/2010 08:40:00,MA0012,PC-1012,03801D7D.doc,False,
{F-0009074},01/21/2010 08:42:00,DA0003,PC-1003,81150CAB.doc,False,
{F-0023378},01/21/2010 08:46:00,LA0011,PC-1011,E46A3BFD.doc,False,
{F-0017562},01/21/2010 08:49:00,IA0008,PC-1008,BB904B78.jpg,False,
{F-0017565},01/21/2010 08:49:00,IA0008,PC-1008,D00698B2.xls,False,
{F-0003218},01/21/2010 08:55:00,BA0001,PC-1001,9A5EA237.xlsx,False,
{F-0019410},01/21/2010 08:55:00,JA0009,PC-1009,6CA1867B.pdf,False,
{F-0023379},01/21/2010 08:57:00,LA0011,PC-1011,641D5802.doc,False,
{F-0000733},01/21/2010 09:03:00,AA0000,PC-1000,3999D2AE.pdf,False,
{F-0019402},01/21/2010 09:06:00,JA0009,PC-1009,29C56BD0.doc,False,
{F-0009078},01/21/2010 09:09:00,DA0003,PC-1003,15B24DC4.jpg,False,
{F-0017558},01/21/2010 09:17:00,IA0008,PC-1008,F1E36696.xls,False,
{F-0003223},01/21/2010 09:19:00,BA0001,PC-1001,2F740A03.xls,False,
{F-0009081},01/21/2010 09:22:00,DA0003,PC-1003,4DF9E07A.doc,False,
{F-0006070},01/21/2010 09:28:00,CA0002,PC-1002,65F1149D.pdf,False,
{F-0029250},01/21/2010 09:29:00,OA0014,PC-1014,120BD63D.pdf,False,
{F-0033092},01/21/2010 09:32:00,QA0016,PC-1016,34460BF6.txt,False,
{F-0031609},01/21/2010 09:34:00,PA0015,PC-1015,425C022A.xls,False,
{F-0034433},01/21/2010 09:34:00,RA0017,PC-1017,60EDD7F8.doc,False,
{F-0034434},01/21/2010 09:40:00,RA0017,PC-1017,3DE0F08D.pdf,False,
{F-0033093},01/21/2010 09:42:00,QA0016,PC-1016,F3E80173.doc,False,
{F-0003226},01/21/2010 09:43:00,BA0001,PC-1001,5511452E.doc,False,
{F-0006083},01/21/2010 09:45:00,CA0002,PC-1002,518F993C.xlsx,False,
{F-0019399},01/21/2010 09:46:00,JA0009,PC-1009,3D44734F.xlsx,False,
{F-0000731},01/21/2010 09:48:00,AA0000,PC-1000,998277B4.jpg,False,
{F-0014490},01/21/2010 09:49:00,GA0006,PC-1006,B11D90BE.doc,False,
{F-0031606},01/21/2010 09:49:00,PA0015,PC-1015,D082C59C.txt,False,
{F-0014496},01/21/2010 09:50:00,GA0006,PC-1006,37CD9231.doc,False,
{F-0019401},01/21/2010 09:50:00,JA0009,PC-1009,A5F7F47E.pdf,False,
{F-0000738},01/21/2010 09:52:00,AA0000,PC-1000,178BA2DA.xlsx,False,
{F-0009088},01/21/2010 09:52:00,DA0003,PC-1003,0406FC7F.doc,False,
{F-0019400},01/21/2010 09:53:00,JA0009,PC-1009,F2A1D651.xlsx,False,
{F-0006059},01/21/2010 09:54:00,CA0002,PC-1002,E0D1DA9A.xls,False,
{F-0012732},01/21/2010 09:54:00,FA0005,PC-1005,DBFC9E1A.xlsx,False,
{F-0016455},01/21/2010 09:57:00,HA0007,PC-1007,7DD839B8.jpg,False,
{F-0009075},01/21/2010 10:00:00,DA0003,PC-1003,473497D6.xlsx,False,
{F-0009089},01/21/2010 10:03:00,DA0003,PC-1003,7173D02B.pdf,False,
{F-0003227},01/21/2010 10:05:00,BA0001,PC-1001,2EEA4C0E.doc,False,
{F-0012736},01/21/2010 10:05:00,FA0005,PC-1005,93069901.jpg,False,
{F-0012722},01/21/2010 10:07:00,FA0005,PC-1005,5491BCA4.jpg,False,
{F-0003219},01/21/2010 10:12:00,BA0001,PC-1001,A0209FBB.xls,False,
{F-0017564},01/21/2010 10:17:00,IA0008,PC-1008,3D21C3A4.xlsx,False,
{F-0031600},01/21/2010 10:18:00,PA0015,PC-1015,8DF65D0D.xlsx,False,
{F-0000741},01/21/2010 10:23:00,AA0000,PC-1000,9B2C7589.txt,False,
{F-0011380},01/21/2010 10:23:00,EA0004,PC-1004,B2A7E5A5.jpg,False,
{F-0009085},01/21/2010 10:24:00,DA0003,PC-1003,0979994B.doc,False,
{F-0034432},01/21/2010 10:26:00,RA0017,PC-1017,A2850110.doc,False,
{F-0003209},01/21/2010 10:31:00,BA0001,PC-1001,B05BED0F.doc,False,
{F-0006062},01/21/2010 10:33:00,CA0002,PC-1002,83FDF90D.jpg,False,
{F-0006060},01/21/2010 10:38:00,CA0002,PC-1002,E950E958.txt,False,
{F-0019403},01/21/2010 10:40:00,JA0009,PC-1009,D04D9BAB.pdf,False,
{F-0023384},01/21/2010 10:41:00,LA0011,PC-1011,9080447A.xls,False,
{F-0006066},01/21/2010 10:43:00,CA0002,PC-1002,6F14ABEC.xlsx,False,
{F-0031610},01/21/2010 10:44:00,PA0015,PC-1015,7900ED00.xlsx,False,
{F-0034428},01/21/2010 10:44:00,RA0017,PC-1017,67A3BA3E.xls,False,
{F-0021429},01/21/2010 10:45:00,KA0010,PC-1010,43B1F473.jpg,False,
{F-0006081},01/21/2010 10:47:00,CA0002,PC-1002,AC182E8E.xls,False,
{F-0023386},01/21/2010 10:51:00,LA0011,PC-1011,17E495F2.doc,False,
{F-0006063},01/21/2010 11:01:00,CA0002,PC-1002,2363EFBC.txt,False,
{F-0011381},01/21/2010 11:03:00,EA0004,PC-1004,BB13C33F.pdf,False,
{F-0012729},01/21/2010 11:04:00,FA0005,PC-1005,46B085B6.txt,False,
{F-0019398},01/21/2010 11:04:00,JA0009,PC-1009,B875DEED.jpg,False,
{F-0029245},01/21/2010 11:04:00,OA0014,PC-1014,5455310C.xls,False,
{F-0016461},01/21/2010 11:05:00,HA0007,PC-1007,5366F66B.txt,False,
{F-0006088},01/21/2010 11:07:00,CA0002,PC-1002,01F25642.jpg,False,
{F-0006068},01/21/2010 11:08:00,CA0002,PC-1002,4711C98E.xls,False,
{F-0003224},01/21/2010 11:11:00,BA0001,PC-1001,A338F612.doc,False,
{F-0023389},01/21/2010 11:11:00,LA0011,PC-1011,2E96B82B.pdf,False,
{F-0031605},01/21/2010 11:11:00,PA0015,PC-1015,EE074CA2.jpg,False,
{F-0021427},01/21/2010 11:12:00,KA0010,PC-1010,DF46B647.doc,False,
{F-0009087},01/21/2010 11:13:00,DA0003,PC-1003,48614D72.pdf,False,
{F-0023380},01/21/2010 11:16:00,LA0011,PC-1011,D796722D.doc,False,
{F-0019397},01/21/2010 11:21:00,JA0009,PC-1009,81EC9841.doc,False,
{F-0021420},01/21/2010 11:26:00,KA0010,PC-1010,7552FD8D.jpg,False,
{F-0003215},01/21/2010 11:27:00,BA0001,PC-1001,9017109A.doc,False,
{F-0019409},01/21/2010 11:28:00,JA0009,PC-1009,C6F21571.doc,False,
{F-0019407},01/21/2010 11:29:00,JA0009,PC-1009,7AA1B56A.jpg,False,
{F-0006064},01/21/2010 11:32:00,CA0002,PC-1002,6CEC3824.jpg,False,
{F-0025408},01/21/2010 11:34:00,MA0012,PC-1012,7B161068.pdf,False,
{F-0017561},01/21/2010 11:35:00,IA0008,PC-1008,86D31DE4.txt,False,
{F-0006067},01/21/2010 11:36:00,CA0002,PC-1002,F413886D.doc,False,
{F-0014497},01/21/2010 11:36:00,GA0006,PC-1006,B13E89BC.xlsx,False,
{F-0003208},01/21/2010 11:39:00,BA0001,PC-1001,DDC37676.jpg,False,
{F-0009084},01/21/2010 11:44:00,DA0003,PC-1003,6E69458F.jpg,False,
{F-0016458},01/21/2010 11:44:00,HA0007,PC-1007,8C8BE774.txt,False,
{F-0019404},01/21/2010 11:47:00,JA0009,PC-1009,5C3BA7D7.xls,False,
{F-0011377},01/21/2010 11:55:00,EA0004,PC-1004,7CCA6EA5.txt,False,
{F-0012739},01/21/2010 11:59:00,FA0005,PC-1005,3E91870F.xlsx,False,
{F-0006069},01/21/2010 12:08:00,CA0002,PC-1002,44A3AADC.txt,False,
{F-0021426},01/21/2010 12:14:00,KA0010,PC-1010,E4F08EB6.jpg,False,
{F-0034430},01/21/2010 12:17:00,RA0017,PC-1017,A6CA2896.doc,False,
{F-0016456},01/21/2010 12:18:00,HA0007,PC-1007,BBC7F62C.doc,False,
{F-0023373},01/21/2010 12:22:00,LA0011,PC-1011,463E5F36.jpg,False,
{F-0031602},01/21/2010 12:23:00,PA0015,PC-1015,1495E24E.xlsx,False,
{F-0000742},01/21/2010 12:30:00,AA0000,PC-1000,281EB274.doc,False,
{F-0009077},01/21/2010 12:31:00,DA0003,PC-1003,848590D7.jpg,False,
{F-0003228},01/21/2010 12:35:00,BA0001,PC-1001,B68CD0FE.doc,False,
{F-0021422},01/21/2010 12:37:00,KA0010,PC-1010,123F5752.doc,False,
{F-0006085},01/21/2010 12:41:00,CA0002,PC-1002,9234DC47.xlsx,False,
{F-0000736},01/21/2010 12:42:00,AA0000,PC-1000,0F0F176F.txt,False,
{F-0000729},01/21/2010 12:43:00,AA0000,PC-1000,800373B4.doc,False,
{F-0014500},01/21/2010 12:54:00,GA0006,PC-1006,02D701DD.jpg,False,
{F-0016460},01/21/2010 12:54:00,HA0007,PC-1007,9C2F0FA1.txt,False,
{F-0003207},01/21/2010 12:55:00,BA0001,PC-1001,96A617A7.pdf,False,
{F-0000734},01/21/2010 13:00:00,AA0000,PC-1000,CDF9E772.txt,False,
{F-0023370},01/21/2010 13:01:00,LA0011,PC-1011,D322A04E.pdf,False,
{F-0023385},01/21/2010 13:06:00,LA0011,PC-1011,DDDB20D6.xls,False,
{F-0014495},01/21/2010 13:08:00,GA0006,PC-1006,EF1286E5.jpg,False,
{F-0000732},01/21/2010 13:12:00,AA0000,PC-1000,85E3660B.xlsx,False,
{F-0034431},01/21/2010 13:13:00,RA0017,PC-1017,77AB8463.xlsx,False,
{F-0019406},01/21/2010 13:16:00,JA0009,PC-1009,54FB3657.doc,False,
{F-0012735},01/21/2010 13:19:00,FA0005,PC-1005,4309FBEC.doc,False,
{F-0003225},01/21/2010 13:21:00,BA0001,PC-1001,D7B2ADA7.xls,False,
{F-0025415},01/21/2010 13:21:00,MA0012,PC-1012,E2501460.xls,False,
{F-0014489},01/21/2010 13:22:00,GA0006,PC-1006,F4F06DAA.doc,False,
{F-0009086},01/21/2010 13:25:00,DA0003,PC-1003,795A4664.xlsx,False,
{F-0014491},01/21/2010 13:26:00,GA0006,PC-1006,6ADBE775.doc,False,
{F-0006074},01/21/2010 13:27:00,CA0002,PC-1002,1EE9AD4B.doc,False,
{F-0009083},01/21/2010 13:31:00,DA0003,PC-1003,6638E250.doc,False,
{F-0012728},01/21/2010 13:31:00,FA0005,PC-1005,D20DD04F.pdf,False,
{F-0014492},01/21/2010 13:37:00,GA0006,PC-1006,31B019D1.jpg,False,
{F-0000730},01/21/2010 13:39:00,AA0000,PC-1000,1521DA63.doc,False,
{F-0006061},01/21/2010 13:47:00,CA0002,PC-1002,88499761.pdf,False,
{F-0031607},01/21/2010 13:48:00,PA0015,PC-1015,99FD79AA.doc,False,
{F-0006080},01/21/2010 13:50:00,CA0002,PC-1002,C757CC49.xls,False,
{F-0003205},01/21/2010 13:53:00,BA0001,PC-1001,8D4D6FBA.xlsx,False,
{F-0000735},01/21/2010 13:57:00,AA0000,PC-1000,7207E688.pdf,False,
{F-0009080},01/21/2010 13:57:00,DA0003,PC-1003,BBBA17D1.jpg,False,
{F-0006065},01/21/2010 13:58:00,CA0002,PC-1002,92B7243F.doc,False,
{F-0006078},01/21/2010 14:03:00,CA0002,PC-1002,43A3DF31.doc,False,
{F-0009082},01/21/2010 14:12:00,DA0003,PC-1003,1A00F55E.doc,False,
{F-0019411},01/21/2010 14:12:00,JA0009,PC-1009,368E4B28.doc,False,
{F-0012733},01/21/2010 14:13:00,FA0005,PC-1005,C36F24C8.xls,False,
{F-0003213},01/21/2010 14:15:00,BA0001,PC-1001,3D19AD3C.txt,False,
{F-0019405},01/21/2010 14:19:00,JA0009,PC-1009,0365E56C.doc,False,
{F-0003217},01/21/2010 14:20:00,BA0001,PC-1001,94737B3A.xls,False,
{F-0003220},01/21/2010 14:22:00,BA0001,PC-1001,CCC64705.jpg,False,
{F-0029246},01/21/2010 14:25:00,OA0014,PC-1014,2CC455AB.xls,False,
{F-0031603},01/21/2010 14:26:00,PA0015,PC-1015,F2D487FE.pdf,False,
{F-0016454},01/21/2010 14:27:00,HA0007,PC-1007,A96BCFDE.pdf,False,
{F-0017560},01/21/2010 14:27:00,IA0008,PC-1008,A02ED16B.txt,False,
{F-0012720},01/21/2010 14:29:00,FA0005,PC-1005,6F01BCBE.xlsx,False,
{F-0029247},01/21/2010 14:30:00,OA0014,PC-1014,D1843282.xls,False,
{F-0012742},01/21/2010 14:32:00,FA0005,PC-1005,3A82CDF9.pdf,False,
{F-0031604},01/21/2010 14:32:00,PA0015,PC-1015,F803D98D.doc,False,
{F-0031608},01/21/2010 14:34:00,PA0015,PC-1015,EAABE42D.pdf,False,
{F-0023382},01/21/2010 14:35:00,LA0011,PC-1011,B486E05F.doc,False,
{F-0000740},01/21/2010 14:41:00,AA0000,PC-1000,D4C9D76D.jpg,False,
{F-0003214},01/21/2010 14:41:00,BA0001,PC-1001,7687C2C4.doc,False,
{F-0023371},01/21/2010 14:41:00,LA0011,PC-1011,7D86D904.doc,False,
{F-0011379},01/21/2010 14:45:00,EA0004,PC-1004,7579C4DC.jpg,False,
{F-0003212},01/21/2010 14:47:00,BA0001,PC-1001,D1B38CE6.doc,False,
{F-0000728},01/21/2010 14:49:00,AA0000,PC-1000,B5B74ECF.txt,False,
{F-0014488},01/21/2010 14:49:00,GA0006,PC-1006,F0799625.jpg,False,
{F-0023372},01/21/2010 14:50:00,LA0011,PC-1011,1AE1FE2D.doc,False,
{F-0006072},01/21/2010 14:52:00,CA0002,PC-1002,D342009C.doc,False,
{F-0023374},01/21/2010 14:53:00,LA0011,PC-1011,9CAE7544.xls,False,
{F-0011375},01/21/2010 14:54:00,EA0004,PC-1004,6A3B9768.doc,False,
{F-0031601},01/21/2010 14:54:00,PA0015,PC-1015,CCA8ABD3.xlsx,False,
{F-0025409},01/21/2010 15:03:00,MA0012,PC-1012,A5275DA3.doc,False,
{F-0003210},01/21/2010 15:04:00,BA0001,PC-1001,E4FB74E6.txt,False,
{F-0011382},01/21/2010 15:06:00,EA0004,PC-1004,7AFE3635.xls,False,
{F-0016459},01/21/2010 15:08:00,HA0007,PC-1007,DF48C598.pdf,False,
{F-0023381},01/21/2010 15:09:00,LA0011,PC-1011,6516FE1C.txt,False,
{F-0011376},01/21/2010 15:14:00,EA0004,PC-1004,7E177BED.doc,False,
{F-0012726},01/21/2010 15:23:00,FA0005,PC-1005,7D4E2E92.doc,False,
{F-0017566},01/21/2010 15:26:00,IA0008,PC-1008,8CCB808E.xlsx,False,
{F-0011378},01/21/2010 15:30:00,EA0004,PC-1004,7E91AFBD.doc,False,
{F-0025411},01/21/2010 15:32:00,MA0012,PC-1012,3FE1B226.jpg,False,
{F-0025412},01/21/2010 15:33:00,MA0012,PC-1012,2EF2E896.doc,False,
{F-0009079},01/21/2010 15:36:00,DA0003,PC-1003,0CA4AEC3.txt,False,
{F-0011374},01/21/2010 15:38:00,EA0004,PC-1004,98A803E0.xls,False,
{F-0009090},01/21/2010 15:39:00,DA0003,PC-1003,EA17E4FC.txt,False,
{F-0017563},01/21/2010 15:40:00,IA0008,PC-1008,5B896FBF.jpg,False,
{F-0006071},01/21/2010 15:42:00,CA0002,PC-1002,3DA6CF1D.xlsx,False,
{F-0023376},01/21/2010 15:44:00,LA0011,PC-1011,E667CDD6.xls,False,
{F-0014494},01/21/2010 15:46:00,GA0006,PC-1006,896377A2.xls,False,
{F-0023375},01/21/2010 15:47:00,LA0011,PC-1011,BEC765A8.txt,False,
{F-0017567},01/21/2010 15:48:00,IA0008,PC-1008,AD990522.xls,False,
{F-0014498},01/21/2010 15:50:00,GA0006,PC-1006,A042216B.jpg,False,
{F-0025410},01/21/2010 15:50:00,MA0012,PC-1012,C661A6AF.xlsx,False,
{F-0027348},01/21/2010 15:51:00,NA0013,PC-1013,9A0527E9.xlsx,False,
{F-0006084},01/21/2010 15:53:00,CA0002,PC-1002,0D889129.txt,False,
{F-0021428},01/21/2010 15:54:00,KA0010,PC-1010,AF1C6E75.jpg,False,
{F-0000737},01/21/2010 15:56:00,AA0000,PC-1000,79178260.doc,False,
{F-0000739},01/21/2010 15:57:00,AA0000,PC-1000,6E70DE3A.txt,False,
{F-0003216},01/21/2010 16:06:00,BA0001,PC-1001,076BC56C.pdf,False,
{F-0016453},01/21/2010 16:06:00,HA0007,PC-1007,034E7825.doc,False,
{F-0016457},01/21/2010 16:07:00,HA0007,PC-1007,2260D44C.xls,False,
{F-0017557},01/21/2010 16:08:00,IA0008,PC-1008,F188604A.txt,False,
{F-0012737},01/21/2010 16:12:00,FA0005,PC-1005,8EC43D10.xls,False,
{F-0003206},01/21/2010 16:13:00,BA0001,PC-1001,333CCA76.doc,False,
{F-0003221},01/21/2010 16:14:00,BA0001,PC-1001,6C151A33.doc,False,
{F-0034429},01/21/2010 16:16:00,RA0017,PC-1017,971C17E7.doc,False,
{F-0012731},01/21/2010 16:20:00,FA0005,PC-1005,01AE0C3B.jpg,False,
{F-0029249},01/21/2010 16:20:00,OA0014,PC-1014,D01C6104.txt,False,
{F-0012721},01/21/2010 16:22:00,FA0005,PC-1005,6D68A3FC.jpg,False,
{F-0012738},01/21/2010 16:24:00,FA0005,PC-1005,60F2F9B4.doc,False,
{F-0003230},01/21/2010 16:26:00,BA0001,PC-1001,F3644216.xls,False,
{F-0006082},01/21/2010 16:26:00,CA0002,PC-1002,FBBA9F0F.pdf,False,
{F-0023387},01/21/2010 16:27:00,LA0011,PC-1011,2BFC5128.jpg,False,
{F-0021421},01/21/2010 16:28:00,KA0010,PC-1010,F68D5E4C.doc,False,
{F-0003222},01/21/2010 16:33:00,BA0001,PC-1001,A03FBE46.doc,False,
{F-0003211},01/21/2010 16:34:00,BA0001,PC-1001,26BA5C58.jpg,False,
{F-0012734},01/21/2010 16:36:00,FA0005,PC-1005,42024278.doc,False,
{F-0012743},01/21/2010 16:40:00,FA0005,PC-1005,059E7E2A.doc,False,
{F-0014493},01/21/2010 16:44:00,GA0006,PC-1006,A061181E.doc,False,
{F-0014499},01/21/2010 16:44:00,GA0006,PC-1006,B121A342.doc,False,
{F-0025407},01/21/2010 16:44:00,MA0012,PC-1012,0AEBBC57.pdf,False,
{F-0012740},01/21/2010 16:49:00,FA0005,PC-1005,C45135DE.doc,False,
{F-0029248},01/21/2010 16:53:00,OA0014,PC-1014,FC32B375.doc,False,
{F-0012725},01/21/2010 16:56:00,FA0005,PC-1005,33345F71.xlsx,False,
{F-0006075},01/21/2010 16:57:00,CA0002,PC-1002,44748729.doc,False,
{F-0006076},01/21/2010 17:08:00,CA0002,PC-1002,7B349B0E.jpg,False,
{F-0021425},01/21/2010 17:08:00,KA0010,PC-1010,96DEBF99.xlsx,False,
{F-0012724},01/21/2010 17:10:00,FA0005,PC-1005,8216EE8D.doc,False,
{F-0021423},01/21/2010 17:11:00,KA0010,PC-1010,A4B971FC.xls,False,
{F-0006077},01/21/2010 17:28:00,CA0002,PC-1002,B6BB82A2.txt,False,
{F-0021424},01/21/2010 17:47:00,KA0010,PC-1010,43B41804.xls,False,
{F-0012741},01/21/2010 17:49:00,FA0005,PC-1005,D06A59BB.xlsx,False,
{F-0033094},01/21/2010 18:00:00,QA0016,PC-1016,C9F753A9.pdf,False,
{F-0006086},01/21/2010 18:12:00,CA0002,PC-1002,AAC845B9.pdf,False,
{F-0006079},01/21/2010 18:13:00,CA0002,PC-1002,77D6AE53.doc,False,
{F-0006073},01/21/2010 18:15:00,CA0002,PC-1002,3841B442.txt,False,
{F-0006087},01/21/2010 18:17:00,CA0002,PC-1002,57F89C65.pdf,False,
{F-0012727},01/21/2010 18:54:00,FA0005,PC-1005,D0FFE9A7.pdf,False,
{F-0012730},01/21/2010 19:09:00,FA0005,PC-1005,AD6312A2.jpg,False,
{F-0012723},01/21/2010 19:41:00,FA0005,PC-1005,93B571AA.txt,False,
{F-0017612},01/22/2010 07:23:00,IA0008,PC-1008,6B55BDC2.xls,False,
{F-0023444},01/22/2010 07:34:00,LA0011,PC-1011,4AF383CE.txt,False,
{F-0027385},01/22/2010 07:34:00,NA0013,PC-1013,132429AF.pdf,False,
{F-0023448},01/22/2010 07:39:00,LA0011,PC-1011,B2CDD468.jpg,False,
{F-0017600},01/22/2010 08:10:00,IA0008,PC-1008,A5DCF663.jpg,False,
{F-0009139},01/22/2010 08:17:00,DA0003,PC-1003,084483CE.pdf,False,
{F-0027390},01/22/2010 08:18:00,NA0013,PC-1013,EEB4EB49.xls,False,
{F-0009137},01/22/2010 08:26:00,DA0003,PC-1003,58F095FB.jpg,False,
{F-0017604},01/22/2010 08:33:00,IA0008,PC-1008,DB6F6F1E.jpg,False,
{F-0014544},01/22/2010 08:37:00,GA0006,PC-1006,E4C7AAFE.doc,False,
{F-0017608},01/22/2010 08:40:00,IA0008,PC-1008,AF6953B1.doc,False,
{F-0027386},01/22/2010 08:43:00,NA0013,PC-1013,B0BE6EE1.pdf,False,
{F-0029297},01/22/2010 08:46:00,OA0014,PC-1014,5C58591A.jpg,False,
{F-0033133},01/22/2010 08:46:00,QA0016,PC-1016,7CB45D39.jpg,False,
{F-0027384},01/22/2010 08:48:00,NA0013,PC-1013,B947E911.xls,False,
{F-0017605},01/22/2010 08:52:00,IA0008,PC-1008,56C7A2A9.pdf,False,
{F-0017601},01/22/2010 08:54:00,IA0008,PC-1008,64E116B5.doc,False,
{F-0023430},01/22/2010 08:59:00,LA0011,PC-1011,00635B68.txt,False,
{F-0006153},01/22/2010 09:01:00,CA0002,PC-1002,908CF1F7.jpg,False,
{F-0019466},01/22/2010 09:01:00,JA0009,PC-1009,8959637E.xls,False,
{F-0019468},01/22/2010 09:03:00,JA0009,PC-1009,C3E65B6D.doc,False,
{F-0033127},01/22/2010 09:03:00,QA0016,PC-1016,0C2595F0.doc,False,
{F-0009138},01/22/2010 09:04:00,DA0003,PC-1003,08FCB96F.pdf,False,
{F-0029291},01/22/2010 09:04:00,OA0014,PC-1014,8D4EF575.xls,False,
{F-0016475},01/22/2010 09:05:00,HA0007,PC-1007,78C0579E.txt,False,
{F-0033128},01/22/2010 09:10:00,QA0016,PC-1016,1C15080F.doc,False,
{F-0023432},01/22/2010 09:13:00,LA0011,PC-1011,876C59BA.pdf,False,
{F-0009151},01/22/2010 09:17:00,DA0003,PC-1003,72D524A1.pdf,False,
{F-0023434},01/22/2010 09:18:00,LA0011,PC-1011,2FF68F1C.jpg,False,
{F-0006136},01/22/2010 09:27:00,CA0002,PC-1002,E1018874.txt,False,
{F-0006137},01/22/2010 09:27:00,CA0002,PC-1002,116D4EB2.jpg,False,
{F-0023443},01/22/2010 09:30:00,LA0011,PC-1011,0F2A866C.xls,False,
{F-0017603},01/22/2010 09:31:00,IA0008,PC-1008,12EA32EC.xls,False,
{F-0019471},01/22/2010 09:31:00,JA0009,PC-1009,41F11C39.jpg,False,
{F-0019461},01/22/2010 09:32:00,JA0009,PC-1009,F9E8C29D.xlsx,False,
{F-0019459},01/22/2010 09:33:00,JA0009,PC-1009,F7985631.doc,False,
{F-0009134},01/22/2010 09:40:00,DA0003,PC-1003,E72B701F.pdf,False,
{F-0014550},01/22/2010 09:41:00,GA0006,PC-1006,B545B489.pdf,False,
{F-0023437},01/22/2010 09:41:00,LA0011,PC-1011,A5C81A9A.txt,False,
{F-0023436},01/22/2010 09:45:00,LA0011,PC-1011,BDAB533B.xlsx,False,
{F-0019475},01/22/2010 09:47:00,JA0009,PC-1009,847E1CC6.xlsx,False,
{F-0019472},01/22/2010 09:51:00,JA0009,PC-1009,A48CF1E8.txt,False,
{F-0023431},01/22/2010 09:51:00,LA0011,PC-1011,B981E30E.txt,False,
{F-0006150},01/22/2010 09:52:00,CA0002,PC-1002,05E0F9FA.doc,False,
{F-0014546},01/22/2010 10:00:00,GA0006,PC-1006,9F75FDA1.jpg,False,
{F-0021469},01/22/2010 10:04:00,KA0010,PC-1010,7890ED11.xlsx,False,
{F-0023447},01/22/2010 10:06:00,LA0011,PC-1011,6F5D0990.jpg,False,
{F-0019462},01/22/2010 10:11:00,JA0009,PC-1009,85C2D18B.pdf,False,
{F-0000803},01/22/2010 10:12:00,AA0000,PC-1000,72A0AAF4.jpg,False,
{F-0034461},01/22/2010 10:18:00,RA0017,PC-1017,8520647F.doc,False,
{F-0021465},01/22/2010 10:27:00,KA0010,PC-1010,D02DDC2F.pdf,False,
{F-0016483},01/22/2010 10:28:00,HA0007,PC-1007,BC575052.xlsx,False,
{F-0023449},01/22/2010 10:29:00,LA0011,PC-1011,FAB33985.xls,False,
{F-0029293},01/22/2010 10:30:00,OA0014,PC-1014,08D8E605.txt,False,
{F-0019453},01/22/2010 10:32:00,JA0009,PC-1009,961130B7.xlsx,False,
{F-0000799},01/22/2010 10:36:00,AA0000,PC-1000,A594F16C.xlsx,False,
{F-0019457},01/22/2010 10:37:00,JA0009,PC-1009,EE013559.xls,False,
{F-0014547},01/22/2010 10:39:00,GA0006,PC-1006,911B9E97.txt,False,
{F-0017611},01/22/2010 10:40:00,IA0008,PC-1008,796D3C03.xlsx,False,
{F-0021461},01/22/2010 10:40:00,KA0010,PC-1010,C7EB1A5E.jpg,False,
{F-0014548},01/22/2010 10:45:00,GA0006,PC-1006,2C00C369.jpg,False,
{F-0021467},01/22/2010 10:50:00,KA0010,PC-1010,0BAF2D9A.txt,False,
{F-0014551},01/22/2010 10:51:00,GA0006,PC-1006,5607EBE4.doc,False,
{F-0016476},01/22/2010 10:54:00,HA0007,PC-1007,CE14E6E5.xlsx,False,
{F-0009147},01/22/2010 10:56:00,DA0003,PC-1003,E247C45B.jpg,False,
{F-0019458},01/22/2010 10:56:00,JA0009,PC-1009,BC719DD9.xlsx,False,
{F-0000801},01/22/2010 10:58:00,AA0000,PC-1000,3D2FA09E.xls,False,
{F-0027381},01/22/2010 11:07:00,NA0013,PC-1013,01B286C9.pdf,False,
{F-0003273},01/22/2010 11:09:00,BA0001,PC-1001,4749721C.doc,False,
{F-0006138},01/22/2010 11:10:00,CA0002,PC-1002,4882D7F2.txt,False,
{F-0011414},01/22/2010 11:10:00,EA0004,PC-1004,E8936A3A.xlsx,False,
{F-0017599},01/22/2010 11:11:00,IA0008,PC-1008,7E4B3860.pdf,False,
{F-0019474},01/22/2010 11:13:00,JA0009,PC-1009,EAF5A09A.doc,False,
{F-0003276},01/22/2010 11:14:00,BA0001,PC-1001,AE05E870.txt,False,
{F-0025448},01/22/2010 11:16:00,MA0012,PC-1012,385ACE25.xlsx,False,
{F-0017606},01/22/2010 11:26:00,IA0008,PC-1008,2F0F1310.doc,False,
{F-0003272},01/22/2010 11:29:00,BA0001,PC-1001,E83DC6A2.doc,False,
{F-0016478},01/22/2010 11:30:00,HA0007,PC-1007,A2911CFC.pdf,False,
{F-0006147},01/22/2010 11:36:00,CA0002,PC-1002,C4C64B84.xls,False,
{F-0006154},01/22/2010 11:37:00,CA0002,PC-1002,AA5CC8F7.pdf,False,
{F-0017602},01/22/2010 11:42:00,IA0008,PC-1008,A594524B.xls,False,
{F-0029292},01/22/2010 11:45:00,OA0014,PC-1014,E933845B.txt,False,
{F-0033130},01/22/2010 11:51:00,QA0016,PC-1016,046D1900.doc,False,
{F-0000798},01/22/2010 11:52:00,AA0000,PC-1000,C0EBE33C.doc,False,
{F-0034460},01/22/2010 11:53:00,RA0017,PC-1017,208F850E.doc,False,
{F-0000808},01/22/2010 11:54:00,AA0000,PC-1000,28BFF213.pdf,False,
{F-0033129},01/22/2010 11:54:00,QA0016,PC-1016,B03FEB50.doc,False,
{F-0014540},01/22/2010 11:57:00,GA0006,PC-1006,1DD727B4.xlsx,False,
{F-0006142},01/22/2010 12:03:00,CA0002,PC-1002,0BE17581.xls,False,
{F-0000818},01/22/2010 12:04:00,AA0000,PC-1000,82CCEB37.doc,False,
{F-0014545},01/22/2010 12:06:00,GA0006,PC-1006,0FB89A13.jpg,False,
{F-0023445},01/22/2010 12:09:00,LA0011,PC-1011,634533FF.xlsx,False,
{F-0009142},01/22/2010 12:11:00,DA0003,PC-1003,16E8CAA5.txt,False,
{F-0014541},01/22/2010 12:12:00,GA0006,PC-1006,1089C728.pdf,False,
{F-0009148},01/22/2010 12:14:00,DA0003,PC-1003,208318FE.jpg,False,
{F-0023438},01/22/2010 12:18:00,LA0011,PC-1011,2108A9DC.txt,False,
{F-0000810},01/22/2010 12:21:00,AA0000,PC-1000,4160EF7F.doc,False,
{F-0019455},01/22/2010 12:21:00,JA0009,PC-1009,F73CC6B9.pdf,False,
{F-0011408},01/22/2010 12:25:00,EA0004,PC-1004,F178C500.jpg,False,
{F-0019454},01/22/2010 12:31:00,JA0009,PC-1009,6E70C633.txt,False,
{F-0029296},01/22/2010 12:32:00,OA0014,PC-1014,607D111A.xls,False,
{F-0019476},01/22/2010 12:40:00,JA0009,PC-1009,924CFD94.pdf,False,
{F-0027389},01/22/2010 12:40:00,NA0013,PC-1013,CA811A3D.pdf,False,
{F-0017607},01/22/2010 12:44:00,IA0008,PC-1008,F3D02198.txt,False,
{F-0016479},01/22/2010 12:47:00,HA0007,PC-1007,52F6C1D5.jpg,False,
{F-0025452},01/22/2010 12:47:00,MA0012,PC-1012,87E659D7.pdf,False,
{F-0014539},01/22/2010 12:48:00,GA0006,PC-1006,B87865D8.doc,False,
{F-0027388},01/22/2010 12:48:00,NA0013,PC-1013,2FB94CDE.doc,False,
{F-0023441},01/22/2010 12:50:00,LA0011,PC-1011,94620483.pdf,False,
{F-0000804},01/22/2010 12:53:00,AA0000,PC-1000,0CFB5B37.doc,False,
{F-0000814},01/22/2010 12:53:00,AA0000,PC-1000,CBD8E423.doc,False,
{F-0000805},01/22/2010 12:54:00,AA0000,PC-1000,7C03375C.pdf,False,
{F-0029299},01/22/2010 12:54:00,OA0014,PC-1014,EC38AE2B.xls,False,
{F-0011407},01/22/2010 12:59:00,EA0004,PC-1004,E1027824.xls,False,
{F-0009150},01/22/2010 13:02:00,DA0003,PC-1003,17451772.doc,False,
{F-0011410},01/22/2010 13:03:00,EA0004,PC-1004,AD55D73A.xlsx,False,
{F-0006149},01/22/2010 13:05:00,CA0002,PC-1002,45310C7A.txt,False,
{F-0014549},01/22/2010 13:09:00,GA0006,PC-1006,8A4DF793.xls,False,
{F-0009144},01/22/2010 13:10:00,DA0003,PC-1003,19045560.doc,False,
{F-0000800},01/22/2010 13:11:00,AA0000,PC-1000,FC9F1B9A.xls,False,
{F-0000817},01/22/2010 13:12:00,AA0000,PC-1000,C5DB9FCF.xlsx,False,
{F-0025454},01/22/2010 13:12:00,MA0012,PC-1012,1D83EF52.xlsx,False,
{F-0029294},01/22/2010 13:14:00,OA0014,PC-1014,C419D4D6.xls,False,
{F-0006146},01/22/2010 13:18:00,CA0002,PC-1002,418BA5EF.xls,False,
{F-0019456},01/22/2010 13:19:00,JA0009,PC-1009,1229F523.doc,False,
{F-0009145},01/22/2010 13:22:00,DA0003,PC-1003,9CEDE758.xlsx,False,
{F-0009136},01/22/2010 13:23:00,DA0003,PC-1003,91707589.xlsx,False,
{F-0023439},01/22/2010 13:28:00,LA0011,PC-1011,837FCD68.doc,False,
{F-0011405},01/22/2010 13:29:00,EA0004,PC-1004,091795E9.jpg,False,
{F-0011415},01/22/2010 13:29:00,EA0004,PC-1004,62EA3764.doc,False,
{F-0033132},01/22/2010 13:32:00,QA0016,PC-1016,07DD0CF5.pdf,False,
{F-0017610},01/22/2010 13:34:00,IA0008,PC-1008,52CFCC4A.txt,False,
{F-0021471},01/22/2010 13:34:00,KA0010,PC-1010,533B55CB.doc,False,
{F-0019469},01/22/2010 13:36:00,JA0009,PC-1009,7FDBFBEA.txt,False,
{F-0021470},01/22/2010 13:37:00,KA0010,PC-1010,1B58362A.pdf,False,
{F-0000802},01/22/2010 13:41:00,AA0000,PC-1000,EB33E6F3.xls,False,
{F-0019473},01/22/2010 13:41:00,JA0009,PC-1009,BF037B19.jpg,False,
{F-0029295},01/22/2010 13:44:00,OA0014,PC-1014,667241E4.xlsx,False,
{F-0023452},01/22/2010 13:45:00,LA0011,PC-1011,AB58D7BB.xls,False,
{F-0003277},01/22/2010 13:47:00,BA0001,PC-1001,38D15EEF.jpg,False,
{F-0016477},01/22/2010 13:52:00,HA0007,PC-1007,3CB9512B.pdf,False,
{F-0003274},01/22/2010 13:54:00,BA0001,PC-1001,9187A4A1.doc,False,
{F-0000815},01/22/2010 13:57:00,AA0000,PC-1000,A323A8EE.xlsx,False,
{F-0014543},01/22/2010 13:57:00,GA0006,PC-1006,F38DE954.jpg,False,
{F-0009149},01/22/2010 13:59:00,DA0003,PC-1003,B3C115B8.txt,False,
{F-0000809},01/22/2010 14:05:00,AA0000,PC-1000,8DFCD37B.doc,False,
{F-0027382},01/22/2010 14:17:00,NA0013,PC-1013,6437B30C.pdf,False,
{F-0000812},01/22/2010 14:19:00,AA0000,PC-1000,215BAF51.xls,False,
{F-0025453},01/22/2010 14:19:00,MA0012,PC-1012,299C219B.jpg,False,
{F-0006139},01/22/2010 14:24:00,CA0002,PC-1002,523FA359.xlsx,False,
{F-0009135},01/22/2010 14:25:00,DA0003,PC-1003,B2E4205B.txt,False,
{F-0023451},01/22/2010 14:27:00,LA0011,PC-1011,0512983B.pdf,False,
{F-0025447},01/22/2010 14:32:00,MA0012,PC-1012,0D64ACEC.jpg,False,
{F-0027383},01/22/2010 14:32:00,NA0013,PC-1013,EAE5E6DD.pdf,False,
{F-0016482},01/22/2010 14:33:00,HA0007,PC-1007,831C786B.txt,False,
{F-0016480},01/22/2010 14:38:00,HA0007,PC-1007,13EF0C00.doc,False,
{F-0023442},01/22/2010 14:47:00,LA0011,PC-1011,B4A3CFAB.doc,False,
{F-0019451},01/22/2010 14:49:00,JA0009,PC-1009,DD6270E1.doc,False,
{F-0021474},01/22/2010 14:51:00,KA0010,PC-1010,251961A9.xlsx,False,
{F-0000813},01/22/2010 14:55:00,AA0000,PC-1000,794A9981.xlsx,False,
{F-0017597},01/22/2010 14:55:00,IA0008,PC-1008,D83A43D9.doc,False,
{F-0009146},01/22/2010 14:57:00,DA0003,PC-1003,92E1C2EC.txt,False,
{F-0009140},01/22/2010 15:11:00,DA0003,PC-1003,E4FAA5E5.jpg,False,
{F-0027380},01/22/2010 15:12:00,NA0013,PC-1013,00CCDC88.doc,False,
{F-0000807},01/22/2010 15:13:00,AA0000,PC-1000,D3060403.pdf,False,
{F-0000811},01/22/2010 15:13:00,AA0000,PC-1000,0F294DE5.jpg,False,
{F-0023433},01/22/2010 15:14:00,LA0011,PC-1011,E358B8E2.xlsx,False,
{F-0021462},01/22/2010 15:16:00,KA0010,PC-1010,1E8E6874.doc,False,
{F-0033131},01/22/2010 15:20:00,QA0016,PC-1016,1B3D279B.pdf,False,
{F-0006143},01/22/2010 15:23:00,CA0002,PC-1002,C5F2E359.jpg,False,
{F-0019463},01/22/2010 15:24:00,JA0009,PC-1009,D5F55CD4.jpg,False,
{F-0019450},01/22/2010 15:26:00,JA0009,PC-1009,0E7992E6.pdf,False,
{F-0011413},01/22/2010 15:27:00,EA0004,PC-1004,808480EF.xlsx,False,
{F-0017609},01/22/2010 15:27:00,IA0008,PC-1008,3AEB91D5.txt,False,
{F-0019465},01/22/2010 15:27:00,JA0009,PC-1009,7F86225B.doc,False,
{F-0016481},01/22/2010 15:28:00,HA0007,PC-1007,07374BCC.xls,False,
{F-0000806},01/22/2010 15:31:00,AA0000,PC-1000,61923839.doc,False,
{F-0011406},01/22/2010 15:33:00,EA0004,PC-1004,05413227.txt,False,
{F-0019467},01/22/2010 15:37:00,JA0009,PC-1009,62AF6868.txt,False,
{F-0006148},01/22/2010 15:49:00,CA0002,PC-1002,0E164324.txt,False,
{F-0006151},01/22/2010 15:52:00,CA0002,PC-1002,D060B307.doc,False,
{F-0027387},01/22/2010 15:52:00,NA0013,PC-1013,1185A604.doc,False,
{F-0003275},01/22/2010 15:53:00,BA0001,PC-1001,42F6C421.txt,False,
{F-0014542},01/22/2010 15:53:00,GA0006,PC-1006,91EC33DC.doc,False,
{F-0019449},01/22/2010 15:53:00,JA0009,PC-1009,4D848B96.doc,False,
{F-0009141},01/22/2010 15:55:00,DA0003,PC-1003,D37C524C.doc,False,
{F-0011412},01/22/2010 15:56:00,EA0004,PC-1004,CE9AD3CA.doc,False,
{F-0023435},01/22/2010 15:56:00,LA0011,PC-1011,91452BAF.xlsx,False,
{F-0025455},01/22/2010 15:56:00,MA0012,PC-1012,648F80A6.doc,False,
{F-0029298},01/22/2010 15:59:00,OA0014,PC-1014,C2380BA1.xlsx,False,
{F-0009143},01/22/2010 16:00:00,DA0003,PC-1003,6B4FF041.jpg,False,
{F-0000816},01/22/2010 16:03:00,AA0000,PC-1000,A0E6B1D0.pdf,False,
{F-0019464},01/22/2010 16:03:00,JA0009,PC-1009,04C5612F.jpg,False,
{F-0021472},01/22/2010 16:03:00,KA0010,PC-1010,9581A43C.doc,False,
{F-0017598},01/22/2010 16:05:00,IA0008,PC-1008,3609CE56.jpg,False,
{F-0014537},01/22/2010 16:06:00,GA0006,PC-1006,7C562ED0.jpg,False,
{F-0019470},01/22/2010 16:10:00,JA0009,PC-1009,58AE0AFA.doc,False,
{F-0011411},01/22/2010 16:12:00,EA0004,PC-1004,99737690.jpg,False,
{F-0019452},01/22/2010 16:16:00,JA0009,PC-1009,14353513.txt,False,
{F-0017596},01/22/2010 16:17:00,IA0008,PC-1008,10E3FF97.xlsx,False,
{F-0023450},01/22/2010 16:19:00,LA0011,PC-1011,95D56872.xls,False,
{F-0006155},01/22/2010 16:20:00,CA0002,PC-1002,918F7095.xlsx,False,
{F-0023446},01/22/2010 16:20:00,LA0011,PC-1011,8F8FB24B.pdf,False,
{F-0019460},01/22/2010 16:21:00,JA0009,PC-1009,B0C3273C.xls,False,
{F-0025450},01/22/2010 16:21:00,MA0012,PC-1012,2558ED18.jpg,False,
{F-0027379},01/22/2010 16:21:00,NA0013,PC-1013,B8368E31.txt,False,
{F-0011404},01/22/2010 16:23:00,EA0004,PC-1004,462AF152.xls,False,
{F-0006141},01/22/2010 16:28:00,CA0002,PC-1002,12D058F0.pdf,False,
{F-0014538},01/22/2010 16:31:00,GA0006,PC-1006,C26D2A7D.xls,False,
{F-0025456},01/22/2010 16:31:00,MA0012,PC-1012,C96DDFD8.txt,False,
{F-0025449},01/22/2010 16:32:00,MA0012,PC-1012,72A1229D.xlsx,False,
{F-0021468},01/22/2010 16:34:00,KA0010,PC-1010,B38DD07A.xls,False,
{F-0011409},01/22/2010 16:37:00,EA0004,PC-1004,85950B69.xls,False,
{F-0011416},01/22/2010 16:39:00,EA0004,PC-1004,4526C7D1.doc,False,
{F-0034457},01/22/2010 16:42:00,RA0017,PC-1017,EBF9C4DD.xlsx,False,
{F-0023440},01/22/2010 16:46:00,LA0011,PC-1011,1D562349.txt,False,
{F-0025451},01/22/2010 16:46:00,MA0012,PC-1012,BFED7BCF.txt,False,
{F-0021463},01/22/2010 16:48:00,KA0010,PC-1010,9A0E56EA.xlsx,False,
{F-0034459},01/22/2010 16:49:00,RA0017,PC-1017,5A91D749.xlsx,False,
{F-0006145},01/22/2010 16:55:00,CA0002,PC-1002,86EA3E64.doc,False,
{F-0021464},01/22/2010 16:55:00,KA0010,PC-1010,06BB94CE.xlsx,False,
{F-0034458},01/22/2010 17:11:00,RA0017,PC-1017,DD8A6EFC.xls,False,
{F-0006144},01/22/2010 17:22:00,CA0002,PC-1002,B599C439.jpg,False,
{F-0006134},01/22/2010 17:23:00,CA0002,PC-1002,E5296F36.doc,False,
{F-0006140},01/22/2010 17:24:00,CA0002,PC-1002,3F671377.jpg,False,
{F-0006152},01/22/2010 17:34:00,CA0002,PC-1002,6EF2937E.pdf,False,
{F-0021473},01/22/2010 17:43:00,KA0010,PC-1010,4A492292.doc,False,
{F-0006135},01/22/2010 17:54:00,CA0002,PC-1002,403230F7.doc,False,
{F-0021466},01/22/2010 18:10:00,KA0010,PC-1010,3C0EA379.jpg,False,
{F-0033126},01/22/2010 18:11:00,QA0016,PC-1016,CC2BFC99.txt,False,
{F-0014642},01/25/2010 07:58:00,GA0006,PC-1006,578D73A3.doc,False,
{F-0014635},01/25/2010 08:03:00,GA0006,PC-1006,743AA125.xlsx,False,
{F-0023503},01/25/2010 08:07:00,LA0011,PC-1011,EE834010.pdf,False,
{F-0000871},01/25/2010 08:13:00,AA0000,PC-1000,B6A17D45.doc,False,
{F-0023513},01/25/2010 08:20:00,LA0011,PC-1011,68BE0448.xlsx,False,
{F-0029353},01/25/2010 08:21:00,OA0014,PC-1014,FF9AC576.jpg,False,
{F-0023498},01/25/2010 08:22:00,LA0011,PC-1011,AB2640BF.xlsx,False,
{F-0029356},01/25/2010 08:23:00,OA0014,PC-1014,A3269691.pdf,False,
{F-0000869},01/25/2010 08:28:00,AA0000,PC-1000,D3E89378.doc,False,
{F-0016497},01/25/2010 08:29:00,HA0007,PC-1007,D7AF7399.pdf,False,
{F-0009202},01/25/2010 08:37:00,DA0003,PC-1003,8F0FD81E.txt,False,
{F-0025496},01/25/2010 08:39:00,MA0012,PC-1012,D9090848.txt,False,
{F-0029349},01/25/2010 08:45:00,OA0014,PC-1014,7613FA80.doc,False,
{F-0023493},01/25/2010 08:48:00,LA0011,PC-1011,10EE29B6.pdf,False,
{F-0003335},01/25/2010 08:55:00,BA0001,PC-1001,E88704EC.xls,False,
{F-0009203},01/25/2010 09:02:00,DA0003,PC-1003,EFCD178A.doc,False,
{F-0006242},01/25/2010 09:03:00,CA0002,PC-1002,71F2B4F1.xls,False,
{F-0014643},01/25/2010 09:03:00,GA0006,PC-1006,016D034A.xlsx,False,
{F-0023501},01/25/2010 09:05:00,LA0011,PC-1011,4C645B2D.xlsx,False,
{F-0000870},01/25/2010 09:06:00,AA0000,PC-1000,56C425CF.txt,False,
{F-0012784},01/25/2010 09:12:00,FA0005,PC-1005,9508A416.pdf,False,
{F-0023506},01/25/2010 09:13:00,LA0011,PC-1011,DD0CAB71.pdf,False,
{F-0021504},01/25/2010 09:15:00,KA0010,PC-1010,17456F0E.jpg,False,
{F-0012785},01/25/2010 09:16:00,FA0005,PC-1005,216CAF92.xls,False,
{F-0014631},01/25/2010 09:17:00,GA0006,PC-1006,94D019BA.pdf,False,
{F-0023508},01/25/2010 09:20:00,LA0011,PC-1011,7725DAC6.txt,False,
{F-0019525},01/25/2010 09:21:00,JA0009,PC-1009,10DDE016.txt,False,
{F-0025494},01/25/2010 09:28:00,MA0012,PC-1012,BB4EDDB3.jpg,False,
{F-0014636},01/25/2010 09:29:00,GA0006,PC-1006,74955AAE.doc,False,
{F-0006227},01/25/2010 09:33:00,CA0002,PC-1002,1F7B2E47.xlsx,False,
{F-0014639},01/25/2010 09:37:00,GA0006,PC-1006,4BD7F67F.doc,False,
{F-0031656},01/25/2010 09:39:00,PA0015,PC-1015,CFD98F33.doc,False,
{F-0021509},01/25/2010 09:41:00,KA0010,PC-1010,A7FC39E7.doc,False,
{F-0016495},01/25/2010 09:42:00,HA0007,PC-1007,6EA396CF.doc,False,
{F-0003338},01/25/2010 09:45:00,BA0001,PC-1001,BA0D7366.txt,False,
{F-0003329},01/25/2010 09:50:00,BA0001,PC-1001,87DB9182.txt,False,
{F-0006226},01/25/2010 09:51:00,CA0002,PC-1002,44030950.doc,False,
{F-0012768},01/25/2010 09:55:00,FA0005,PC-1005,D415D22C.pdf,False,
{F-0012771},01/25/2010 09:55:00,FA0005,PC-1005,D7870745.doc,False,
{F-0006230},01/25/2010 09:59:00,CA0002,PC-1002,D870CE79.txt,False,
{F-0006233},01/25/2010 10:01:00,CA0002,PC-1002,11405A35.txt,False,
{F-0014627},01/25/2010 10:01:00,GA0006,PC-1006,D92D7ECF.txt,False,
{F-0003347},01/25/2010 10:02:00,BA0001,PC-1001,8DCC407F.doc,False,
{F-0012786},01/25/2010 10:02:00,FA0005,PC-1005,A2EC1283.txt,False,
{F-0016500},01/25/2010 10:02:00,HA0007,PC-1007,BC3F1ACF.jpg,False,
{F-0019529},01/25/2010 10:02:00,JA0009,PC-1009,5D761E59.doc,False,
{F-0023486},01/25/2010 10:08:00,LA0011,PC-1011,B7E712B7.pdf,False,
{F-0023515},01/25/2010 10:08:00,LA0011,PC-1011,9C68E4BC.txt,False,
{F-0000873},01/25/2010 10:09:00,AA0000,PC-1000,0562B0AE.doc,False,
{F-0023510},01/25/2010 10:09:00,LA0011,PC-1011,92368C1B.txt,False,
{F-0023495},01/25/2010 10:11:00,LA0011,PC-1011,C3CAFECC.txt,False,
{F-0023517},01/25/2010 10:12:00,LA0011,PC-1011,CA69DC08.pdf,False,
{F-0014637},01/25/2010 10:13:00,GA0006,PC-1006,BDE9F02B.txt,False,
{F-0014641},01/25/2010 10:17:00,GA0006,PC-1006,E1956C8C.xlsx,False,
{F-0031645},01/25/2010 10:18:00,PA0015,PC-1015,B9008DC9.xlsx,False,
{F-0016498},01/25/2010 10:26:00,HA0007,PC-1007,A7E1145B.xls,False,
{F-0027421},01/25/2010 10:27:00,NA0013,PC-1013,E1AA1C5B.jpg,False,
{F-0014633},01/25/2010 10:28:00,GA0006,PC-1006,5074B355.doc,False,
{F-0014634},01/25/2010 10:32:00,GA0006,PC-1006,044CC167.doc,False,
{F-0014630},01/25/2010 10:36:00,GA0006,PC-1006,827AB0B3.doc,False,
{F-0016499},01/25/2010 10:37:00,HA0007,PC-1007,41D498E9.xlsx,False,
{F-0029354},01/25/2010 10:37:00,OA0014,PC-1014,237C2F5E.xlsx,False,
{F-0012763},01/25/2010 10:38:00,FA0005,PC-1005,F47AD365.doc,False,
{F-0031646},01/25/2010 10:41:00,PA0015,PC-1015,C90AF2AB.jpg,False,
{F-0019521},01/25/2010 10:44:00,JA0009,PC-1009,42ED892F.xls,False,
{F-0003333},01/25/2010 10:46:00,BA0001,PC-1001,B58846A4.doc,False,
{F-0009205},01/25/2010 10:50:00,DA0003,PC-1003,32E77556.pdf,False,
{F-0021516},01/25/2010 10:50:00,KA0010,PC-1010,19B1AAC8.xlsx,False,
{F-0006237},01/25/2010 10:51:00,CA0002,PC-1002,1DA6C424.pdf,False,
{F-0014629},01/25/2010 10:51:00,GA0006,PC-1006,4637D309.xlsx,False,
{F-0003330},01/25/2010 10:52:00,BA0001,PC-1001,5E5B9657.xls,False,
{F-0019528},01/25/2010 10:57:00,JA0009,PC-1009,99889C19.xls,False,
{F-0031648},01/25/2010 10:57:00,PA0015,PC-1015,28E7927A.doc,False,
{F-0009212},01/25/2010 11:00:00,DA0003,PC-1003,9375642C.xlsx,False,
{F-0031657},01/25/2010 11:04:00,PA0015,PC-1015,159AF43E.pdf,False,
{F-0019517},01/25/2010 11:07:00,JA0009,PC-1009,6725FD73.doc,False,
{F-0027422},01/25/2010 11:10:00,NA0013,PC-1013,661AD72A.doc,False,
{F-0019524},01/25/2010 11:12:00,JA0009,PC-1009,0C2F47DA.xls,False,
{F-0023490},01/25/2010 11:12:00,LA0011,PC-1011,5C658D3A.xls,False,
{F-0029352},01/25/2010 11:19:00,OA0014,PC-1014,F2B474FD.doc,False,
{F-0009201},01/25/2010 11:28:00,DA0003,PC-1003,EC0ABE8E.pdf,False,
{F-0031644},01/25/2010 11:29:00,PA0015,PC-1015,947191A7.jpg,False,
{F-0000865},01/25/2010 11:30:00,AA0000,PC-1000,09CE0C6B.pdf,False,
{F-0034482},01/25/2010 11:31:00,RA0017,PC-1017,96603382.pdf,False,
{F-0019531},01/25/2010 11:32:00,JA0009,PC-1009,FEC96052.pdf,False,
{F-0003344},01/25/2010 11:34:00,BA0001,PC-1001,3A242B35.doc,False,
{F-0023514},01/25/2010 11:41:00,LA0011,PC-1011,D1EEA21D.pdf,False,
{F-0025492},01/25/2010 11:47:00,MA0012,PC-1012,27D1CC01.doc,False,
{F-0031649},01/25/2010 11:51:00,PA0015,PC-1015,487F9617.pdf,False,
{F-0003337},01/25/2010 11:52:00,BA0001,PC-1001,4FA39A26.doc,False,
{F-0014632},01/25/2010 11:53:00,GA0006,PC-1006,8C4AF39C.doc,False,
{F-0016503},01/25/2010 11:53:00,HA0007,PC-1007,2ACADA90.jpg,False,
{F-0019520},01/25/2010 11:54:00,JA0009,PC-1009,553C1B50.xlsx,False,
{F-0016501},01/25/2010 11:56:00,HA0007,PC-1007,31FCB125.txt,False,
{F-0029348},01/25/2010 11:57:00,OA0014,PC-1014,E400F3B0.doc,False,
{F-0009206},01/25/2010 12:01:00,DA0003,PC-1003,34EC4760.pdf,False,
{F-0006241},01/25/2010 12:02:00,CA0002,PC-1002,FA304312.pdf,False,
{F-0025495},01/25/2010 12:02:00,MA0012,PC-1012,07A047B5.jpg,False,
{F-0011442},01/25/2010 12:03:00,EA0004,PC-1004,DA30FA1C.doc,False,
{F-0000866},01/25/2010 12:07:00,AA0000,PC-1000,8A973B6E.jpg,False,
{F-0023511},01/25/2010 12:08:00,LA0011,PC-1011,9A4F116B.jpg,False,
{F-0029355},01/25/2010 12:09:00,OA0014,PC-1014,7573FD5C.pdf,False,
{F-0029351},01/25/2010 12:13:00,OA0014,PC-1014,2B36785F.txt,False,
{F-0012764},01/25/2010 12:15:00,FA0005,PC-1005,507EC059.xls,False,
{F-0000872},01/25/2010 12:24:00,AA0000,PC-1000,47A52757.doc,False,
{F-0033161},01/25/2010 12:24:00,QA0016,PC-1016,25C8648B.doc,False,
{F-0006224},01/25/2010 12:27:00,CA0002,PC-1002,AF4F7474.doc,False,
{F-0009209},01/25/2010 12:30:00,DA0003,PC-1003,44345DFA.pdf,False,
{F-0025498},01/25/2010 12:32:00,MA0012,PC-1012,39497401.txt,False,
{F-0006229},01/25/2010 12:33:00,CA0002,PC-1002,353DBD61.doc,False,
{F-0012770},01/25/2010 12:38:00,FA0005,PC-1005,511A7EA4.doc,False,
{F-0006234},01/25/2010 12:39:00,CA0002,PC-1002,0F9FCD11.txt,False,
{F-0014640},01/25/2010 12:41:00,GA0006,PC-1006,B7ABB939.xlsx,False,
{F-0012772},01/25/2010 12:43:00,FA0005,PC-1005,944E3413.xls,False,
{F-0009199},01/25/2010 12:44:00,DA0003,PC-1003,7EFF913F.xls,False,
{F-0012781},01/25/2010 12:45:00,FA0005,PC-1005,C213B94E.doc,False,
{F-0012767},01/25/2010 12:48:00,FA0005,PC-1005,E80CEB8B.xls,False,
{F-0031653},01/25/2010 12:49:00,PA0015,PC-1015,94866525.doc,False,
{F-0023505},01/25/2010 12:57:00,LA0011,PC-1011,36B93BE9.doc,False,
{F-0003349},01/25/2010 13:01:00,BA0001,PC-1001,FF23A43E.jpg,False,
{F-0023491},01/25/2010 13:01:00,LA0011,PC-1011,F9A4ED9A.xls,False,
{F-0019526},01/25/2010 13:02:00,JA0009,PC-1009,4D875073.txt,False,
{F-0031654},01/25/2010 13:03:00,PA0015,PC-1015,EE3E9736.doc,False,
{F-0012775},01/25/2010 13:04:00,FA0005,PC-1005,78D733C6.xlsx,False,
{F-0021517},01/25/2010 13:05:00,KA0010,PC-1010,7ECA1CE4.txt,False,
{F-0012779},01/25/2010 13:07:00,FA0005,PC-1005,B0F42455.jpg,False,
{F-0033160},01/25/2010 13:07:00,QA0016,PC-1016,1AFACD47.pdf,False,
{F-0003332},01/25/2010 13:08:00,BA0001,PC-1001,A2061FAB.pdf,False,
{F-0003340},01/25/2010 13:08:00,BA0001,PC-1001,893998C8.txt,False,
{F-0027423},01/25/2010 13:08:00,NA0013,PC-1013,1F69726E.doc,False,
{F-0033163},01/25/2010 13:09:00,QA0016,PC-1016,583DE17E.jpg,False,
{F-0021513},01/25/2010 13:13:00,KA0010,PC-1010,1AB1FAB1.xlsx,False,
{F-0006236},01/25/2010 13:14:00,CA0002,PC-1002,53C47E03.txt,False,
{F-0014626},01/25/2010 13:17:00,GA0006,PC-1006,7309E016.doc,False,
{F-0033162},01/25/2010 13:17:00,QA0016,PC-1016,8272D37E.doc,False,
{F-0025497},01/25/2010 13:22:00,MA0012,PC-1012,CBE9E5B1.doc,False,
{F-0012782},01/25/2010 13:24:00,FA0005,PC-1005,049DDB85.txt,False,
{F-0003346},01/25/2010 13:25:00,BA0001,PC-1001,76E36D1B.doc,False,
{F-0021510},01/25/2010 13:26:00,KA0010,PC-1010,D01906C0.jpg,False,
{F-0000868},01/25/2010 13:29:00,AA0000,PC-1000,59BE0821.txt,False,
{F-0019518},01/25/2010 13:29:00,JA0009,PC-1009,661F30A7.xls,False,
{F-0014628},01/25/2010 13:37:00,GA0006,PC-1006,6628671C.pdf,False,
{F-0033158},01/25/2010 13:38:00,QA0016,PC-1016,DEF0CD65.pdf,False,
{F-0021505},01/25/2010 13:43:00,KA0010,PC-1010,03D8232D.jpg,False,
{F-0021518},01/25/2010 13:44:00,KA0010,PC-1010,58955B82.doc,False,
{F-0012783},01/25/2010 13:47:00,FA0005,PC-1005,B0F428BA.pdf,False,
{F-0019522},01/25/2010 13:50:00,JA0009,PC-1009,40E5B565.doc,False,
{F-0021502},01/25/2010 13:52:00,KA0010,PC-1010,B24AB97E.pdf,False,
{F-0023497},01/25/2010 13:52:00,LA0011,PC-1011,25FE04AA.doc,False,
{F-0009204},01/25/2010 13:55:00,DA0003,PC-1003,29938482.doc,False,
{F-0009200},01/25/2010 14:02:00,DA0003,PC-1003,85464CAA.jpg,False,
{F-0011441},01/25/2010 14:04:00,EA0004,PC-1004,EF58852C.pdf,False,
{F-0000867},01/25/2010 14:07:00,AA0000,PC-1000,4C18D8CE.doc,False,
{F-0003343},01/25/2010 14:14:00,BA0001,PC-1001,AC1130A3.doc,False,
{F-0023487},01/25/2010 14:14:00,LA0011,PC-1011,50405CD3.txt,False,
{F-0031651},01/25/2010 14:16:00,PA0015,PC-1015,15D455F3.txt,False,
{F-0014638},01/25/2010 14:17:00,GA0006,PC-1006,185827D3.doc,False,
{F-0023494},01/25/2010 14:17:00,LA0011,PC-1011,8409FAF5.pdf,False,
{F-0003331},01/25/2010 14:18:00,BA0001,PC-1001,533FF9B5.xlsx,False,
{F-0009207},01/25/2010 14:22:00,DA0003,PC-1003,B940FBE7.xls,False,
{F-0006228},01/25/2010 14:23:00,CA0002,PC-1002,37D3FEAA.xlsx,False,
{F-0011440},01/25/2010 14:23:00,EA0004,PC-1004,C43E2C5C.doc,False,
{F-0003341},01/25/2010 14:24:00,BA0001,PC-1001,B2982047.doc,False,
{F-0006225},01/25/2010 14:25:00,CA0002,PC-1002,04566902.xls,False,
{F-0019530},01/25/2010 14:29:00,JA0009,PC-1009,4AA0852E.xls,False,
{F-0019519},01/25/2010 14:31:00,JA0009,PC-1009,9EAB0A0C.xls,False,
{F-0012780},01/25/2010 14:33:00,FA0005,PC-1005,C9612FA5.txt,False,
{F-0019527},01/25/2010 14:34:00,JA0009,PC-1009,917ED1F9.xlsx,False,
{F-0021508},01/25/2010 14:36:00,KA0010,PC-1010,815A7D4F.txt,False,
{F-0025493},01/25/2010 14:36:00,MA0012,PC-1012,5E14B112.jpg,False,
{F-0006239},01/25/2010 14:38:00,CA0002,PC-1002,99050E7E.txt,False,
{F-0027424},01/25/2010 14:45:00,NA0013,PC-1013,A5BCB604.pdf,False,
{F-0029350},01/25/2010 14:47:00,OA0014,PC-1014,A67410BD.doc,False,
{F-0009198},01/25/2010 14:50:00,DA0003,PC-1003,C01D25BF.xls,False,
{F-0003336},01/25/2010 14:55:00,BA0001,PC-1001,08AE9389.doc,False,
{F-0012778},01/25/2010 14:55:00,FA0005,PC-1005,FB741A9B.xls,False,
{F-0033164},01/25/2010 14:55:00,QA0016,PC-1016,83B7FBBD.txt,False,
{F-0016496},01/25/2010 14:58:00,HA0007,PC-1007,F3257445.pdf,False,
{F-0021507},01/25/2010 14:59:00,KA0010,PC-1010,701067F4.xlsx,False,
{F-0031647},01/25/2010 15:00:00,PA0015,PC-1015,B0B46E38.pdf,False,
{F-0021511},01/25/2010 15:01:00,KA0010,PC-1010,A621474B.xls,False,
{F-0023488},01/25/2010 15:01:00,LA0011,PC-1011,FDDA704E.xls,False,
{F-0023502},01/25/2010 15:08:00,LA0011,PC-1011,21B65F44.jpg,False,
{F-0003339},01/25/2010 15:13:00,BA0001,PC-1001,705C312C.doc,False,
{F-0019523},01/25/2010 15:14:00,JA0009,PC-1009,DB00883D.doc,False,
{F-0023500},01/25/2010 15:15:00,LA0011,PC-1011,9DE92054.xlsx,False,
{F-0006231},01/25/2010 15:17:00,CA0002,PC-1002,50FD276C.doc,False,
{F-0011443},01/25/2010 15:18:00,EA0004,PC-1004,389D773E.pdf,False,
{F-0023489},01/25/2010 15:23:00,LA0011,PC-1011,92CD700A.xlsx,False,
{F-0014644},01/25/2010 15:25:00,GA0006,PC-1006,9C759965.xls,False,
{F-0016502},01/25/2010 15:25:00,HA0007,PC-1007,3848D9DD.doc,False,
{F-0003334},01/25/2010 15:29:00,BA0001,PC-1001,6720DCE1.doc,False,
{F-0023504},01/25/2010 15:29:00,LA0011,PC-1011,E0D4C7C2.pdf,False,
{F-0031652},01/25/2010 15:33:00,PA0015,PC-1015,8B0E5158.xlsx,False,
{F-0009211},01/25/2010 15:43:00,DA0003,PC-1003,8808A757.doc,False,
{F-0003345},01/25/2010 15:47:00,BA0001,PC-1001,08A7C68A.xls,False,
{F-0023507},01/25/2010 15:48:00,LA0011,PC-1011,A0D4ED40.doc,False,
{F-0021515},01/25/2010 15:49:00,KA0010,PC-1010,E33FF989.jpg,False,
{F-0034481},01/25/2010 15:50:00,RA0017,PC-1017,466D23D9.xls,False,
{F-0009208},01/25/2010 15:51:00,DA0003,PC-1003,21EC472B.xls,False,
{F-0012777},01/25/2010 15:53:00,FA0005,PC-1005,48BBAC45.jpg,False,
{F-0006243},01/25/2010 15:58:00,CA0002,PC-1002,D052E69A.doc,False,
{F-0025499},01/25/2010 16:04:00,MA0012,PC-1012,07CB4F42.xls,False,
{F-0000864},01/25/2010 16:06:00,AA0000,PC-1000,45FDA305.pdf,False,
{F-0009197},01/25/2010 16:06:00,DA0003,PC-1003,061F843E.jpg,False,
{F-0006232},01/25/2010 16:07:00,CA0002,PC-1002,3D83FA3A.jpg,False,
{F-0021512},01/25/2010 16:10:00,KA0010,PC-1010,0D035122.pdf,False,
{F-0023509},01/25/2010 16:10:00,LA0011,PC-1011,9499C745.xls,False,
{F-0012773},01/25/2010 16:11:00,FA0005,PC-1005,1A1C8818.jpg,False,
{F-0023496},01/25/2010 16:13:00,LA0011,PC-1011,ABD88AC3.xls,False,
{F-0031655},01/25/2010 16:17:00,PA0015,PC-1015,92B1572F.jpg,False,
{F-0003342},01/25/2010 16:19:00,BA0001,PC-1001,8ECACF97.pdf,False,
{F-0012776},01/25/2010 16:21:00,FA0005,PC-1005,27354C38.txt,False,
{F-0025491},01/25/2010 16:22:00,MA0012,PC-1012,473FD88A.pdf,False,
{F-0023492},01/25/2010 16:32:00,LA0011,PC-1011,79D1D79C.pdf,False,
{F-0031650},01/25/2010 16:32:00,PA0015,PC-1015,FEFD7495.txt,False,
{F-0006238},01/25/2010 16:41:00,CA0002,PC-1002,1A8EC8EF.xlsx,False,
{F-0003348},01/25/2010 16:42:00,BA0001,PC-1001,1CAEA482.txt,False,
{F-0025500},01/25/2010 16:42:00,MA0012,PC-1012,E48D0F52.pdf,False,
{F-0021503},01/25/2010 16:50:00,KA0010,PC-1010,4F1C7846.jpg,False,
{F-0034483},01/25/2010 16:50:00,RA0017,PC-1017,A5EA4090.doc,False,
{F-0009210},01/25/2010 16:52:00,DA0003,PC-1003,BD9A0175.xls,False,
{F-0023512},01/25/2010 16:53:00,LA0011,PC-1011,8697D9D0.jpg,False,
{F-0023516},01/25/2010 16:53:00,LA0011,PC-1011,6763087A.doc,False,
{F-0011439},01/25/2010 17:27:00,EA0004,PC-1004,231D5214.doc,False,
{F-0033159},01/25/2010 17:33:00,QA0016,PC-1016,42166462.doc,False,
{F-0023499},01/25/2010 17:35:00,LA0011,PC-1011,EB3C8229.doc,False,
{F-0012787},01/25/2010 18:07:00,FA0005,PC-1005,C85E2C04.xlsx,False,
{F-0006235},01/25/2010 18:09:00,CA0002,PC-1002,5FD1C251.pdf,False,
{F-0021500},01/25/2010 18:14:00,KA0010,PC-1010,E11DC87B.xlsx,False,
{F-0006244},01/25/2010 18:15:00,CA0002,PC-1002,35249229.txt,False,
{F-0012765},01/25/2010 18:18:00,FA0005,PC-1005,60BF864F.doc,False,
{F-0012774},01/25/2010 18:19:00,FA0005,PC-1005,556F3721.pdf,False,
{F-0021506},01/25/2010 18:21:00,KA0010,PC-1010,E0D6A582.doc,False,
{F-0012769},01/25/2010 18:23:00,FA0005,PC-1005,9A9D8514.pdf,False,
{F-0006240},01/25/2010 18:24:00,CA0002,PC-1002,B5EF40B5.xlsx,False,
{F-0012766},01/25/2010 18:31:00,FA0005,PC-1005,A22378C6.txt,False,
{F-0021514},01/25/2010 18:34:00,KA0010,PC-1010,7FC06EF8.txt,False,
{F-0021501},01/25/2010 18:42:00,KA0010,PC-1010,4F369832.txt,False,
{F-0025534},01/26/2010 07:38:00,MA0012,PC-1012,AE8A5CFD.doc,False,
{F-0029419},01/26/2010 07:56:00,OA0014,PC-1014,30DFD80B.jpg,False,
{F-0017655},01/26/2010 07:59:00,IA0008,PC-1008,72DE91F1.xlsx,False,
{F-0023547},01/26/2010 08:01:00,LA0011,PC-1011,B513D30C.jpg,False,
{F-0027458},01/26/2010 08:01:00,NA0013,PC-1013,FE3F7C5B.txt,False,
{F-0025536},01/26/2010 08:02:00,MA0012,PC-1012,4D150602.pdf,False,
{F-0025539},01/26/2010 08:07:00,MA0012,PC-1012,46AD1740.pdf,False,
{F-0017656},01/26/2010 08:28:00,IA0008,PC-1008,F742EC9E.pdf,False,
{F-0029408},01/26/2010 08:41:00,OA0014,PC-1014,628735A6.jpg,False,
{F-0029417},01/26/2010 08:43:00,OA0014,PC-1014,0227A878.jpg,False,
{F-0017647},01/26/2010 08:48:00,IA0008,PC-1008,BE859333.jpg,False,
{F-0029416},01/26/2010 08:58:00,OA0014,PC-1014,8BBECCFC.txt,False,
{F-0025537},01/26/2010 09:01:00,MA0012,PC-1012,E3F17ACF.doc,False,
{F-0019566},01/26/2010 09:03:00,JA0009,PC-1009,76647F70.doc,False,
{F-0029412},01/26/2010 09:12:00,OA0014,PC-1014,DB9B4AFB.doc,False,
{F-0029418},01/26/2010 09:15:00,OA0014,PC-1014,E102584B.xlsx,False,
{F-0016528},01/26/2010 09:17:00,HA0007,PC-1007,C9B15135.jpg,False,
{F-0019579},01/26/2010 09:17:00,JA0009,PC-1009,6CC956CE.jpg,False,
{F-0009252},01/26/2010 09:18:00,DA0003,PC-1003,121F09FB.xlsx,False,
{F-0003410},01/26/2010 09:19:00,BA0001,PC-1001,E39A7CCA.txt,False,
{F-0021558},01/26/2010 09:22:00,KA0010,PC-1010,2533DAF7.jpg,False,
{F-0021551},01/26/2010 09:28:00,KA0010,PC-1010,F98881FC.doc,False,
{F-0027459},01/26/2010 09:30:00,NA0013,PC-1013,4497E3DE.xlsx,False,
{F-0023550},01/26/2010 09:32:00,LA0011,PC-1011,7AB0BE3F.pdf,False,
{F-0027463},01/26/2010 09:33:00,NA0013,PC-1013,1D0964B9.doc,False,
{F-0016526},01/26/2010 09:35:00,HA0007,PC-1007,280539D8.doc,False,
{F-0019574},01/26/2010 09:37:00,JA0009,PC-1009,8EE28FCA.xlsx,False,
{F-0011469},01/26/2010 09:39:00,EA0004,PC-1004,B9469BBA.jpg,False,
{F-0031685},01/26/2010 09:39:00,PA0015,PC-1015,AA63B8DD.doc,False,
{F-0009254},01/26/2010 09:43:00,DA0003,PC-1003,B5F72395.pdf,False,
{F-0019569},01/26/2010 09:44:00,JA0009,PC-1009,762F32AE.jpg,False,
{F-0016525},01/26/2010 09:51:00,HA0007,PC-1007,F8E66EE7.pdf,False,
{F-0029409},01/26/2010 09:52:00,OA0014,PC-1014,0C92F8EF.doc,False,
{F-0009260},01/26/2010 09:54:00,DA0003,PC-1003,0E706444.doc,False,
{F-0019570},01/26/2010 09:55:00,JA0009,PC-1009,F830C15F.doc,False,
{F-0014694},01/26/2010 10:01:00,GA0006,PC-1006,DDC5B89B.jpg,False,
{F-0009256},01/26/2010 10:04:00,DA0003,PC-1003,1D4CA560.pdf,False,
{F-0033208},01/26/2010 10:04:00,QA0016,PC-1016,29F5095B.jpg,False,
{F-0019577},01/26/2010 10:05:00,JA0009,PC-1009,E7F18A1B.txt,False,
{F-0003417},01/26/2010 10:07:00,BA0001,PC-1001,6006F8F2.pdf,False,
{F-0012804},01/26/2010 10:07:00,FA0005,PC-1005,28C57448.pdf,False,
{F-0029413},01/26/2010 10:12:00,OA0014,PC-1014,9DAD4D10.doc,False,
{F-0031687},01/26/2010 10:16:00,PA0015,PC-1015,03531126.xls,False,
{F-0023548},01/26/2010 10:18:00,LA0011,PC-1011,730360AD.doc,False,
{F-0009255},01/26/2010 10:20:00,DA0003,PC-1003,E8AD0A9C.pdf,False,
{F-0003411},01/26/2010 10:26:00,BA0001,PC-1001,CEDBF817.jpg,False,
{F-0000938},01/26/2010 10:28:00,AA0000,PC-1000,834D085B.doc,False,
{F-0027465},01/26/2010 10:29:00,NA0013,PC-1013,74C99DA4.xls,False,
{F-0021559},01/26/2010 10:31:00,KA0010,PC-1010,AC2B9B63.xls,False,
{F-0003421},01/26/2010 10:32:00,BA0001,PC-1001,6006C2C8.xls,False,
{F-0025535},01/26/2010 10:32:00,MA0012,PC-1012,562D48AC.txt,False,
{F-0019578},01/26/2010 10:35:00,JA0009,PC-1009,7CEE0BE5.pdf,False,
{F-0033207},01/26/2010 10:36:00,QA0016,PC-1016,10FDFD60.doc,False,
{F-0023553},01/26/2010 10:37:00,LA0011,PC-1011,5BE840F2.pdf,False,
{F-0029405},01/26/2010 10:41:00,OA0014,PC-1014,5720D701.txt,False,
{F-0006276},01/26/2010 10:42:00,CA0002,PC-1002,5C840303.xls,False,
{F-0023546},01/26/2010 10:46:00,LA0011,PC-1011,542D39CA.doc,False,
{F-0009259},01/26/2010 10:48:00,DA0003,PC-1003,B336DF9B.jpg,False,
{F-0006277},01/26/2010 10:49:00,CA0002,PC-1002,4086627E.xls,False,
{F-0017657},01/26/2010 10:49:00,IA0008,PC-1008,9ECACC8E.xlsx,False,
{F-0019573},01/26/2010 10:50:00,JA0009,PC-1009,542D9220.xlsx,False,
{F-0016523},01/26/2010 10:51:00,HA0007,PC-1007,28AF40DC.pdf,False,
{F-0021553},01/26/2010 10:54:00,KA0010,PC-1010,ECAC0B1D.pdf,False,
{F-0012814},01/26/2010 10:57:00,FA0005,PC-1005,6AD78956.jpg,False,
{F-0017650},01/26/2010 10:57:00,IA0008,PC-1008,6DE6438D.jpg,False,
{F-0006279},01/26/2010 11:00:00,CA0002,PC-1002,0AE71D11.doc,False,
{F-0000944},01/26/2010 11:05:00,AA0000,PC-1000,1C5CA2E0.xls,False,
{F-0003415},01/26/2010 11:07:00,BA0001,PC-1001,4E43B18B.doc,False,
{F-0009257},01/26/2010 11:14:00,DA0003,PC-1003,9D2BA89E.jpg,False,
{F-0006278},01/26/2010 11:15:00,CA0002,PC-1002,8E23C931.jpg,False,
{F-0012810},01/26/2010 11:16:00,FA0005,PC-1005,A7D6B716.pdf,False,
{F-0009251},01/26/2010 11:17:00,DA0003,PC-1003,B2E7502A.xls,False,
{F-0017653},01/26/2010 11:21:00,IA0008,PC-1008,0BF7DD45.jpg,False,
{F-0029410},01/26/2010 11:23:00,OA0014,PC-1014,146F5A47.xls,False,
{F-0014693},01/26/2010 11:24:00,GA0006,PC-1006,89A5CE8B.txt,False,
{F-0033209},01/26/2010 11:25:00,QA0016,PC-1016,24D410B1.pdf,False,
{F-0033210},01/26/2010 11:31:00,QA0016,PC-1016,41F8AB8C.txt,False,
{F-0003419},01/26/2010 11:32:00,BA0001,PC-1001,2264DA07.xls,False,
{F-0019572},01/26/2010 11:35:00,JA0009,PC-1009,27A44222.txt,False,
{F-0012815},01/26/2010 11:42:00,FA0005,PC-1005,617F2882.xls,False,
{F-0017649},01/26/2010 11:42:00,IA0008,PC-1008,E6FFC8DA.doc,False,
{F-0027460},01/26/2010 11:45:00,NA0013,PC-1013,00B0BB21.xls,False,
{F-0003405},01/26/2010 11:47:00,BA0001,PC-1001,294AE077.doc,False,
{F-0014701},01/26/2010 11:47:00,GA0006,PC-1006,7AF35AA8.doc,False,
{F-0016522},01/26/2010 11:47:00,HA0007,PC-1007,5EAE4F63.txt,False,
{F-0029411},01/26/2010 11:48:00,OA0014,PC-1014,524F21DF.xlsx,False,
{F-0003402},01/26/2010 11:49:00,BA0001,PC-1001,2E6392E4.xlsx,False,
{F-0012805},01/26/2010 11:49:00,FA0005,PC-1005,4F4EDC4C.txt,False,
{F-0029406},01/26/2010 11:53:00,OA0014,PC-1014,A993EE7C.pdf,False,
{F-0006285},01/26/2010 11:55:00,CA0002,PC-1002,463720C0.doc,False,
{F-0021557},01/26/2010 11:58:00,KA0010,PC-1010,16289D64.txt,False,
{F-0000943},01/26/2010 12:00:00,AA0000,PC-1000,0BCFCCC3.xlsx,False,
{F-0011476},01/26/2010 12:02:00,EA0004,PC-1004,BCB0D76F.txt,False,
{F-0012809},01/26/2010 12:04:00,FA0005,PC-1005,EC55CFC1.xlsx,False,
{F-0029407},01/26/2010 12:16:00,OA0014,PC-1014,B43585FF.txt,False,
{F-0009248},01/26/2010 12:19:00,DA0003,PC-1003,115276E7.xlsx,False,
{F-0009262},01/26/2010 12:32:00,DA0003,PC-1003,3860AA27.doc,False,
{F-0003414},01/26/2010 12:35:00,BA0001,PC-1001,9498D982.pdf,False,
{F-0011471},01/26/2010 12:37:00,EA0004,PC-1004,8F2182F1.xls,False,
{F-0019565},01/26/2010 12:39:00,JA0009,PC-1009,B75E5A97.xlsx,False,
{F-0011475},01/26/2010 12:41:00,EA0004,PC-1004,DEA127F5.doc,False,
{F-0017646},01/26/2010 12:42:00,IA0008,PC-1008,926A6AF6.pdf,False,
{F-0016521},01/26/2010 12:43:00,HA0007,PC-1007,82E65FAE.xlsx,False,
{F-0000940},01/26/2010 12:46:00,AA0000,PC-1000,6A1F864A.jpg,False,
{F-0006286},01/26/2010 12:47:00,CA0002,PC-1002,49172480.xls,False,
{F-0000935},01/26/2010 12:51:00,AA0000,PC-1000,7A9DD0B1.txt,False,
{F-0014697},01/26/2010 12:54:00,GA0006,PC-1006,B2A95476.doc,False,
{F-0016530},01/26/2010 12:54:00,HA0007,PC-1007,5312ED65.doc,False,
{F-0017651},01/26/2010 12:55:00,IA0008,PC-1008,9040FDC6.xlsx,False,
{F-0025530},01/26/2010 12:55:00,MA0012,PC-1012,57F019AF.xlsx,False,
{F-0029404},01/26/2010 12:55:00,OA0014,PC-1014,FD06464F.doc,False,
{F-0009250},01/26/2010 13:07:00,DA0003,PC-1003,3CB29080.txt,False,
{F-0029415},01/26/2010 13:09:00,OA0014,PC-1014,995E808E.doc,False,
{F-0000942},01/26/2010 13:10:00,AA0000,PC-1000,706A6095.txt,False,
{F-0017652},01/26/2010 13:13:00,IA0008,PC-1008,818A1A0F.jpg,False,
{F-0023545},01/26/2010 13:13:00,LA0011,PC-1011,9290A1AE.doc,False,
{F-0019564},01/26/2010 13:16:00,JA0009,PC-1009,D9380ECE.pdf,False,
{F-0025529},01/26/2010 13:18:00,MA0012,PC-1012,6280F493.jpg,False,
{F-0023549},01/26/2010 13:22:00,LA0011,PC-1011,989B24B9.txt,False,
{F-0003403},01/26/2010 13:24:00,BA0001,PC-1001,8F421BFA.pdf,False,
{F-0023541},01/26/2010 13:24:00,LA0011,PC-1011,EC6EDC1A.jpg,False,
{F-0027466},01/26/2010 13:24:00,NA0013,PC-1013,9F1E11FD.pdf,False,
{F-0000941},01/26/2010 13:25:00,AA0000,PC-1000,A989E371.jpg,False,
{F-0031689},01/26/2010 13:25:00,PA0015,PC-1015,332CB0CE.doc,False,
{F-0017644},01/26/2010 13:26:00,IA0008,PC-1008,FF091E67.xls,False,
{F-0019571},01/26/2010 13:27:00,JA0009,PC-1009,2A45F924.txt,False,
{F-0019567},01/26/2010 13:28:00,JA0009,PC-1009,3266C09D.doc,False,
{F-0003420},01/26/2010 13:32:00,BA0001,PC-1001,3D5D867F.doc,False,
{F-0003406},01/26/2010 13:36:00,BA0001,PC-1001,C098E6F5.xls,False,
{F-0014692},01/26/2010 13:37:00,GA0006,PC-1006,6C07F02C.txt,False,
{F-0025533},01/26/2010 13:37:00,MA0012,PC-1012,34D4661F.pdf,False,
{F-0017645},01/26/2010 13:38:00,IA0008,PC-1008,E8AF842E.txt,False,
{F-0009263},01/26/2010 13:40:00,DA0003,PC-1003,F156F17E.jpg,False,
{F-0014702},01/26/2010 13:41:00,GA0006,PC-1006,BD6B6369.doc,False,
{F-0006281},01/26/2010 13:43:00,CA0002,PC-1002,964458EE.pdf,False,
{F-0003401},01/26/2010 13:44:00,BA0001,PC-1001,E7FFA7AC.jpg,False,
{F-0023544},01/26/2010 13:45:00,LA0011,PC-1011,19FCCC29.doc,False,
{F-0011470},01/26/2010 13:50:00,EA0004,PC-1004,F82DD31A.pdf,False,
{F-0016529},01/26/2010 13:52:00,HA0007,PC-1007,26919AF1.doc,False,
{F-0017654},01/26/2010 13:52:00,IA0008,PC-1008,06B5E175.jpg,False,
{F-0009258},01/26/2010 14:04:00,DA0003,PC-1003,DEF054C7.doc,False,
{F-0025538},01/26/2010 14:04:00,MA0012,PC-1012,57059F02.doc,False,
{F-0012813},01/26/2010 14:05:00,FA0005,PC-1005,9AA22676.txt,False,
{F-0029414},01/26/2010 14:05:00,OA0014,PC-1014,32FE4540.xls,False,
{F-0019575},01/26/2010 14:06:00,JA0009,PC-1009,85330D2A.doc,False,
{F-0021548},01/26/2010 14:06:00,KA0010,PC-1010,C8335E85.xlsx,False,
{F-0019576},01/26/2010 14:07:00,JA0009,PC-1009,74E7641E.jpg,False,
{F-0031688},01/26/2010 14:09:00,PA0015,PC-1015,7A213F36.jpg,False,
{F-0021556},01/26/2010 14:13:00,KA0010,PC-1010,A4E0A3FB.doc,False,
{F-0000946},01/26/2010 14:14:00,AA0000,PC-1000,547A5B47.xlsx,False,
{F-0031686},01/26/2010 14:28:00,PA0015,PC-1015,8113A42D.doc,False,
{F-0023543},01/26/2010 14:31:00,LA0011,PC-1011,B672377D.txt,False,
{F-0003416},01/26/2010 14:40:00,BA0001,PC-1001,94FF14CE.doc,False,
{F-0019568},01/26/2010 14:42:00,JA0009,PC-1009,4212E9B8.txt,False,
{F-0003407},01/26/2010 14:46:00,BA0001,PC-1001,BE67595F.txt,False,
{F-0014696},01/26/2010 14:53:00,GA0006,PC-1006,B0D7B57F.xlsx,False,
{F-0029420},01/26/2010 14:56:00,OA0014,PC-1014,7202BDC9.doc,False,
{F-0017648},01/26/2010 15:03:00,IA0008,PC-1008,7C7D7D54.xls,False,
{F-0031694},01/26/2010 15:10:00,PA0015,PC-1015,9E4BA35F.xls,False,
{F-0012807},01/26/2010 15:11:00,FA0005,PC-1005,C4ED1085.pdf,False,
{F-0033206},01/26/2010 15:11:00,QA0016,PC-1016,37855D40.xls,False,
{F-0023540},01/26/2010 15:15:00,LA0011,PC-1011,14F473A2.txt,False,
{F-0031692},01/26/2010 15:15:00,PA0015,PC-1015,46B557B7.doc,False,
{F-0000936},01/26/2010 15:16:00,AA0000,PC-1000,8001D1C3.doc,False,
{F-0011477},01/26/2010 15:23:00,EA0004,PC-1004,5BF1B83A.doc,False,
{F-0023551},01/26/2010 15:25:00,LA0011,PC-1011,0A08A955.doc,False,
{F-0025532},01/26/2010 15:27:00,MA0012,PC-1012,EA89AB05.xls,False,
{F-0012811},01/26/2010 15:32:00,FA0005,PC-1005,C564537D.txt,False,
{F-0011474},01/26/2010 15:40:00,EA0004,PC-1004,69562607.xlsx,False,
{F-0014700},01/26/2010 15:48:00,GA0006,PC-1006,6535073B.pdf,False,
{F-0000945},01/26/2010 15:50:00,AA0000,PC-1000,C9E23A39.pdf,False,
{F-0027464},01/26/2010 15:55:00,NA0013,PC-1013,37269E65.doc,False,
{F-0021555},01/26/2010 16:02:00,KA0010,PC-1010,6018C6D7.doc,False,
{F-0000937},01/26/2010 16:06:00,AA0000,PC-1000,AA676B11.txt,False,
{F-0009249},01/26/2010 16:06:00,DA0003,PC-1003,A4347A28.xlsx,False,
{F-0012812},01/26/2010 16:06:00,FA0005,PC-1005,8ED5119A.xlsx,False,
{F-0016524},01/26/2010 16:06:00,HA0007,PC-1007,2015D54D.jpg,False,
{F-0033205},01/26/2010 16:06:00,QA0016,PC-1016,66A14B6D.xlsx,False,
{F-0023552},01/26/2010 16:07:00,LA0011,PC-1011,4FCF2C33.doc,False,
{F-0031691},01/26/2010 16:09:00,PA0015,PC-1015,827FF2A0.txt,False,
{F-0003409},01/26/2010 16:10:00,BA0001,PC-1001,4D813AF7.xlsx,False,
{F-0014699},01/26/2010 16:11:00,GA0006,PC-1006,8679A928.doc,False,
{F-0021550},01/26/2010 16:15:00,KA0010,PC-1010,693F4BFE.doc,False,
{F-0034497},01/26/2010 16:16:00,RA0017,PC-1017,D12CA351.doc,False,
{F-0009261},01/26/2010 16:17:00,DA0003,PC-1003,B0603293.xls,False,
{F-0000932},01/26/2010 16:19:00,AA0000,PC-1000,6C5A3726.pdf,False,
{F-0031690},01/26/2010 16:21:00,PA0015,PC-1015,2EA599F3.jpg,False,
{F-0025531},01/26/2010 16:23:00,MA0012,PC-1012,7A094B4D.doc,False,
{F-0031683},01/26/2010 16:23:00,PA0015,PC-1015,FE919782.xls,False,
{F-0011472},01/26/2010 16:24:00,EA0004,PC-1004,93ECBF16.doc,False,
{F-0023554},01/26/2010 16:25:00,LA0011,PC-1011,46F6AD3A.doc,False,
{F-0027462},01/26/2010 16:25:00,NA0013,PC-1013,AE8BE9C9.doc,False,
{F-0000933},01/26/2010 16:27:00,AA0000,PC-1000,A22F9E61.txt,False,
{F-0003413},01/26/2010 16:28:00,BA0001,PC-1001,435D217E.txt,False,
{F-0016527},01/26/2010 16:31:00,HA0007,PC-1007,E56DDC9C.doc,False,
{F-0000934},01/26/2010 16:32:00,AA0000,PC-1000,75F3088B.xlsx,False,
{F-0003425},01/26/2010 16:32:00,BA0001,PC-1001,651C384F.doc,False,
{F-0023542},01/26/2010 16:32:00,LA0011,PC-1011,FD1BFF5F.pdf,False,
{F-0009253},01/26/2010 16:33:00,DA0003,PC-1003,5AA4A481.jpg,False,
{F-0014698},01/26/2010 16:35:00,GA0006,PC-1006,150B76A8.txt,False,
{F-0000939},01/26/2010 16:40:00,AA0000,PC-1000,2EDCCD85.txt,False,
{F-0012808},01/26/2010 16:41:00,FA0005,PC-1005,6CEC15C8.xlsx,False,
{F-0011473},01/26/2010 16:47:00,EA0004,PC-1004,A525F6C7.doc,False,
{F-0012817},01/26/2010 16:49:00,FA0005,PC-1005,07C95636.pdf,False,
{F-0006275},01/26/2010 16:51:00,CA0002,PC-1002,5F55CC3C.doc,False,
{F-0003423},01/26/2010 16:56:00,BA0001,PC-1001,37253169.xls,False,
{F-0014695},01/26/2010 17:05:00,GA0006,PC-1006,10AC152E.txt,False,
{F-0021552},01/26/2010 17:08:00,KA0010,PC-1010,A79C858E.pdf,False,
{F-0031684},01/26/2010 17:14:00,PA0015,PC-1015,0B80C5ED.pdf,False,
{F-0003408},01/26/2010 17:22:00,BA0001,PC-1001,47911753.doc,False,
{F-0003412},01/26/2010 17:22:00,BA0001,PC-1001,6C29B0AF.txt,False,
{F-0027461},01/26/2010 17:22:00,NA0013,PC-1013,7BEEF219.doc,False,
{F-0031693},01/26/2010 17:29:00,PA0015,PC-1015,997E03F0.xlsx,False,
{F-0012816},01/26/2010 17:35:00,FA0005,PC-1005,BED340C9.doc,False,
{F-0003404},01/26/2010 17:36:00,BA0001,PC-1001,CF82D4C7.doc,False,
{F-0003422},01/26/2010 17:36:00,BA0001,PC-1001,9438C5D4.jpg,False,
{F-0006284},01/26/2010 17:40:00,CA0002,PC-1002,D6BC7B6B.xlsx,False,
{F-0003418},01/26/2010 17:47:00,BA0001,PC-1001,4538D793.pdf,False,
{F-0003424},01/26/2010 17:47:00,BA0001,PC-1001,6D0B9BE7.doc,False,
{F-0021560},01/26/2010 17:47:00,KA0010,PC-1010,AF593124.xls,False,
{F-0027467},01/26/2010 17:50:00,NA0013,PC-1013,BF3CEAFC.xls,False,
{F-0034498},01/26/2010 17:57:00,RA0017,PC-1017,7DB3F0D4.jpg,False,
{F-0006280},01/26/2010 18:22:00,CA0002,PC-1002,2F596D05.txt,False,
{F-0012806},01/26/2010 18:23:00,FA0005,PC-1005,74E0A0A5.xlsx,False,
{F-0006282},01/26/2010 18:34:00,CA0002,PC-1002,5134CA51.doc,False,
{F-0021549},01/26/2010 18:41:00,KA0010,PC-1010,50CE9251.xlsx,False,
{F-0021554},01/26/2010 18:45:00,KA0010,PC-1010,6F4BA66D.jpg,False,
{F-0006283},01/26/2010 19:07:00,CA0002,PC-1002,92CE090E.xls,False,
{F-0006274},01/26/2010 19:09:00,CA0002,PC-1002,C6779BD6.doc,False,
{F-0017701},01/27/2010 07:28:00,IA0008,PC-1008,F22E31E0.txt,False,
{F-0025607},01/27/2010 07:33:00,MA0012,PC-1012,6FB769F4.txt,False,
{F-0023572},01/27/2010 07:39:00,LA0011,PC-1011,660FD634.doc,False,
{F-0023573},01/27/2010 07:41:00,LA0011,PC-1011,07866D93.xls,False,
{F-0025608},01/27/2010 07:59:00,MA0012,PC-1012,1E554518.xlsx,False,
{F-0019618},01/27/2010 08:28:00,JA0009,PC-1009,C78745A4.txt,False,
{F-0023582},01/27/2010 08:30:00,LA0011,PC-1011,7B9EEA90.xlsx,False,
{F-0023584},01/27/2010 08:32:00,LA0011,PC-1011,E3968C7C.doc,False,
{F-0023587},01/27/2010 08:33:00,LA0011,PC-1011,BB04BD4A.txt,False,
{F-0019617},01/27/2010 08:36:00,JA0009,PC-1009,CF543FE4.pdf,False,
{F-0023585},01/27/2010 08:36:00,LA0011,PC-1011,BC1E3B64.xls,False,
{F-0003479},01/27/2010 08:52:00,BA0001,PC-1001,CBB82EDE.xls,False,
{F-0017695},01/27/2010 08:54:00,IA0008,PC-1008,674ABD95.doc,False,
{F-0017693},01/27/2010 08:59:00,IA0008,PC-1008,15E71CD1.jpg,False,
{F-0017702},01/27/2010 09:03:00,IA0008,PC-1008,D2512330.xls,False,
{F-0003476},01/27/2010 09:08:00,BA0001,PC-1001,0DFC41D8.pdf,False,
{F-0023581},01/27/2010 09:10:00,LA0011,PC-1011,22C79341.doc,False,
{F-0011499},01/27/2010 09:12:00,EA0004,PC-1004,181E55C3.jpg,False,
{F-0021608},01/27/2010 09:12:00,KA0010,PC-1010,4B7B64F5.txt,False,
{F-0033235},01/27/2010 09:14:00,QA0016,PC-1016,97C83726.pdf,False,
{F-0006372},01/27/2010 09:17:00,CA0002,PC-1002,71DA5CC8.xls,False,
{F-0033236},01/27/2010 09:17:00,QA0016,PC-1016,C020C1B3.jpg,False,
{F-0001004},01/27/2010 09:18:00,AA0000,PC-1000,31D6169C.pdf,False,
{F-0021604},01/27/2010 09:24:00,KA0010,PC-1010,3499274D.xlsx,False,
{F-0025617},01/27/2010 09:25:00,MA0012,PC-1012,4B54A7D0.xls,False,
{F-0021611},01/27/2010 09:31:00,KA0010,PC-1010,BE815BD0.doc,False,
{F-0011497},01/27/2010 09:32:00,EA0004,PC-1004,E1A9A2CD.xls,False,
{F-0025604},01/27/2010 09:36:00,MA0012,PC-1012,A32DB4E3.doc,False,
{F-0025614},01/27/2010 09:41:00,MA0012,PC-1012,553B448A.pdf,False,
{F-0019621},01/27/2010 09:50:00,JA0009,PC-1009,7A96C5BD.doc,False,
{F-0017687},01/27/2010 09:53:00,IA0008,PC-1008,7B2CA582.txt,False,
{F-0012838},01/27/2010 10:00:00,FA0005,PC-1005,E6F20255.jpg,False,
{F-0025605},01/27/2010 10:00:00,MA0012,PC-1012,04F3BE87.doc,False,
{F-0003478},01/27/2010 10:06:00,BA0001,PC-1001,A2598DDC.doc,False,
{F-0029480},01/27/2010 10:06:00,OA0014,PC-1014,774FD9CE.xls,False,
{F-0031734},01/27/2010 10:06:00,PA0015,PC-1015,FEACA22C.xls,False,
{F-0001001},01/27/2010 10:07:00,AA0000,PC-1000,6ED3337E.doc,False,
{F-0025606},01/27/2010 10:10:00,MA0012,PC-1012,1C3914DB.xls,False,
{F-0000999},01/27/2010 10:17:00,AA0000,PC-1000,2D2FE4F1.jpg,False,
{F-0034512},01/27/2010 10:20:00,RA0017,PC-1017,AD877C57.doc,False,
{F-0019614},01/27/2010 10:22:00,JA0009,PC-1009,CF163E78.doc,False,
{F-0025611},01/27/2010 10:23:00,MA0012,PC-1012,1E6EE87A.jpg,False,
{F-0006370},01/27/2010 10:25:00,CA0002,PC-1002,C7568B2F.xls,False,
{F-0006376},01/27/2010 10:28:00,CA0002,PC-1002,AE6460D4.xlsx,False,
{F-0001005},01/27/2010 10:40:00,AA0000,PC-1000,D7B7A1C0.doc,False,
{F-0014745},01/27/2010 10:40:00,GA0006,PC-1006,350A98DC.doc,False,
{F-0001002},01/27/2010 10:50:00,AA0000,PC-1000,8223BDF1.jpg,False,
{F-0006357},01/27/2010 10:50:00,CA0002,PC-1002,F5CE59F2.doc,False,
{F-0006366},01/27/2010 10:55:00,CA0002,PC-1002,97369B2B.xls,False,
{F-0016555},01/27/2010 10:56:00,HA0007,PC-1007,78C0DDD4.jpg,False,
{F-0006356},01/27/2010 10:57:00,CA0002,PC-1002,CC23FB3B.doc,False,
{F-0011503},01/27/2010 11:04:00,EA0004,PC-1004,839A385C.pdf,False,
{F-0012847},01/27/2010 11:04:00,FA0005,PC-1005,3A1C01AA.xls,False,
{F-0019615},01/27/2010 11:06:00,JA0009,PC-1009,0084BC6E.doc,False,
{F-0019620},01/27/2010 11:13:00,JA0009,PC-1009,DE64E93A.xls,False,
{F-0016556},01/27/2010 11:14:00,HA0007,PC-1007,D417F7E3.txt,False,
{F-0017699},01/27/2010 11:16:00,IA0008,PC-1008,3A0901FC.txt,False,
{F-0017685},01/27/2010 11:18:00,IA0008,PC-1008,7BED630A.doc,False,
{F-0017696},01/27/2010 11:18:00,IA0008,PC-1008,4104B85C.xls,False,
{F-0021613},01/27/2010 11:23:00,KA0010,PC-1010,C5D66E2A.jpg,False,
{F-0003485},01/27/2010 11:24:00,BA0001,PC-1001,E911D4F8.jpg,False,
{F-0034513},01/27/2010 11:24:00,RA0017,PC-1017,894572A2.doc,False,
{F-0011502},01/27/2010 11:31:00,EA0004,PC-1004,D35EB80E.xlsx,False,
{F-0006352},01/27/2010 11:34:00,CA0002,PC-1002,90C997D1.doc,False,
{F-0006375},01/27/2010 11:35:00,CA0002,PC-1002,1A5878E2.xlsx,False,
{F-0012845},01/27/2010 11:38:00,FA0005,PC-1005,46B653BE.xls,False,
{F-0019624},01/27/2010 11:40:00,JA0009,PC-1009,3F66690D.jpg,False,
{F-0014742},01/27/2010 11:41:00,GA0006,PC-1006,68A6C24B.pdf,False,
{F-0031730},01/27/2010 11:41:00,PA0015,PC-1015,86BA2F06.txt,False,
{F-0029486},01/27/2010 11:43:00,OA0014,PC-1014,76731984.xlsx,False,
{F-0029487},01/27/2010 11:43:00,OA0014,PC-1014,C9737945.pdf,False,
{F-0006353},01/27/2010 11:44:00,CA0002,PC-1002,F458374D.xlsx,False,
{F-0023580},01/27/2010 11:44:00,LA0011,PC-1011,CDCF7EED.jpg,False,
{F-0017700},01/27/2010 11:46:00,IA0008,PC-1008,9056FFFC.doc,False,
{F-0016553},01/27/2010 11:48:00,HA0007,PC-1007,FD89553B.pdf,False,
{F-0003477},01/27/2010 11:51:00,BA0001,PC-1001,7A6E5AED.pdf,False,
{F-0017692},01/27/2010 11:56:00,IA0008,PC-1008,2BE27854.xlsx,False,
{F-0017679},01/27/2010 12:00:00,IA0008,PC-1008,B82884D1.pdf,False,
{F-0011504},01/27/2010 12:04:00,EA0004,PC-1004,D54AF0BA.doc,False,
{F-0014741},01/27/2010 12:11:00,GA0006,PC-1006,796F56EB.xlsx,False,
{F-0017682},01/27/2010 12:11:00,IA0008,PC-1008,680E8BB3.xlsx,False,
{F-0029483},01/27/2010 12:11:00,OA0014,PC-1014,3567F293.doc,False,
{F-0029482},01/27/2010 12:15:00,OA0014,PC-1014,ADC4A1AF.txt,False,
{F-0031726},01/27/2010 12:16:00,PA0015,PC-1015,73DAFF47.doc,False,
{F-0006351},01/27/2010 12:17:00,CA0002,PC-1002,D8482862.doc,False,
{F-0019616},01/27/2010 12:17:00,JA0009,PC-1009,C12BA78B.doc,False,
{F-0014743},01/27/2010 12:18:00,GA0006,PC-1006,B16CFE8C.jpg,False,
{F-0006373},01/27/2010 12:24:00,CA0002,PC-1002,5673F70B.txt,False,
{F-0033234},01/27/2010 12:24:00,QA0016,PC-1016,A9CBC245.xlsx,False,
{F-0031735},01/27/2010 12:29:00,PA0015,PC-1015,8657EE30.pdf,False,
{F-0019623},01/27/2010 12:35:00,JA0009,PC-1009,397CB4D5.xls,False,
{F-0017698},01/27/2010 12:36:00,IA0008,PC-1008,E10AF711.doc,False,
{F-0003486},01/27/2010 12:48:00,BA0001,PC-1001,33CB9208.jpg,False,
{F-0006358},01/27/2010 12:49:00,CA0002,PC-1002,0F2C9866.jpg,False,
{F-0021610},01/27/2010 12:52:00,KA0010,PC-1010,711428F1.doc,False,
{F-0025616},01/27/2010 12:53:00,MA0012,PC-1012,45D747F5.xls,False,
{F-0029478},01/27/2010 12:55:00,OA0014,PC-1014,4BA76E88.pdf,False,
{F-0029488},01/27/2010 12:55:00,OA0014,PC-1014,DDF32049.xlsx,False,
{F-0006369},01/27/2010 12:58:00,CA0002,PC-1002,29B33444.txt,False,
{F-0003480},01/27/2010 12:59:00,BA0001,PC-1001,5976B3C3.doc,False,
{F-0014746},01/27/2010 12:59:00,GA0006,PC-1006,8CDCF696.xlsx,False,
{F-0031731},01/27/2010 13:00:00,PA0015,PC-1015,741B1691.xlsx,False,
{F-0011501},01/27/2010 13:02:00,EA0004,PC-1004,A9E9EF95.pdf,False,
{F-0014739},01/27/2010 13:05:00,GA0006,PC-1006,5BC83F09.txt,False,
{F-0006348},01/27/2010 13:07:00,CA0002,PC-1002,4885CAB6.xlsx,False,
{F-0006349},01/27/2010 13:09:00,CA0002,PC-1002,9D11CC11.doc,False,
{F-0017684},01/27/2010 13:13:00,IA0008,PC-1008,BD89A72F.jpg,False,
{F-0011500},01/27/2010 13:14:00,EA0004,PC-1004,D47273DA.doc,False,
{F-0029479},01/27/2010 13:14:00,OA0014,PC-1014,6800C3BC.xls,False,
{F-0033238},01/27/2010 13:14:00,QA0016,PC-1016,30961BAA.doc,False,
{F-0019626},01/27/2010 13:17:00,JA0009,PC-1009,CDDB11C5.doc,False,
{F-0014744},01/27/2010 13:20:00,GA0006,PC-1006,E58360D4.pdf,False,
{F-0021606},01/27/2010 13:20:00,KA0010,PC-1010,343B7460.jpg,False,
{F-0012846},01/27/2010 13:21:00,FA0005,PC-1005,47AAE6DB.jpg,False,
{F-0021607},01/27/2010 13:22:00,KA0010,PC-1010,5F944CBB.doc,False,
{F-0017683},01/27/2010 13:23:00,IA0008,PC-1008,7922CEC5.jpg,False,
{F-0006359},01/27/2010 13:26:00,CA0002,PC-1002,F322DB42.pdf,False,
{F-0021614},01/27/2010 13:28:00,KA0010,PC-1010,937EDD20.xls,False,
{F-0023577},01/27/2010 13:29:00,LA0011,PC-1011,9DB7C5C0.doc,False,
{F-0011505},01/27/2010 13:46:00,EA0004,PC-1004,A0BD1263.pdf,False,
{F-0016554},01/27/2010 13:46:00,HA0007,PC-1007,4A579F2F.pdf,False,
{F-0021612},01/27/2010 13:47:00,KA0010,PC-1010,E859BAEE.xls,False,
{F-0003482},01/27/2010 13:48:00,BA0001,PC-1001,902C791D.doc,False,
{F-0003481},01/27/2010 13:49:00,BA0001,PC-1001,88C5C8E9.doc,False,
{F-0019625},01/27/2010 13:49:00,JA0009,PC-1009,504319C6.doc,False,
{F-0017697},01/27/2010 13:51:00,IA0008,PC-1008,68EBA7E7.jpg,False,
{F-0006368},01/27/2010 14:02:00,CA0002,PC-1002,F4BFCBA3.pdf,False,
{F-0017677},01/27/2010 14:05:00,IA0008,PC-1008,A1CEB63A.doc,False,
{F-0017689},01/27/2010 14:05:00,IA0008,PC-1008,18E42032.doc,False,
{F-0000998},01/27/2010 14:06:00,AA0000,PC-1000,3D91A459.xls,False,
{F-0023578},01/27/2010 14:18:00,LA0011,PC-1011,2C9E34A8.doc,False,
{F-0031728},01/27/2010 14:23:00,PA0015,PC-1015,A1A3D23E.doc,False,
{F-0006364},01/27/2010 14:24:00,CA0002,PC-1002,313E79F1.jpg,False,
{F-0021605},01/27/2010 14:27:00,KA0010,PC-1010,6804350B.jpg,False,
{F-0017691},01/27/2010 14:28:00,IA0008,PC-1008,4D7E7AC1.pdf,False,
{F-0021615},01/27/2010 14:29:00,KA0010,PC-1010,EE8D6976.txt,False,
{F-0006360},01/27/2010 14:33:00,CA0002,PC-1002,85106435.doc,False,
{F-0000997},01/27/2010 14:35:00,AA0000,PC-1000,CA576793.xlsx,False,
{F-0001000},01/27/2010 14:35:00,AA0000,PC-1000,9B90C28E.xlsx,False,
{F-0019619},01/27/2010 14:35:00,JA0009,PC-1009,A6A252FA.pdf,False,
{F-0023579},01/27/2010 14:36:00,LA0011,PC-1011,D4B0947F.xlsx,False,
{F-0025610},01/27/2010 14:44:00,MA0012,PC-1012,FFBD99F2.doc,False,
{F-0012839},01/27/2010 14:49:00,FA0005,PC-1005,1F8CF13F.jpg,False,
{F-0003488},01/27/2010 14:50:00,BA0001,PC-1001,5E733DE0.pdf,False,
{F-0023576},01/27/2010 14:51:00,LA0011,PC-1011,13E221F2.xlsx,False,
{F-0003487},01/27/2010 14:52:00,BA0001,PC-1001,92AFA584.xls,False,
{F-0025612},01/27/2010 14:52:00,MA0012,PC-1012,C8C68DD9.xls,False,
{F-0006365},01/27/2010 14:54:00,CA0002,PC-1002,7BDEBEB5.doc,False,
{F-0017681},01/27/2010 14:54:00,IA0008,PC-1008,A583A0F4.jpg,False,
{F-0009293},01/27/2010 14:58:00,DA0003,PC-1003,617EBF95.xlsx,False,
{F-0017690},01/27/2010 15:04:00,IA0008,PC-1008,4D95432B.pdf,False,
{F-0006355},01/27/2010 15:07:00,CA0002,PC-1002,F65008C5.jpg,False,
{F-0029477},01/27/2010 15:07:00,OA0014,PC-1014,F76A0D03.xlsx,False,
{F-0031729},01/27/2010 15:15:00,PA0015,PC-1015,8D022590.xlsx,False,
{F-0023583},01/27/2010 15:16:00,LA0011,PC-1011,36CBDABA.xlsx,False,
{F-0025613},01/27/2010 15:16:00,MA0012,PC-1012,A89DF94C.pdf,False,
{F-0016557},01/27/2010 15:22:00,HA0007,PC-1007,4BAC5359.txt,False,
{F-0029476},01/27/2010 15:22:00,OA0014,PC-1014,31BEB232.xlsx,False,
{F-0031727},01/27/2010 15:24:00,PA0015,PC-1015,08E91503.doc,False,
{F-0017678},01/27/2010 15:25:00,IA0008,PC-1008,EAA2656C.xls,False,
{F-0029485},01/27/2010 15:27:00,OA0014,PC-1014,9ECAEB92.doc,False,
{F-0034516},01/27/2010 15:30:00,RA0017,PC-1017,E6124CBC.doc,False,
{F-0006377},01/27/2010 15:31:00,CA0002,PC-1002,A2ED92A5.xlsx,False,
{F-0006367},01/27/2010 15:32:00,CA0002,PC-1002,1CFA26B7.pdf,False,
{F-0029475},01/27/2010 15:32:00,OA0014,PC-1014,57660EB6.doc,False,
{F-0029481},01/27/2010 15:33:00,OA0014,PC-1014,D53560FC.xls,False,
{F-0014740},01/27/2010 15:35:00,GA0006,PC-1006,4173B3A3.jpg,False,
{F-0031732},01/27/2010 15:38:00,PA0015,PC-1015,C60CF1EB.doc,False,
{F-0017686},01/27/2010 15:43:00,IA0008,PC-1008,77C2D710.pdf,False,
{F-0011498},01/27/2010 15:45:00,EA0004,PC-1004,9B10AEAA.jpg,False,
{F-0029484},01/27/2010 15:45:00,OA0014,PC-1014,EB50DA2B.doc,False,
{F-0006354},01/27/2010 15:46:00,CA0002,PC-1002,15CCF3FE.doc,False,
{F-0017688},01/27/2010 15:49:00,IA0008,PC-1008,27AC2DD3.pdf,False,
{F-0023574},01/27/2010 15:52:00,LA0011,PC-1011,A6CDB955.xls,False,
{F-0006350},01/27/2010 15:57:00,CA0002,PC-1002,F0BDA412.pdf,False,
{F-0006362},01/27/2010 15:58:00,CA0002,PC-1002,5AD692D5.txt,False,
{F-0021616},01/27/2010 15:58:00,KA0010,PC-1010,DB12BA02.pdf,False,
{F-0012850},01/27/2010 16:03:00,FA0005,PC-1005,4BAC1B79.jpg,False,
{F-0017694},01/27/2010 16:06:00,IA0008,PC-1008,3F292FFB.xlsx,False,
{F-0019622},01/27/2010 16:06:00,JA0009,PC-1009,DA538612.doc,False,
{F-0023586},01/27/2010 16:11:00,LA0011,PC-1011,FE2A281D.doc,False,
{F-0034515},01/27/2010 16:11:00,RA0017,PC-1017,FF4659C8.jpg,False,
{F-0031733},01/27/2010 16:13:00,PA0015,PC-1015,02539BBB.doc,False,
{F-0003483},01/27/2010 16:16:00,BA0001,PC-1001,A6E27746.doc,False,
{F-0017680},01/27/2010 16:17:00,IA0008,PC-1008,8D193A66.doc,False,
{F-0025615},01/27/2010 16:17:00,MA0012,PC-1012,E0EAF330.txt,False,
{F-0023575},01/27/2010 16:18:00,LA0011,PC-1011,55B7B66F.txt,False,
{F-0021609},01/27/2010 16:19:00,KA0010,PC-1010,A4204943.jpg,False,
{F-0025603},01/27/2010 16:21:00,MA0012,PC-1012,E48B4F93.txt,False,
{F-0012848},01/27/2010 16:30:00,FA0005,PC-1005,79573EC0.pdf,False,
{F-0006363},01/27/2010 16:31:00,CA0002,PC-1002,DCA26133.xlsx,False,
{F-0003484},01/27/2010 16:42:00,BA0001,PC-1001,F67873DF.pdf,False,
{F-0006361},01/27/2010 16:42:00,CA0002,PC-1002,82F13CE7.doc,False,
{F-0025609},01/27/2010 16:45:00,MA0012,PC-1012,C49DC808.txt,False,
{F-0011506},01/27/2010 17:00:00,EA0004,PC-1004,E495E356.pdf,False,
{F-0001003},01/27/2010 17:02:00,AA0000,PC-1000,C8064E10.xlsx,False,
{F-0012841},01/27/2010 17:07:00,FA0005,PC-1005,BC5EAE2C.pdf,False,
{F-0006374},01/27/2010 17:27:00,CA0002,PC-1002,8E4674AD.txt,False,
{F-0012849},01/27/2010 17:50:00,FA0005,PC-1005,5811F347.doc,False,
{F-0006371},01/27/2010 17:55:00,CA0002,PC-1002,9441429D.xls,False,
{F-0012840},01/27/2010 18:00:00,FA0005,PC-1005,2D230C91.pdf,False,
{F-0034514},01/27/2010 18:03:00,RA0017,PC-1017,1651731A.txt,False,
{F-0006378},01/27/2010 18:24:00,CA0002,PC-1002,2E45F533.pdf,False,
{F-0012843},01/27/2010 18:42:00,FA0005,PC-1005,3838A68A.xlsx,False,
{F-0033237},01/27/2010 19:00:00,QA0016,PC-1016,3FDF4DB3.doc,False,
{F-0012844},01/27/2010 19:11:00,FA0005,PC-1005,E29F6DCA.txt,False,
{F-0012842},01/27/2010 19:15:00,FA0005,PC-1005,E941C958.xls,False,
{F-0025674},01/28/2010 07:29:00,MA0012,PC-1012,6B386931.jpg,False,
{F-0023623},01/28/2010 07:40:00,LA0011,PC-1011,85382DC2.pdf,False,
{F-0025670},01/28/2010 07:42:00,MA0012,PC-1012,65FD0315.xls,False,
{F-0027500},01/28/2010 07:49:00,NA0013,PC-1013,82FBC7CE.jpg,False,
{F-0017726},01/28/2010 07:52:00,IA0008,PC-1008,26BA5944.doc,False,
{F-0017723},01/28/2010 07:53:00,IA0008,PC-1008,68D9B0D4.txt,False,
{F-0025673},01/28/2010 08:00:00,MA0012,PC-1012,BAA413A2.txt,False,
{F-0009342},01/28/2010 08:01:00,DA0003,PC-1003,F7AB0CAF.xls,False,
{F-0029548},01/28/2010 08:03:00,OA0014,PC-1014,8EBADBAD.xlsx,False,
{F-0017722},01/28/2010 08:05:00,IA0008,PC-1008,7B6BCCF5.txt,False,
{F-0009346},01/28/2010 08:07:00,DA0003,PC-1003,C4C71EB5.xls,False,
{F-0014779},01/28/2010 08:16:00,GA0006,PC-1006,A9118531.xlsx,False,
{F-0009325},01/28/2010 08:17:00,DA0003,PC-1003,E2F8F863.pdf,False,
{F-0029537},01/28/2010 08:19:00,OA0014,PC-1014,FA0D4EA6.xls,False,
{F-0016576},01/28/2010 08:35:00,HA0007,PC-1007,C578D248.xlsx,False,
{F-0016575},01/28/2010 08:41:00,HA0007,PC-1007,77F1B5A5.doc,False,
{F-0001043},01/28/2010 08:45:00,AA0000,PC-1000,8202EA71.jpg,False,
{F-0023643},01/28/2010 08:48:00,LA0011,PC-1011,949A78BD.jpg,False,
{F-0001059},01/28/2010 08:49:00,AA0000,PC-1000,BB073AB4.doc,False,
{F-0003516},01/28/2010 08:50:00,BA0001,PC-1001,BFF2BC29.xlsx,False,
{F-0009323},01/28/2010 08:50:00,DA0003,PC-1003,2D5FC5BD.doc,False,
{F-0014777},01/28/2010 08:50:00,GA0006,PC-1006,B013C8D0.pdf,False,
{F-0001048},01/28/2010 08:51:00,AA0000,PC-1000,C82F5449.pdf,False,
{F-0009324},01/28/2010 08:57:00,DA0003,PC-1003,4AB3EB82.xls,False,
{F-0021641},01/28/2010 09:00:00,KA0010,PC-1010,E583AA7B.xls,False,
{F-0014773},01/28/2010 09:12:00,GA0006,PC-1006,C32BC34B.doc,False,
{F-0019660},01/28/2010 09:23:00,JA0009,PC-1009,6A6886C9.doc,False,
{F-0021645},01/28/2010 09:24:00,KA0010,PC-1010,A4C154CE.txt,False,
{F-0029543},01/28/2010 09:38:00,OA0014,PC-1014,58D3A2F5.jpg,False,
{F-0009339},01/28/2010 09:40:00,DA0003,PC-1003,D54A9490.doc,False,
{F-0017732},01/28/2010 09:40:00,IA0008,PC-1008,B93DA0A4.xls,False,
{F-0006446},01/28/2010 09:41:00,CA0002,PC-1002,57DBF598.pdf,False,
{F-0019665},01/28/2010 09:41:00,JA0009,PC-1009,AEF2A0A5.txt,False,
{F-0001038},01/28/2010 09:42:00,AA0000,PC-1000,C00C5CF2.doc,False,
{F-0019666},01/28/2010 09:42:00,JA0009,PC-1009,E0F55578.doc,False,
{F-0023631},01/28/2010 09:44:00,LA0011,PC-1011,3620C877.doc,False,
{F-0019658},01/28/2010 09:45:00,JA0009,PC-1009,8B7A2455.jpg,False,
{F-0006445},01/28/2010 09:47:00,CA0002,PC-1002,D2CCE519.pdf,False,
{F-0017738},01/28/2010 09:47:00,IA0008,PC-1008,5D02A35F.xlsx,False,
{F-0011531},01/28/2010 09:48:00,EA0004,PC-1004,4ACD63E4.xls,False,
{F-0023639},01/28/2010 09:51:00,LA0011,PC-1011,7C0FC992.xlsx,False,
{F-0017734},01/28/2010 09:54:00,IA0008,PC-1008,44ACB6A9.doc,False,
{F-0011533},01/28/2010 09:55:00,EA0004,PC-1004,B0D455EB.doc,False,
{F-0009338},01/28/2010 10:00:00,DA0003,PC-1003,7C0EA61A.doc,False,
{F-0031765},01/28/2010 10:01:00,PA0015,PC-1015,2E644AA2.txt,False,
{F-0019663},01/28/2010 10:03:00,JA0009,PC-1009,FABAE35F.doc,False,
{F-0006448},01/28/2010 10:05:00,CA0002,PC-1002,91A8C69D.xlsx,False,
{F-0009335},01/28/2010 10:08:00,DA0003,PC-1003,91539C47.jpg,False,
{F-0009341},01/28/2010 10:10:00,DA0003,PC-1003,E8EBA3EA.xlsx,False,
{F-0011534},01/28/2010 10:14:00,EA0004,PC-1004,E64E3DE6.jpg,False,
{F-0021644},01/28/2010 10:20:00,KA0010,PC-1010,A6BC82A7.doc,False,
{F-0016574},01/28/2010 10:21:00,HA0007,PC-1007,F9C03133.txt,False,
{F-0001058},01/28/2010 10:23:00,AA0000,PC-1000,E4FCE592.xls,False,
{F-0023634},01/28/2010 10:24:00,LA0011,PC-1011,698B002F.doc,False,
{F-0031760},01/28/2010 10:24:00,PA0015,PC-1015,7A91E7DE.txt,False,
{F-0023626},01/28/2010 10:27:00,LA0011,PC-1011,4D73627F.jpg,False,
{F-0016573},01/28/2010 10:28:00,HA0007,PC-1007,74F1B48C.txt,False,
{F-0031767},01/28/2010 10:29:00,PA0015,PC-1015,F1EFDC37.jpg,False,
{F-0019657},01/28/2010 10:33:00,JA0009,PC-1009,9C2B32E9.xls,False,
{F-0023630},01/28/2010 10:35:00,LA0011,PC-1011,8C57E7B2.pdf,False,
{F-0012877},01/28/2010 10:41:00,FA0005,PC-1005,0772D13E.xls,False,
{F-0017737},01/28/2010 10:41:00,IA0008,PC-1008,729A7586.pdf,False,
{F-0001057},01/28/2010 10:43:00,AA0000,PC-1000,9643762A.pdf,False,
{F-0009332},01/28/2010 10:43:00,DA0003,PC-1003,81DC02EE.doc,False,
{F-0034539},01/28/2010 10:43:00,RA0017,PC-1017,027EA9BF.xlsx,False,
{F-0031757},01/28/2010 10:45:00,PA0015,PC-1015,563B0DCE.xlsx,False,
{F-0023635},01/28/2010 10:46:00,LA0011,PC-1011,64B37613.doc,False,
{F-0033262},01/28/2010 10:48:00,QA0016,PC-1016,996FA51A.pdf,False,
{F-0034534},01/28/2010 10:55:00,RA0017,PC-1017,AEBD6697.xlsx,False,
{F-0023627},01/28/2010 11:00:00,LA0011,PC-1011,8F0C9137.doc,False,
{F-0009337},01/28/2010 11:03:00,DA0003,PC-1003,4CB2DBAA.doc,False,
{F-0009347},01/28/2010 11:04:00,DA0003,PC-1003,E6E73CE7.xls,False,
{F-0006439},01/28/2010 11:09:00,CA0002,PC-1002,BC1E7944.xlsx,False,
{F-0006433},01/28/2010 11:10:00,CA0002,PC-1002,3FF246DC.jpg,False,
{F-0033264},01/28/2010 11:10:00,QA0016,PC-1016,726D1D23.pdf,False,
{F-0006443},01/28/2010 11:15:00,CA0002,PC-1002,9B6C374F.xls,False,
{F-0006454},01/28/2010 11:15:00,CA0002,PC-1002,17703CC8.jpg,False,
{F-0034540},01/28/2010 11:17:00,RA0017,PC-1017,D19DCD42.doc,False,
{F-0012880},01/28/2010 11:23:00,FA0005,PC-1005,7146AFA2.pdf,False,
{F-0017729},01/28/2010 11:25:00,IA0008,PC-1008,BFC323B1.xlsx,False,
{F-0006426},01/28/2010 11:26:00,CA0002,PC-1002,B8A27FB7.doc,False,
{F-0027501},01/28/2010 11:28:00,NA0013,PC-1013,29BF8102.doc,False,
{F-0019664},01/28/2010 11:31:00,JA0009,PC-1009,FE847373.doc,False,
{F-0023645},01/28/2010 11:32:00,LA0011,PC-1011,5D6C38DC.doc,False,
{F-0014772},01/28/2010 11:37:00,GA0006,PC-1006,B74A7C55.pdf,False,
{F-0017727},01/28/2010 11:38:00,IA0008,PC-1008,CD867C86.doc,False,
{F-0006452},01/28/2010 11:39:00,CA0002,PC-1002,22363E6C.doc,False,
{F-0023637},01/28/2010 11:44:00,LA0011,PC-1011,01934345.doc,False,
{F-0031766},01/28/2010 11:45:00,PA0015,PC-1015,F0762D78.txt,False,
{F-0034535},01/28/2010 11:45:00,RA0017,PC-1017,DFEBB32D.doc,False,
{F-0001053},01/28/2010 11:47:00,AA0000,PC-1000,92257A1C.doc,False,
{F-0012875},01/28/2010 11:50:00,FA0005,PC-1005,293F0F9E.txt,False,
{F-0003514},01/28/2010 11:52:00,BA0001,PC-1001,72BCD075.doc,False,
{F-0019661},01/28/2010 11:52:00,JA0009,PC-1009,6E7A388E.pdf,False,
{F-0029541},01/28/2010 11:57:00,OA0014,PC-1014,81D02F53.txt,False,
{F-0025669},01/28/2010 11:58:00,MA0012,PC-1012,5F7738FA.pdf,False,
{F-0021648},01/28/2010 12:01:00,KA0010,PC-1010,11ED30BF.doc,False,
{F-0012868},01/28/2010 12:02:00,FA0005,PC-1005,8D1CBD23.txt,False,
{F-0031756},01/28/2010 12:03:00,PA0015,PC-1015,4EB28FF8.jpg,False,
{F-0009326},01/28/2010 12:04:00,DA0003,PC-1003,BCCC2DE3.xlsx,False,
{F-0023628},01/28/2010 12:04:00,LA0011,PC-1011,66224319.xlsx,False,
{F-0034537},01/28/2010 12:06:00,RA0017,PC-1017,9C6330E1.doc,False,
{F-0006435},01/28/2010 12:10:00,CA0002,PC-1002,1B33837C.xls,False,
{F-0029538},01/28/2010 12:12:00,OA0014,PC-1014,40881229.xls,False,
{F-0014775},01/28/2010 12:13:00,GA0006,PC-1006,FF8CF396.xls,False,
{F-0012873},01/28/2010 12:16:00,FA0005,PC-1005,30650181.jpg,False,
{F-0019662},01/28/2010 12:16:00,JA0009,PC-1009,6478E403.doc,False,
{F-0014774},01/28/2010 12:18:00,GA0006,PC-1006,27330B55.doc,False,
{F-0017730},01/28/2010 12:29:00,IA0008,PC-1008,B1CC96B6.pdf,False,
{F-0029544},01/28/2010 12:30:00,OA0014,PC-1014,67E933FC.txt,False,
{F-0029542},01/28/2010 12:32:00,OA0014,PC-1014,AFE80E80.xlsx,False,
{F-0012872},01/28/2010 12:33:00,FA0005,PC-1005,DD95BF82.xlsx,False,
{F-0021642},01/28/2010 12:37:00,KA0010,PC-1010,BB0CF4D2.doc,False,
{F-0012867},01/28/2010 12:39:00,FA0005,PC-1005,D77D37CA.pdf,False,
{F-0006455},01/28/2010 12:40:00,CA0002,PC-1002,61292374.doc,False,
{F-0023646},01/28/2010 12:42:00,LA0011,PC-1011,3F8295AC.jpg,False,
{F-0031759},01/28/2010 12:42:00,PA0015,PC-1015,4A89C111.txt,False,
{F-0019656},01/28/2010 12:43:00,JA0009,PC-1009,7784A4B7.doc,False,
{F-0009331},01/28/2010 12:47:00,DA0003,PC-1003,83CD6B36.doc,False,
{F-0006425},01/28/2010 12:49:00,CA0002,PC-1002,E10659E5.jpg,False,
{F-0034538},01/28/2010 12:51:00,RA0017,PC-1017,D7D2518A.txt,False,
{F-0001040},01/28/2010 12:52:00,AA0000,PC-1000,DBDDFA44.doc,False,
{F-0012862},01/28/2010 12:53:00,FA0005,PC-1005,E0E660B4.txt,False,
{F-0033261},01/28/2010 12:56:00,QA0016,PC-1016,C0B4CEB5.jpg,False,
{F-0014776},01/28/2010 12:59:00,GA0006,PC-1006,E9EA8026.pdf,False,
{F-0011528},01/28/2010 13:01:00,EA0004,PC-1004,C2440B8E.doc,False,
{F-0001055},01/28/2010 13:04:00,AA0000,PC-1000,7E3A410E.xlsx,False,
{F-0019650},01/28/2010 13:04:00,JA0009,PC-1009,FC63176D.jpg,False,
{F-0001054},01/28/2010 13:05:00,AA0000,PC-1000,A95FB8B7.pdf,False,
{F-0006451},01/28/2010 13:12:00,CA0002,PC-1002,E70EEA30.jpg,False,
{F-0009328},01/28/2010 13:14:00,DA0003,PC-1003,5B4FDC11.jpg,False,
{F-0019654},01/28/2010 13:14:00,JA0009,PC-1009,DC608961.doc,False,
{F-0023641},01/28/2010 13:16:00,LA0011,PC-1011,5E8AA6A7.jpg,False,
{F-0012876},01/28/2010 13:20:00,FA0005,PC-1005,A01C5621.txt,False,
{F-0031762},01/28/2010 13:27:00,PA0015,PC-1015,BC5134BF.jpg,False,
{F-0001049},01/28/2010 13:28:00,AA0000,PC-1000,D9A6BD17.xls,False,
{F-0012871},01/28/2010 13:29:00,FA0005,PC-1005,B4C3ECF6.doc,False,
{F-0031761},01/28/2010 13:31:00,PA0015,PC-1015,E019FA96.doc,False,
{F-0006424},01/28/2010 13:36:00,CA0002,PC-1002,7C67EB20.doc,False,
{F-0001039},01/28/2010 13:40:00,AA0000,PC-1000,6AAC36F7.xlsx,False,
{F-0023629},01/28/2010 13:43:00,LA0011,PC-1011,7186777C.xlsx,False,
{F-0017725},01/28/2010 13:45:00,IA0008,PC-1008,A1348730.xlsx,False,
{F-0012866},01/28/2010 13:46:00,FA0005,PC-1005,3F340F56.doc,False,
{F-0023624},01/28/2010 13:49:00,LA0011,PC-1011,A5ED6ECC.jpg,False,
{F-0009334},01/28/2010 13:50:00,DA0003,PC-1003,7BE51D32.txt,False,
{F-0019651},01/28/2010 13:51:00,JA0009,PC-1009,09D4A96E.xls,False,
{F-0009345},01/28/2010 13:54:00,DA0003,PC-1003,2F1FA616.txt,False,
{F-0009330},01/28/2010 13:57:00,DA0003,PC-1003,8DB73D17.doc,False,
{F-0006441},01/28/2010 13:59:00,CA0002,PC-1002,4CED0B43.xls,False,
{F-0023644},01/28/2010 14:00:00,LA0011,PC-1011,9DD80FC8.xlsx,False,
{F-0025672},01/28/2010 14:00:00,MA0012,PC-1012,CFA2D8EA.txt,False,
{F-0001042},01/28/2010 14:01:00,AA0000,PC-1000,2B9C5291.jpg,False,
{F-0019667},01/28/2010 14:04:00,JA0009,PC-1009,10262031.doc,False,
{F-0017736},01/28/2010 14:06:00,IA0008,PC-1008,6B8BF957.xls,False,
{F-0006431},01/28/2010 14:07:00,CA0002,PC-1002,3E468A5A.xlsx,False,
{F-0019649},01/28/2010 14:07:00,JA0009,PC-1009,054CDF59.xlsx,False,
{F-0029549},01/28/2010 14:07:00,OA0014,PC-1014,88E170A0.txt,False,
{F-0029546},01/28/2010 14:08:00,OA0014,PC-1014,A498999A.doc,False,
{F-0012882},01/28/2010 14:10:00,FA0005,PC-1005,3D956FA9.jpg,False,
{F-0003515},01/28/2010 14:15:00,BA0001,PC-1001,DC4C2C16.jpg,False,
{F-0009344},01/28/2010 14:18:00,DA0003,PC-1003,E48F5C19.pdf,False,
{F-0029540},01/28/2010 14:26:00,OA0014,PC-1014,49A02D60.doc,False,
{F-0006449},01/28/2010 14:27:00,CA0002,PC-1002,FC6E2CF4.doc,False,
{F-0001041},01/28/2010 14:33:00,AA0000,PC-1000,201C97BC.xls,False,
{F-0017724},01/28/2010 14:33:00,IA0008,PC-1008,98101F11.doc,False,
{F-0019652},01/28/2010 14:33:00,JA0009,PC-1009,74E751D4.doc,False,
{F-0029539},01/28/2010 14:36:00,OA0014,PC-1014,13D9AF79.xls,False,
{F-0001046},01/28/2010 14:37:00,AA0000,PC-1000,43D3A65D.jpg,False,
{F-0006436},01/28/2010 14:37:00,CA0002,PC-1002,0C4F6B89.doc,False,
{F-0011529},01/28/2010 14:37:00,EA0004,PC-1004,82EC7888.doc,False,
{F-0001051},01/28/2010 14:38:00,AA0000,PC-1000,D8932846.pdf,False,
{F-0009333},01/28/2010 14:38:00,DA0003,PC-1003,81452679.xls,False,
{F-0012869},01/28/2010 14:38:00,FA0005,PC-1005,7103A96E.xlsx,False,
{F-0001044},01/28/2010 14:41:00,AA0000,PC-1000,F047C298.doc,False,
{F-0009336},01/28/2010 14:42:00,DA0003,PC-1003,DC53B041.pdf,False,
{F-0011535},01/28/2010 14:42:00,EA0004,PC-1004,D5334555.xls,False,
{F-0017735},01/28/2010 14:44:00,IA0008,PC-1008,D91AEAF2.jpg,False,
{F-0001056},01/28/2010 14:47:00,AA0000,PC-1000,C54969AE.doc,False,
{F-0011530},01/28/2010 14:48:00,EA0004,PC-1004,DDCAABE9.pdf,False,
{F-0001050},01/28/2010 14:49:00,AA0000,PC-1000,44E91FBF.xls,False,
{F-0006430},01/28/2010 14:49:00,CA0002,PC-1002,DB5DB122.xlsx,False,
{F-0009340},01/28/2010 14:50:00,DA0003,PC-1003,7530017B.pdf,False,
{F-0017733},01/28/2010 14:54:00,IA0008,PC-1008,1577BCFC.doc,False,
{F-0011536},01/28/2010 14:56:00,EA0004,PC-1004,FDE1224F.xlsx,False,
{F-0001047},01/28/2010 14:58:00,AA0000,PC-1000,64430541.xls,False,
{F-0017728},01/28/2010 14:58:00,IA0008,PC-1008,17CB66E7.xlsx,False,
{F-0006428},01/28/2010 15:00:00,CA0002,PC-1002,7C1DB820.xlsx,False,
{F-0014780},01/28/2010 15:01:00,GA0006,PC-1006,C516B804.pdf,False,
{F-0021647},01/28/2010 15:02:00,KA0010,PC-1010,E5CAC235.doc,False,
{F-0009329},01/28/2010 15:06:00,DA0003,PC-1003,A6094CFA.doc,False,
{F-0031755},01/28/2010 15:07:00,PA0015,PC-1015,9E043F33.jpg,False,
{F-0027502},01/28/2010 15:08:00,NA0013,PC-1013,2C4621FA.doc,False,
{F-0009343},01/28/2010 15:12:00,DA0003,PC-1003,04F9BEC8.jpg,False,
{F-0023632},01/28/2010 15:14:00,LA0011,PC-1011,54660092.doc,False,
{F-0031763},01/28/2010 15:15:00,PA0015,PC-1015,F1597B77.txt,False,
{F-0019659},01/28/2010 15:18:00,JA0009,PC-1009,43EEADD4.doc,False,
{F-0001045},01/28/2010 15:19:00,AA0000,PC-1000,D2D04EB2.txt,False,
{F-0009327},01/28/2010 15:19:00,DA0003,PC-1003,D7460960.txt,False,
{F-0014778},01/28/2010 15:19:00,GA0006,PC-1006,A36CF584.jpg,False,
{F-0012870},01/28/2010 15:20:00,FA0005,PC-1005,409E45FC.txt,False,
{F-0033263},01/28/2010 15:22:00,QA0016,PC-1016,EB7374EB.txt,False,
{F-0021643},01/28/2010 15:25:00,KA0010,PC-1010,0ADDE92C.txt,False,
{F-0012861},01/28/2010 15:27:00,FA0005,PC-1005,E49F2ABB.pdf,False,
{F-0031758},01/28/2010 15:27:00,PA0015,PC-1015,104E9BC8.xlsx,False,
{F-0023640},01/28/2010 15:28:00,LA0011,PC-1011,3CD8DA55.xlsx,False,
{F-0001052},01/28/2010 15:29:00,AA0000,PC-1000,A7D63603.doc,False,
{F-0016577},01/28/2010 15:31:00,HA0007,PC-1007,77F41703.txt,False,
{F-0017731},01/28/2010 15:37:00,IA0008,PC-1008,D0E9375E.jpg,False,
{F-0012863},01/28/2010 15:41:00,FA0005,PC-1005,0B9A7293.jpg,False,
{F-0017739},01/28/2010 15:42:00,IA0008,PC-1008,9F0B42E4.doc,False,
{F-0012864},01/28/2010 15:43:00,FA0005,PC-1005,5E103A98.pdf,False,
{F-0019655},01/28/2010 15:44:00,JA0009,PC-1009,4E3C2CF0.jpg,False,
{F-0017721},01/28/2010 15:47:00,IA0008,PC-1008,A60572EE.xlsx,False,
{F-0012881},01/28/2010 15:52:00,FA0005,PC-1005,0C6C774D.xls,False,
{F-0012874},01/28/2010 15:53:00,FA0005,PC-1005,4AEBF64D.doc,False,
{F-0023633},01/28/2010 15:53:00,LA0011,PC-1011,763287B4.pdf,False,
{F-0029535},01/28/2010 15:54:00,OA0014,PC-1014,ADAE5747.doc,False,
{F-0023625},01/28/2010 15:56:00,LA0011,PC-1011,4E3CC8C2.txt,False,
{F-0025675},01/28/2010 15:56:00,MA0012,PC-1012,D10B29BC.xlsx,False,
{F-0011538},01/28/2010 15:57:00,EA0004,PC-1004,95B80437.xls,False,
{F-0029536},01/28/2010 15:59:00,OA0014,PC-1014,D452B8A6.xls,False,
{F-0023638},01/28/2010 16:00:00,LA0011,PC-1011,A19AED92.xlsx,False,
{F-0023636},01/28/2010 16:05:00,LA0011,PC-1011,8B673AC3.jpg,False,
{F-0011532},01/28/2010 16:08:00,EA0004,PC-1004,10988B77.xls,False,
{F-0006427},01/28/2010 16:11:00,CA0002,PC-1002,9F448ADB.doc,False,
{F-0021646},01/28/2010 16:16:00,KA0010,PC-1010,ADB38CB0.txt,False,
{F-0006437},01/28/2010 16:20:00,CA0002,PC-1002,88045462.jpg,False,
{F-0023642},01/28/2010 16:20:00,LA0011,PC-1011,68715246.doc,False,
{F-0019653},01/28/2010 16:22:00,JA0009,PC-1009,0AEFE90D.xls,False,
{F-0027499},01/28/2010 16:31:00,NA0013,PC-1013,C7907E49.xls,False,
{F-0006432},01/28/2010 16:36:00,CA0002,PC-1002,87E3439B.txt,False,
{F-0011537},01/28/2010 16:37:00,EA0004,PC-1004,26699A28.pdf,False,
{F-0029547},01/28/2010 16:38:00,OA0014,PC-1014,4ADF79FA.xls,False,
{F-0011539},01/28/2010 16:42:00,EA0004,PC-1004,C3131999.xls,False,
{F-0031764},01/28/2010 16:44:00,PA0015,PC-1015,83C0E13F.xls,False,
{F-0033265},01/28/2010 16:51:00,QA0016,PC-1016,39000B2E.jpg,False,
{F-0034536},01/28/2010 16:51:00,RA0017,PC-1017,94CB1963.xls,False,
{F-0006447},01/28/2010 16:52:00,CA0002,PC-1002,10D13348.xlsx,False,
{F-0029545},01/28/2010 16:52:00,OA0014,PC-1014,2B69D588.xls,False,
{F-0027498},01/28/2010 16:59:00,NA0013,PC-1013,4172025F.jpg,False,
{F-0006450},01/28/2010 17:01:00,CA0002,PC-1002,6C6D3CE0.doc,False,
{F-0025671},01/28/2010 17:16:00,MA0012,PC-1012,39CF8812.xls,False,
{F-0006442},01/28/2010 17:19:00,CA0002,PC-1002,292C14E3.txt,False,
{F-0006453},01/28/2010 17:19:00,CA0002,PC-1002,AC18F829.doc,False,
{F-0012879},01/28/2010 17:22:00,FA0005,PC-1005,F6717F91.xls,False,
{F-0012878},01/28/2010 17:33:00,FA0005,PC-1005,B3402924.xlsx,False,
{F-0033266},01/28/2010 17:52:00,QA0016,PC-1016,D9BC725D.doc,False,
{F-0006429},01/28/2010 17:57:00,CA0002,PC-1002,E7F88A9A.txt,False,
{F-0012865},01/28/2010 18:08:00,FA0005,PC-1005,25B53A7C.pdf,False,
{F-0006423},01/28/2010 18:43:00,CA0002,PC-1002,F809ED54.xls,False,
{F-0006440},01/28/2010 18:44:00,CA0002,PC-1002,52131C96.doc,False,
{F-0006444},01/28/2010 18:48:00,CA0002,PC-1002,0AD49285.doc,False,
{F-0006434},01/28/2010 18:54:00,CA0002,PC-1002,48FF01CC.jpg,False,
{F-0006438},01/28/2010 19:06:00,CA0002,PC-1002,0F026DB7.pdf,False,
{F-0023678},01/29/2010 07:25:00,LA0011,PC-1011,28D29476.doc,False,
{F-0017779},01/29/2010 07:45:00,IA0008,PC-1008,EE44489B.xlsx,False,
{F-0029601},01/29/2010 07:49:00,OA0014,PC-1014,098376A7.jpg,False,
{F-0017781},01/29/2010 07:59:00,IA0008,PC-1008,8D047BD4.doc,False,
{F-0017773},01/29/2010 08:04:00,IA0008,PC-1008,44000038.xlsx,False,
{F-0017771},01/29/2010 08:06:00,IA0008,PC-1008,2C4BB5A2.xlsx,False,
{F-0023676},01/29/2010 08:16:00,LA0011,PC-1011,A9121BF9.doc,False,
{F-0017769},01/29/2010 08:23:00,IA0008,PC-1008,FDF5362C.xlsx,False,
{F-0001102},01/29/2010 08:27:00,AA0000,PC-1000,08885299.doc,False,
{F-0017765},01/29/2010 08:33:00,IA0008,PC-1008,5A5D3988.xlsx,False,
{F-0025717},01/29/2010 08:41:00,MA0012,PC-1012,3864A4EF.xlsx,False,
{F-0003578},01/29/2010 08:45:00,BA0001,PC-1001,462743C2.xls,False,
{F-0014846},01/29/2010 08:45:00,GA0006,PC-1006,00D25191.xls,False,
{F-0021695},01/29/2010 08:46:00,KA0010,PC-1010,A322DBCE.pdf,False,
{F-0009409},01/29/2010 08:53:00,DA0003,PC-1003,8A943D58.pdf,False,
{F-0019698},01/29/2010 08:56:00,JA0009,PC-1009,E0AD9404.doc,False,
{F-0031781},01/29/2010 08:56:00,PA0015,PC-1015,53657202.pdf,False,
{F-0031782},01/29/2010 09:00:00,PA0015,PC-1015,D489113B.xlsx,False,
{F-0025722},01/29/2010 09:02:00,MA0012,PC-1012,26D09AA8.doc,False,
{F-0021696},01/29/2010 09:03:00,KA0010,PC-1010,C60D0287.pdf,False,
{F-0023675},01/29/2010 09:04:00,LA0011,PC-1011,B126FEE7.xlsx,False,
{F-0019689},01/29/2010 09:06:00,JA0009,PC-1009,B736C542.txt,False,
{F-0025712},01/29/2010 09:07:00,MA0012,PC-1012,CFB1FF42.doc,False,
{F-0016602},01/29/2010 09:08:00,HA0007,PC-1007,263E2B8F.doc,False,
{F-0019688},01/29/2010 09:14:00,JA0009,PC-1009,9F6EA333.jpg,False,
{F-0025721},01/29/2010 09:17:00,MA0012,PC-1012,2942CD2A.doc,False,
{F-0006504},01/29/2010 09:19:00,CA0002,PC-1002,4B17E2CE.xls,False,
{F-0027522},01/29/2010 09:20:00,NA0013,PC-1013,4A7DE476.doc,False,
{F-0009406},01/29/2010 09:22:00,DA0003,PC-1003,65FE784B.xls,False,
{F-0003586},01/29/2010 09:27:00,BA0001,PC-1001,F20D0C1B.doc,False,
{F-0029604},01/29/2010 09:30:00,OA0014,PC-1014,7CB8964C.jpg,False,
{F-0021686},01/29/2010 09:31:00,KA0010,PC-1010,5606586E.doc,False,
{F-0023674},01/29/2010 09:31:00,LA0011,PC-1011,8AFDA825.xlsx,False,
{F-0027528},01/29/2010 09:31:00,NA0013,PC-1013,CAEC89EF.doc,False,
{F-0017783},01/29/2010 09:33:00,IA0008,PC-1008,F108392E.xls,False,
{F-0031780},01/29/2010 09:33:00,PA0015,PC-1015,E3E401BC.txt,False,
{F-0023686},01/29/2010 09:36:00,LA0011,PC-1011,AF0C6C3A.doc,False,
{F-0014841},01/29/2010 09:41:00,GA0006,PC-1006,116AD733.jpg,False,
{F-0021681},01/29/2010 09:41:00,KA0010,PC-1010,7ECADAAE.xls,False,
{F-0012909},01/29/2010 09:44:00,FA0005,PC-1005,432E28E2.jpg,False,
{F-0033294},01/29/2010 09:46:00,QA0016,PC-1016,A4F9CAD1.doc,False,
{F-0017780},01/29/2010 09:48:00,IA0008,PC-1008,41D02F9A.pdf,False,
{F-0001104},01/29/2010 09:51:00,AA0000,PC-1000,DE2AA199.xls,False,
{F-0009400},01/29/2010 09:55:00,DA0003,PC-1003,875814F1.jpg,False,
{F-0009404},01/29/2010 09:55:00,DA0003,PC-1003,60B468E0.pdf,False,
{F-0014842},01/29/2010 09:55:00,GA0006,PC-1006,B70506EE.xls,False,
{F-0031788},01/29/2010 09:59:00,PA0015,PC-1015,1E218C3B.pdf,False,
{F-0016599},01/29/2010 10:00:00,HA0007,PC-1007,6DB667B0.jpg,False,
{F-0009412},01/29/2010 10:02:00,DA0003,PC-1003,D0EAD994.xls,False,
{F-0006507},01/29/2010 10:04:00,CA0002,PC-1002,10DE4024.txt,False,
{F-0021685},01/29/2010 10:04:00,KA0010,PC-1010,45A47540.xls,False,
{F-0003585},01/29/2010 10:15:00,BA0001,PC-1001,667EACC8.xls,False,
{F-0023682},01/29/2010 10:16:00,LA0011,PC-1011,94BAD2E0.xls,False,
{F-0019700},01/29/2010 10:18:00,JA0009,PC-1009,B966BE53.xls,False,
{F-0006499},01/29/2010 10:22:00,CA0002,PC-1002,FF219805.jpg,False,
{F-0016600},01/29/2010 10:25:00,HA0007,PC-1007,12499055.txt,False,
{F-0006498},01/29/2010 10:27:00,CA0002,PC-1002,EC1DB95C.txt,False,
{F-0023673},01/29/2010 10:29:00,LA0011,PC-1011,F06DEAD1.xls,False,
{F-0006510},01/29/2010 10:30:00,CA0002,PC-1002,DD6A17AE.xls,False,
{F-0006516},01/29/2010 10:31:00,CA0002,PC-1002,D872C53E.txt,False,
{F-0016597},01/29/2010 10:31:00,HA0007,PC-1007,3F530B6E.txt,False,
{F-0033297},01/29/2010 10:34:00,QA0016,PC-1016,9348A89E.txt,False,
{F-0017787},01/29/2010 10:35:00,IA0008,PC-1008,09D359FA.doc,False,
{F-0009408},01/29/2010 10:36:00,DA0003,PC-1003,4B40E20C.jpg,False,
{F-0017777},01/29/2010 10:36:00,IA0008,PC-1008,EC32A3EE.pdf,False,
{F-0016601},01/29/2010 10:37:00,HA0007,PC-1007,656370DD.doc,False,
{F-0021690},01/29/2010 10:39:00,KA0010,PC-1010,7546BA85.txt,False,
{F-0019704},01/29/2010 10:42:00,JA0009,PC-1009,3AD8B25B.jpg,False,
{F-0019706},01/29/2010 10:46:00,JA0009,PC-1009,FABC705C.doc,False,
{F-0021691},01/29/2010 10:48:00,KA0010,PC-1010,41A1533F.doc,False,
{F-0017776},01/29/2010 10:49:00,IA0008,PC-1008,1D6FEA2C.txt,False,
{F-0027529},01/29/2010 10:50:00,NA0013,PC-1013,1156AEE7.jpg,False,
{F-0009411},01/29/2010 10:57:00,DA0003,PC-1003,0248D34C.pdf,False,
{F-0006495},01/29/2010 10:59:00,CA0002,PC-1002,0CF8975E.txt,False,
{F-0012908},01/29/2010 11:00:00,FA0005,PC-1005,899D7067.jpg,False,
{F-0029603},01/29/2010 11:01:00,OA0014,PC-1014,64248922.xls,False,
{F-0012899},01/29/2010 11:04:00,FA0005,PC-1005,6F19B714.xlsx,False,
{F-0021697},01/29/2010 11:09:00,KA0010,PC-1010,7C61F954.doc,False,
{F-0001100},01/29/2010 11:10:00,AA0000,PC-1000,8875EC3F.txt,False,
{F-0034559},01/29/2010 11:12:00,RA0017,PC-1017,4A67080A.xlsx,False,
{F-0009399},01/29/2010 11:14:00,DA0003,PC-1003,56ADECF0.doc,False,
{F-0017788},01/29/2010 11:18:00,IA0008,PC-1008,1E3FC6FC.xls,False,
{F-0019697},01/29/2010 11:18:00,JA0009,PC-1009,F431CAA3.doc,False,
{F-0003579},01/29/2010 11:20:00,BA0001,PC-1001,8BD34A76.doc,False,
{F-0033299},01/29/2010 11:22:00,QA0016,PC-1016,272806DD.doc,False,
{F-0006502},01/29/2010 11:28:00,CA0002,PC-1002,32B66D9A.jpg,False,
{F-0019691},01/29/2010 11:28:00,JA0009,PC-1009,09ED2B3F.txt,False,
{F-0019694},01/29/2010 11:30:00,JA0009,PC-1009,6EBE1D3F.xls,False,
{F-0014845},01/29/2010 11:32:00,GA0006,PC-1006,8875FE8F.pdf,False,
{F-0009403},01/29/2010 11:34:00,DA0003,PC-1003,10FEBC95.xls,False,
{F-0021680},01/29/2010 11:35:00,KA0010,PC-1010,241DAB86.pdf,False,
{F-0003577},01/29/2010 11:41:00,BA0001,PC-1001,A204BC48.doc,False,
{F-0033295},01/29/2010 11:41:00,QA0016,PC-1016,3AE4B386.txt,False,
{F-0009394},01/29/2010 11:45:00,DA0003,PC-1003,8D2F4DBB.jpg,False,
{F-0023685},01/29/2010 11:47:00,LA0011,PC-1011,1E8F8D1F.doc,False,
{F-0014844},01/29/2010 11:49:00,GA0006,PC-1006,F7280C86.jpg,False,
{F-0021687},01/29/2010 11:49:00,KA0010,PC-1010,454569E5.pdf,False,
{F-0011566},01/29/2010 11:52:00,EA0004,PC-1004,7264035F.doc,False,
{F-0006494},01/29/2010 11:58:00,CA0002,PC-1002,5CE2DB9D.doc,False,
{F-0025713},01/29/2010 11:58:00,MA0012,PC-1012,B5174AB7.pdf,False,
{F-0006482},01/29/2010 12:00:00,CA0002,PC-1002,ED895F48.doc,False,
{F-0019701},01/29/2010 12:00:00,JA0009,PC-1009,9AF1EC60.pdf,False,
{F-0006515},01/29/2010 12:07:00,CA0002,PC-1002,84ECCB33.xlsx,False,
{F-0023684},01/29/2010 12:09:00,LA0011,PC-1011,1E12F221.xls,False,
{F-0017774},01/29/2010 12:10:00,IA0008,PC-1008,67607D8D.xlsx,False,
{F-0019692},01/29/2010 12:12:00,JA0009,PC-1009,86B951F7.txt,False,
{F-0011557},01/29/2010 12:15:00,EA0004,PC-1004,D2F34EAB.pdf,False,
{F-0014850},01/29/2010 12:22:00,GA0006,PC-1006,E1C6D80A.xls,False,
{F-0017782},01/29/2010 12:22:00,IA0008,PC-1008,FC7B205F.doc,False,
{F-0006485},01/29/2010 12:25:00,CA0002,PC-1002,A7CF65E3.doc,False,
{F-0027523},01/29/2010 12:26:00,NA0013,PC-1013,61157C51.doc,False,
{F-0009397},01/29/2010 12:32:00,DA0003,PC-1003,ADEE7704.xlsx,False,
{F-0006505},01/29/2010 12:37:00,CA0002,PC-1002,5C075C4A.txt,False,
{F-0011558},01/29/2010 12:44:00,EA0004,PC-1004,4F1295E0.doc,False,
{F-0027527},01/29/2010 12:46:00,NA0013,PC-1013,D03EF759.doc,False,
{F-0009401},01/29/2010 12:47:00,DA0003,PC-1003,2D0B1A86.txt,False,
{F-0017778},01/29/2010 12:49:00,IA0008,PC-1008,5A1BFA03.doc,False,
{F-0017785},01/29/2010 12:50:00,IA0008,PC-1008,87FA9FB9.doc,False,
{F-0006493},01/29/2010 12:51:00,CA0002,PC-1002,B1B3BC02.jpg,False,
{F-0016603},01/29/2010 12:52:00,HA0007,PC-1007,D7DDC5C3.xlsx,False,
{F-0006496},01/29/2010 12:53:00,CA0002,PC-1002,5A4D25A1.xls,False,
{F-0011564},01/29/2010 12:53:00,EA0004,PC-1004,2AA07156.txt,False,
{F-0031787},01/29/2010 12:53:00,PA0015,PC-1015,DE6CE95A.xls,False,
{F-0003582},01/29/2010 12:54:00,BA0001,PC-1001,600BB8CE.txt,False,
{F-0011567},01/29/2010 12:54:00,EA0004,PC-1004,D36609A7.doc,False,
{F-0014848},01/29/2010 12:54:00,GA0006,PC-1006,40AE1AAF.pdf,False,
{F-0006501},01/29/2010 13:02:00,CA0002,PC-1002,8E22C821.doc,False,
{F-0016596},01/29/2010 13:02:00,HA0007,PC-1007,E8AE7D8B.jpg,False,
{F-0012901},01/29/2010 13:03:00,FA0005,PC-1005,8CF47395.xls,False,
{F-0027524},01/29/2010 13:03:00,NA0013,PC-1013,E8830EE5.xls,False,
{F-0017786},01/29/2010 13:05:00,IA0008,PC-1008,B807A140.xls,False,
{F-0029602},01/29/2010 13:05:00,OA0014,PC-1014,BDD62CF1.jpg,False,
{F-0006492},01/29/2010 13:06:00,CA0002,PC-1002,9A537D1A.xls,False,
{F-0027525},01/29/2010 13:07:00,NA0013,PC-1013,6BBF7B75.txt,False,
{F-0014849},01/29/2010 13:14:00,GA0006,PC-1006,7B7DF203.jpg,False,
{F-0017784},01/29/2010 13:14:00,IA0008,PC-1008,AA57D6E2.xls,False,
{F-0017766},01/29/2010 13:19:00,IA0008,PC-1008,D81BF836.doc,False,
{F-0009396},01/29/2010 13:20:00,DA0003,PC-1003,117DA455.doc,False,
{F-0006509},01/29/2010 13:25:00,CA0002,PC-1002,26589473.txt,False,
{F-0006484},01/29/2010 13:26:00,CA0002,PC-1002,00B6FE53.txt,False,
{F-0009405},01/29/2010 13:31:00,DA0003,PC-1003,DC8E3407.doc,False,
{F-0012905},01/29/2010 13:31:00,FA0005,PC-1005,F9667454.txt,False,
{F-0009395},01/29/2010 13:32:00,DA0003,PC-1003,F0293E8A.doc,False,
{F-0011561},01/29/2010 13:32:00,EA0004,PC-1004,7C09862D.xls,False,
{F-0029606},01/29/2010 13:34:00,OA0014,PC-1014,8C89F5EF.xlsx,False,
{F-0006490},01/29/2010 13:37:00,CA0002,PC-1002,EF0D34BE.xlsx,False,
{F-0031785},01/29/2010 13:41:00,PA0015,PC-1015,5F85593B.txt,False,
{F-0017775},01/29/2010 13:43:00,IA0008,PC-1008,2A8F6AE5.txt,False,
{F-0006517},01/29/2010 13:44:00,CA0002,PC-1002,5BB9C5CF.xlsx,False,
{F-0014839},01/29/2010 13:45:00,GA0006,PC-1006,CEEFC0C4.xls,False,
{F-0017770},01/29/2010 13:48:00,IA0008,PC-1008,D4E65F9E.txt,False,
{F-0017768},01/29/2010 13:51:00,IA0008,PC-1008,C0E6A9B2.pdf,False,
{F-0003583},01/29/2010 13:52:00,BA0001,PC-1001,AE5DC9AD.doc,False,
{F-0006483},01/29/2010 13:54:00,CA0002,PC-1002,23CDD62E.xls,False,
{F-0012898},01/29/2010 13:54:00,FA0005,PC-1005,31606122.pdf,False,
{F-0019690},01/29/2010 13:56:00,JA0009,PC-1009,E92FE0F7.xlsx,False,
{F-0023681},01/29/2010 13:56:00,LA0011,PC-1011,5C0C3921.xls,False,
{F-0027526},01/29/2010 13:57:00,NA0013,PC-1013,B1A20C98.jpg,False,
{F-0001101},01/29/2010 14:01:00,AA0000,PC-1000,57C334FD.doc,False,
{F-0014843},01/29/2010 14:04:00,GA0006,PC-1006,0FF0B4D0.doc,False,
{F-0016604},01/29/2010 14:08:00,HA0007,PC-1007,D234E1B0.xlsx,False,
{F-0017772},01/29/2010 14:08:00,IA0008,PC-1008,18102D09.pdf,False,
{F-0001099},01/29/2010 14:10:00,AA0000,PC-1000,89F7058B.xlsx,False,
{F-0011568},01/29/2010 14:10:00,EA0004,PC-1004,E51F2126.jpg,False,
{F-0017767},01/29/2010 14:12:00,IA0008,PC-1008,C471B826.xlsx,False,
{F-0012903},01/29/2010 14:13:00,FA0005,PC-1005,DE3F57F7.jpg,False,
{F-0009410},01/29/2010 14:15:00,DA0003,PC-1003,FD916AF9.pdf,False,
{F-0021682},01/29/2010 14:17:00,KA0010,PC-1010,780ED043.txt,False,
{F-0019699},01/29/2010 14:18:00,JA0009,PC-1009,C2B15123.doc,False,
{F-0003580},01/29/2010 14:20:00,BA0001,PC-1001,2D6FA589.xls,False,
{F-0006506},01/29/2010 14:21:00,CA0002,PC-1002,5456CF27.doc,False,
{F-0011563},01/29/2010 14:25:00,EA0004,PC-1004,579CC834.pdf,False,
{F-0017764},01/29/2010 14:25:00,IA0008,PC-1008,9DFB0BE1.xlsx,False,
{F-0027521},01/29/2010 14:25:00,NA0013,PC-1013,C6FA69B0.txt,False,
{F-0029598},01/29/2010 14:27:00,OA0014,PC-1014,F84DD806.doc,False,
{F-0019695},01/29/2010 14:28:00,JA0009,PC-1009,1ADD5591.doc,False,
{F-0009398},01/29/2010 14:29:00,DA0003,PC-1003,39A38763.xls,False,
{F-0006513},01/29/2010 14:32:00,CA0002,PC-1002,D0B8AAF6.doc,False,
{F-0021692},01/29/2010 14:32:00,KA0010,PC-1010,475F5688.xlsx,False,
{F-0014840},01/29/2010 14:33:00,GA0006,PC-1006,92797ECB.txt,False,
{F-0019696},01/29/2010 14:33:00,JA0009,PC-1009,FB6A6B76.xls,False,
{F-0016595},01/29/2010 14:35:00,HA0007,PC-1007,B350AFE7.txt,False,
{F-0006489},01/29/2010 14:36:00,CA0002,PC-1002,B5A22309.xlsx,False,
{F-0029597},01/29/2010 14:38:00,OA0014,PC-1014,633E826D.doc,False,
{F-0006491},01/29/2010 14:39:00,CA0002,PC-1002,678F75E0.xlsx,False,
{F-0029600},01/29/2010 14:42:00,OA0014,PC-1014,57D52619.jpg,False,
{F-0019693},01/29/2010 14:43:00,JA0009,PC-1009,27198897.doc,False,
{F-0019707},01/29/2010 14:43:00,JA0009,PC-1009,5AC3C562.txt,False,
{F-0016598},01/29/2010 14:50:00,HA0007,PC-1007,85D80145.doc,False,
{F-0021693},01/29/2010 14:50:00,KA0010,PC-1010,1FAA6C9D.xls,False,
{F-0019703},01/29/2010 14:51:00,JA0009,PC-1009,72A148F9.txt,False,
{F-0019705},01/29/2010 14:52:00,JA0009,PC-1009,1FA8B514.doc,False,
{F-0025715},01/29/2010 14:56:00,MA0012,PC-1012,44B7E64A.doc,False,
{F-0021699},01/29/2010 14:59:00,KA0010,PC-1010,FF902785.doc,False,
{F-0012900},01/29/2010 15:04:00,FA0005,PC-1005,997B2A20.jpg,False,
{F-0014847},01/29/2010 15:06:00,GA0006,PC-1006,191FE125.xlsx,False,
{F-0029599},01/29/2010 15:06:00,OA0014,PC-1014,5CE979C6.doc,False,
{F-0011565},01/29/2010 15:11:00,EA0004,PC-1004,CFDFB593.pdf,False,
{F-0021689},01/29/2010 15:13:00,KA0010,PC-1010,A9E79549.xlsx,False,
{F-0017763},01/29/2010 15:14:00,IA0008,PC-1008,78879F69.pdf,False,
{F-0033296},01/29/2010 15:14:00,QA0016,PC-1016,95AC312D.pdf,False,
{F-0001103},01/29/2010 15:16:00,AA0000,PC-1000,E53B4A30.doc,False,
{F-0033300},01/29/2010 15:31:00,QA0016,PC-1016,C191F63B.doc,False,
{F-0021694},01/29/2010 15:32:00,KA0010,PC-1010,8B8292DC.doc,False,
{F-0019702},01/29/2010 15:33:00,JA0009,PC-1009,40A355FC.doc,False,
{F-0031779},01/29/2010 15:35:00,PA0015,PC-1015,AE3429B7.xlsx,False,
{F-0033298},01/29/2010 15:36:00,QA0016,PC-1016,F536D85A.doc,False,
{F-0009407},01/29/2010 15:37:00,DA0003,PC-1003,256AECD7.xls,False,
{F-0001097},01/29/2010 15:38:00,AA0000,PC-1000,0BCB03D8.jpg,False,
{F-0025714},01/29/2010 15:38:00,MA0012,PC-1012,7BE4F6A7.doc,False,
{F-0029605},01/29/2010 15:38:00,OA0014,PC-1014,406AAC89.xls,False,
{F-0009402},01/29/2010 15:42:00,DA0003,PC-1003,D25D21A8.doc,False,
{F-0006488},01/29/2010 15:44:00,CA0002,PC-1002,85A1E1F0.doc,False,
{F-0021700},01/29/2010 15:46:00,KA0010,PC-1010,9F8CCC55.xlsx,False,
{F-0025718},01/29/2010 15:48:00,MA0012,PC-1012,DB0DB8A0.xls,False,
{F-0021688},01/29/2010 15:50:00,KA0010,PC-1010,E0958261.xls,False,
{F-0016594},01/29/2010 15:52:00,HA0007,PC-1007,90B120FB.jpg,False,
{F-0006514},01/29/2010 15:55:00,CA0002,PC-1002,28201919.doc,False,
{F-0009413},01/29/2010 15:59:00,DA0003,PC-1003,1DFBA2F6.doc,False,
{F-0012906},01/29/2010 15:59:00,FA0005,PC-1005,5E2BFA84.doc,False,
{F-0031784},01/29/2010 16:00:00,PA0015,PC-1015,4E51DC7B.txt,False,
{F-0021683},01/29/2010 16:02:00,KA0010,PC-1010,4D7531FB.txt,False,
{F-0025720},01/29/2010 16:02:00,MA0012,PC-1012,E7BB03EA.doc,False,
{F-0023680},01/29/2010 16:03:00,LA0011,PC-1011,ED79CD11.txt,False,
{F-0006486},01/29/2010 16:04:00,CA0002,PC-1002,DEA5C0CD.jpg,False,
{F-0003584},01/29/2010 16:08:00,BA0001,PC-1001,6B43B26E.pdf,False,
{F-0025719},01/29/2010 16:15:00,MA0012,PC-1012,9A6EF424.doc,False,
{F-0023679},01/29/2010 16:21:00,LA0011,PC-1011,106DA465.txt,False,
{F-0025716},01/29/2010 16:22:00,MA0012,PC-1012,31CDB924.txt,False,
{F-0011560},01/29/2010 16:29:00,EA0004,PC-1004,B0E5D197.xlsx,False,
{F-0011562},01/29/2010 16:32:00,EA0004,PC-1004,C6F90695.doc,False,
{F-0021698},01/29/2010 16:35:00,KA0010,PC-1010,DF6ADCA4.jpg,False,
{F-0001098},01/29/2010 16:37:00,AA0000,PC-1000,D4597F69.doc,False,
{F-0031783},01/29/2010 16:42:00,PA0015,PC-1015,5E82F71C.doc,False,
{F-0011559},01/29/2010 16:43:00,EA0004,PC-1004,8002A896.jpg,False,
{F-0023683},01/29/2010 16:44:00,LA0011,PC-1011,388D9D16.doc,False,
{F-0006511},01/29/2010 16:45:00,CA0002,PC-1002,A546582D.pdf,False,
{F-0031786},01/29/2010 16:45:00,PA0015,PC-1015,DCBEB635.xls,False,
{F-0003581},01/29/2010 16:48:00,BA0001,PC-1001,43D13895.pdf,False,
{F-0033301},01/29/2010 16:50:00,QA0016,PC-1016,BEB02223.doc,False,
{F-0023677},01/29/2010 17:02:00,LA0011,PC-1011,8B1ACE39.xlsx,False,
{F-0012897},01/29/2010 17:12:00,FA0005,PC-1005,CB4FEFE1.txt,False,
{F-0006508},01/29/2010 17:18:00,CA0002,PC-1002,B35437DB.doc,False,
{F-0006503},01/29/2010 17:20:00,CA0002,PC-1002,194C7122.pdf,False,
{F-0021684},01/29/2010 17:20:00,KA0010,PC-1010,A0B74C4C.doc,False,
{F-0012902},01/29/2010 17:21:00,FA0005,PC-1005,A704B689.xls,False,
{F-0027519},01/29/2010 17:24:00,NA0013,PC-1013,60AB679B.xls,False,
{F-0034558},01/29/2010 17:46:00,RA0017,PC-1017,083F89E5.xls,False,
{F-0006487},01/29/2010 17:49:00,CA0002,PC-1002,ACF4E7D1.doc,False,
{F-0006497},01/29/2010 17:50:00,CA0002,PC-1002,CEC111E0.jpg,False,
{F-0027520},01/29/2010 17:56:00,NA0013,PC-1013,4E2CEE19.xlsx,False,
{F-0006500},01/29/2010 17:58:00,CA0002,PC-1002,03282B9F.xls,False,
{F-0006512},01/29/2010 18:08:00,CA0002,PC-1002,2B026845.txt,False,
{F-0012907},01/29/2010 18:26:00,FA0005,PC-1005,97B9A814.xls,False,
{F-0012910},01/29/2010 18:41:00,FA0005,PC-1005,2698C2C1.txt,False,
{F-0012904},01/29/2010 18:43:00,FA0005,PC-1005,26067219.xls,False,
{F-0029667},02/01/2010 07:48:00,OA0014,PC-1014,32090689.xlsx,False,
{F-0017820},02/01/2010 07:51:00,IA0008,PC-1008,D3E6EE0D.pdf,False,
{F-0017816},02/01/2010 07:57:00,IA0008,PC-1008,473BB2B3.txt,False,
{F-0027560},02/01/2010 08:01:00,NA0013,PC-1013,D142F695.xls,False,
{F-0017819},02/01/2010 08:17:00,IA0008,PC-1008,9592B203.xlsx,False,
{F-0023716},02/01/2010 08:17:00,LA0011,PC-1011,148C67EC.doc,False,
{F-0023719},02/01/2010 08:23:00,LA0011,PC-1011,1629A06A.jpg,False,
{F-0016625},02/01/2010 08:34:00,HA0007,PC-1007,DEFF9FB8.txt,False,
{F-0023725},02/01/2010 08:40:00,LA0011,PC-1011,4730CD7D.xlsx,False,
{F-0001150},02/01/2010 08:47:00,AA0000,PC-1000,C8256AFF.pdf,False,
{F-0023718},02/01/2010 08:48:00,LA0011,PC-1011,273B54A6.doc,False,
{F-0017811},02/01/2010 08:49:00,IA0008,PC-1008,8737A312.jpg,False,
{F-0009464},02/01/2010 08:52:00,DA0003,PC-1003,55842C94.xls,False,
{F-0003654},02/01/2010 08:57:00,BA0001,PC-1001,FBF8E980.jpg,False,
{F-0014889},02/01/2010 08:57:00,GA0006,PC-1006,F1121FB1.txt,False,
{F-0016629},02/01/2010 09:05:00,HA0007,PC-1007,CDFCEEED.doc,False,
{F-0014883},02/01/2010 09:07:00,GA0006,PC-1006,AE5AB098.xls,False,
{F-0009455},02/01/2010 09:18:00,DA0003,PC-1003,C211343D.jpg,False,
{F-0016627},02/01/2010 09:21:00,HA0007,PC-1007,ABF0FD02.jpg,False,
{F-0001153},02/01/2010 09:23:00,AA0000,PC-1000,B0F5AA49.doc,False,
{F-0016626},02/01/2010 09:23:00,HA0007,PC-1007,B14E946E.doc,False,
{F-0016630},02/01/2010 09:25:00,HA0007,PC-1007,1593D2A8.doc,False,
{F-0031827},02/01/2010 09:27:00,PA0015,PC-1015,E2359C44.doc,False,
{F-0021747},02/01/2010 09:32:00,KA0010,PC-1010,DD17314A.txt,False,
{F-0009453},02/01/2010 09:33:00,DA0003,PC-1003,A7CDC705.doc,False,
{F-0023710},02/01/2010 09:35:00,LA0011,PC-1011,6E1F3596.pdf,False,
{F-0012928},02/01/2010 09:36:00,FA0005,PC-1005,46190AF3.pdf,False,
{F-0012924},02/01/2010 09:38:00,FA0005,PC-1005,5A591D07.xlsx,False,
{F-0031822},02/01/2010 09:40:00,PA0015,PC-1015,740ED6AE.jpg,False,
{F-0023728},02/01/2010 09:42:00,LA0011,PC-1011,2781D99D.xls,False,
{F-0009461},02/01/2010 09:44:00,DA0003,PC-1003,EC97DF19.doc,False,
{F-0019759},02/01/2010 09:48:00,JA0009,PC-1009,19664247.doc,False,
{F-0023709},02/01/2010 09:49:00,LA0011,PC-1011,8EBC7662.txt,False,
{F-0009466},02/01/2010 09:50:00,DA0003,PC-1003,154D3B4A.pdf,False,
{F-0014884},02/01/2010 09:51:00,GA0006,PC-1006,189F3A25.xlsx,False,
{F-0021745},02/01/2010 09:51:00,KA0010,PC-1010,7323D468.jpg,False,
{F-0031825},02/01/2010 10:02:00,PA0015,PC-1015,4DEB49D3.doc,False,
{F-0027556},02/01/2010 10:07:00,NA0013,PC-1013,35D7955B.doc,False,
{F-0006557},02/01/2010 10:09:00,CA0002,PC-1002,7B1AC46B.xlsx,False,
{F-0029661},02/01/2010 10:14:00,OA0014,PC-1014,7FC7B065.jpg,False,
{F-0016628},02/01/2010 10:15:00,HA0007,PC-1007,531B402E.pdf,False,
{F-0006546},02/01/2010 10:16:00,CA0002,PC-1002,4C77EB13.pdf,False,
{F-0003660},02/01/2010 10:17:00,BA0001,PC-1001,BCA9987F.txt,False,
{F-0029654},02/01/2010 10:18:00,OA0014,PC-1014,14522032.pdf,False,
{F-0003649},02/01/2010 10:19:00,BA0001,PC-1001,B6B81D8D.doc,False,
{F-0016622},02/01/2010 10:20:00,HA0007,PC-1007,3AEA9119.xls,False,
{F-0011593},02/01/2010 10:22:00,EA0004,PC-1004,82D01DF0.doc,False,
{F-0012931},02/01/2010 10:23:00,FA0005,PC-1005,98ED934A.doc,False,
{F-0011586},02/01/2010 10:28:00,EA0004,PC-1004,E51D5FA7.doc,False,
{F-0017812},02/01/2010 10:28:00,IA0008,PC-1008,C49FCD30.xlsx,False,
{F-0003657},02/01/2010 10:33:00,BA0001,PC-1001,783E0C08.pdf,False,
{F-0021741},02/01/2010 10:33:00,KA0010,PC-1010,CDEBDAE9.txt,False,
{F-0017818},02/01/2010 10:40:00,IA0008,PC-1008,596FF6CB.doc,False,
{F-0003646},02/01/2010 10:41:00,BA0001,PC-1001,C0C80329.xls,False,
{F-0019755},02/01/2010 10:41:00,JA0009,PC-1009,FB60934D.jpg,False,
{F-0029656},02/01/2010 10:42:00,OA0014,PC-1014,6722C806.doc,False,
{F-0006562},02/01/2010 10:43:00,CA0002,PC-1002,42CBE30C.pdf,False,
{F-0006551},02/01/2010 10:44:00,CA0002,PC-1002,C594AAED.xlsx,False,
{F-0021746},02/01/2010 10:55:00,KA0010,PC-1010,E42C39A5.doc,False,
{F-0017813},02/01/2010 10:56:00,IA0008,PC-1008,3CFD5139.jpg,False,
{F-0023727},02/01/2010 10:59:00,LA0011,PC-1011,220C87F0.txt,False,
{F-0012937},02/01/2010 11:07:00,FA0005,PC-1005,F4F2E6E2.doc,False,
{F-0019758},02/01/2010 11:11:00,JA0009,PC-1009,11F8A27C.txt,False,
{F-0014891},02/01/2010 11:12:00,GA0006,PC-1006,D4344686.pdf,False,
{F-0023711},02/01/2010 11:16:00,LA0011,PC-1011,66D97CD2.jpg,False,
{F-0031824},02/01/2010 11:17:00,PA0015,PC-1015,668B5C8A.jpg,False,
{F-0011584},02/01/2010 11:19:00,EA0004,PC-1004,26DDFD2F.doc,False,
{F-0006570},02/01/2010 11:20:00,CA0002,PC-1002,E00BF1AF.doc,False,
{F-0034584},02/01/2010 11:20:00,RA0017,PC-1017,892137EA.pdf,False,
{F-0017815},02/01/2010 11:21:00,IA0008,PC-1008,CD9DC957.txt,False,
{F-0033335},02/01/2010 11:21:00,QA0016,PC-1016,A5BC7E7E.xls,False,
{F-0012929},02/01/2010 11:24:00,FA0005,PC-1005,DF9821CD.jpg,False,
{F-0029668},02/01/2010 11:25:00,OA0014,PC-1014,C45A986D.xlsx,False,
{F-0006549},02/01/2010 11:27:00,CA0002,PC-1002,70F0ABA7.xls,False,
{F-0009458},02/01/2010 11:29:00,DA0003,PC-1003,112A3328.doc,False,
{F-0012936},02/01/2010 11:29:00,FA0005,PC-1005,60E5D686.txt,False,
{F-0003651},02/01/2010 11:30:00,BA0001,PC-1001,29618B11.doc,False,
{F-0006563},02/01/2010 11:31:00,CA0002,PC-1002,C4568F28.txt,False,
{F-0029662},02/01/2010 11:37:00,OA0014,PC-1014,7F575DC0.doc,False,
{F-0019754},02/01/2010 11:38:00,JA0009,PC-1009,A130CE34.xls,False,
{F-0034582},02/01/2010 11:43:00,RA0017,PC-1017,1D02F398.xls,False,
{F-0027558},02/01/2010 11:46:00,NA0013,PC-1013,FD29051A.doc,False,
{F-0029660},02/01/2010 11:52:00,OA0014,PC-1014,2F1C9E06.jpg,False,
{F-0029659},02/01/2010 11:53:00,OA0014,PC-1014,626F1355.doc,False,
{F-0017822},02/01/2010 11:56:00,IA0008,PC-1008,C57589C6.txt,False,
{F-0033337},02/01/2010 12:04:00,QA0016,PC-1016,FB053A60.xls,False,
{F-0017807},02/01/2010 12:08:00,IA0008,PC-1008,DADE09C9.doc,False,
{F-0014890},02/01/2010 12:12:00,GA0006,PC-1006,6F3D53A7.xls,False,
{F-0029657},02/01/2010 12:13:00,OA0014,PC-1014,11C826B0.doc,False,
{F-0016624},02/01/2010 12:18:00,HA0007,PC-1007,C1CCE48F.jpg,False,
{F-0031830},02/01/2010 12:18:00,PA0015,PC-1015,5084132E.xlsx,False,
{F-0006555},02/01/2010 12:23:00,CA0002,PC-1002,E0FAD518.txt,False,
{F-0012935},02/01/2010 12:28:00,FA0005,PC-1005,0F0E26A8.pdf,False,
{F-0006554},02/01/2010 12:34:00,CA0002,PC-1002,27DD8855.xls,False,
{F-0023717},02/01/2010 12:36:00,LA0011,PC-1011,6FA1B73B.xls,False,
{F-0006564},02/01/2010 12:37:00,CA0002,PC-1002,3F91CFA9.txt,False,
{F-0029653},02/01/2010 12:40:00,OA0014,PC-1014,601187AB.pdf,False,
{F-0006556},02/01/2010 12:41:00,CA0002,PC-1002,F6C8917B.jpg,False,
{F-0001154},02/01/2010 12:42:00,AA0000,PC-1000,D77DC68E.xlsx,False,
{F-0029666},02/01/2010 12:43:00,OA0014,PC-1014,507B8A56.xlsx,False,
{F-0016621},02/01/2010 12:44:00,HA0007,PC-1007,11B2E26C.xlsx,False,
{F-0011585},02/01/2010 12:48:00,EA0004,PC-1004,718E822D.xls,False,
{F-0033333},02/01/2010 12:49:00,QA0016,PC-1016,4595FB66.xlsx,False,
{F-0009454},02/01/2010 12:55:00,DA0003,PC-1003,421224A2.doc,False,
{F-0023714},02/01/2010 12:55:00,LA0011,PC-1011,039F4F62.doc,False,
{F-0033334},02/01/2010 12:58:00,QA0016,PC-1016,615B55E4.txt,False,
{F-0023726},02/01/2010 12:59:00,LA0011,PC-1011,FAC6B426.jpg,False,
{F-0021744},02/01/2010 13:01:00,KA0010,PC-1010,8B2197E9.jpg,False,
{F-0003656},02/01/2010 13:02:00,BA0001,PC-1001,1D61E10E.xlsx,False,
{F-0009465},02/01/2010 13:02:00,DA0003,PC-1003,9335F8F3.txt,False,
{F-0012926},02/01/2010 13:02:00,FA0005,PC-1005,90BEC1C5.jpg,False,
{F-0019762},02/01/2010 13:02:00,JA0009,PC-1009,16547122.doc,False,
{F-0029655},02/01/2010 13:08:00,OA0014,PC-1014,ACA70994.txt,False,
{F-0031828},02/01/2010 13:12:00,PA0015,PC-1015,F5DBF25B.jpg,False,
{F-0021752},02/01/2010 13:13:00,KA0010,PC-1010,D6E08530.pdf,False,
{F-0029664},02/01/2010 13:16:00,OA0014,PC-1014,D0E40264.xls,False,
{F-0009462},02/01/2010 13:18:00,DA0003,PC-1003,8506D8CD.jpg,False,
{F-0027559},02/01/2010 13:23:00,NA0013,PC-1013,E3CA2DD9.xlsx,False,
{F-0006565},02/01/2010 13:24:00,CA0002,PC-1002,C0B2E065.xls,False,
{F-0009460},02/01/2010 13:24:00,DA0003,PC-1003,B60192FE.xlsx,False,
{F-0012925},02/01/2010 13:24:00,FA0005,PC-1005,31A8B480.xlsx,False,
{F-0017821},02/01/2010 13:28:00,IA0008,PC-1008,4CF52FB0.doc,False,
{F-0003655},02/01/2010 13:42:00,BA0001,PC-1001,73B6F71E.doc,False,
{F-0012927},02/01/2010 13:42:00,FA0005,PC-1005,E2D07DA7.doc,False,
{F-0003647},02/01/2010 13:50:00,BA0001,PC-1001,F6333466.doc,False,
{F-0021742},02/01/2010 13:51:00,KA0010,PC-1010,F0A8D9ED.xlsx,False,
{F-0029658},02/01/2010 13:55:00,OA0014,PC-1014,1E0171B8.pdf,False,
{F-0011589},02/01/2010 13:57:00,EA0004,PC-1004,B0E0E83F.xls,False,
{F-0009459},02/01/2010 14:00:00,DA0003,PC-1003,F643B182.pdf,False,
{F-0001149},02/01/2010 14:04:00,AA0000,PC-1000,357DAB12.pdf,False,
{F-0031823},02/01/2010 14:06:00,PA0015,PC-1015,BBB17022.doc,False,
{F-0023720},02/01/2010 14:08:00,LA0011,PC-1011,CA9EA779.txt,False,
{F-0023729},02/01/2010 14:09:00,LA0011,PC-1011,D34E1503.doc,False,
{F-0011591},02/01/2010 14:12:00,EA0004,PC-1004,3C82FF20.doc,False,
{F-0029663},02/01/2010 14:15:00,OA0014,PC-1014,EB07334E.txt,False,
{F-0003659},02/01/2010 14:20:00,BA0001,PC-1001,60F0E6AA.doc,False,
{F-0027557},02/01/2010 14:25:00,NA0013,PC-1013,0FB29B84.txt,False,
{F-0006571},02/01/2010 14:28:00,CA0002,PC-1002,7F096DAF.doc,False,
{F-0014887},02/01/2010 14:31:00,GA0006,PC-1006,65937C60.jpg,False,
{F-0033339},02/01/2010 14:36:00,QA0016,PC-1016,95E9F7B4.xlsx,False,
{F-0003652},02/01/2010 14:37:00,BA0001,PC-1001,51D8673E.txt,False,
{F-0014881},02/01/2010 14:43:00,GA0006,PC-1006,A82C682A.txt,False,
{F-0019763},02/01/2010 14:45:00,JA0009,PC-1009,72A006FA.xls,False,
{F-0011587},02/01/2010 14:49:00,EA0004,PC-1004,F854F1B6.doc,False,
{F-0021740},02/01/2010 14:50:00,KA0010,PC-1010,EC73F249.doc,False,
{F-0009463},02/01/2010 14:58:00,DA0003,PC-1003,F14C89C1.doc,False,
{F-0014886},02/01/2010 14:58:00,GA0006,PC-1006,545C0071.doc,False,
{F-0027555},02/01/2010 15:03:00,NA0013,PC-1013,5B822C91.jpg,False,
{F-0014885},02/01/2010 15:04:00,GA0006,PC-1006,E13FAED9.xlsx,False,
{F-0014882},02/01/2010 15:05:00,GA0006,PC-1006,61DB32CC.txt,False,
{F-0019760},02/01/2010 15:05:00,JA0009,PC-1009,EA1868C7.xls,False,
{F-0023715},02/01/2010 15:06:00,LA0011,PC-1011,841AD625.doc,False,
{F-0019761},02/01/2010 15:07:00,JA0009,PC-1009,E8FC2EEA.txt,False,
{F-0023724},02/01/2010 15:07:00,LA0011,PC-1011,1AA60D1B.xls,False,
{F-0021750},02/01/2010 15:08:00,KA0010,PC-1010,06BB4D80.jpg,False,
{F-0023723},02/01/2010 15:08:00,LA0011,PC-1011,52920B28.jpg,False,
{F-0011592},02/01/2010 15:10:00,EA0004,PC-1004,0E02586F.jpg,False,
{F-0017808},02/01/2010 15:11:00,IA0008,PC-1008,88ADD599.pdf,False,
{F-0021739},02/01/2010 15:11:00,KA0010,PC-1010,A2C4C586.pdf,False,
{F-0017817},02/01/2010 15:12:00,IA0008,PC-1008,D39E9D39.txt,False,
{F-0011590},02/01/2010 15:17:00,EA0004,PC-1004,6209590E.doc,False,
{F-0019756},02/01/2010 15:17:00,JA0009,PC-1009,52F3534B.xlsx,False,
{F-0031826},02/01/2010 15:17:00,PA0015,PC-1015,28484F3F.xls,False,
{F-0009452},02/01/2010 15:19:00,DA0003,PC-1003,54F32EA5.pdf,False,
{F-0031829},02/01/2010 15:22:00,PA0015,PC-1015,1B54E6B6.txt,False,
{F-0019764},02/01/2010 15:24:00,JA0009,PC-1009,1CE02ABF.doc,False,
{F-0003645},02/01/2010 15:30:00,BA0001,PC-1001,C89744D3.doc,False,
{F-0019757},02/01/2010 15:30:00,JA0009,PC-1009,792E5D9A.doc,False,
{F-0034585},02/01/2010 15:33:00,RA0017,PC-1017,866E95DB.xlsx,False,
{F-0017810},02/01/2010 15:37:00,IA0008,PC-1008,A23FC623.doc,False,
{F-0023712},02/01/2010 15:41:00,LA0011,PC-1011,FF88E334.xls,False,
{F-0009456},02/01/2010 15:43:00,DA0003,PC-1003,E8EEDC2C.xls,False,
{F-0021751},02/01/2010 15:43:00,KA0010,PC-1010,D81F62C9.pdf,False,
{F-0014888},02/01/2010 15:50:00,GA0006,PC-1006,BA76DA3F.xlsx,False,
{F-0006560},02/01/2010 15:59:00,CA0002,PC-1002,DDB4D53F.xls,False,
{F-0001148},02/01/2010 16:00:00,AA0000,PC-1000,4203316E.pdf,False,
{F-0016623},02/01/2010 16:02:00,HA0007,PC-1007,9109F24C.doc,False,
{F-0019753},02/01/2010 16:02:00,JA0009,PC-1009,6492E49D.xls,False,
{F-0009457},02/01/2010 16:03:00,DA0003,PC-1003,BBA3B586.doc,False,
{F-0017809},02/01/2010 16:03:00,IA0008,PC-1008,55DB27E4.xls,False,
{F-0029665},02/01/2010 16:03:00,OA0014,PC-1014,DCBE35CE.pdf,False,
{F-0017814},02/01/2010 16:06:00,IA0008,PC-1008,3E6A9681.doc,False,
{F-0019752},02/01/2010 16:07:00,JA0009,PC-1009,621355E5.doc,False,
{F-0023722},02/01/2010 16:16:00,LA0011,PC-1011,8996F8E0.jpg,False,
{F-0006552},02/01/2010 16:21:00,CA0002,PC-1002,697C1EC3.pdf,False,
{F-0033336},02/01/2010 16:27:00,QA0016,PC-1016,D794118A.pdf,False,
{F-0011588},02/01/2010 16:34:00,EA0004,PC-1004,0139BF47.xls,False,
{F-0014892},02/01/2010 16:36:00,GA0006,PC-1006,FC21095A.txt,False,
{F-0006567},02/01/2010 16:38:00,CA0002,PC-1002,F0D62E65.txt,False,
{F-0006569},02/01/2010 16:42:00,CA0002,PC-1002,9A6CF34E.txt,False,
{F-0001152},02/01/2010 16:43:00,AA0000,PC-1000,055A3D66.txt,False,
{F-0003661},02/01/2010 16:50:00,BA0001,PC-1001,445E4B31.xlsx,False,
{F-0021743},02/01/2010 16:53:00,KA0010,PC-1010,55CAAE22.doc,False,
{F-0006547},02/01/2010 16:57:00,CA0002,PC-1002,24345B93.pdf,False,
{F-0023713},02/01/2010 16:59:00,LA0011,PC-1011,5699E3B8.jpg,False,
{F-0023721},02/01/2010 16:59:00,LA0011,PC-1011,9DEC539F.jpg,False,
{F-0006566},02/01/2010 17:03:00,CA0002,PC-1002,328B94F9.doc,False,
{F-0003648},02/01/2010 17:15:00,BA0001,PC-1001,4C36EB55.txt,False,
{F-0021749},02/01/2010 17:20:00,KA0010,PC-1010,47F2FCF9.pdf,False,
{F-0033338},02/01/2010 17:25:00,QA0016,PC-1016,785B4738.doc,False,
{F-0003658},02/01/2010 17:33:00,BA0001,PC-1001,EF2759B2.xlsx,False,
{F-0003653},02/01/2010 17:37:00,BA0001,PC-1001,C54E0258.txt,False,
{F-0001151},02/01/2010 17:40:00,AA0000,PC-1000,06348B8A.doc,False,
{F-0003650},02/01/2010 17:42:00,BA0001,PC-1001,0770FBBE.txt,False,
{F-0034583},02/01/2010 17:44:00,RA0017,PC-1017,C25742F0.xlsx,False,
{F-0012930},02/01/2010 17:47:00,FA0005,PC-1005,9CF88C29.jpg,False,
{F-0012933},02/01/2010 17:48:00,FA0005,PC-1005,DAB60ECB.xlsx,False,
{F-0021748},02/01/2010 17:48:00,KA0010,PC-1010,1036FF7F.doc,False,
{F-0006550},02/01/2010 17:53:00,CA0002,PC-1002,4C5D9029.pdf,False,
{F-0012934},02/01/2010 17:56:00,FA0005,PC-1005,759150AC.xls,False,
{F-0006559},02/01/2010 18:08:00,CA0002,PC-1002,0E3DB3BE.doc,False,
{F-0034581},02/01/2010 18:10:00,RA0017,PC-1017,3FAAD076.doc,False,
{F-0006558},02/01/2010 18:13:00,CA0002,PC-1002,215ED7A9.txt,False,
{F-0012932},02/01/2010 18:21:00,FA0005,PC-1005,0D9511B0.txt,False,
{F-0006553},02/01/2010 18:33:00,CA0002,PC-1002,8740C114.txt,False,
{F-0006568},02/01/2010 18:56:00,CA0002,PC-1002,DEBE732B.pdf,False,
{F-0006561},02/01/2010 18:57:00,CA0002,PC-1002,7857CB04.pdf,False,
{F-0006548},02/01/2010 19:21:00,CA0002,PC-1002,4683A0AF.jpg,False,
{F-0017853},02/02/2010 07:34:00,IA0008,PC-1008,3FAC70A6.txt,False,
{F-0009545},02/02/2010 08:14:00,DA0003,PC-1003,50C12F24.doc,False,
{F-0027590},02/02/2010 08:19:00,NA0013,PC-1013,A0662EBC.txt,False,
{F-0009547},02/02/2010 08:20:00,DA0003,PC-1003,B3C8693B.pdf,False,
{F-0023773},02/02/2010 08:20:00,LA0011,PC-1011,99406797.jpg,False,
{F-0009539},02/02/2010 08:22:00,DA0003,PC-1003,F2053CF1.pdf,False,
{F-0025769},02/02/2010 08:22:00,MA0012,PC-1012,C05B99F3.xls,False,
{F-0001211},02/02/2010 08:27:00,AA0000,PC-1000,ED7825FA.xls,False,
{F-0025764},02/02/2010 08:27:00,MA0012,PC-1012,07C1AD93.txt,False,
{F-0023777},02/02/2010 08:29:00,LA0011,PC-1011,10F9764D.pdf,False,
{F-0023781},02/02/2010 08:35:00,LA0011,PC-1011,B5D7A06D.jpg,False,
{F-0017851},02/02/2010 08:46:00,IA0008,PC-1008,16851D69.jpg,False,
{F-0003734},02/02/2010 08:52:00,BA0001,PC-1001,4555DAB8.txt,False,
{F-0023774},02/02/2010 08:53:00,LA0011,PC-1011,47F48520.pdf,False,
{F-0009549},02/02/2010 08:54:00,DA0003,PC-1003,E045E132.xls,False,
{F-0029737},02/02/2010 08:55:00,OA0014,PC-1014,7D5E2109.doc,False,
{F-0003739},02/02/2010 08:57:00,BA0001,PC-1001,7CB0B2D3.xlsx,False,
{F-0021782},02/02/2010 08:58:00,KA0010,PC-1010,F212D536.pdf,False,
{F-0019804},02/02/2010 09:02:00,JA0009,PC-1009,FD38ADEC.txt,False,
{F-0019809},02/02/2010 09:04:00,JA0009,PC-1009,32405D29.xlsx,False,
{F-0001213},02/02/2010 09:05:00,AA0000,PC-1000,825AE365.txt,False,
{F-0019801},02/02/2010 09:06:00,JA0009,PC-1009,9809F1A6.doc,False,
{F-0011613},02/02/2010 09:12:00,EA0004,PC-1004,5D17453A.doc,False,
{F-0001216},02/02/2010 09:14:00,AA0000,PC-1000,0C958137.doc,False,
{F-0006612},02/02/2010 09:25:00,CA0002,PC-1002,26E8E8C6.xlsx,False,
{F-0009540},02/02/2010 09:26:00,DA0003,PC-1003,FA760B83.doc,False,
{F-0003723},02/02/2010 09:30:00,BA0001,PC-1001,3AC64AF4.jpg,False,
{F-0006609},02/02/2010 09:32:00,CA0002,PC-1002,024C3CC1.jpg,False,
{F-0001218},02/02/2010 09:33:00,AA0000,PC-1000,AB9D2C78.txt,False,
{F-0009551},02/02/2010 09:33:00,DA0003,PC-1003,4DF5ED44.doc,False,
{F-0006622},02/02/2010 09:34:00,CA0002,PC-1002,171765F6.txt,False,
{F-0029734},02/02/2010 09:34:00,OA0014,PC-1014,52295289.txt,False,
{F-0031871},02/02/2010 09:45:00,PA0015,PC-1015,6BC758B8.doc,False,
{F-0003737},02/02/2010 09:50:00,BA0001,PC-1001,18E725E2.xlsx,False,
{F-0003731},02/02/2010 09:56:00,BA0001,PC-1001,8F2E02E3.doc,False,
{F-0031866},02/02/2010 09:59:00,PA0015,PC-1015,4E907FEF.pdf,False,
{F-0017876},02/02/2010 10:01:00,IA0008,PC-1008,5BB2A302.doc,False,
{F-0016654},02/02/2010 10:03:00,HA0007,PC-1007,7CFE9660.jpg,False,
{F-0021786},02/02/2010 10:03:00,KA0010,PC-1010,9C615EB5.pdf,False,
{F-0001217},02/02/2010 10:04:00,AA0000,PC-1000,0334E5BD.pdf,False,
{F-0006615},02/02/2010 10:08:00,CA0002,PC-1002,1D1314C6.txt,False,
{F-0006616},02/02/2010 10:08:00,CA0002,PC-1002,C7584F09.xls,False,
{F-0023762},02/02/2010 10:13:00,LA0011,PC-1011,86F76D62.xls,False,
{F-0021783},02/02/2010 10:14:00,KA0010,PC-1010,720F9C87.jpg,False,
{F-0016658},02/02/2010 10:15:00,HA0007,PC-1007,EE4B0C67.txt,False,
{F-0019806},02/02/2010 10:15:00,JA0009,PC-1009,0E0CBCC8.doc,False,
{F-0017860},02/02/2010 10:16:00,IA0008,PC-1008,478CA64E.jpg,False,
{F-0017857},02/02/2010 10:17:00,IA0008,PC-1008,8AA1894F.jpg,False,
{F-0001210},02/02/2010 10:21:00,AA0000,PC-1000,DEF152E3.doc,False,
{F-0012968},02/02/2010 10:27:00,FA0005,PC-1005,3198DAC2.xlsx,False,
{F-0001219},02/02/2010 10:30:00,AA0000,PC-1000,071D8AD3.xlsx,False,
{F-0001221},02/02/2010 10:33:00,AA0000,PC-1000,A4418CEE.doc,False,
{F-0019802},02/02/2010 10:37:00,JA0009,PC-1009,385EB7A1.doc,False,
{F-0011617},02/02/2010 10:39:00,EA0004,PC-1004,83A851C9.txt,False,
{F-0016656},02/02/2010 10:41:00,HA0007,PC-1007,BEC0A573.pdf,False,
{F-0011619},02/02/2010 10:43:00,EA0004,PC-1004,A1AD92B6.xls,False,
{F-0003735},02/02/2010 10:44:00,BA0001,PC-1001,18CDBB39.txt,False,
{F-0021778},02/02/2010 10:44:00,KA0010,PC-1010,BD3E4F54.xlsx,False,
{F-0006619},02/02/2010 10:46:00,CA0002,PC-1002,036B7CF3.pdf,False,
{F-0011615},02/02/2010 10:47:00,EA0004,PC-1004,B0B63F58.txt,False,
{F-0016652},02/02/2010 10:51:00,HA0007,PC-1007,309E0D2F.xls,False,
{F-0034613},02/02/2010 10:55:00,RA0017,PC-1017,6E76F17D.xlsx,False,
{F-0017863},02/02/2010 10:56:00,IA0008,PC-1008,62EA7FC4.doc,False,
{F-0003722},02/02/2010 10:59:00,BA0001,PC-1001,0CA72FD2.pdf,False,
{F-0019808},02/02/2010 11:00:00,JA0009,PC-1009,6A33B948.xls,False,
{F-0003721},02/02/2010 11:01:00,BA0001,PC-1001,7C93AF9C.txt,False,
{F-0003729},02/02/2010 11:01:00,BA0001,PC-1001,09FB2665.doc,False,
{F-0017852},02/02/2010 11:01:00,IA0008,PC-1008,61D8400D.jpg,False,
{F-0006608},02/02/2010 11:03:00,CA0002,PC-1002,821164A4.xls,False,
{F-0009548},02/02/2010 11:03:00,DA0003,PC-1003,F86B25C5.doc,False,
{F-0029726},02/02/2010 11:03:00,OA0014,PC-1014,B39359E4.txt,False,
{F-0017855},02/02/2010 11:16:00,IA0008,PC-1008,0F8DABD4.xls,False,
{F-0021781},02/02/2010 11:16:00,KA0010,PC-1010,E880E15D.xls,False,
{F-0011611},02/02/2010 11:17:00,EA0004,PC-1004,EFEFAC79.txt,False,
{F-0001214},02/02/2010 11:18:00,AA0000,PC-1000,29BD962B.doc,False,
{F-0033376},02/02/2010 11:18:00,QA0016,PC-1016,CFC22696.doc,False,
{F-0034612},02/02/2010 11:18:00,RA0017,PC-1017,97DC0BD1.jpg,False,
{F-0023763},02/02/2010 11:19:00,LA0011,PC-1011,64219051.jpg,False,
{F-0021789},02/02/2010 11:22:00,KA0010,PC-1010,964E7ABA.jpg,False,
{F-0016657},02/02/2010 11:23:00,HA0007,PC-1007,9B217D11.xlsx,False,
{F-0017854},02/02/2010 11:24:00,IA0008,PC-1008,F92763F2.doc,False,
{F-0017865},02/02/2010 11:26:00,IA0008,PC-1008,D696FAED.txt,False,
{F-0003732},02/02/2010 11:31:00,BA0001,PC-1001,00E98CF7.txt,False,
{F-0017859},02/02/2010 11:32:00,IA0008,PC-1008,216B816D.pdf,False,
{F-0025765},02/02/2010 11:43:00,MA0012,PC-1012,C9C996FA.jpg,False,
{F-0025768},02/02/2010 11:43:00,MA0012,PC-1012,9205D62E.doc,False,
{F-0029731},02/02/2010 11:46:00,OA0014,PC-1014,F870F045.doc,False,
{F-0021788},02/02/2010 11:50:00,KA0010,PC-1010,4F8B57B3.jpg,False,
{F-0009550},02/02/2010 11:53:00,DA0003,PC-1003,1508D585.pdf,False,
{F-0023761},02/02/2010 11:54:00,LA0011,PC-1011,77D1CAA5.xls,False,
{F-0001212},02/02/2010 11:58:00,AA0000,PC-1000,DF66E3EA.doc,False,
{F-0012958},02/02/2010 11:58:00,FA0005,PC-1005,8436F29E.txt,False,
{F-0016655},02/02/2010 12:17:00,HA0007,PC-1007,7379CFDA.doc,False,
{F-0003736},02/02/2010 12:22:00,BA0001,PC-1001,9B61C951.xls,False,
{F-0006623},02/02/2010 12:22:00,CA0002,PC-1002,D4EA3279.txt,False,
{F-0031864},02/02/2010 12:22:00,PA0015,PC-1015,98C44895.jpg,False,
{F-0029735},02/02/2010 12:23:00,OA0014,PC-1014,05418591.jpg,False,
{F-0021787},02/02/2010 12:24:00,KA0010,PC-1010,6EE5D919.xlsx,False,
{F-0001222},02/02/2010 12:26:00,AA0000,PC-1000,8D642F89.pdf,False,
{F-0012965},02/02/2010 12:28:00,FA0005,PC-1005,1D924A5B.xls,False,
{F-0019811},02/02/2010 12:28:00,JA0009,PC-1009,3794E67D.jpg,False,
{F-0003728},02/02/2010 12:30:00,BA0001,PC-1001,63C2C2FE.pdf,False,
{F-0017874},02/02/2010 12:30:00,IA0008,PC-1008,FAA7B9C1.doc,False,
{F-0027589},02/02/2010 12:33:00,NA0013,PC-1013,59F0FF6B.doc,False,
{F-0029730},02/02/2010 12:34:00,OA0014,PC-1014,444F4F9C.pdf,False,
{F-0006610},02/02/2010 12:35:00,CA0002,PC-1002,E7147410.txt,False,
{F-0019800},02/02/2010 12:36:00,JA0009,PC-1009,78F42726.txt,False,
{F-0003717},02/02/2010 12:38:00,BA0001,PC-1001,DA3020AB.pdf,False,
{F-0019799},02/02/2010 12:39:00,JA0009,PC-1009,EAE22F1F.doc,False,
{F-0012967},02/02/2010 12:41:00,FA0005,PC-1005,0AF08780.doc,False,
{F-0003724},02/02/2010 12:43:00,BA0001,PC-1001,EB135603.xlsx,False,
{F-0019805},02/02/2010 12:51:00,JA0009,PC-1009,F224D3B9.jpg,False,
{F-0003720},02/02/2010 12:52:00,BA0001,PC-1001,0605801C.doc,False,
{F-0009546},02/02/2010 12:52:00,DA0003,PC-1003,A8488FF9.doc,False,
{F-0017870},02/02/2010 12:54:00,IA0008,PC-1008,31CDF3F9.xlsx,False,
{F-0023776},02/02/2010 12:58:00,LA0011,PC-1011,547D1785.pdf,False,
{F-0033374},02/02/2010 12:58:00,QA0016,PC-1016,52FA7D94.doc,False,
{F-0019812},02/02/2010 13:01:00,JA0009,PC-1009,A6986276.txt,False,
{F-0029739},02/02/2010 13:02:00,OA0014,PC-1014,A41EF3A1.xls,False,
{F-0029740},02/02/2010 13:03:00,OA0014,PC-1014,3835499B.doc,False,
{F-0023769},02/02/2010 13:04:00,LA0011,PC-1011,8E7F625A.pdf,False,
{F-0029738},02/02/2010 13:05:00,OA0014,PC-1014,77EADBCE.xls,False,
{F-0017856},02/02/2010 13:09:00,IA0008,PC-1008,FC9B93A1.doc,False,
{F-0029732},02/02/2010 13:10:00,OA0014,PC-1014,DCEFDC11.jpg,False,
{F-0009544},02/02/2010 13:12:00,DA0003,PC-1003,8BCAB572.doc,False,
{F-0012962},02/02/2010 13:12:00,FA0005,PC-1005,49A78A6A.doc,False,
{F-0017877},02/02/2010 13:15:00,IA0008,PC-1008,C6779BED.jpg,False,
{F-0009542},02/02/2010 13:18:00,DA0003,PC-1003,A7588F2B.jpg,False,
{F-0021785},02/02/2010 13:18:00,KA0010,PC-1010,D6570387.txt,False,
{F-0021776},02/02/2010 13:19:00,KA0010,PC-1010,543949FA.pdf,False,
{F-0025770},02/02/2010 13:25:00,MA0012,PC-1012,B60CCD6F.doc,False,
{F-0017871},02/02/2010 13:27:00,IA0008,PC-1008,703999AA.jpg,False,
{F-0031867},02/02/2010 13:29:00,PA0015,PC-1015,3FEED95A.xls,False,
{F-0003719},02/02/2010 13:32:00,BA0001,PC-1001,81C0A907.doc,False,
{F-0006614},02/02/2010 13:32:00,CA0002,PC-1002,CC268DFC.doc,False,
{F-0012966},02/02/2010 13:39:00,FA0005,PC-1005,4F48A370.xls,False,
{F-0017862},02/02/2010 13:39:00,IA0008,PC-1008,C1B948B0.doc,False,
{F-0012970},02/02/2010 13:40:00,FA0005,PC-1005,4AA34B19.xls,False,
{F-0017868},02/02/2010 13:41:00,IA0008,PC-1008,F3645EB6.xlsx,False,
{F-0029727},02/02/2010 13:41:00,OA0014,PC-1014,1C73DA07.xls,False,
{F-0025763},02/02/2010 13:56:00,MA0012,PC-1012,5E8420E3.xlsx,False,
{F-0017873},02/02/2010 13:57:00,IA0008,PC-1008,E8D18EB2.xls,False,
{F-0021780},02/02/2010 13:58:00,KA0010,PC-1010,ABAD40FA.jpg,False,
{F-0012963},02/02/2010 13:59:00,FA0005,PC-1005,DB0647E4.jpg,False,
{F-0016653},02/02/2010 13:59:00,HA0007,PC-1007,0BFA6922.pdf,False,
{F-0012961},02/02/2010 14:00:00,FA0005,PC-1005,4739BCAA.xls,False,
{F-0017861},02/02/2010 14:07:00,IA0008,PC-1008,5F89C87E.doc,False,
{F-0011618},02/02/2010 14:08:00,EA0004,PC-1004,573F4FA4.txt,False,
{F-0023780},02/02/2010 14:09:00,LA0011,PC-1011,B334849F.xlsx,False,
{F-0009541},02/02/2010 14:11:00,DA0003,PC-1003,4A0EE1ED.txt,False,
{F-0006611},02/02/2010 14:20:00,CA0002,PC-1002,FFF5341F.doc,False,
{F-0011612},02/02/2010 14:20:00,EA0004,PC-1004,8A83C3FF.jpg,False,
{F-0027592},02/02/2010 14:21:00,NA0013,PC-1013,6BD9BD25.jpg,False,
{F-0027593},02/02/2010 14:26:00,NA0013,PC-1013,6056333F.doc,False,
{F-0017872},02/02/2010 14:27:00,IA0008,PC-1008,50D991B0.txt,False,
{F-0029733},02/02/2010 14:28:00,OA0014,PC-1014,4D333B41.xls,False,
{F-0016660},02/02/2010 14:32:00,HA0007,PC-1007,FA14D50E.xls,False,
{F-0003718},02/02/2010 14:36:00,BA0001,PC-1001,4EBE5684.xlsx,False,
{F-0017866},02/02/2010 14:40:00,IA0008,PC-1008,D8FAD693.doc,False,
{F-0033375},02/02/2010 14:41:00,QA0016,PC-1016,E8E27BF6.xlsx,False,
{F-0017867},02/02/2010 14:46:00,IA0008,PC-1008,A7F46ED5.doc,False,
{F-0031870},02/02/2010 14:46:00,PA0015,PC-1015,491BFC1D.pdf,False,
{F-0012960},02/02/2010 14:47:00,FA0005,PC-1005,404AA0C6.txt,False,
{F-0023771},02/02/2010 14:50:00,LA0011,PC-1011,99E5C847.doc,False,
{F-0017864},02/02/2010 14:51:00,IA0008,PC-1008,0B46A5A5.jpg,False,
{F-0017869},02/02/2010 14:52:00,IA0008,PC-1008,8301E81A.xls,False,
{F-0029729},02/02/2010 14:52:00,OA0014,PC-1014,9FBAED5D.jpg,False,
{F-0012956},02/02/2010 14:57:00,FA0005,PC-1005,833349EF.xls,False,
{F-0003725},02/02/2010 15:01:00,BA0001,PC-1001,A42680B1.pdf,False,
{F-0025766},02/02/2010 15:01:00,MA0012,PC-1012,53361371.xlsx,False,
{F-0031863},02/02/2010 15:06:00,PA0015,PC-1015,71C8FD2B.xlsx,False,
{F-0003738},02/02/2010 15:07:00,BA0001,PC-1001,DC16D3CB.jpg,False,
{F-0017858},02/02/2010 15:09:00,IA0008,PC-1008,8B3665BB.xls,False,
{F-0001215},02/02/2010 15:10:00,AA0000,PC-1000,C456A911.doc,False,
{F-0019807},02/02/2010 15:13:00,JA0009,PC-1009,8473EE23.doc,False,
{F-0017875},02/02/2010 15:14:00,IA0008,PC-1008,1901F5BB.pdf,False,
{F-0025767},02/02/2010 15:19:00,MA0012,PC-1012,40044716.pdf,False,
{F-0023772},02/02/2010 15:25:00,LA0011,PC-1011,569F1140.doc,False,
{F-0019810},02/02/2010 15:26:00,JA0009,PC-1009,1DF68151.xls,False,
{F-0023766},02/02/2010 15:27:00,LA0011,PC-1011,C1820D03.pdf,False,
{F-0011620},02/02/2010 15:34:00,EA0004,PC-1004,ACFA1647.txt,False,
{F-0027591},02/02/2010 15:34:00,NA0013,PC-1013,932AE717.pdf,False,
{F-0006625},02/02/2010 15:35:00,CA0002,PC-1002,D0904486.xlsx,False,
{F-0009543},02/02/2010 15:37:00,DA0003,PC-1003,AF2D1EE3.pdf,False,
{F-0003726},02/02/2010 15:38:00,BA0001,PC-1001,09366531.doc,False,
{F-0023764},02/02/2010 15:42:00,LA0011,PC-1011,D59476D2.txt,False,
{F-0029728},02/02/2010 15:48:00,OA0014,PC-1014,F86FADA0.jpg,False,
{F-0009538},02/02/2010 15:49:00,DA0003,PC-1003,F4813A7A.xlsx,False,
{F-0031869},02/02/2010 15:57:00,PA0015,PC-1015,A55E25B8.jpg,False,
{F-0031872},02/02/2010 16:02:00,PA0015,PC-1015,BC21E4E8.txt,False,
{F-0034611},02/02/2010 16:03:00,RA0017,PC-1017,67C741D6.doc,False,
{F-0031865},02/02/2010 16:05:00,PA0015,PC-1015,3D3B2AA5.xls,False,
{F-0033377},02/02/2010 16:06:00,QA0016,PC-1016,AAAEBEC6.xls,False,
{F-0001220},02/02/2010 16:08:00,AA0000,PC-1000,0B6BA420.xlsx,False,
{F-0023770},02/02/2010 16:08:00,LA0011,PC-1011,EE9FFFE8.xls,False,
{F-0016651},02/02/2010 16:10:00,HA0007,PC-1007,7CD30382.pdf,False,
{F-0023767},02/02/2010 16:11:00,LA0011,PC-1011,E1139191.doc,False,
{F-0011614},02/02/2010 16:12:00,EA0004,PC-1004,063F7F69.jpg,False,
{F-0023775},02/02/2010 16:17:00,LA0011,PC-1011,DEF4E97F.jpg,False,
{F-0016661},02/02/2010 16:19:00,HA0007,PC-1007,5B1F0F0C.xlsx,False,
{F-0012964},02/02/2010 16:25:00,FA0005,PC-1005,41ED3C3D.pdf,False,
{F-0011616},02/02/2010 16:27:00,EA0004,PC-1004,8FE5014C.pdf,False,
{F-0016659},02/02/2010 16:29:00,HA0007,PC-1007,6DD8A482.pdf,False,
{F-0029736},02/02/2010 16:29:00,OA0014,PC-1014,520EF117.doc,False,
{F-0006620},02/02/2010 16:32:00,CA0002,PC-1002,5511798E.pdf,False,
{F-0003727},02/02/2010 16:33:00,BA0001,PC-1001,E9A755D5.txt,False,
{F-0003730},02/02/2010 16:40:00,BA0001,PC-1001,A30AD312.jpg,False,
{F-0023768},02/02/2010 16:43:00,LA0011,PC-1011,A6B30902.jpg,False,
{F-0009537},02/02/2010 16:45:00,DA0003,PC-1003,D510741A.jpg,False,
{F-0023765},02/02/2010 16:45:00,LA0011,PC-1011,FEC234D9.pdf,False,
{F-0031868},02/02/2010 16:50:00,PA0015,PC-1015,A8DD4D4D.pdf,False,
{F-0019803},02/02/2010 16:51:00,JA0009,PC-1009,A4C96D58.jpg,False,
{F-0012955},02/02/2010 16:53:00,FA0005,PC-1005,C9A5EB01.jpg,False,
{F-0006617},02/02/2010 16:59:00,CA0002,PC-1002,D62D8C04.pdf,False,
{F-0023778},02/02/2010 17:00:00,LA0011,PC-1011,C114DC20.txt,False,
{F-0003733},02/02/2010 17:04:00,BA0001,PC-1001,203BD624.xlsx,False,
{F-0019798},02/02/2010 17:10:00,JA0009,PC-1009,7641381D.xlsx,False,
{F-0023779},02/02/2010 17:15:00,LA0011,PC-1011,C489AC94.pdf,False,
{F-0021777},02/02/2010 17:19:00,KA0010,PC-1010,D05BDB7A.txt,False,
{F-0012957},02/02/2010 17:21:00,FA0005,PC-1005,1766195E.xlsx,False,
{F-0021779},02/02/2010 17:30:00,KA0010,PC-1010,1D444555.jpg,False,
{F-0006626},02/02/2010 17:37:00,CA0002,PC-1002,44145F04.doc,False,
{F-0021784},02/02/2010 17:44:00,KA0010,PC-1010,77055FFC.xlsx,False,
{F-0006618},02/02/2010 18:14:00,CA0002,PC-1002,90F9F269.xlsx,False,
{F-0012959},02/02/2010 18:18:00,FA0005,PC-1005,A97E835C.xls,False,
{F-0012969},02/02/2010 18:20:00,FA0005,PC-1005,98A34ED8.xls,False,
{F-0006621},02/02/2010 19:04:00,CA0002,PC-1002,CB8E8275.xlsx,False,
{F-0006624},02/02/2010 19:12:00,CA0002,PC-1002,0B4B4773.xls,False,
{F-0006613},02/02/2010 19:18:00,CA0002,PC-1002,8D0D3262.xlsx,False,
{F-0027631},02/03/2010 07:46:00,NA0013,PC-1013,C3B4EFC1.doc,False,
{F-0023799},02/03/2010 07:52:00,LA0011,PC-1011,9A84B69D.txt,False,
{F-0023803},02/03/2010 07:57:00,LA0011,PC-1011,6016232B.doc,False,
{F-0023807},02/03/2010 08:00:00,LA0011,PC-1011,592B4AFD.doc,False,
{F-0023804},02/03/2010 08:13:00,LA0011,PC-1011,867B0F50.pdf,False,
{F-0023814},02/03/2010 08:14:00,LA0011,PC-1011,65192D9F.doc,False,
{F-0017908},02/03/2010 08:21:00,IA0008,PC-1008,B09DB02C.xls,False,
{F-0001274},02/03/2010 08:27:00,AA0000,PC-1000,44767EDD.pdf,False,
{F-0023796},02/03/2010 08:29:00,LA0011,PC-1011,3082F0AF.pdf,False,
{F-0019859},02/03/2010 08:30:00,JA0009,PC-1009,205BC7C5.pdf,False,
{F-0016686},02/03/2010 08:32:00,HA0007,PC-1007,0707AFFF.doc,False,
{F-0017907},02/03/2010 08:32:00,IA0008,PC-1008,34913708.pdf,False,
{F-0023800},02/03/2010 08:36:00,LA0011,PC-1011,660BA7CE.txt,False,
{F-0014978},02/03/2010 08:40:00,GA0006,PC-1006,E5EFCD8D.pdf,False,
{F-0017898},02/03/2010 08:43:00,IA0008,PC-1008,350B3C3B.xlsx,False,
{F-0027630},02/03/2010 08:51:00,NA0013,PC-1013,9EC271F1.pdf,False,
{F-0017897},02/03/2010 08:52:00,IA0008,PC-1008,4A9A2FBE.txt,False,
{F-0019864},02/03/2010 08:53:00,JA0009,PC-1009,50E6E4C8.txt,False,
{F-0017904},02/03/2010 08:54:00,IA0008,PC-1008,12ED95E9.doc,False,
{F-0023808},02/03/2010 08:59:00,LA0011,PC-1011,EB4B928D.jpg,False,
{F-0023802},02/03/2010 09:08:00,LA0011,PC-1011,022F02ED.xlsx,False,
{F-0021825},02/03/2010 09:09:00,KA0010,PC-1010,218AB1E7.doc,False,
{F-0009613},02/03/2010 09:10:00,DA0003,PC-1003,1D22F4E1.doc,False,
{F-0021822},02/03/2010 09:12:00,KA0010,PC-1010,F7442D31.xlsx,False,
{F-0016682},02/03/2010 09:18:00,HA0007,PC-1007,C3CDA1A4.xls,False,
{F-0011634},02/03/2010 09:19:00,EA0004,PC-1004,D58EE6A5.xls,False,
{F-0033413},02/03/2010 09:22:00,QA0016,PC-1016,B1984C3A.pdf,False,
{F-0023809},02/03/2010 09:29:00,LA0011,PC-1011,3A6248FC.doc,False,
{F-0009609},02/03/2010 09:31:00,DA0003,PC-1003,6F10E3E9.txt,False,
{F-0021824},02/03/2010 09:32:00,KA0010,PC-1010,EB9B037D.doc,False,
{F-0027629},02/03/2010 09:33:00,NA0013,PC-1013,E3656366.xlsx,False,
{F-0031899},02/03/2010 09:33:00,PA0015,PC-1015,E41E792D.doc,False,
{F-0009604},02/03/2010 09:35:00,DA0003,PC-1003,3ECD4D23.xls,False,
{F-0006681},02/03/2010 09:37:00,CA0002,PC-1002,E59B3F4E.xls,False,
{F-0009606},02/03/2010 09:37:00,DA0003,PC-1003,14E6F40F.txt,False,
{F-0021833},02/03/2010 09:38:00,KA0010,PC-1010,4B0D3F03.xlsx,False,
{F-0021839},02/03/2010 09:38:00,KA0010,PC-1010,42E8D008.pdf,False,
{F-0019869},02/03/2010 09:39:00,JA0009,PC-1009,BD76D4B4.doc,False,
{F-0019868},02/03/2010 09:45:00,JA0009,PC-1009,9D1B47EA.doc,False,
{F-0023822},02/03/2010 09:45:00,LA0011,PC-1011,960AF97B.doc,False,
{F-0006678},02/03/2010 09:47:00,CA0002,PC-1002,BFA80FB2.pdf,False,
{F-0001269},02/03/2010 09:52:00,AA0000,PC-1000,5022AF75.jpg,False,
{F-0016679},02/03/2010 09:56:00,HA0007,PC-1007,C67022B3.pdf,False,
{F-0021821},02/03/2010 09:59:00,KA0010,PC-1010,D004CC44.xls,False,
{F-0023806},02/03/2010 10:00:00,LA0011,PC-1011,AA12E9D2.pdf,False,
{F-0003790},02/03/2010 10:09:00,BA0001,PC-1001,56830716.xlsx,False,
{F-0003793},02/03/2010 10:09:00,BA0001,PC-1001,C4C9E260.txt,False,
{F-0023812},02/03/2010 10:09:00,LA0011,PC-1011,99BB15F1.doc,False,
{F-0021823},02/03/2010 10:13:00,KA0010,PC-1010,D23C643E.doc,False,
{F-0017895},02/03/2010 10:14:00,IA0008,PC-1008,918D2AC1.txt,False,
{F-0009603},02/03/2010 10:18:00,DA0003,PC-1003,C9DBD03A.doc,False,
{F-0029784},02/03/2010 10:22:00,OA0014,PC-1014,3A7E45B0.txt,False,
{F-0003789},02/03/2010 10:24:00,BA0001,PC-1001,9AA5750C.doc,False,
{F-0012998},02/03/2010 10:32:00,FA0005,PC-1005,818637A3.txt,False,
{F-0023798},02/03/2010 10:32:00,LA0011,PC-1011,E8B1082D.doc,False,
{F-0033412},02/03/2010 10:32:00,QA0016,PC-1016,46C8061F.jpg,False,
{F-0013003},02/03/2010 10:35:00,FA0005,PC-1005,EF402171.doc,False,
{F-0006682},02/03/2010 10:37:00,CA0002,PC-1002,DD782E77.xls,False,
{F-0033410},02/03/2010 10:38:00,QA0016,PC-1016,E841A06A.xls,False,
{F-0029779},02/03/2010 10:39:00,OA0014,PC-1014,76A56EC4.xls,False,
{F-0017911},02/03/2010 10:40:00,IA0008,PC-1008,C4D28171.pdf,False,
{F-0019856},02/03/2010 10:48:00,JA0009,PC-1009,018771B8.xlsx,False,
{F-0023801},02/03/2010 10:50:00,LA0011,PC-1011,5DBA1F33.doc,False,
{F-0003785},02/03/2010 10:53:00,BA0001,PC-1001,217F73B0.doc,False,
{F-0029781},02/03/2010 10:54:00,OA0014,PC-1014,760150D3.jpg,False,
{F-0031898},02/03/2010 10:55:00,PA0015,PC-1015,173EC8CE.xlsx,False,
{F-0021837},02/03/2010 10:56:00,KA0010,PC-1010,71B70AB1.pdf,False,
{F-0006694},02/03/2010 11:02:00,CA0002,PC-1002,E86475D4.jpg,False,
{F-0025799},02/03/2010 11:05:00,MA0012,PC-1012,EF94995B.txt,False,
{F-0017901},02/03/2010 11:14:00,IA0008,PC-1008,064ADB47.doc,False,
{F-0023820},02/03/2010 11:15:00,LA0011,PC-1011,4107932E.doc,False,
{F-0014982},02/03/2010 11:16:00,GA0006,PC-1006,9187BABF.pdf,False,
{F-0023821},02/03/2010 11:16:00,LA0011,PC-1011,7289A20A.xls,False,
{F-0006696},02/03/2010 11:18:00,CA0002,PC-1002,A9ACA06D.xlsx,False,
{F-0001275},02/03/2010 11:19:00,AA0000,PC-1000,6BE430AF.xls,False,
{F-0029777},02/03/2010 11:19:00,OA0014,PC-1014,844DCDDC.jpg,False,
{F-0014987},02/03/2010 11:23:00,GA0006,PC-1006,41F82859.doc,False,
{F-0014985},02/03/2010 11:25:00,GA0006,PC-1006,8C8340E0.doc,False,
{F-0006688},02/03/2010 11:27:00,CA0002,PC-1002,1E3795C3.xls,False,
{F-0016685},02/03/2010 11:29:00,HA0007,PC-1007,A62F9AAE.xls,False,
{F-0023810},02/03/2010 11:29:00,LA0011,PC-1011,2C81684D.txt,False,
{F-0013009},02/03/2010 11:30:00,FA0005,PC-1005,720C1838.xlsx,False,
{F-0023813},02/03/2010 11:30:00,LA0011,PC-1011,4B33630C.doc,False,
{F-0009612},02/03/2010 11:36:00,DA0003,PC-1003,AC6B26BC.doc,False,
{F-0011635},02/03/2010 11:38:00,EA0004,PC-1004,E2529D76.pdf,False,
{F-0021826},02/03/2010 11:38:00,KA0010,PC-1010,5E1150B5.jpg,False,
{F-0025792},02/03/2010 11:40:00,MA0012,PC-1012,8455C2A1.jpg,False,
{F-0019863},02/03/2010 11:43:00,JA0009,PC-1009,7D02137F.doc,False,
{F-0009611},02/03/2010 11:46:00,DA0003,PC-1003,F00077C8.xls,False,
{F-0033409},02/03/2010 11:48:00,QA0016,PC-1016,A8CA82DF.pdf,False,
{F-0011639},02/03/2010 11:49:00,EA0004,PC-1004,A7B06439.doc,False,
{F-0014984},02/03/2010 11:49:00,GA0006,PC-1006,983DC34F.jpg,False,
{F-0006695},02/03/2010 11:50:00,CA0002,PC-1002,A920D605.xls,False,
{F-0033411},02/03/2010 11:50:00,QA0016,PC-1016,33AA4D11.txt,False,
{F-0016684},02/03/2010 11:55:00,HA0007,PC-1007,393958DA.txt,False,
{F-0001272},02/03/2010 11:57:00,AA0000,PC-1000,2E25FDC4.xlsx,False,
{F-0029778},02/03/2010 11:58:00,OA0014,PC-1014,66C42F36.doc,False,
{F-0001273},02/03/2010 12:04:00,AA0000,PC-1000,66C49395.txt,False,
{F-0006691},02/03/2010 12:04:00,CA0002,PC-1002,B53288FD.xls,False,
{F-0013007},02/03/2010 12:05:00,FA0005,PC-1005,7749434F.xls,False,
{F-0021830},02/03/2010 12:06:00,KA0010,PC-1010,FFCA254B.jpg,False,
{F-0025794},02/03/2010 12:07:00,MA0012,PC-1012,4DBA93A1.doc,False,
{F-0016680},02/03/2010 12:12:00,HA0007,PC-1007,6E8F906A.txt,False,
{F-0016683},02/03/2010 12:13:00,HA0007,PC-1007,EEB20CF3.txt,False,
{F-0009600},02/03/2010 12:14:00,DA0003,PC-1003,028CEAA7.doc,False,
{F-0013005},02/03/2010 12:18:00,FA0005,PC-1005,72C3C38C.xls,False,
{F-0017905},02/03/2010 12:18:00,IA0008,PC-1008,91AA2E3E.doc,False,
{F-0014990},02/03/2010 12:19:00,GA0006,PC-1006,0324C62E.txt,False,
{F-0003792},02/03/2010 12:20:00,BA0001,PC-1001,7328EE50.pdf,False,
{F-0025793},02/03/2010 12:24:00,MA0012,PC-1012,7FA86F42.jpg,False,
{F-0006676},02/03/2010 12:25:00,CA0002,PC-1002,405E9238.doc,False,
{F-0019855},02/03/2010 12:27:00,JA0009,PC-1009,889364B3.doc,False,
{F-0013004},02/03/2010 12:31:00,FA0005,PC-1005,842859D6.xls,False,
{F-0021836},02/03/2010 12:34:00,KA0010,PC-1010,7F3623E8.pdf,False,
{F-0003786},02/03/2010 12:39:00,BA0001,PC-1001,CCBB93A1.xlsx,False,
{F-0003791},02/03/2010 12:44:00,BA0001,PC-1001,AB3E7D67.xlsx,False,
{F-0017896},02/03/2010 12:44:00,IA0008,PC-1008,92FF4D40.xls,False,
{F-0006684},02/03/2010 12:46:00,CA0002,PC-1002,60638D94.xls,False,
{F-0014979},02/03/2010 12:46:00,GA0006,PC-1006,AAC4D2D1.jpg,False,
{F-0019870},02/03/2010 12:53:00,JA0009,PC-1009,57B2DDB9.doc,False,
{F-0012999},02/03/2010 12:56:00,FA0005,PC-1005,62B4943E.doc,False,
{F-0014988},02/03/2010 12:56:00,GA0006,PC-1006,8F0938C6.xls,False,
{F-0014976},02/03/2010 13:02:00,GA0006,PC-1006,D91DBED8.doc,False,
{F-0017899},02/03/2010 13:09:00,IA0008,PC-1008,F9C99B8D.pdf,False,
{F-0023797},02/03/2010 13:11:00,LA0011,PC-1011,FD90E1BE.xlsx,False,
{F-0006692},02/03/2010 13:12:00,CA0002,PC-1002,314DBA09.doc,False,
{F-0029785},02/03/2010 13:13:00,OA0014,PC-1014,9AA315F7.xls,False,
{F-0031901},02/03/2010 13:15:00,PA0015,PC-1015,ABE3410B.doc,False,
{F-0017910},02/03/2010 13:16:00,IA0008,PC-1008,9F24D710.doc,False,
{F-0019871},02/03/2010 13:17:00,JA0009,PC-1009,3D3FF973.doc,False,
{F-0014977},02/03/2010 13:18:00,GA0006,PC-1006,A3003E8A.pdf,False,
{F-0001271},02/03/2010 13:23:00,AA0000,PC-1000,704A023B.doc,False,
{F-0014989},02/03/2010 13:29:00,GA0006,PC-1006,0AD989B8.pdf,False,
{F-0006683},02/03/2010 13:31:00,CA0002,PC-1002,B08AD477.xls,False,
{F-0003788},02/03/2010 13:32:00,BA0001,PC-1001,3553671D.xls,False,
{F-0006677},02/03/2010 13:33:00,CA0002,PC-1002,3D7FC7DC.xlsx,False,
{F-0009607},02/03/2010 13:33:00,DA0003,PC-1003,698BF92C.jpg,False,
{F-0034637},02/03/2010 13:34:00,RA0017,PC-1017,BC3327A1.jpg,False,
{F-0006680},02/03/2010 13:35:00,CA0002,PC-1002,0FA2CB06.jpg,False,
{F-0021829},02/03/2010 13:37:00,KA0010,PC-1010,11888C58.txt,False,
{F-0006697},02/03/2010 13:39:00,CA0002,PC-1002,54AC7746.xls,False,
{F-0019862},02/03/2010 13:39:00,JA0009,PC-1009,0A66A900.jpg,False,
{F-0023805},02/03/2010 13:41:00,LA0011,PC-1011,DA93D898.jpg,False,
{F-0027628},02/03/2010 13:43:00,NA0013,PC-1013,C1C68CA5.xlsx,False,
{F-0009608},02/03/2010 13:45:00,DA0003,PC-1003,10E0B815.xlsx,False,
{F-0014986},02/03/2010 13:47:00,GA0006,PC-1006,FD57A90C.jpg,False,
{F-0021838},02/03/2010 13:48:00,KA0010,PC-1010,662BA491.jpg,False,
{F-0029782},02/03/2010 13:48:00,OA0014,PC-1014,BB4C0DC7.pdf,False,
{F-0006686},02/03/2010 13:54:00,CA0002,PC-1002,C05DA5B6.doc,False,
{F-0019866},02/03/2010 13:55:00,JA0009,PC-1009,FB92430A.pdf,False,
{F-0001270},02/03/2010 13:58:00,AA0000,PC-1000,40BEF268.txt,False,
{F-0006690},02/03/2010 13:58:00,CA0002,PC-1002,E91BA078.pdf,False,
{F-0011638},02/03/2010 14:00:00,EA0004,PC-1004,944C7D6F.xls,False,
{F-0013006},02/03/2010 14:02:00,FA0005,PC-1005,FFCBCB04.doc,False,
{F-0019865},02/03/2010 14:03:00,JA0009,PC-1009,7943DD89.xlsx,False,
{F-0006687},02/03/2010 14:04:00,CA0002,PC-1002,00A0EFBE.txt,False,
{F-0012994},02/03/2010 14:04:00,FA0005,PC-1005,2A27CA00.xlsx,False,
{F-0025795},02/03/2010 14:05:00,MA0012,PC-1012,E5BCEEF3.doc,False,
{F-0019861},02/03/2010 14:09:00,JA0009,PC-1009,39A1A9EE.xlsx,False,
{F-0003797},02/03/2010 14:15:00,BA0001,PC-1001,E34634E4.doc,False,
{F-0009601},02/03/2010 14:15:00,DA0003,PC-1003,7BBDC1BC.xls,False,
{F-0031900},02/03/2010 14:20:00,PA0015,PC-1015,9AB1B49D.xlsx,False,
{F-0016678},02/03/2010 14:22:00,HA0007,PC-1007,B783E9A5.xls,False,
{F-0006679},02/03/2010 14:23:00,CA0002,PC-1002,2D89EA3C.pdf,False,
{F-0023816},02/03/2010 14:24:00,LA0011,PC-1011,9D4E7F21.doc,False,
{F-0017902},02/03/2010 14:26:00,IA0008,PC-1008,8356526E.doc,False,
{F-0011633},02/03/2010 14:27:00,EA0004,PC-1004,AFFCFA48.txt,False,
{F-0009610},02/03/2010 14:30:00,DA0003,PC-1003,10784A6D.doc,False,
{F-0017903},02/03/2010 14:31:00,IA0008,PC-1008,0B0B6846.txt,False,
{F-0025797},02/03/2010 14:31:00,MA0012,PC-1012,7C26E7D4.pdf,False,
{F-0034638},02/03/2010 14:31:00,RA0017,PC-1017,DA6DFA22.pdf,False,
{F-0014981},02/03/2010 14:32:00,GA0006,PC-1006,164F8F20.doc,False,
{F-0019867},02/03/2010 14:34:00,JA0009,PC-1009,AB1EEEE6.xls,False,
{F-0023818},02/03/2010 14:34:00,LA0011,PC-1011,ED91A7AA.doc,False,
{F-0023819},02/03/2010 14:39:00,LA0011,PC-1011,A5E187EE.jpg,False,
{F-0003799},02/03/2010 14:44:00,BA0001,PC-1001,C5312A0B.xls,False,
{F-0014983},02/03/2010 14:46:00,GA0006,PC-1006,5D0575B5.doc,False,
{F-0023817},02/03/2010 14:46:00,LA0011,PC-1011,C97C3157.xlsx,False,
{F-0013008},02/03/2010 14:48:00,FA0005,PC-1005,4FDB65C6.doc,False,
{F-0017894},02/03/2010 14:48:00,IA0008,PC-1008,72E85080.pdf,False,
{F-0006685},02/03/2010 14:50:00,CA0002,PC-1002,F7EE03FF.txt,False,
{F-0014980},02/03/2010 14:50:00,GA0006,PC-1006,EE2D8A56.jpg,False,
{F-0003796},02/03/2010 14:51:00,BA0001,PC-1001,C0F2E4FA.doc,False,
{F-0003784},02/03/2010 14:53:00,BA0001,PC-1001,DC8997F0.xlsx,False,
{F-0012996},02/03/2010 14:53:00,FA0005,PC-1005,9E05EDF8.doc,False,
{F-0025796},02/03/2010 15:02:00,MA0012,PC-1012,53C66CE8.jpg,False,
{F-0019854},02/03/2010 15:07:00,JA0009,PC-1009,FE6CE047.doc,False,
{F-0029776},02/03/2010 15:07:00,OA0014,PC-1014,270F304E.xls,False,
{F-0021820},02/03/2010 15:08:00,KA0010,PC-1010,7CB35BAF.txt,False,
{F-0011637},02/03/2010 15:10:00,EA0004,PC-1004,BD89A007.jpg,False,
{F-0019858},02/03/2010 15:10:00,JA0009,PC-1009,BDCF8431.doc,False,
{F-0021832},02/03/2010 15:15:00,KA0010,PC-1010,20ED2AE7.pdf,False,
{F-0011636},02/03/2010 15:16:00,EA0004,PC-1004,CA8FA48C.doc,False,
{F-0025800},02/03/2010 15:20:00,MA0012,PC-1012,1D01697E.doc,False,
{F-0017906},02/03/2010 15:21:00,IA0008,PC-1008,700737C1.xlsx,False,
{F-0019857},02/03/2010 15:21:00,JA0009,PC-1009,ADF3693C.xlsx,False,
{F-0012992},02/03/2010 15:24:00,FA0005,PC-1005,FAC460DB.xlsx,False,
{F-0021834},02/03/2010 15:24:00,KA0010,PC-1010,1815B8AA.xls,False,
{F-0009605},02/03/2010 15:30:00,DA0003,PC-1003,3D539212.doc,False,
{F-0011640},02/03/2010 15:32:00,EA0004,PC-1004,F98D5065.xlsx,False,
{F-0029787},02/03/2010 15:32:00,OA0014,PC-1014,741C971E.doc,False,
{F-0003787},02/03/2010 15:34:00,BA0001,PC-1001,4E816831.xlsx,False,
{F-0003798},02/03/2010 15:34:00,BA0001,PC-1001,8F8CB56D.jpg,False,
{F-0009599},02/03/2010 15:36:00,DA0003,PC-1003,C76B7170.jpg,False,
{F-0017909},02/03/2010 15:37:00,IA0008,PC-1008,B174B896.txt,False,
{F-0019860},02/03/2010 15:48:00,JA0009,PC-1009,653C16FC.pdf,False,
{F-0034639},02/03/2010 15:48:00,RA0017,PC-1017,8FA1BF9D.jpg,False,
{F-0029780},02/03/2010 15:51:00,OA0014,PC-1014,9D3BA38A.jpg,False,
{F-0031903},02/03/2010 15:58:00,PA0015,PC-1015,38319206.xls,False,
{F-0027627},02/03/2010 16:04:00,NA0013,PC-1013,36C6650E.pdf,False,
{F-0029786},02/03/2010 16:04:00,OA0014,PC-1014,30155AC0.txt,False,
{F-0006689},02/03/2010 16:05:00,CA0002,PC-1002,911B78DF.jpg,False,
{F-0009602},02/03/2010 16:06:00,DA0003,PC-1003,47B65449.doc,False,
{F-0013002},02/03/2010 16:07:00,FA0005,PC-1005,AB36ADC0.txt,False,
{F-0017900},02/03/2010 16:13:00,IA0008,PC-1008,CDF912EA.xls,False,
{F-0033408},02/03/2010 16:13:00,QA0016,PC-1016,CD62055C.jpg,False,
{F-0013010},02/03/2010 16:15:00,FA0005,PC-1005,162A9662.doc,False,
{F-0013001},02/03/2010 16:19:00,FA0005,PC-1005,EC9F8A9D.xls,False,
{F-0013000},02/03/2010 16:20:00,FA0005,PC-1005,81474354.doc,False,
{F-0012993},02/03/2010 16:24:00,FA0005,PC-1005,B89B57B3.jpg,False,
{F-0031902},02/03/2010 16:29:00,PA0015,PC-1015,DB4E28C2.xlsx,False,
{F-0025798},02/03/2010 16:30:00,MA0012,PC-1012,C96C145A.doc,False,
{F-0029783},02/03/2010 16:33:00,OA0014,PC-1014,A5C340A4.doc,False,
{F-0021828},02/03/2010 16:44:00,KA0010,PC-1010,E7786208.pdf,False,
{F-0016687},02/03/2010 16:45:00,HA0007,PC-1007,5C54B4A6.xls,False,
{F-0021827},02/03/2010 16:48:00,KA0010,PC-1010,F5D021E5.jpg,False,
{F-0016681},02/03/2010 16:50:00,HA0007,PC-1007,4027C679.jpg,False,
{F-0023811},02/03/2010 16:50:00,LA0011,PC-1011,1FC67A6F.doc,False,
{F-0001268},02/03/2010 16:53:00,AA0000,PC-1000,968D3B30.xlsx,False,
{F-0027632},02/03/2010 16:56:00,NA0013,PC-1013,6A7277C2.xlsx,False,
{F-0027626},02/03/2010 17:07:00,NA0013,PC-1013,613366C1.doc,False,
{F-0023815},02/03/2010 17:09:00,LA0011,PC-1011,6293677A.jpg,False,
{F-0034636},02/03/2010 17:19:00,RA0017,PC-1017,7688136A.xls,False,
{F-0021835},02/03/2010 17:20:00,KA0010,PC-1010,A44DB8B0.xlsx,False,
{F-0029775},02/03/2010 17:20:00,OA0014,PC-1014,C9677F6E.txt,False,
{F-0003795},02/03/2010 17:21:00,BA0001,PC-1001,E34320CE.xlsx,False,
{F-0012997},02/03/2010 17:26:00,FA0005,PC-1005,4B7DEDA2.xlsx,False,
{F-0021831},02/03/2010 17:32:00,KA0010,PC-1010,20497CD4.txt,False,
{F-0003794},02/03/2010 17:33:00,BA0001,PC-1001,BD0730D2.txt,False,
{F-0006693},02/03/2010 17:47:00,CA0002,PC-1002,A4A3A293.xls,False,
{F-0012995},02/03/2010 18:23:00,FA0005,PC-1005,3D905F13.txt,False,
{F-0023861},02/04/2010 07:15:00,LA0011,PC-1011,56EB9B7C.xlsx,False,
{F-0023862},02/04/2010 07:18:00,LA0011,PC-1011,638A93C0.jpg,False,
{F-0023846},02/04/2010 07:35:00,LA0011,PC-1011,1D3EB071.jpg,False,
{F-0017956},02/04/2010 07:44:00,IA0008,PC-1008,27A0D9F8.pdf,False,
{F-0023878},02/04/2010 07:57:00,LA0011,PC-1011,6F852F45.xls,False,
{F-0017961},02/04/2010 08:19:00,IA0008,PC-1008,ECA61B83.jpg,False,
{F-0009681},02/04/2010 08:20:00,DA0003,PC-1003,C4CCDBBB.jpg,False,
{F-0015045},02/04/2010 08:21:00,GA0006,PC-1006,79503C68.xls,False,
{F-0025836},02/04/2010 08:30:00,MA0012,PC-1012,53CB764E.txt,False,
{F-0023865},02/04/2010 08:33:00,LA0011,PC-1011,0FB6264C.doc,False,
{F-0009678},02/04/2010 08:42:00,DA0003,PC-1003,77DB45E0.doc,False,
{F-0029832},02/04/2010 08:42:00,OA0014,PC-1014,D038676C.doc,False,
{F-0009677},02/04/2010 08:44:00,DA0003,PC-1003,87FF3B1B.pdf,False,
{F-0019920},02/04/2010 08:44:00,JA0009,PC-1009,90807921.xlsx,False,
{F-0017955},02/04/2010 08:50:00,IA0008,PC-1008,34AB3CE0.xlsx,False,
{F-0017944},02/04/2010 08:53:00,IA0008,PC-1008,32903933.pdf,False,
{F-0023876},02/04/2010 08:53:00,LA0011,PC-1011,DC5F986C.doc,False,
{F-0023871},02/04/2010 08:54:00,LA0011,PC-1011,57AD423C.doc,False,
{F-0015038},02/04/2010 08:56:00,GA0006,PC-1006,EB24BD58.pdf,False,
{F-0023849},02/04/2010 08:59:00,LA0011,PC-1011,7DE08CE4.doc,False,
{F-0006778},02/04/2010 09:00:00,CA0002,PC-1002,B98F1FB1.doc,False,
{F-0006769},02/04/2010 09:01:00,CA0002,PC-1002,633C6295.xlsx,False,
{F-0015041},02/04/2010 09:03:00,GA0006,PC-1006,F251FBDD.doc,False,
{F-0025834},02/04/2010 09:06:00,MA0012,PC-1012,FB7EF555.doc,False,
{F-0029840},02/04/2010 09:08:00,OA0014,PC-1014,92A3A49F.doc,False,
{F-0006775},02/04/2010 09:14:00,CA0002,PC-1002,77C7F877.doc,False,
{F-0015044},02/04/2010 09:25:00,GA0006,PC-1006,39912C22.doc,False,
{F-0023850},02/04/2010 09:30:00,LA0011,PC-1011,3595050B.txt,False,
{F-0027675},02/04/2010 09:31:00,NA0013,PC-1013,098E929E.xlsx,False,
{F-0019912},02/04/2010 09:33:00,JA0009,PC-1009,E0D70943.xls,False,
{F-0011667},02/04/2010 09:35:00,EA0004,PC-1004,11B81E4D.pdf,False,
{F-0006777},02/04/2010 09:39:00,CA0002,PC-1002,7662C483.doc,False,
{F-0031935},02/04/2010 09:39:00,PA0015,PC-1015,88F5A0A6.xlsx,False,
{F-0023868},02/04/2010 09:40:00,LA0011,PC-1011,D621527B.xls,False,
{F-0009685},02/04/2010 09:41:00,DA0003,PC-1003,441BC88B.doc,False,
{F-0023872},02/04/2010 09:41:00,LA0011,PC-1011,BF52D9A4.xls,False,
{F-0015036},02/04/2010 09:42:00,GA0006,PC-1006,0B2BA165.jpg,False,
{F-0023853},02/04/2010 09:42:00,LA0011,PC-1011,D7D69B65.txt,False,
{F-0015043},02/04/2010 09:46:00,GA0006,PC-1006,86439D91.txt,False,
{F-0021872},02/04/2010 09:50:00,KA0010,PC-1010,A5500232.xlsx,False,
{F-0023856},02/04/2010 09:50:00,LA0011,PC-1011,36E93E8D.doc,False,
{F-0009686},02/04/2010 09:52:00,DA0003,PC-1003,47DBADE7.jpg,False,
{F-0017958},02/04/2010 09:58:00,IA0008,PC-1008,6FD56CA3.txt,False,
{F-0017949},02/04/2010 10:00:00,IA0008,PC-1008,8A596BF2.txt,False,
{F-0031944},02/04/2010 10:02:00,PA0015,PC-1015,D96C1F1A.xlsx,False,
{F-0013034},02/04/2010 10:11:00,FA0005,PC-1005,6B7C93DA.txt,False,
{F-0006765},02/04/2010 10:12:00,CA0002,PC-1002,C1ABAEFE.pdf,False,
{F-0021869},02/04/2010 10:12:00,KA0010,PC-1010,F5EC6CE8.txt,False,
{F-0033439},02/04/2010 10:15:00,QA0016,PC-1016,B4CE900A.jpg,False,
{F-0021875},02/04/2010 10:17:00,KA0010,PC-1010,2866944B.jpg,False,
{F-0009687},02/04/2010 10:18:00,DA0003,PC-1003,3A72B2B8.pdf,False,
{F-0001320},02/04/2010 10:20:00,AA0000,PC-1000,985D445F.xls,False,
{F-0021874},02/04/2010 10:22:00,KA0010,PC-1010,9D726571.doc,False,
{F-0021878},02/04/2010 10:24:00,KA0010,PC-1010,42FF03B3.pdf,False,
{F-0023875},02/04/2010 10:24:00,LA0011,PC-1011,4CE4008B.xls,False,
{F-0011668},02/04/2010 10:30:00,EA0004,PC-1004,A8045EDB.pdf,False,
{F-0021876},02/04/2010 10:31:00,KA0010,PC-1010,DFB99508.jpg,False,
{F-0029834},02/04/2010 10:31:00,OA0014,PC-1014,429EB0CA.xls,False,
{F-0025835},02/04/2010 10:32:00,MA0012,PC-1012,4852FF45.jpg,False,
{F-0027677},02/04/2010 10:39:00,NA0013,PC-1013,52A078C3.pdf,False,
{F-0034666},02/04/2010 10:46:00,RA0017,PC-1017,FECE9FB5.txt,False,
{F-0027678},02/04/2010 10:52:00,NA0013,PC-1013,6BA5FD5E.txt,False,
{F-0006774},02/04/2010 10:56:00,CA0002,PC-1002,A6B3E865.pdf,False,
{F-0011659},02/04/2010 11:00:00,EA0004,PC-1004,974BAA7C.xlsx,False,
{F-0023864},02/04/2010 11:00:00,LA0011,PC-1011,8495971B.xls,False,
{F-0017948},02/04/2010 11:03:00,IA0008,PC-1008,3361C480.txt,False,
{F-0023879},02/04/2010 11:03:00,LA0011,PC-1011,A7A4C614.doc,False,
{F-0011663},02/04/2010 11:07:00,EA0004,PC-1004,D1BB99D4.xlsx,False,
{F-0031939},02/04/2010 11:08:00,PA0015,PC-1015,A9A1C594.jpg,False,
{F-0013044},02/04/2010 11:10:00,FA0005,PC-1005,23BB2798.txt,False,
{F-0001314},02/04/2010 11:11:00,AA0000,PC-1000,19C812CD.txt,False,
{F-0006772},02/04/2010 11:14:00,CA0002,PC-1002,5F23849B.txt,False,
{F-0029833},02/04/2010 11:17:00,OA0014,PC-1014,29634EDF.xlsx,False,
{F-0023870},02/04/2010 11:20:00,LA0011,PC-1011,7886E5CA.xls,False,
{F-0011662},02/04/2010 11:21:00,EA0004,PC-1004,B3C20E2A.xls,False,
{F-0001316},02/04/2010 11:23:00,AA0000,PC-1000,FC81C74E.jpg,False,
{F-0023869},02/04/2010 11:26:00,LA0011,PC-1011,C438E7AE.doc,False,
{F-0013043},02/04/2010 11:27:00,FA0005,PC-1005,C733FF61.txt,False,
{F-0023851},02/04/2010 11:29:00,LA0011,PC-1011,BFC3977E.txt,False,
{F-0013035},02/04/2010 11:35:00,FA0005,PC-1005,07378FF0.xls,False,
{F-0009676},02/04/2010 11:37:00,DA0003,PC-1003,1AC2102D.doc,False,
{F-0016699},02/04/2010 11:37:00,HA0007,PC-1007,E3F9CD80.doc,False,
{F-0019918},02/04/2010 11:37:00,JA0009,PC-1009,9A4F94AB.txt,False,
{F-0011666},02/04/2010 11:39:00,EA0004,PC-1004,7046DA0A.xls,False,
{F-0025832},02/04/2010 11:39:00,MA0012,PC-1012,250CD179.jpg,False,
{F-0006771},02/04/2010 11:49:00,CA0002,PC-1002,5DE46771.txt,False,
{F-0009691},02/04/2010 11:49:00,DA0003,PC-1003,F6EEBD89.xls,False,
{F-0015040},02/04/2010 11:52:00,GA0006,PC-1006,27D0C0C2.doc,False,
{F-0009675},02/04/2010 11:55:00,DA0003,PC-1003,A431D4B5.pdf,False,
{F-0011658},02/04/2010 11:55:00,EA0004,PC-1004,869CB4DB.jpg,False,
{F-0013037},02/04/2010 11:55:00,FA0005,PC-1005,BE040CB0.doc,False,
{F-0034665},02/04/2010 11:59:00,RA0017,PC-1017,A1B30091.doc,False,
{F-0033444},02/04/2010 12:01:00,QA0016,PC-1016,E5AA42DC.doc,False,
{F-0016700},02/04/2010 12:06:00,HA0007,PC-1007,C824E5A3.xls,False,
{F-0009684},02/04/2010 12:08:00,DA0003,PC-1003,B387283A.doc,False,
{F-0017953},02/04/2010 12:14:00,IA0008,PC-1008,3E282844.txt,False,
{F-0029836},02/04/2010 12:14:00,OA0014,PC-1014,89102659.xls,False,
{F-0016701},02/04/2010 12:20:00,HA0007,PC-1007,D6AC7CFF.doc,False,
{F-0006766},02/04/2010 12:21:00,CA0002,PC-1002,8FEA1C71.txt,False,
{F-0021882},02/04/2010 12:22:00,KA0010,PC-1010,BAB0D134.doc,False,
{F-0023867},02/04/2010 12:22:00,LA0011,PC-1011,041D8133.jpg,False,
{F-0019917},02/04/2010 12:24:00,JA0009,PC-1009,FE3E5C08.doc,False,
{F-0006785},02/04/2010 12:29:00,CA0002,PC-1002,8A112AA1.xlsx,False,
{F-0017960},02/04/2010 12:31:00,IA0008,PC-1008,511F3598.xlsx,False,
{F-0015039},02/04/2010 12:32:00,GA0006,PC-1006,DEEC8A93.doc,False,
{F-0023858},02/04/2010 12:36:00,LA0011,PC-1011,DD389611.xlsx,False,
{F-0021868},02/04/2010 12:39:00,KA0010,PC-1010,90B97726.jpg,False,
{F-0029835},02/04/2010 12:40:00,OA0014,PC-1014,1EB95999.xlsx,False,
{F-0031933},02/04/2010 12:41:00,PA0015,PC-1015,E1914420.jpg,False,
{F-0029837},02/04/2010 12:46:00,OA0014,PC-1014,B1A553F0.jpg,False,
{F-0001313},02/04/2010 12:47:00,AA0000,PC-1000,AC1DC1AB.txt,False,
{F-0013036},02/04/2010 12:49:00,FA0005,PC-1005,51A65BEE.jpg,False,
{F-0029839},02/04/2010 12:49:00,OA0014,PC-1014,B7B9D59A.jpg,False,
{F-0006780},02/04/2010 12:56:00,CA0002,PC-1002,3CBAB43C.jpg,False,
{F-0027671},02/04/2010 12:57:00,NA0013,PC-1013,950F13DF.xlsx,False,
{F-0031932},02/04/2010 12:58:00,PA0015,PC-1015,607B5145.xls,False,
{F-0001317},02/04/2010 13:02:00,AA0000,PC-1000,77FAB382.xlsx,False,
{F-0009689},02/04/2010 13:03:00,DA0003,PC-1003,88B30A91.pdf,False,
{F-0013038},02/04/2010 13:05:00,FA0005,PC-1005,25E45980.jpg,False,
{F-0006782},02/04/2010 13:08:00,CA0002,PC-1002,A4560D3E.pdf,False,
{F-0017962},02/04/2010 13:08:00,IA0008,PC-1008,FED6C1F7.jpg,False,
{F-0023877},02/04/2010 13:10:00,LA0011,PC-1011,D8EB2246.xls,False,
{F-0023860},02/04/2010 13:13:00,LA0011,PC-1011,8BD9204F.txt,False,
{F-0011669},02/04/2010 13:17:00,EA0004,PC-1004,677FC1DA.jpg,False,
{F-0019923},02/04/2010 13:17:00,JA0009,PC-1009,E1607805.jpg,False,
{F-0009674},02/04/2010 13:19:00,DA0003,PC-1003,CDD47DED.jpg,False,
{F-0006770},02/04/2010 13:20:00,CA0002,PC-1002,263F57AD.txt,False,
{F-0009683},02/04/2010 13:20:00,DA0003,PC-1003,6A9F919A.xlsx,False,
{F-0031936},02/04/2010 13:21:00,PA0015,PC-1015,C3E9EBAF.txt,False,
{F-0025839},02/04/2010 13:22:00,MA0012,PC-1012,07C59AA4.pdf,False,
{F-0011661},02/04/2010 13:26:00,EA0004,PC-1004,B842F6A1.doc,False,
{F-0033442},02/04/2010 13:26:00,QA0016,PC-1016,BC26EAF5.doc,False,
{F-0027676},02/04/2010 13:27:00,NA0013,PC-1013,A5903FB0.xls,False,
{F-0006779},02/04/2010 13:30:00,CA0002,PC-1002,2D9B4E74.doc,False,
{F-0011664},02/04/2010 13:32:00,EA0004,PC-1004,151C034D.doc,False,
{F-0017950},02/04/2010 13:39:00,IA0008,PC-1008,66DCAAE9.jpg,False,
{F-0019915},02/04/2010 13:43:00,JA0009,PC-1009,13B3D591.doc,False,
{F-0015037},02/04/2010 13:44:00,GA0006,PC-1006,D3CD2879.pdf,False,
{F-0025833},02/04/2010 13:53:00,MA0012,PC-1012,20B7C35F.xls,False,
{F-0031937},02/04/2010 13:59:00,PA0015,PC-1015,6A0B92E1.txt,False,
{F-0019914},02/04/2010 14:00:00,JA0009,PC-1009,6AD0B3A3.xls,False,
{F-0009680},02/04/2010 14:02:00,DA0003,PC-1003,473B1A2D.doc,False,
{F-0023852},02/04/2010 14:05:00,LA0011,PC-1011,49E9756B.jpg,False,
{F-0006787},02/04/2010 14:06:00,CA0002,PC-1002,7FA1047B.pdf,False,
{F-0017946},02/04/2010 14:06:00,IA0008,PC-1008,DB6BA7C3.xls,False,
{F-0017951},02/04/2010 14:06:00,IA0008,PC-1008,736F9530.doc,False,
{F-0017942},02/04/2010 14:07:00,IA0008,PC-1008,891EFEBE.jpg,False,
{F-0031938},02/04/2010 14:08:00,PA0015,PC-1015,2A6148ED.txt,False,
{F-0015042},02/04/2010 14:12:00,GA0006,PC-1006,6DF443B7.txt,False,
{F-0023873},02/04/2010 14:12:00,LA0011,PC-1011,69F4550C.doc,False,
{F-0031942},02/04/2010 14:16:00,PA0015,PC-1015,B9849A0B.xlsx,False,
{F-0009688},02/04/2010 14:23:00,DA0003,PC-1003,B84531E9.doc,False,
{F-0019916},02/04/2010 14:28:00,JA0009,PC-1009,85EC7086.txt,False,
{F-0011665},02/04/2010 14:29:00,EA0004,PC-1004,C4609F56.doc,False,
{F-0019911},02/04/2010 14:29:00,JA0009,PC-1009,39E9810D.txt,False,
{F-0013032},02/04/2010 14:30:00,FA0005,PC-1005,F5D2C3FF.doc,False,
{F-0009682},02/04/2010 14:35:00,DA0003,PC-1003,AFE325DC.pdf,False,
{F-0019909},02/04/2010 14:42:00,JA0009,PC-1009,9144C7ED.doc,False,
{F-0019919},02/04/2010 14:43:00,JA0009,PC-1009,C69AD815.xlsx,False,
{F-0034667},02/04/2010 14:43:00,RA0017,PC-1017,46A8BA9D.doc,False,
{F-0006781},02/04/2010 14:47:00,CA0002,PC-1002,2FA092C8.xlsx,False,
{F-0013030},02/04/2010 14:49:00,FA0005,PC-1005,BAC31E99.doc,False,
{F-0025838},02/04/2010 14:49:00,MA0012,PC-1012,45BFDF49.pdf,False,
{F-0033441},02/04/2010 14:50:00,QA0016,PC-1016,389EA9B3.txt,False,
{F-0017959},02/04/2010 14:52:00,IA0008,PC-1008,CCA63D07.doc,False,
{F-0023874},02/04/2010 14:53:00,LA0011,PC-1011,58C4B063.doc,False,
{F-0009679},02/04/2010 14:54:00,DA0003,PC-1003,CFE971A2.xlsx,False,
{F-0015046},02/04/2010 14:55:00,GA0006,PC-1006,B352B164.txt,False,
{F-0017952},02/04/2010 14:58:00,IA0008,PC-1008,4C9A44F5.xls,False,
{F-0017947},02/04/2010 15:00:00,IA0008,PC-1008,809034A9.txt,False,
{F-0023866},02/04/2010 15:04:00,LA0011,PC-1011,AE67A133.pdf,False,
{F-0013039},02/04/2010 15:05:00,FA0005,PC-1005,840AE632.jpg,False,
{F-0017957},02/04/2010 15:09:00,IA0008,PC-1008,A6880127.xls,False,
{F-0021880},02/04/2010 15:10:00,KA0010,PC-1010,DC89FBCA.txt,False,
{F-0013042},02/04/2010 15:15:00,FA0005,PC-1005,AD02C563.doc,False,
{F-0016702},02/04/2010 15:15:00,HA0007,PC-1007,6FD382D4.xls,False,
{F-0006768},02/04/2010 15:16:00,CA0002,PC-1002,E5FBE1CE.txt,False,
{F-0017954},02/04/2010 15:16:00,IA0008,PC-1008,06274E35.xls,False,
{F-0001318},02/04/2010 15:23:00,AA0000,PC-1000,1586008A.pdf,False,
{F-0017945},02/04/2010 15:24:00,IA0008,PC-1008,D0D68C00.doc,False,
{F-0029838},02/04/2010 15:28:00,OA0014,PC-1014,C8DC0170.pdf,False,
{F-0017943},02/04/2010 15:30:00,IA0008,PC-1008,1A2B0113.doc,False,
{F-0025837},02/04/2010 15:30:00,MA0012,PC-1012,BA0A2F42.pdf,False,
{F-0023863},02/04/2010 15:31:00,LA0011,PC-1011,E3054D4A.pdf,False,
{F-0016703},02/04/2010 15:35:00,HA0007,PC-1007,D75435B9.doc,False,
{F-0027679},02/04/2010 15:39:00,NA0013,PC-1013,AB986818.txt,False,
{F-0029841},02/04/2010 15:39:00,OA0014,PC-1014,A12A0790.pdf,False,
{F-0015035},02/04/2010 15:45:00,GA0006,PC-1006,62C46BE0.doc,False,
{F-0001315},02/04/2010 15:46:00,AA0000,PC-1000,99DC62B6.doc,False,
{F-0011660},02/04/2010 15:47:00,EA0004,PC-1004,5C101688.pdf,False,
{F-0023847},02/04/2010 15:55:00,LA0011,PC-1011,77DB5DF9.xlsx,False,
{F-0031931},02/04/2010 15:59:00,PA0015,PC-1015,0A45013F.txt,False,
{F-0006773},02/04/2010 16:03:00,CA0002,PC-1002,7D671B05.jpg,False,
{F-0023854},02/04/2010 16:04:00,LA0011,PC-1011,642E1EEB.doc,False,
{F-0006783},02/04/2010 16:06:00,CA0002,PC-1002,4272558D.jpg,False,
{F-0015047},02/04/2010 16:09:00,GA0006,PC-1006,2C7CBD86.doc,False,
{F-0019922},02/04/2010 16:12:00,JA0009,PC-1009,B073EE2C.xls,False,
{F-0027673},02/04/2010 16:13:00,NA0013,PC-1013,200C8465.doc,False,
{F-0031940},02/04/2010 16:15:00,PA0015,PC-1015,8964B1B1.jpg,False,
{F-0009690},02/04/2010 16:18:00,DA0003,PC-1003,E6358C78.jpg,False,
{F-0013041},02/04/2010 16:18:00,FA0005,PC-1005,3453D7B3.doc,False,
{F-0025831},02/04/2010 16:19:00,MA0012,PC-1012,1DD28C67.pdf,False,
{F-0006786},02/04/2010 16:20:00,CA0002,PC-1002,4CE7AE4C.xlsx,False,
{F-0023857},02/04/2010 16:27:00,LA0011,PC-1011,14F41031.txt,False,
{F-0025830},02/04/2010 16:27:00,MA0012,PC-1012,4A09F5E0.txt,False,
{F-0027672},02/04/2010 16:31:00,NA0013,PC-1013,76E17835.doc,False,
{F-0033443},02/04/2010 16:31:00,QA0016,PC-1016,C422991A.doc,False,
{F-0023855},02/04/2010 16:37:00,LA0011,PC-1011,E6B876DF.xls,False,
{F-0019924},02/04/2010 16:40:00,JA0009,PC-1009,DF79DCDD.doc,False,
{F-0033438},02/04/2010 16:40:00,QA0016,PC-1016,9074A02E.txt,False,
{F-0031934},02/04/2010 16:41:00,PA0015,PC-1015,C6148B09.txt,False,
{F-0023848},02/04/2010 16:42:00,LA0011,PC-1011,C3C987F3.pdf,False,
{F-0019910},02/04/2010 16:43:00,JA0009,PC-1009,40386957.txt,False,
{F-0021866},02/04/2010 16:44:00,KA0010,PC-1010,71D153B2.xls,False,
{F-0006776},02/04/2010 16:47:00,CA0002,PC-1002,E353C536.jpg,False,
{F-0019913},02/04/2010 16:52:00,JA0009,PC-1009,2441B3CC.xls,False,
{F-0031941},02/04/2010 16:55:00,PA0015,PC-1015,1C9770F0.doc,False,
{F-0034668},02/04/2010 16:56:00,RA0017,PC-1017,904FE422.txt,False,
{F-0023859},02/04/2010 16:59:00,LA0011,PC-1011,A1F7A00D.xlsx,False,
{F-0031943},02/04/2010 17:01:00,PA0015,PC-1015,76735BC9.doc,False,
{F-0021879},02/04/2010 17:03:00,KA0010,PC-1010,E97B3728.xlsx,False,
{F-0027674},02/04/2010 17:03:00,NA0013,PC-1013,DE7E0067.jpg,False,
{F-0019921},02/04/2010 17:04:00,JA0009,PC-1009,BBF87DD8.txt,False,
{F-0001319},02/04/2010 17:07:00,AA0000,PC-1000,5E1EA4AB.xls,False,
{F-0013040},02/04/2010 17:14:00,FA0005,PC-1005,361940FC.doc,False,
{F-0006767},02/04/2010 17:15:00,CA0002,PC-1002,6E9719B3.xls,False,
{F-0013031},02/04/2010 17:21:00,FA0005,PC-1005,890DB26D.doc,False,
{F-0006784},02/04/2010 17:25:00,CA0002,PC-1002,11E48EF1.doc,False,
{F-0021873},02/04/2010 17:25:00,KA0010,PC-1010,47B2B03C.pdf,False,
{F-0033440},02/04/2010 17:46:00,QA0016,PC-1016,F7EEEEAA.jpg,False,
{F-0021877},02/04/2010 17:59:00,KA0010,PC-1010,797E90F9.jpg,False,
{F-0021881},02/04/2010 17:59:00,KA0010,PC-1010,6910BD6E.jpg,False,
{F-0021883},02/04/2010 18:13:00,KA0010,PC-1010,CE295D99.doc,False,
{F-0021870},02/04/2010 18:22:00,KA0010,PC-1010,728D4741.xls,False,
{F-0021871},02/04/2010 18:29:00,KA0010,PC-1010,15CBA8C4.xlsx,False,
{F-0021867},02/04/2010 18:40:00,KA0010,PC-1010,02325EAB.xls,False,
{F-0013033},02/04/2010 19:00:00,FA0005,PC-1005,7F4E9806.txt,False,
{F-0018002},02/05/2010 07:51:00,IA0008,PC-1008,61DF2EC7.doc,False,
{F-0023921},02/05/2010 08:03:00,LA0011,PC-1011,89748B7F.xls,False,
{F-0009743},02/05/2010 08:05:00,DA0003,PC-1003,9D0FE5DD.doc,False,
{F-0029893},02/05/2010 08:07:00,OA0014,PC-1014,25F90FDF.doc,False,
{F-0017989},02/05/2010 08:13:00,IA0008,PC-1008,FE4F84EF.xlsx,False,
{F-0017997},02/05/2010 08:13:00,IA0008,PC-1008,59D04389.pdf,False,
{F-0023914},02/05/2010 08:17:00,LA0011,PC-1011,41C70953.doc,False,
{F-0029888},02/05/2010 08:19:00,OA0014,PC-1014,0D58588C.doc,False,
{F-0025878},02/05/2010 08:35:00,MA0012,PC-1012,8BD577B3.pdf,False,
{F-0015095},02/05/2010 08:40:00,GA0006,PC-1006,A9FFEF2F.txt,False,
{F-0003841},02/05/2010 08:45:00,BA0001,PC-1001,0F48E717.doc,False,
{F-0009744},02/05/2010 08:47:00,DA0003,PC-1003,FE32F653.txt,False,
{F-0015093},02/05/2010 08:51:00,GA0006,PC-1006,AD0D061F.xlsx,False,
{F-0021916},02/05/2010 08:56:00,KA0010,PC-1010,3C8309B1.doc,False,
{F-0015094},02/05/2010 09:03:00,GA0006,PC-1006,0696C8C5.doc,False,
{F-0023910},02/05/2010 09:04:00,LA0011,PC-1011,D06F63A8.xls,False,
{F-0023916},02/05/2010 09:04:00,LA0011,PC-1011,52AE840F.xls,False,
{F-0016726},02/05/2010 09:07:00,HA0007,PC-1007,92281D2D.xls,False,
{F-0021910},02/05/2010 09:16:00,KA0010,PC-1010,2FBF2932.xls,False,
{F-0015091},02/05/2010 09:22:00,GA0006,PC-1006,4E9E0C88.xlsx,False,
{F-0011691},02/05/2010 09:27:00,EA0004,PC-1004,5190F66B.xls,False,
{F-0025876},02/05/2010 09:28:00,MA0012,PC-1012,26C7CEF2.doc,False,
{F-0001366},02/05/2010 09:34:00,AA0000,PC-1000,B2C9265D.xls,False,
{F-0009749},02/05/2010 09:36:00,DA0003,PC-1003,147A66D4.doc,False,
{F-0011693},02/05/2010 09:36:00,EA0004,PC-1004,63D57E31.txt,False,
{F-0034700},02/05/2010 09:37:00,RA0017,PC-1017,0635243C.xlsx,False,
{F-0006861},02/05/2010 09:38:00,CA0002,PC-1002,BD6BB986.xls,False,
{F-0018000},02/05/2010 09:39:00,IA0008,PC-1008,A1F797AB.doc,False,
{F-0009759},02/05/2010 09:41:00,DA0003,PC-1003,1B67E683.xls,False,
{F-0023909},02/05/2010 09:46:00,LA0011,PC-1011,E4A81B58.xlsx,False,
{F-0003843},02/05/2010 09:48:00,BA0001,PC-1001,83E377DD.txt,False,
{F-0023923},02/05/2010 09:48:00,LA0011,PC-1011,1E2AFB29.xlsx,False,
{F-0016729},02/05/2010 09:49:00,HA0007,PC-1007,817CF020.doc,False,
{F-0001370},02/05/2010 09:51:00,AA0000,PC-1000,9E478156.doc,False,
{F-0021921},02/05/2010 09:51:00,KA0010,PC-1010,E2611158.txt,False,
{F-0029896},02/05/2010 09:51:00,OA0014,PC-1014,81D8A737.jpg,False,
{F-0023927},02/05/2010 09:53:00,LA0011,PC-1011,7F589392.doc,False,
{F-0006858},02/05/2010 09:54:00,CA0002,PC-1002,0CD3F563.xls,False,
{F-0009751},02/05/2010 09:54:00,DA0003,PC-1003,4CB73468.jpg,False,
{F-0011692},02/05/2010 09:55:00,EA0004,PC-1004,209BCC68.xls,False,
{F-0011699},02/05/2010 09:57:00,EA0004,PC-1004,65D9B10F.xlsx,False,
{F-0034699},02/05/2010 09:57:00,RA0017,PC-1017,4DDA6660.pdf,False,
{F-0013067},02/05/2010 09:59:00,FA0005,PC-1005,C92DAEDE.xlsx,False,
{F-0011698},02/05/2010 10:01:00,EA0004,PC-1004,A447CD2B.txt,False,
{F-0025879},02/05/2010 10:03:00,MA0012,PC-1012,15E07F78.txt,False,
{F-0011694},02/05/2010 10:04:00,EA0004,PC-1004,C60C0226.txt,False,
{F-0017999},02/05/2010 10:04:00,IA0008,PC-1008,05331D5A.txt,False,
{F-0031971},02/05/2010 10:05:00,PA0015,PC-1015,4CC5A228.pdf,False,
{F-0006848},02/05/2010 10:23:00,CA0002,PC-1002,79C69B9A.doc,False,
{F-0006862},02/05/2010 10:23:00,CA0002,PC-1002,BBA59C5F.doc,False,
{F-0016728},02/05/2010 10:24:00,HA0007,PC-1007,6F9C8DFA.jpg,False,
{F-0013062},02/05/2010 10:26:00,FA0005,PC-1005,A9E2723E.doc,False,
{F-0013069},02/05/2010 10:27:00,FA0005,PC-1005,47A09F72.doc,False,
{F-0006864},02/05/2010 10:32:00,CA0002,PC-1002,35682AA6.doc,False,
{F-0013063},02/05/2010 10:33:00,FA0005,PC-1005,E0FFA1BE.pdf,False,
{F-0029882},02/05/2010 10:33:00,OA0014,PC-1014,69E4658F.pdf,False,
{F-0023913},02/05/2010 10:35:00,LA0011,PC-1011,7ACAC6E8.pdf,False,
{F-0011701},02/05/2010 10:38:00,EA0004,PC-1004,7F5F85B7.jpg,False,
{F-0031965},02/05/2010 10:41:00,PA0015,PC-1015,B96E3693.xls,False,
{F-0034703},02/05/2010 10:41:00,RA0017,PC-1017,91CA58F3.txt,False,
{F-0017992},02/05/2010 10:42:00,IA0008,PC-1008,E5FF5055.txt,False,
{F-0013072},02/05/2010 10:43:00,FA0005,PC-1005,FC9D5167.pdf,False,
{F-0021919},02/05/2010 10:43:00,KA0010,PC-1010,BD1FD0E2.jpg,False,
{F-0009757},02/05/2010 10:47:00,DA0003,PC-1003,EBA9ED47.txt,False,
{F-0006867},02/05/2010 10:48:00,CA0002,PC-1002,8A6F6F52.doc,False,
{F-0017991},02/05/2010 10:49:00,IA0008,PC-1008,67EE0B47.jpg,False,
{F-0016724},02/05/2010 10:52:00,HA0007,PC-1007,DED7C74C.doc,False,
{F-0021911},02/05/2010 11:03:00,KA0010,PC-1010,FA3915AC.xlsx,False,
{F-0016725},02/05/2010 11:07:00,HA0007,PC-1007,B0E13B1E.xlsx,False,
{F-0013073},02/05/2010 11:09:00,FA0005,PC-1005,95FA9690.xls,False,
{F-0021906},02/05/2010 11:12:00,KA0010,PC-1010,5283ADC2.xls,False,
{F-0011702},02/05/2010 11:14:00,EA0004,PC-1004,98D5A9A4.jpg,False,
{F-0003852},02/05/2010 11:15:00,BA0001,PC-1001,3DC51AA2.txt,False,
{F-0006860},02/05/2010 11:17:00,CA0002,PC-1002,618BE89C.xls,False,
{F-0018003},02/05/2010 11:17:00,IA0008,PC-1008,5C3FABCE.doc,False,
{F-0017988},02/05/2010 11:19:00,IA0008,PC-1008,F37599E0.xlsx,False,
{F-0029886},02/05/2010 11:19:00,OA0014,PC-1014,CF48FF49.doc,False,
{F-0031967},02/05/2010 11:19:00,PA0015,PC-1015,1748CCA2.xlsx,False,
{F-0013071},02/05/2010 11:20:00,FA0005,PC-1005,C8B0933E.doc,False,
{F-0009754},02/05/2010 11:23:00,DA0003,PC-1003,C0D1F9D5.doc,False,
{F-0021918},02/05/2010 11:23:00,KA0010,PC-1010,FFE32A2D.txt,False,
{F-0017994},02/05/2010 11:25:00,IA0008,PC-1008,3A529432.pdf,False,
{F-0009752},02/05/2010 11:30:00,DA0003,PC-1003,996DC9FA.doc,False,
{F-0017986},02/05/2010 11:34:00,IA0008,PC-1008,6B5A604A.pdf,False,
{F-0009746},02/05/2010 11:35:00,DA0003,PC-1003,964B20D5.pdf,False,
{F-0017998},02/05/2010 11:35:00,IA0008,PC-1008,3914372C.doc,False,
{F-0034702},02/05/2010 11:35:00,RA0017,PC-1017,EA3DC4D0.doc,False,
{F-0015096},02/05/2010 11:39:00,GA0006,PC-1006,26235832.doc,False,
{F-0013068},02/05/2010 11:44:00,FA0005,PC-1005,4B0E0558.doc,False,
{F-0009747},02/05/2010 11:45:00,DA0003,PC-1003,CA6D6F59.pdf,False,
{F-0013064},02/05/2010 11:48:00,FA0005,PC-1005,EC506BAD.xls,False,
{F-0006852},02/05/2010 11:53:00,CA0002,PC-1002,DFADD990.doc,False,
{F-0018001},02/05/2010 11:53:00,IA0008,PC-1008,075FE88B.pdf,False,
{F-0009756},02/05/2010 11:59:00,DA0003,PC-1003,497A442C.doc,False,
{F-0021904},02/05/2010 12:04:00,KA0010,PC-1010,D39330F7.jpg,False,
{F-0015090},02/05/2010 12:05:00,GA0006,PC-1006,D0534B96.txt,False,
{F-0017995},02/05/2010 12:06:00,IA0008,PC-1008,B72D6E38.doc,False,
{F-0034698},02/05/2010 12:07:00,RA0017,PC-1017,D66FD12E.xlsx,False,
{F-0031969},02/05/2010 12:10:00,PA0015,PC-1015,6AF26D32.jpg,False,
{F-0003847},02/05/2010 12:16:00,BA0001,PC-1001,F9B019D9.doc,False,
{F-0013065},02/05/2010 12:25:00,FA0005,PC-1005,E9176032.jpg,False,
{F-0006866},02/05/2010 12:26:00,CA0002,PC-1002,54F3EC3D.jpg,False,
{F-0029887},02/05/2010 12:32:00,OA0014,PC-1014,6DE58145.xls,False,
{F-0023917},02/05/2010 12:35:00,LA0011,PC-1011,FDAE95BF.xlsx,False,
{F-0006863},02/05/2010 12:36:00,CA0002,PC-1002,7E51F74D.xls,False,
{F-0021909},02/05/2010 12:39:00,KA0010,PC-1010,369AF693.doc,False,
{F-0016731},02/05/2010 12:53:00,HA0007,PC-1007,D3C6867E.xls,False,
{F-0011695},02/05/2010 12:54:00,EA0004,PC-1004,0FE1EBC4.doc,False,
{F-0029894},02/05/2010 12:54:00,OA0014,PC-1014,AC49A273.doc,False,
{F-0009760},02/05/2010 12:55:00,DA0003,PC-1003,E3C81142.xls,False,
{F-0001368},02/05/2010 12:57:00,AA0000,PC-1000,1C4903F3.xls,False,
{F-0009753},02/05/2010 12:57:00,DA0003,PC-1003,20F6FB95.xlsx,False,
{F-0001365},02/05/2010 12:58:00,AA0000,PC-1000,C990BCF2.xls,False,
{F-0009742},02/05/2010 13:01:00,DA0003,PC-1003,924497B2.doc,False,
{F-0013061},02/05/2010 13:06:00,FA0005,PC-1005,C7C77974.doc,False,
{F-0021905},02/05/2010 13:06:00,KA0010,PC-1010,ADF9942D.xlsx,False,
{F-0001364},02/05/2010 13:08:00,AA0000,PC-1000,B76CA8EC.doc,False,
{F-0017996},02/05/2010 13:12:00,IA0008,PC-1008,0E909C64.txt,False,
{F-0013070},02/05/2010 13:13:00,FA0005,PC-1005,2E1AE65D.doc,False,
{F-0023924},02/05/2010 13:15:00,LA0011,PC-1011,F5D8D1F4.doc,False,
{F-0006855},02/05/2010 13:19:00,CA0002,PC-1002,39CB15B6.txt,False,
{F-0021915},02/05/2010 13:24:00,KA0010,PC-1010,7EBECB09.txt,False,
{F-0021917},02/05/2010 13:29:00,KA0010,PC-1010,B561C98F.jpg,False,
{F-0015092},02/05/2010 13:34:00,GA0006,PC-1006,40A1AEE6.doc,False,
{F-0017993},02/05/2010 13:34:00,IA0008,PC-1008,3EA65E4D.txt,False,
{F-0029890},02/05/2010 13:35:00,OA0014,PC-1014,65E242CA.xls,False,
{F-0006853},02/05/2010 13:41:00,CA0002,PC-1002,5FDE2FAA.pdf,False,
{F-0029889},02/05/2010 13:41:00,OA0014,PC-1014,CBE87EC8.jpg,False,
{F-0031966},02/05/2010 13:41:00,PA0015,PC-1015,3DF299ED.doc,False,
{F-0023919},02/05/2010 13:43:00,LA0011,PC-1011,97AC0E4F.pdf,False,
{F-0006856},02/05/2010 13:46:00,CA0002,PC-1002,A0280223.pdf,False,
{F-0017990},02/05/2010 13:51:00,IA0008,PC-1008,712F3B7B.xls,False,
{F-0013075},02/05/2010 13:53:00,FA0005,PC-1005,FF092131.xlsx,False,
{F-0021913},02/05/2010 13:53:00,KA0010,PC-1010,53E4E69D.doc,False,
{F-0006865},02/05/2010 13:56:00,CA0002,PC-1002,D94AD314.txt,False,
{F-0003846},02/05/2010 13:57:00,BA0001,PC-1001,4A691AF5.xls,False,
{F-0031970},02/05/2010 14:09:00,PA0015,PC-1015,03C27D44.xlsx,False,
{F-0029891},02/05/2010 14:10:00,OA0014,PC-1014,74290515.txt,False,
{F-0017987},02/05/2010 14:17:00,IA0008,PC-1008,96CEEE2D.txt,False,
{F-0009745},02/05/2010 14:20:00,DA0003,PC-1003,B7F396F8.doc,False,
{F-0025880},02/05/2010 14:20:00,MA0012,PC-1012,53BDDCD0.doc,False,
{F-0033477},02/05/2010 14:24:00,QA0016,PC-1016,F42C30B2.doc,False,
{F-0029885},02/05/2010 14:27:00,OA0014,PC-1014,35A29166.txt,False,
{F-0025875},02/05/2010 14:30:00,MA0012,PC-1012,90E03147.doc,False,
{F-0009755},02/05/2010 14:31:00,DA0003,PC-1003,E2DA5162.doc,False,
{F-0009748},02/05/2010 14:37:00,DA0003,PC-1003,6D083EC5.xls,False,
{F-0023926},02/05/2010 14:37:00,LA0011,PC-1011,810C1517.xlsx,False,
{F-0006857},02/05/2010 14:40:00,CA0002,PC-1002,ED8E44D1.doc,False,
{F-0003850},02/05/2010 14:48:00,BA0001,PC-1001,13337F5E.xlsx,False,
{F-0009758},02/05/2010 14:48:00,DA0003,PC-1003,6B63378A.xlsx,False,
{F-0013066},02/05/2010 14:48:00,FA0005,PC-1005,3FEDBF2C.xls,False,
{F-0003839},02/05/2010 14:49:00,BA0001,PC-1001,347E1606.txt,False,
{F-0006854},02/05/2010 14:49:00,CA0002,PC-1002,A9B816F9.pdf,False,
{F-0021908},02/05/2010 14:49:00,KA0010,PC-1010,9EE71727.doc,False,
{F-0016730},02/05/2010 14:56:00,HA0007,PC-1007,969750C6.doc,False,
{F-0029883},02/05/2010 15:02:00,OA0014,PC-1014,B9D7188D.doc,False,
{F-0023922},02/05/2010 15:07:00,LA0011,PC-1011,98D2B87A.jpg,False,
{F-0016723},02/05/2010 15:09:00,HA0007,PC-1007,181B3A52.jpg,False,
{F-0003844},02/05/2010 15:12:00,BA0001,PC-1001,EC3F7997.doc,False,
{F-0006847},02/05/2010 15:12:00,CA0002,PC-1002,B0CEA175.txt,False,
{F-0021907},02/05/2010 15:16:00,KA0010,PC-1010,2D3280D9.pdf,False,
{F-0025881},02/05/2010 15:18:00,MA0012,PC-1012,61B1BBE2.xlsx,False,
{F-0031968},02/05/2010 15:19:00,PA0015,PC-1015,188EB7D1.xlsx,False,
{F-0003845},02/05/2010 15:20:00,BA0001,PC-1001,3331CECD.txt,False,
{F-0011696},02/05/2010 15:20:00,EA0004,PC-1004,767674C3.xls,False,
{F-0011700},02/05/2010 15:22:00,EA0004,PC-1004,58CFD212.jpg,False,
{F-0021912},02/05/2010 15:24:00,KA0010,PC-1010,2F5AE868.xlsx,False,
{F-0023920},02/05/2010 15:28:00,LA0011,PC-1011,9774BED3.doc,False,
{F-0023915},02/05/2010 15:33:00,LA0011,PC-1011,09308A83.doc,False,
{F-0011697},02/05/2010 15:34:00,EA0004,PC-1004,747C6DC0.txt,False,
{F-0029892},02/05/2010 15:44:00,OA0014,PC-1014,73B35934.doc,False,
{F-0001367},02/05/2010 15:52:00,AA0000,PC-1000,A43E40F4.xls,False,
{F-0009741},02/05/2010 15:55:00,DA0003,PC-1003,E1721954.xls,False,
{F-0015097},02/05/2010 15:55:00,GA0006,PC-1006,78F5AFCE.txt,False,
{F-0011703},02/05/2010 16:00:00,EA0004,PC-1004,0A7EE91A.doc,False,
{F-0006849},02/05/2010 16:02:00,CA0002,PC-1002,8E3B4D4A.txt,False,
{F-0021903},02/05/2010 16:03:00,KA0010,PC-1010,182BAD0D.xlsx,False,
{F-0021920},02/05/2010 16:03:00,KA0010,PC-1010,1609F767.xlsx,False,
{F-0034701},02/05/2010 16:06:00,RA0017,PC-1017,664E7232.doc,False,
{F-0023925},02/05/2010 16:09:00,LA0011,PC-1011,8CB7F0CD.doc,False,
{F-0023912},02/05/2010 16:12:00,LA0011,PC-1011,25D7E120.doc,False,
{F-0009750},02/05/2010 16:15:00,DA0003,PC-1003,44F077D2.doc,False,
{F-0029884},02/05/2010 16:15:00,OA0014,PC-1014,A4FFCE4A.jpg,False,
{F-0003848},02/05/2010 16:19:00,BA0001,PC-1001,91B19061.xls,False,
{F-0003851},02/05/2010 16:21:00,BA0001,PC-1001,FF0C6C43.doc,False,
{F-0025877},02/05/2010 16:21:00,MA0012,PC-1012,7E4D06C2.txt,False,
{F-0006851},02/05/2010 16:24:00,CA0002,PC-1002,E1B47B88.doc,False,
{F-0023911},02/05/2010 16:27:00,LA0011,PC-1011,07278824.doc,False,
{F-0016727},02/05/2010 16:34:00,HA0007,PC-1007,0074CE4F.jpg,False,
{F-0003849},02/05/2010 16:38:00,BA0001,PC-1001,48EE74CF.xls,False,
{F-0029895},02/05/2010 16:52:00,OA0014,PC-1014,2B171EDB.doc,False,
{F-0006850},02/05/2010 16:56:00,CA0002,PC-1002,57077AC4.xlsx,False,
{F-0003842},02/05/2010 17:02:00,BA0001,PC-1001,6EECCB36.txt,False,
{F-0006859},02/05/2010 17:04:00,CA0002,PC-1002,4075BA2A.xlsx,False,
{F-0003840},02/05/2010 17:08:00,BA0001,PC-1001,B9277FC9.jpg,False,
{F-0003838},02/05/2010 17:11:00,BA0001,PC-1001,BDE6E4D7.doc,False,
{F-0013074},02/05/2010 17:13:00,FA0005,PC-1005,92652912.xls,False,
{F-0021914},02/05/2010 17:15:00,KA0010,PC-1010,E4F04ED9.doc,False,
{F-0033475},02/05/2010 17:21:00,QA0016,PC-1016,34FD4B4B.xlsx,False,
{F-0001369},02/05/2010 17:35:00,AA0000,PC-1000,F5937BBC.doc,False,
{F-0023918},02/05/2010 17:42:00,LA0011,PC-1011,7896B2AE.doc,False,
{F-0033476},02/05/2010 17:44:00,QA0016,PC-1016,CFB9C31E.pdf,False,
{F-0025922},02/08/2010 07:37:00,MA0012,PC-1012,14419458.txt,False,
{F-0027714},02/08/2010 07:49:00,NA0013,PC-1013,FDA4D923.doc,False,
{F-0018032},02/08/2010 07:51:00,IA0008,PC-1008,8B90C80D.xls,False,
{F-0025923},02/08/2010 07:52:00,MA0012,PC-1012,D0E7DE48.xls,False,
{F-0018031},02/08/2010 08:16:00,IA0008,PC-1008,16304A31.doc,False,
{F-0009820},02/08/2010 08:24:00,DA0003,PC-1003,6B04B95C.xls,False,
{F-0009815},02/08/2010 08:35:00,DA0003,PC-1003,4BEB7841.doc,False,
{F-0023952},02/08/2010 08:43:00,LA0011,PC-1011,1F806EA2.jpg,False,
{F-0029979},02/08/2010 08:44:00,OA0014,PC-1014,BD4289A9.txt,False,
{F-0009828},02/08/2010 08:45:00,DA0003,PC-1003,B8347DB7.jpg,False,
{F-0001422},02/08/2010 08:46:00,AA0000,PC-1000,E4F9B42F.txt,False,
{F-0023960},02/08/2010 08:47:00,LA0011,PC-1011,E6ADE590.doc,False,
{F-0009822},02/08/2010 08:49:00,DA0003,PC-1003,9A637F84.xlsx,False,
{F-0015136},02/08/2010 08:55:00,GA0006,PC-1006,B0714CE3.doc,False,
{F-0009825},02/08/2010 08:57:00,DA0003,PC-1003,67BF57AB.xlsx,False,
{F-0009819},02/08/2010 08:58:00,DA0003,PC-1003,EB00563F.txt,False,
{F-0009821},02/08/2010 08:59:00,DA0003,PC-1003,BBBE7383.pdf,False,
{F-0019962},02/08/2010 09:02:00,JA0009,PC-1009,E976C371.pdf,False,
{F-0018029},02/08/2010 09:04:00,IA0008,PC-1008,F4470D1A.xls,False,
{F-0015133},02/08/2010 09:05:00,GA0006,PC-1006,34153174.doc,False,
{F-0021957},02/08/2010 09:05:00,KA0010,PC-1010,67AF937B.doc,False,
{F-0023962},02/08/2010 09:06:00,LA0011,PC-1011,F2A7235C.xlsx,False,
{F-0009829},02/08/2010 09:10:00,DA0003,PC-1003,54AEFC25.doc,False,
{F-0034720},02/08/2010 09:13:00,RA0017,PC-1017,3A1DF082.pdf,False,
{F-0016746},02/08/2010 09:21:00,HA0007,PC-1007,E673AF9F.pdf,False,
{F-0011729},02/08/2010 09:25:00,EA0004,PC-1004,9AC981A8.doc,False,
{F-0019964},02/08/2010 09:25:00,JA0009,PC-1009,054D70EB.jpg,False,
{F-0006918},02/08/2010 09:27:00,CA0002,PC-1002,C1840886.doc,False,
{F-0034724},02/08/2010 09:31:00,RA0017,PC-1017,9DBD0B26.xlsx,False,
{F-0003898},02/08/2010 09:33:00,BA0001,PC-1001,7017ED7E.doc,False,
{F-0019957},02/08/2010 09:33:00,JA0009,PC-1009,93098A97.doc,False,
{F-0001420},02/08/2010 09:35:00,AA0000,PC-1000,BF81FD47.xlsx,False,
{F-0021951},02/08/2010 09:40:00,KA0010,PC-1010,2E6B741D.xlsx,False,
{F-0023955},02/08/2010 09:44:00,LA0011,PC-1011,5E23F2CF.doc,False,
{F-0006924},02/08/2010 09:47:00,CA0002,PC-1002,9B268A88.xls,False,
{F-0006915},02/08/2010 09:48:00,CA0002,PC-1002,30F763B7.xlsx,False,
{F-0006921},02/08/2010 09:48:00,CA0002,PC-1002,E5E9E7F6.txt,False,
{F-0029981},02/08/2010 09:50:00,OA0014,PC-1014,299B1FFC.txt,False,
{F-0029975},02/08/2010 09:51:00,OA0014,PC-1014,A09E1220.jpg,False,
{F-0006926},02/08/2010 09:52:00,CA0002,PC-1002,13F813CC.txt,False,
{F-0006916},02/08/2010 09:53:00,CA0002,PC-1002,BA146028.txt,False,
{F-0015129},02/08/2010 09:56:00,GA0006,PC-1006,86849928.xls,False,
{F-0018027},02/08/2010 10:00:00,IA0008,PC-1008,77992FA4.xls,False,
{F-0003906},02/08/2010 10:01:00,BA0001,PC-1001,8FD8C05F.xls,False,
{F-0019966},02/08/2010 10:01:00,JA0009,PC-1009,CDE2E06F.doc,False,
{F-0015134},02/08/2010 10:05:00,GA0006,PC-1006,3B5C204B.pdf,False,
{F-0013107},02/08/2010 10:09:00,FA0005,PC-1005,74D31186.txt,False,
{F-0015135},02/08/2010 10:09:00,GA0006,PC-1006,99CE70F8.doc,False,
{F-0023958},02/08/2010 10:10:00,LA0011,PC-1011,FC8AF61F.xlsx,False,
{F-0003899},02/08/2010 10:11:00,BA0001,PC-1001,5AD6A761.doc,False,
{F-0013094},02/08/2010 10:11:00,FA0005,PC-1005,B3AD5A00.txt,False,
{F-0013102},02/08/2010 10:11:00,FA0005,PC-1005,DCF25D80.xls,False,
{F-0006938},02/08/2010 10:15:00,CA0002,PC-1002,2EBBFAE4.doc,False,
{F-0032011},02/08/2010 10:17:00,PA0015,PC-1015,39159ECF.doc,False,
{F-0011731},02/08/2010 10:19:00,EA0004,PC-1004,CEE718BA.txt,False,
{F-0011734},02/08/2010 10:19:00,EA0004,PC-1004,5B4219E8.doc,False,
{F-0015138},02/08/2010 10:27:00,GA0006,PC-1006,FF0D9F85.pdf,False,
{F-0027722},02/08/2010 10:27:00,NA0013,PC-1013,51DB3D63.doc,False,
{F-0034718},02/08/2010 10:27:00,RA0017,PC-1017,B6708160.xls,False,
{F-0032017},02/08/2010 10:30:00,PA0015,PC-1015,A7D14570.pdf,False,
{F-0003893},02/08/2010 10:32:00,BA0001,PC-1001,AEF1ED76.txt,False,
{F-0027720},02/08/2010 10:36:00,NA0013,PC-1013,74DB34F0.xlsx,False,
{F-0003895},02/08/2010 10:39:00,BA0001,PC-1001,6A9EBF4F.pdf,False,
{F-0006917},02/08/2010 10:40:00,CA0002,PC-1002,105F1127.xlsx,False,
{F-0018033},02/08/2010 10:50:00,IA0008,PC-1008,44BCDA95.doc,False,
{F-0018036},02/08/2010 10:50:00,IA0008,PC-1008,7E53C966.doc,False,
{F-0019956},02/08/2010 10:51:00,JA0009,PC-1009,8396AD47.xlsx,False,
{F-0034723},02/08/2010 10:51:00,RA0017,PC-1017,4B13ED43.doc,False,
{F-0015139},02/08/2010 10:53:00,GA0006,PC-1006,04918AE6.pdf,False,
{F-0009812},02/08/2010 10:54:00,DA0003,PC-1003,38BD2F33.xls,False,
{F-0001416},02/08/2010 10:57:00,AA0000,PC-1000,28607DEC.doc,False,
{F-0023956},02/08/2010 10:58:00,LA0011,PC-1011,13F2C100.jpg,False,
{F-0009831},02/08/2010 11:01:00,DA0003,PC-1003,49DD49A4.jpg,False,
{F-0021953},02/08/2010 11:03:00,KA0010,PC-1010,B24B1A16.doc,False,
{F-0027719},02/08/2010 11:05:00,NA0013,PC-1013,D334B065.xlsx,False,
{F-0015137},02/08/2010 11:06:00,GA0006,PC-1006,609C61BD.xlsx,False,
{F-0003905},02/08/2010 11:12:00,BA0001,PC-1001,261CE14F.doc,False,
{F-0006935},02/08/2010 11:16:00,CA0002,PC-1002,2ACC4243.xlsx,False,
{F-0029972},02/08/2010 11:22:00,OA0014,PC-1014,30359A20.pdf,False,
{F-0016747},02/08/2010 11:31:00,HA0007,PC-1007,62DC675F.pdf,False,
{F-0029973},02/08/2010 11:31:00,OA0014,PC-1014,92B7E430.xlsx,False,
{F-0023954},02/08/2010 11:34:00,LA0011,PC-1011,58FFCC3E.pdf,False,
{F-0019961},02/08/2010 11:36:00,JA0009,PC-1009,6C000B44.txt,False,
{F-0013104},02/08/2010 11:38:00,FA0005,PC-1005,07547159.jpg,False,
{F-0033508},02/08/2010 11:38:00,QA0016,PC-1016,90611BB9.xlsx,False,
{F-0018025},02/08/2010 11:39:00,IA0008,PC-1008,F488D092.xls,False,
{F-0011735},02/08/2010 11:41:00,EA0004,PC-1004,AC0096A1.xls,False,
{F-0009826},02/08/2010 11:43:00,DA0003,PC-1003,08754217.pdf,False,
{F-0006937},02/08/2010 11:44:00,CA0002,PC-1002,E20CF22C.xls,False,
{F-0003901},02/08/2010 11:46:00,BA0001,PC-1001,24BB89C4.xls,False,
{F-0001417},02/08/2010 11:49:00,AA0000,PC-1000,A5E3D420.txt,False,
{F-0003909},02/08/2010 11:53:00,BA0001,PC-1001,0C0CA23B.xlsx,False,
{F-0032010},02/08/2010 11:55:00,PA0015,PC-1015,EDF55C0C.doc,False,
{F-0013090},02/08/2010 11:56:00,FA0005,PC-1005,BF8491EB.xls,False,
{F-0029978},02/08/2010 11:56:00,OA0014,PC-1014,0E470BA6.jpg,False,
{F-0003897},02/08/2010 11:59:00,BA0001,PC-1001,259296FA.doc,False,
{F-0009813},02/08/2010 12:03:00,DA0003,PC-1003,475051E1.txt,False,
{F-0019959},02/08/2010 12:03:00,JA0009,PC-1009,F8318958.doc,False,
{F-0021958},02/08/2010 12:09:00,KA0010,PC-1010,9F562F1B.pdf,False,
{F-0009824},02/08/2010 12:10:00,DA0003,PC-1003,697B15C1.jpg,False,
{F-0019953},02/08/2010 12:11:00,JA0009,PC-1009,2F023FD2.doc,False,
{F-0019954},02/08/2010 12:14:00,JA0009,PC-1009,00DB6DB6.xlsx,False,
{F-0029974},02/08/2010 12:15:00,OA0014,PC-1014,1B73F4A1.doc,False,
{F-0009817},02/08/2010 12:19:00,DA0003,PC-1003,0ABBF6BB.txt,False,
{F-0023953},02/08/2010 12:23:00,LA0011,PC-1011,6760A6E1.doc,False,
{F-0025924},02/08/2010 12:24:00,MA0012,PC-1012,3E5D8838.doc,False,
{F-0011728},02/08/2010 12:32:00,EA0004,PC-1004,E96701B2.xls,False,
{F-0001415},02/08/2010 12:35:00,AA0000,PC-1000,4191FD7C.doc,False,
{F-0009827},02/08/2010 12:40:00,DA0003,PC-1003,A12B7603.txt,False,
{F-0016748},02/08/2010 12:41:00,HA0007,PC-1007,988A43BD.doc,False,
{F-0015128},02/08/2010 12:54:00,GA0006,PC-1006,6EE752B5.pdf,False,
{F-0003891},02/08/2010 13:01:00,BA0001,PC-1001,8B4E48B3.pdf,False,
{F-0027717},02/08/2010 13:03:00,NA0013,PC-1013,4822E4F9.jpg,False,
{F-0019958},02/08/2010 13:04:00,JA0009,PC-1009,EB5645E5.xlsx,False,
{F-0006930},02/08/2010 13:05:00,CA0002,PC-1002,BE07B7C0.jpg,False,
{F-0013095},02/08/2010 13:14:00,FA0005,PC-1005,470B42A8.pdf,False,
{F-0009816},02/08/2010 13:17:00,DA0003,PC-1003,E9EF77F3.doc,False,
{F-0019955},02/08/2010 13:17:00,JA0009,PC-1009,78D201F8.xlsx,False,
{F-0018034},02/08/2010 13:19:00,IA0008,PC-1008,67A3C14F.jpg,False,
{F-0003907},02/08/2010 13:27:00,BA0001,PC-1001,369B52D7.xlsx,False,
{F-0009832},02/08/2010 13:27:00,DA0003,PC-1003,E85DD98D.txt,False,
{F-0027715},02/08/2010 13:30:00,NA0013,PC-1013,99481BFD.jpg,False,
{F-0001418},02/08/2010 13:32:00,AA0000,PC-1000,14D7F661.txt,False,
{F-0015140},02/08/2010 13:32:00,GA0006,PC-1006,4875F1EC.doc,False,
{F-0015130},02/08/2010 13:33:00,GA0006,PC-1006,E3B6CC29.txt,False,
{F-0018026},02/08/2010 13:35:00,IA0008,PC-1008,D8A4BD0A.txt,False,
{F-0013106},02/08/2010 13:37:00,FA0005,PC-1005,F9A5D756.doc,False,
{F-0006931},02/08/2010 13:43:00,CA0002,PC-1002,CCCFEA5A.xlsx,False,
{F-0034721},02/08/2010 13:44:00,RA0017,PC-1017,CC14E0D8.doc,False,
{F-0006925},02/08/2010 13:48:00,CA0002,PC-1002,7A014080.doc,False,
{F-0033509},02/08/2010 13:52:00,QA0016,PC-1016,A8742345.jpg,False,
{F-0033507},02/08/2010 13:53:00,QA0016,PC-1016,C3930EC6.txt,False,
{F-0009823},02/08/2010 13:56:00,DA0003,PC-1003,7AF077AA.pdf,False,
{F-0013093},02/08/2010 14:03:00,FA0005,PC-1005,8919C237.pdf,False,
{F-0015141},02/08/2010 14:03:00,GA0006,PC-1006,852E3CCE.jpg,False,
{F-0006929},02/08/2010 14:10:00,CA0002,PC-1002,ED381BF7.jpg,False,
{F-0018024},02/08/2010 14:11:00,IA0008,PC-1008,62ED8294.pdf,False,
{F-0018030},02/08/2010 14:11:00,IA0008,PC-1008,862AE2BB.xls,False,
{F-0032009},02/08/2010 14:13:00,PA0015,PC-1015,8892FD72.doc,False,
{F-0032015},02/08/2010 14:13:00,PA0015,PC-1015,1126F98F.xls,False,
{F-0034719},02/08/2010 14:17:00,RA0017,PC-1017,0CF02183.jpg,False,
{F-0009818},02/08/2010 14:18:00,DA0003,PC-1003,454D97BC.xls,False,
{F-0015131},02/08/2010 14:19:00,GA0006,PC-1006,9B91B61E.xlsx,False,
{F-0021955},02/08/2010 14:20:00,KA0010,PC-1010,9ECE5A14.pdf,False,
{F-0032014},02/08/2010 14:25:00,PA0015,PC-1015,26DAE5CB.txt,False,
{F-0009814},02/08/2010 14:27:00,DA0003,PC-1003,957B19A9.txt,False,
{F-0032013},02/08/2010 14:31:00,PA0015,PC-1015,A0F1799A.xls,False,
{F-0013103},02/08/2010 14:33:00,FA0005,PC-1005,73A8B5C9.xls,False,
{F-0009830},02/08/2010 14:37:00,DA0003,PC-1003,31067451.doc,False,
{F-0027716},02/08/2010 14:41:00,NA0013,PC-1013,63C9D386.doc,False,
{F-0006933},02/08/2010 14:43:00,CA0002,PC-1002,A397049E.xls,False,
{F-0019963},02/08/2010 14:48:00,JA0009,PC-1009,A24E5670.doc,False,
{F-0021952},02/08/2010 14:48:00,KA0010,PC-1010,DA6EED66.xlsx,False,
{F-0015132},02/08/2010 14:49:00,GA0006,PC-1006,EC3AAE2D.txt,False,
{F-0001414},02/08/2010 14:53:00,AA0000,PC-1000,F93279EC.txt,False,
{F-0013087},02/08/2010 14:55:00,FA0005,PC-1005,D33041DE.doc,False,
{F-0034722},02/08/2010 15:01:00,RA0017,PC-1017,E67275E7.txt,False,
{F-0013088},02/08/2010 15:04:00,FA0005,PC-1005,D195916E.jpg,False,
{F-0018037},02/08/2010 15:09:00,IA0008,PC-1008,7C0D3FFB.doc,False,
{F-0027721},02/08/2010 15:10:00,NA0013,PC-1013,A806BE39.xls,False,
{F-0027718},02/08/2010 15:17:00,NA0013,PC-1013,CAA750F9.txt,False,
{F-0015127},02/08/2010 15:18:00,GA0006,PC-1006,797C314B.xlsx,False,
{F-0019965},02/08/2010 15:22:00,JA0009,PC-1009,22AF1A5E.pdf,False,
{F-0011730},02/08/2010 15:25:00,EA0004,PC-1004,8DA1B059.jpg,False,
{F-0001423},02/08/2010 15:29:00,AA0000,PC-1000,3837CCCF.doc,False,
{F-0029982},02/08/2010 15:30:00,OA0014,PC-1014,28717FA7.xlsx,False,
{F-0003910},02/08/2010 15:33:00,BA0001,PC-1001,E4237C32.doc,False,
{F-0023961},02/08/2010 15:33:00,LA0011,PC-1011,C2906D3A.pdf,False,
{F-0023957},02/08/2010 15:35:00,LA0011,PC-1011,CCDC3638.doc,False,
{F-0018035},02/08/2010 15:37:00,IA0008,PC-1008,A4E2334F.pdf,False,
{F-0001421},02/08/2010 15:42:00,AA0000,PC-1000,38D761D6.txt,False,
{F-0001424},02/08/2010 15:46:00,AA0000,PC-1000,168DD26C.pdf,False,
{F-0006920},02/08/2010 15:48:00,CA0002,PC-1002,1E2A3B23.doc,False,
{F-0006927},02/08/2010 15:48:00,CA0002,PC-1002,B00AE45A.xlsx,False,
{F-0006922},02/08/2010 15:51:00,CA0002,PC-1002,8D9FC57D.xlsx,False,
{F-0013099},02/08/2010 15:51:00,FA0005,PC-1005,F83D3ED4.xls,False,
{F-0003890},02/08/2010 15:52:00,BA0001,PC-1001,9A53BD88.doc,False,
{F-0021950},02/08/2010 16:00:00,KA0010,PC-1010,2E6819E2.pdf,False,
{F-0023950},02/08/2010 16:00:00,LA0011,PC-1011,825F6E8C.doc,False,
{F-0011733},02/08/2010 16:08:00,EA0004,PC-1004,07D396A4.xlsx,False,
{F-0013089},02/08/2010 16:09:00,FA0005,PC-1005,34978237.xls,False,
{F-0013097},02/08/2010 16:11:00,FA0005,PC-1005,66B0FDF1.xls,False,
{F-0029977},02/08/2010 16:11:00,OA0014,PC-1014,7973F240.doc,False,
{F-0001419},02/08/2010 16:14:00,AA0000,PC-1000,3F3F570D.xls,False,
{F-0003894},02/08/2010 16:15:00,BA0001,PC-1001,F862BEC8.xls,False,
{F-0006919},02/08/2010 16:15:00,CA0002,PC-1002,3F685AE3.jpg,False,
{F-0006939},02/08/2010 16:16:00,CA0002,PC-1002,BA247457.pdf,False,
{F-0016745},02/08/2010 16:19:00,HA0007,PC-1007,8B11D6EC.doc,False,
{F-0019960},02/08/2010 16:19:00,JA0009,PC-1009,87D1D914.txt,False,
{F-0018023},02/08/2010 16:22:00,IA0008,PC-1008,877F8F7A.pdf,False,
{F-0011732},02/08/2010 16:24:00,EA0004,PC-1004,110DCA32.doc,False,
{F-0029976},02/08/2010 16:26:00,OA0014,PC-1014,329C4EE7.jpg,False,
{F-0003903},02/08/2010 16:28:00,BA0001,PC-1001,A931DA4A.xls,False,
{F-0003892},02/08/2010 16:33:00,BA0001,PC-1001,DB6323F9.jpg,False,
{F-0021956},02/08/2010 16:33:00,KA0010,PC-1010,D4233297.txt,False,
{F-0025926},02/08/2010 16:33:00,MA0012,PC-1012,0BF48FE3.pdf,False,
{F-0006936},02/08/2010 16:39:00,CA0002,PC-1002,2844786A.jpg,False,
{F-0023949},02/08/2010 16:41:00,LA0011,PC-1011,B73039FA.xlsx,False,
{F-0006923},02/08/2010 16:46:00,CA0002,PC-1002,11CEF08B.xlsx,False,
{F-0032016},02/08/2010 16:54:00,PA0015,PC-1015,FFAE13A0.pdf,False,
{F-0013098},02/08/2010 16:56:00,FA0005,PC-1005,9554ABA1.doc,False,
{F-0021949},02/08/2010 16:56:00,KA0010,PC-1010,6FF3DC3C.txt,False,
{F-0029980},02/08/2010 16:56:00,OA0014,PC-1014,7EBF703D.xls,False,
{F-0018028},02/08/2010 16:58:00,IA0008,PC-1008,D79E9B17.pdf,False,
{F-0025927},02/08/2010 17:01:00,MA0012,PC-1012,8BEA2892.xlsx,False,
{F-0003900},02/08/2010 17:02:00,BA0001,PC-1001,9C6E42DD.xls,False,
{F-0013101},02/08/2010 17:03:00,FA0005,PC-1005,74E68D84.xlsx,False,
{F-0013100},02/08/2010 17:04:00,FA0005,PC-1005,9A5EB700.doc,False,
{F-0021948},02/08/2010 17:06:00,KA0010,PC-1010,D6CD6850.pdf,False,
{F-0032012},02/08/2010 17:16:00,PA0015,PC-1015,A6B5EC12.pdf,False,
{F-0027713},02/08/2010 17:17:00,NA0013,PC-1013,C993CD7E.xls,False,
{F-0021954},02/08/2010 17:18:00,KA0010,PC-1010,13104951.pdf,False,
{F-0023959},02/08/2010 17:21:00,LA0011,PC-1011,56C29E9A.doc,False,
{F-0025925},02/08/2010 17:26:00,MA0012,PC-1012,B26CA738.xlsx,False,
{F-0003908},02/08/2010 17:34:00,BA0001,PC-1001,F363734B.xls,False,
{F-0003904},02/08/2010 17:39:00,BA0001,PC-1001,5162C5CA.doc,False,
{F-0023951},02/08/2010 17:39:00,LA0011,PC-1011,D7B1331B.xls,False,
{F-0013096},02/08/2010 17:53:00,FA0005,PC-1005,765F519C.txt,False,
{F-0006932},02/08/2010 17:58:00,CA0002,PC-1002,2D60C581.xls,False,
{F-0006934},02/08/2010 17:59:00,CA0002,PC-1002,623FC0AD.xlsx,False,
{F-0003902},02/08/2010 18:02:00,BA0001,PC-1001,1DAC37E1.doc,False,
{F-0003896},02/08/2010 18:04:00,BA0001,PC-1001,275DB8F0.txt,False,
{F-0006928},02/08/2010 18:14:00,CA0002,PC-1002,79B95BE1.pdf,False,
{F-0013091},02/08/2010 18:18:00,FA0005,PC-1005,5FE60887.xlsx,False,
{F-0013092},02/08/2010 18:37:00,FA0005,PC-1005,57E04695.jpg,False,
{F-0013105},02/08/2010 18:50:00,FA0005,PC-1005,EF5D11B8.txt,False,
{F-0027762},02/09/2010 07:30:00,NA0013,PC-1013,1355C9DB.xls,False,
{F-0001494},02/09/2010 08:05:00,AA0000,PC-1000,28C8E385.pdf,False,
{F-0027770},02/09/2010 08:13:00,NA0013,PC-1013,8B5B047A.pdf,False,
{F-0001492},02/09/2010 08:21:00,AA0000,PC-1000,2D6D7935.doc,False,
{F-0009894},02/09/2010 08:23:00,DA0003,PC-1003,33A38504.jpg,False,
{F-0023994},02/09/2010 08:36:00,LA0011,PC-1011,B48A881C.pdf,False,
{F-0015199},02/09/2010 08:40:00,GA0006,PC-1006,BBA1AE4E.doc,False,
{F-0001491},02/09/2010 08:43:00,AA0000,PC-1000,635F0D15.doc,False,
{F-0015206},02/09/2010 08:44:00,GA0006,PC-1006,ECF2F0AA.doc,False,
{F-0023992},02/09/2010 08:45:00,LA0011,PC-1011,F424AC80.doc,False,
{F-0027764},02/09/2010 08:45:00,NA0013,PC-1013,03718B66.pdf,False,
{F-0027765},02/09/2010 08:47:00,NA0013,PC-1013,6041770A.doc,False,
{F-0015204},02/09/2010 08:48:00,GA0006,PC-1006,DF60A0D0.pdf,False,
{F-0009884},02/09/2010 08:49:00,DA0003,PC-1003,ECCDFFAE.txt,False,
{F-0023984},02/09/2010 08:55:00,LA0011,PC-1011,60E4D4A4.xls,False,
{F-0018063},02/09/2010 08:56:00,IA0008,PC-1008,FD9F2571.txt,False,
{F-0023983},02/09/2010 09:02:00,LA0011,PC-1011,2B1C607E.doc,False,
{F-0009897},02/09/2010 09:08:00,DA0003,PC-1003,3CFE2CFD.jpg,False,
{F-0016766},02/09/2010 09:12:00,HA0007,PC-1007,2F645BE4.pdf,False,
{F-0030035},02/09/2010 09:14:00,OA0014,PC-1014,C260AC66.doc,False,
{F-0007006},02/09/2010 09:17:00,CA0002,PC-1002,F2517B9C.jpg,False,
{F-0001484},02/09/2010 09:19:00,AA0000,PC-1000,CABDBDA7.jpg,False,
{F-0025980},02/09/2010 09:20:00,MA0012,PC-1012,974C94AF.doc,False,
{F-0027772},02/09/2010 09:23:00,NA0013,PC-1013,62393347.doc,False,
{F-0001495},02/09/2010 09:25:00,AA0000,PC-1000,E2000680.doc,False,
{F-0018079},02/09/2010 09:27:00,IA0008,PC-1008,F83273A1.xls,False,
{F-0018068},02/09/2010 09:30:00,IA0008,PC-1008,E9391968.txt,False,
{F-0003954},02/09/2010 09:34:00,BA0001,PC-1001,C30730C7.jpg,False,
{F-0015197},02/09/2010 09:40:00,GA0006,PC-1006,B3A92110.pdf,False,
{F-0015201},02/09/2010 09:42:00,GA0006,PC-1006,FF4D828A.txt,False,
{F-0030041},02/09/2010 09:42:00,OA0014,PC-1014,125BE00B.jpg,False,
{F-0030047},02/09/2010 09:42:00,OA0014,PC-1014,D4B02C8A.xls,False,
{F-0009891},02/09/2010 09:45:00,DA0003,PC-1003,8C9CD085.pdf,False,
{F-0018073},02/09/2010 09:46:00,IA0008,PC-1008,6AD69D50.xls,False,
{F-0032043},02/09/2010 09:46:00,PA0015,PC-1015,D4EC4114.pdf,False,
{F-0003942},02/09/2010 09:47:00,BA0001,PC-1001,3A8BF5A4.pdf,False,
{F-0013131},02/09/2010 09:50:00,FA0005,PC-1005,ABECAC8D.xls,False,
{F-0025981},02/09/2010 09:51:00,MA0012,PC-1012,04503E4A.doc,False,
{F-0015203},02/09/2010 10:00:00,GA0006,PC-1006,2DE5FC78.jpg,False,
{F-0003953},02/09/2010 10:01:00,BA0001,PC-1001,85632220.xlsx,False,
{F-0034751},02/09/2010 10:03:00,RA0017,PC-1017,0A6B64C0.doc,False,
{F-0003947},02/09/2010 10:04:00,BA0001,PC-1001,9859EBB9.xlsx,False,
{F-0018075},02/09/2010 10:08:00,IA0008,PC-1008,D506559A.doc,False,
{F-0018071},02/09/2010 10:09:00,IA0008,PC-1008,3DE95F9F.doc,False,
{F-0027768},02/09/2010 10:11:00,NA0013,PC-1013,CEA6069E.doc,False,
{F-0003950},02/09/2010 10:16:00,BA0001,PC-1001,D6CBB2D0.txt,False,
{F-0009885},02/09/2010 10:16:00,DA0003,PC-1003,24255D6F.jpg,False,
{F-0007004},02/09/2010 10:18:00,CA0002,PC-1002,795E8E5E.jpg,False,
{F-0018074},02/09/2010 10:19:00,IA0008,PC-1008,72669382.txt,False,
{F-0007003},02/09/2010 10:21:00,CA0002,PC-1002,3EB7C912.jpg,False,
{F-0001483},02/09/2010 10:23:00,AA0000,PC-1000,C59EEB13.xls,False,
{F-0011756},02/09/2010 10:25:00,EA0004,PC-1004,6D465C5C.doc,False,
{F-0021982},02/09/2010 10:26:00,KA0010,PC-1010,C9EB063D.xlsx,False,
{F-0013129},02/09/2010 10:28:00,FA0005,PC-1005,C1BE732C.xlsx,False,
{F-0023979},02/09/2010 10:35:00,LA0011,PC-1011,EAD4C487.doc,False,
{F-0003941},02/09/2010 10:36:00,BA0001,PC-1001,602DF05D.txt,False,
{F-0030040},02/09/2010 10:37:00,OA0014,PC-1014,C0A076D1.doc,False,
{F-0018069},02/09/2010 10:38:00,IA0008,PC-1008,10C13178.xlsx,False,
{F-0003948},02/09/2010 10:39:00,BA0001,PC-1001,DE741BB0.xls,False,
{F-0033542},02/09/2010 10:41:00,QA0016,PC-1016,E1E749FB.xlsx,False,
{F-0007014},02/09/2010 10:47:00,CA0002,PC-1002,E19519E0.doc,False,
{F-0007017},02/09/2010 10:48:00,CA0002,PC-1002,11125D8A.pdf,False,
{F-0030045},02/09/2010 10:50:00,OA0014,PC-1014,04255EBA.jpg,False,
{F-0007026},02/09/2010 10:55:00,CA0002,PC-1002,29AD3214.doc,False,
{F-0011758},02/09/2010 10:56:00,EA0004,PC-1004,EE4770B0.jpg,False,
{F-0011752},02/09/2010 10:58:00,EA0004,PC-1004,FADDF40E.pdf,False,
{F-0009888},02/09/2010 11:01:00,DA0003,PC-1003,109C2B49.doc,False,
{F-0021991},02/09/2010 11:04:00,KA0010,PC-1010,6D93C111.jpg,False,
{F-0001490},02/09/2010 11:05:00,AA0000,PC-1000,E8742168.pdf,False,
{F-0007020},02/09/2010 11:06:00,CA0002,PC-1002,27ECCA71.pdf,False,
{F-0009882},02/09/2010 11:08:00,DA0003,PC-1003,67224FCC.doc,False,
{F-0018067},02/09/2010 11:08:00,IA0008,PC-1008,07065947.doc,False,
{F-0001499},02/09/2010 11:09:00,AA0000,PC-1000,441B88C8.xls,False,
{F-0001497},02/09/2010 11:12:00,AA0000,PC-1000,DEFE4C42.jpg,False,
{F-0018076},02/09/2010 11:13:00,IA0008,PC-1008,DBAFD569.txt,False,
{F-0023982},02/09/2010 11:13:00,LA0011,PC-1011,5D0D917C.doc,False,
{F-0021988},02/09/2010 11:15:00,KA0010,PC-1010,43D1A33F.xls,False,
{F-0003939},02/09/2010 11:16:00,BA0001,PC-1001,40335042.jpg,False,
{F-0016764},02/09/2010 11:17:00,HA0007,PC-1007,5590D709.xlsx,False,
{F-0025984},02/09/2010 11:17:00,MA0012,PC-1012,140D72CA.jpg,False,
{F-0009893},02/09/2010 11:20:00,DA0003,PC-1003,685750E1.jpg,False,
{F-0021986},02/09/2010 11:23:00,KA0010,PC-1010,5981C4D6.doc,False,
{F-0023995},02/09/2010 11:26:00,LA0011,PC-1011,55C4D6BC.txt,False,
{F-0030043},02/09/2010 11:26:00,OA0014,PC-1014,B3158518.pdf,False,
{F-0025986},02/09/2010 11:27:00,MA0012,PC-1012,4838CED2.xls,False,
{F-0007025},02/09/2010 11:30:00,CA0002,PC-1002,4BEDAB46.xls,False,
{F-0034750},02/09/2010 11:31:00,RA0017,PC-1017,D9E0C638.doc,False,
{F-0001482},02/09/2010 11:32:00,AA0000,PC-1000,0C5F75AD.doc,False,
{F-0001498},02/09/2010 11:32:00,AA0000,PC-1000,8AACB710.doc,False,
{F-0009895},02/09/2010 11:34:00,DA0003,PC-1003,E6BCD5E5.doc,False,
{F-0018077},02/09/2010 11:37:00,IA0008,PC-1008,EE85986F.pdf,False,
{F-0021989},02/09/2010 11:38:00,KA0010,PC-1010,4ACC0A07.pdf,False,
{F-0025985},02/09/2010 11:40:00,MA0012,PC-1012,6B69E467.doc,False,
{F-0023980},02/09/2010 11:41:00,LA0011,PC-1011,3054FC4A.jpg,False,
{F-0003943},02/09/2010 11:42:00,BA0001,PC-1001,48C613E3.doc,False,
{F-0016765},02/09/2010 11:42:00,HA0007,PC-1007,1A939AAD.jpg,False,
{F-0021977},02/09/2010 11:42:00,KA0010,PC-1010,02B0EC17.pdf,False,
{F-0025982},02/09/2010 11:44:00,MA0012,PC-1012,5BB37701.doc,False,
{F-0013128},02/09/2010 11:45:00,FA0005,PC-1005,5E29F32F.pdf,False,
{F-0023981},02/09/2010 11:52:00,LA0011,PC-1011,ACB7A5E7.doc,False,
{F-0011754},02/09/2010 11:55:00,EA0004,PC-1004,A0210E14.doc,False,
{F-0001496},02/09/2010 11:58:00,AA0000,PC-1000,9A3218C8.xlsx,False,
{F-0009892},02/09/2010 11:59:00,DA0003,PC-1003,8A9316DB.txt,False,
{F-0015205},02/09/2010 12:06:00,GA0006,PC-1006,B1202D84.xlsx,False,
{F-0018065},02/09/2010 12:24:00,IA0008,PC-1008,9C29BD31.pdf,False,
{F-0009881},02/09/2010 12:25:00,DA0003,PC-1003,CA2BA4AA.pdf,False,
{F-0001488},02/09/2010 12:27:00,AA0000,PC-1000,CCD05FE1.xls,False,
{F-0003945},02/09/2010 12:27:00,BA0001,PC-1001,B864153F.doc,False,
{F-0024000},02/09/2010 12:27:00,LA0011,PC-1011,5F6DA54C.doc,False,
{F-0009887},02/09/2010 12:38:00,DA0003,PC-1003,D8F8940B.xls,False,
{F-0023989},02/09/2010 12:40:00,LA0011,PC-1011,605C52FE.doc,False,
{F-0018072},02/09/2010 12:41:00,IA0008,PC-1008,D8A3AD63.xlsx,False,
{F-0003946},02/09/2010 12:45:00,BA0001,PC-1001,92B5603D.pdf,False,
{F-0001487},02/09/2010 12:46:00,AA0000,PC-1000,2E2BB7B4.xls,False,
{F-0027766},02/09/2010 12:47:00,NA0013,PC-1013,765FCA6D.jpg,False,
{F-0030038},02/09/2010 12:47:00,OA0014,PC-1014,A55F028E.jpg,False,
{F-0001486},02/09/2010 12:51:00,AA0000,PC-1000,B81E8906.doc,False,
{F-0032046},02/09/2010 12:52:00,PA0015,PC-1015,E3D2454E.pdf,False,
{F-0021978},02/09/2010 12:53:00,KA0010,PC-1010,0C8834B2.doc,False,
{F-0003955},02/09/2010 13:03:00,BA0001,PC-1001,B3A0FE09.doc,False,
{F-0023996},02/09/2010 13:03:00,LA0011,PC-1011,AB2B3ECF.jpg,False,
{F-0018062},02/09/2010 13:06:00,IA0008,PC-1008,7963587A.jpg,False,
{F-0003957},02/09/2010 13:07:00,BA0001,PC-1001,F7EC3673.pdf,False,
{F-0025976},02/09/2010 13:08:00,MA0012,PC-1012,6039E7A3.doc,False,
{F-0030037},02/09/2010 13:10:00,OA0014,PC-1014,FC8BFD72.xlsx,False,
{F-0018070},02/09/2010 13:13:00,IA0008,PC-1008,CC4DB523.xlsx,False,
{F-0009896},02/09/2010 13:19:00,DA0003,PC-1003,DF5C70A3.jpg,False,
{F-0033538},02/09/2010 13:21:00,QA0016,PC-1016,4E5FB428.doc,False,
{F-0001480},02/09/2010 13:27:00,AA0000,PC-1000,4496E29B.xlsx,False,
{F-0032040},02/09/2010 13:27:00,PA0015,PC-1015,375CE105.txt,False,
{F-0009886},02/09/2010 13:29:00,DA0003,PC-1003,2E9365E0.txt,False,
{F-0018078},02/09/2010 13:31:00,IA0008,PC-1008,DA809023.xls,False,
{F-0023999},02/09/2010 13:33:00,LA0011,PC-1011,119E6BB4.xlsx,False,
{F-0030042},02/09/2010 13:38:00,OA0014,PC-1014,AFCECFFA.xlsx,False,
{F-0007002},02/09/2010 13:39:00,CA0002,PC-1002,58FBB502.pdf,False,
{F-0013130},02/09/2010 13:39:00,FA0005,PC-1005,D8F13B2D.doc,False,
{F-0025978},02/09/2010 13:40:00,MA0012,PC-1012,C5D026CC.txt,False,
{F-0016767},02/09/2010 13:41:00,HA0007,PC-1007,11DA9DC3.txt,False,
{F-0027769},02/09/2010 13:44:00,NA0013,PC-1013,8068F51D.doc,False,
{F-0030044},02/09/2010 13:44:00,OA0014,PC-1014,B79DA217.doc,False,
{F-0027771},02/09/2010 13:49:00,NA0013,PC-1013,2885B8E3.txt,False,
{F-0032042},02/09/2010 13:49:00,PA0015,PC-1015,15D40BB6.xlsx,False,
{F-0009883},02/09/2010 13:50:00,DA0003,PC-1003,EA37EB7A.xlsx,False,
{F-0025977},02/09/2010 13:50:00,MA0012,PC-1012,761DA0ED.doc,False,
{F-0007007},02/09/2010 13:53:00,CA0002,PC-1002,6AECB810.pdf,False,
{F-0023997},02/09/2010 13:54:00,LA0011,PC-1011,B59A6413.doc,False,
{F-0011757},02/09/2010 13:55:00,EA0004,PC-1004,5876B7BB.xlsx,False,
{F-0025983},02/09/2010 13:55:00,MA0012,PC-1012,5A650C65.doc,False,
{F-0023978},02/09/2010 13:56:00,LA0011,PC-1011,1A822206.xlsx,False,
{F-0013132},02/09/2010 14:00:00,FA0005,PC-1005,D8DABEBD.doc,False,
{F-0032044},02/09/2010 14:00:00,PA0015,PC-1015,FB414178.doc,False,
{F-0033541},02/09/2010 14:01:00,QA0016,PC-1016,C6F84F39.txt,False,
{F-0011755},02/09/2010 14:02:00,EA0004,PC-1004,861BF73D.txt,False,
{F-0033543},02/09/2010 14:03:00,QA0016,PC-1016,B6C5DC40.xlsx,False,
{F-0023986},02/09/2010 14:11:00,LA0011,PC-1011,CCD29CC4.xlsx,False,
{F-0009889},02/09/2010 14:14:00,DA0003,PC-1003,A564E031.pdf,False,
{F-0013126},02/09/2010 14:17:00,FA0005,PC-1005,7B4575C1.xls,False,
{F-0007022},02/09/2010 14:24:00,CA0002,PC-1002,9C54E8B7.pdf,False,
{F-0007005},02/09/2010 14:29:00,CA0002,PC-1002,B711866E.doc,False,
{F-0023998},02/09/2010 14:32:00,LA0011,PC-1011,CFD28668.jpg,False,
{F-0023987},02/09/2010 14:33:00,LA0011,PC-1011,FD3DAAE4.txt,False,
{F-0030036},02/09/2010 14:39:00,OA0014,PC-1014,91CDE694.xls,False,
{F-0007021},02/09/2010 14:40:00,CA0002,PC-1002,B0589353.txt,False,
{F-0030039},02/09/2010 14:40:00,OA0014,PC-1014,34DAF9C7.xlsx,False,
{F-0003944},02/09/2010 14:41:00,BA0001,PC-1001,D63A218F.jpg,False,
{F-0007012},02/09/2010 14:49:00,CA0002,PC-1002,FD6AB017.jpg,False,
{F-0015202},02/09/2010 14:50:00,GA0006,PC-1006,AF520FB8.doc,False,
{F-0030046},02/09/2010 14:50:00,OA0014,PC-1014,9934E466.jpg,False,
{F-0033546},02/09/2010 14:51:00,QA0016,PC-1016,B9CC47AF.txt,False,
{F-0033544},02/09/2010 14:52:00,QA0016,PC-1016,68E5CBD8.txt,False,
{F-0007015},02/09/2010 14:53:00,CA0002,PC-1002,0E314470.xls,False,
{F-0007027},02/09/2010 14:54:00,CA0002,PC-1002,CF427DC8.xlsx,False,
{F-0021987},02/09/2010 14:54:00,KA0010,PC-1010,79B91324.xls,False,
{F-0024001},02/09/2010 14:56:00,LA0011,PC-1011,3A637049.doc,False,
{F-0007023},02/09/2010 14:57:00,CA0002,PC-1002,CB13955C.jpg,False,
{F-0027763},02/09/2010 15:07:00,NA0013,PC-1013,3B3A499C.pdf,False,
{F-0025987},02/09/2010 15:09:00,MA0012,PC-1012,67D9A658.xlsx,False,
{F-0001485},02/09/2010 15:14:00,AA0000,PC-1000,479DCBFA.txt,False,
{F-0021990},02/09/2010 15:14:00,KA0010,PC-1010,1C0C7743.xls,False,
{F-0021979},02/09/2010 15:25:00,KA0010,PC-1010,61DBFBD5.doc,False,
{F-0032041},02/09/2010 15:25:00,PA0015,PC-1015,224B6BCE.jpg,False,
{F-0001481},02/09/2010 15:26:00,AA0000,PC-1000,C20DAF2F.doc,False,
{F-0023990},02/09/2010 15:30:00,LA0011,PC-1011,D6AD5254.doc,False,
{F-0027767},02/09/2010 15:34:00,NA0013,PC-1013,1D19F476.txt,False,
{F-0001500},02/09/2010 15:35:00,AA0000,PC-1000,4A7139C8.xls,False,
{F-0003940},02/09/2010 15:36:00,BA0001,PC-1001,0B1546A7.jpg,False,
{F-0003952},02/09/2010 15:38:00,BA0001,PC-1001,DFD0D55D.pdf,False,
{F-0007019},02/09/2010 15:41:00,CA0002,PC-1002,862444CE.doc,False,
{F-0018064},02/09/2010 15:41:00,IA0008,PC-1008,99D77084.txt,False,
{F-0032047},02/09/2010 15:45:00,PA0015,PC-1015,7D69BC1F.pdf,False,
{F-0033539},02/09/2010 15:47:00,QA0016,PC-1016,3522895A.txt,False,
{F-0007029},02/09/2010 15:48:00,CA0002,PC-1002,9A3616C1.xls,False,
{F-0007011},02/09/2010 15:50:00,CA0002,PC-1002,9411D6D7.txt,False,
{F-0007018},02/09/2010 15:50:00,CA0002,PC-1002,EDA76651.doc,False,
{F-0015207},02/09/2010 15:51:00,GA0006,PC-1006,F2727059.xls,False,
{F-0007016},02/09/2010 15:52:00,CA0002,PC-1002,95A8D481.jpg,False,
{F-0003949},02/09/2010 15:53:00,BA0001,PC-1001,5EAC15EF.xlsx,False,
{F-0018066},02/09/2010 15:59:00,IA0008,PC-1008,D35CCDFA.txt,False,
{F-0007010},02/09/2010 16:01:00,CA0002,PC-1002,03733EC9.jpg,False,
{F-0023988},02/09/2010 16:03:00,LA0011,PC-1011,38B53052.xls,False,
{F-0021983},02/09/2010 16:06:00,KA0010,PC-1010,60702466.jpg,False,
{F-0032039},02/09/2010 16:06:00,PA0015,PC-1015,0C833190.xls,False,
{F-0007001},02/09/2010 16:09:00,CA0002,PC-1002,367B4CCD.pdf,False,
{F-0015200},02/09/2010 16:09:00,GA0006,PC-1006,84771D8E.xlsx,False,
{F-0015198},02/09/2010 16:11:00,GA0006,PC-1006,FDF79A32.xls,False,
{F-0011753},02/09/2010 16:20:00,EA0004,PC-1004,852F3B2C.xls,False,
{F-0034752},02/09/2010 16:20:00,RA0017,PC-1017,706C2A20.doc,False,
{F-0032045},02/09/2010 16:28:00,PA0015,PC-1015,785A9B84.jpg,False,
{F-0034753},02/09/2010 16:28:00,RA0017,PC-1017,60BC895C.jpg,False,
{F-0009890},02/09/2010 16:30:00,DA0003,PC-1003,CE451F7A.xls,False,
{F-0013127},02/09/2010 16:31:00,FA0005,PC-1005,0A4520C3.txt,False,
{F-0023991},02/09/2010 16:33:00,LA0011,PC-1011,94DCCD22.xlsx,False,
{F-0001489},02/09/2010 16:34:00,AA0000,PC-1000,506CC7E6.txt,False,
{F-0007024},02/09/2010 16:39:00,CA0002,PC-1002,1201C103.doc,False,
{F-0021985},02/09/2010 16:40:00,KA0010,PC-1010,DF058930.doc,False,
{F-0007008},02/09/2010 16:44:00,CA0002,PC-1002,57CC20B6.pdf,False,
{F-0003956},02/09/2010 16:47:00,BA0001,PC-1001,01CCA597.doc,False,
{F-0021980},02/09/2010 16:47:00,KA0010,PC-1010,2FFB9096.pdf,False,
{F-0023985},02/09/2010 16:50:00,LA0011,PC-1011,CBD0C2E5.doc,False,
{F-0033545},02/09/2010 16:50:00,QA0016,PC-1016,08CDFEE7.doc,False,
{F-0001493},02/09/2010 16:53:00,AA0000,PC-1000,A04E56EC.doc,False,
{F-0025979},02/09/2010 16:59:00,MA0012,PC-1012,61A456A8.txt,False,
{F-0007013},02/09/2010 17:06:00,CA0002,PC-1002,982A46C4.xlsx,False,
{F-0007028},02/09/2010 17:15:00,CA0002,PC-1002,AD30C68E.txt,False,
{F-0007009},02/09/2010 17:19:00,CA0002,PC-1002,C328DD7D.doc,False,
{F-0003951},02/09/2010 17:24:00,BA0001,PC-1001,FA1DD4A6.doc,False,
{F-0034754},02/09/2010 17:35:00,RA0017,PC-1017,A4B52F70.jpg,False,
{F-0024002},02/09/2010 17:37:00,LA0011,PC-1011,3073A478.pdf,False,
{F-0023993},02/09/2010 17:45:00,LA0011,PC-1011,069823E8.xls,False,
{F-0033540},02/09/2010 18:02:00,QA0016,PC-1016,EB37239F.pdf,False,
{F-0021984},02/09/2010 18:56:00,KA0010,PC-1010,B00A74F6.doc,False,
{F-0021981},02/09/2010 18:59:00,KA0010,PC-1010,1CB9CDE1.jpg,False,
{F-0018127},02/10/2010 07:47:00,IA0008,PC-1008,D2D14A6F.doc,False,
{F-0018128},02/10/2010 07:52:00,IA0008,PC-1008,DB790C55.doc,False,
{F-0026022},02/10/2010 07:58:00,MA0012,PC-1012,CF2D0645.doc,False,
{F-0018117},02/10/2010 08:12:00,IA0008,PC-1008,408AABD5.doc,False,
{F-0020012},02/10/2010 08:29:00,JA0009,PC-1009,72AEF2B3.txt,False,
{F-0004006},02/10/2010 08:31:00,BA0001,PC-1001,63DBD4A4.xls,False,
{F-0024029},02/10/2010 08:38:00,LA0011,PC-1011,A4D34B7B.doc,False,
{F-0003998},02/10/2010 08:39:00,BA0001,PC-1001,A91993EA.jpg,False,
{F-0009943},02/10/2010 08:39:00,DA0003,PC-1003,C1CCDDEF.doc,False,
{F-0020021},02/10/2010 08:39:00,JA0009,PC-1009,89B8C0DB.doc,False,
{F-0020022},02/10/2010 08:39:00,JA0009,PC-1009,CE3DE52B.doc,False,
{F-0016784},02/10/2010 08:41:00,HA0007,PC-1007,6A4E20FF.xlsx,False,
{F-0015252},02/10/2010 08:45:00,GA0006,PC-1006,8A0249DE.pdf,False,
{F-0015254},02/10/2010 08:45:00,GA0006,PC-1006,D2B64527.txt,False,
{F-0018124},02/10/2010 08:45:00,IA0008,PC-1008,966D4C1C.pdf,False,
{F-0020023},02/10/2010 08:45:00,JA0009,PC-1009,871A910E.txt,False,
{F-0030115},02/10/2010 08:49:00,OA0014,PC-1014,714392C2.pdf,False,
{F-0026019},02/10/2010 08:51:00,MA0012,PC-1012,E218294F.xlsx,False,
{F-0015253},02/10/2010 08:58:00,GA0006,PC-1006,16D96430.doc,False,
{F-0015259},02/10/2010 09:08:00,GA0006,PC-1006,06842388.xls,False,
{F-0003993},02/10/2010 09:11:00,BA0001,PC-1001,D061948A.pdf,False,
{F-0024038},02/10/2010 09:12:00,LA0011,PC-1011,50D9DCFD.xlsx,False,
{F-0003994},02/10/2010 09:16:00,BA0001,PC-1001,E9FF6001.xlsx,False,
{F-0026025},02/10/2010 09:17:00,MA0012,PC-1012,1BB318BF.jpg,False,
{F-0020020},02/10/2010 09:18:00,JA0009,PC-1009,B8BF0713.jpg,False,
{F-0001544},02/10/2010 09:20:00,AA0000,PC-1000,BBC48CAD.xlsx,False,
{F-0022020},02/10/2010 09:23:00,KA0010,PC-1010,CD7866C4.xls,False,
{F-0020013},02/10/2010 09:24:00,JA0009,PC-1009,3547CFBA.pdf,False,
{F-0030118},02/10/2010 09:24:00,OA0014,PC-1014,3B0904C3.txt,False,
{F-0032079},02/10/2010 09:27:00,PA0015,PC-1015,D39DDC9C.pdf,False,
{F-0001542},02/10/2010 09:30:00,AA0000,PC-1000,01E63193.pdf,False,
{F-0001545},02/10/2010 09:39:00,AA0000,PC-1000,3394B809.txt,False,
{F-0018120},02/10/2010 09:43:00,IA0008,PC-1008,FF0CF0A1.xlsx,False,
{F-0030120},02/10/2010 09:43:00,OA0014,PC-1014,38CCA6FC.doc,False,
{F-0001541},02/10/2010 09:47:00,AA0000,PC-1000,8CDF3E54.jpg,False,
{F-0001537},02/10/2010 09:48:00,AA0000,PC-1000,A268B392.doc,False,
{F-0003999},02/10/2010 09:50:00,BA0001,PC-1001,D364926D.jpg,False,
{F-0020025},02/10/2010 09:50:00,JA0009,PC-1009,046755FB.jpg,False,
{F-0034761},02/10/2010 09:54:00,RA0017,PC-1017,11A1F03C.txt,False,
{F-0001547},02/10/2010 09:56:00,AA0000,PC-1000,7DC972B5.doc,False,
{F-0024031},02/10/2010 09:58:00,LA0011,PC-1011,C207C737.xls,False,
{F-0015260},02/10/2010 09:59:00,GA0006,PC-1006,F1C207EA.doc,False,
{F-0032080},02/10/2010 10:01:00,PA0015,PC-1015,5CC31255.pdf,False,
{F-0015247},02/10/2010 10:07:00,GA0006,PC-1006,AF5CE4FD.xls,False,
{F-0004001},02/10/2010 10:13:00,BA0001,PC-1001,514B8491.pdf,False,
{F-0013158},02/10/2010 10:16:00,FA0005,PC-1005,01ED3DD2.jpg,False,
{F-0001540},02/10/2010 10:18:00,AA0000,PC-1000,986606F2.doc,False,
{F-0026026},02/10/2010 10:19:00,MA0012,PC-1012,A6CE99B0.xlsx,False,
{F-0007109},02/10/2010 10:20:00,CA0002,PC-1002,3105DA40.txt,False,
{F-0018125},02/10/2010 10:23:00,IA0008,PC-1008,20D0878D.txt,False,
{F-0015258},02/10/2010 10:29:00,GA0006,PC-1006,0C6475E2.xlsx,False,
{F-0004005},02/10/2010 10:33:00,BA0001,PC-1001,A85A25A7.jpg,False,
{F-0007103},02/10/2010 10:34:00,CA0002,PC-1002,02FCEE45.txt,False,
{F-0009936},02/10/2010 10:35:00,DA0003,PC-1003,9D93B9DC.xlsx,False,
{F-0009949},02/10/2010 10:38:00,DA0003,PC-1003,E50B2EB6.txt,False,
{F-0009940},02/10/2010 10:39:00,DA0003,PC-1003,9192D2A3.xls,False,
{F-0026021},02/10/2010 10:41:00,MA0012,PC-1012,856F5492.txt,False,
{F-0013163},02/10/2010 10:42:00,FA0005,PC-1005,9029B95A.xls,False,
{F-0020024},02/10/2010 10:43:00,JA0009,PC-1009,56D5AD05.xlsx,False,
{F-0030111},02/10/2010 10:43:00,OA0014,PC-1014,943F7651.doc,False,
{F-0007100},02/10/2010 10:45:00,CA0002,PC-1002,30EA2D07.xls,False,
{F-0007124},02/10/2010 10:45:00,CA0002,PC-1002,F2BCAAD6.pdf,False,
{F-0020015},02/10/2010 10:46:00,JA0009,PC-1009,87845A22.txt,False,
{F-0009939},02/10/2010 10:48:00,DA0003,PC-1003,D5292FC6.xlsx,False,
{F-0009935},02/10/2010 10:49:00,DA0003,PC-1003,4B22D5B2.xlsx,False,
{F-0030114},02/10/2010 10:57:00,OA0014,PC-1014,09E3E53A.jpg,False,
{F-0013168},02/10/2010 10:59:00,FA0005,PC-1005,CEB7A35D.pdf,False,
{F-0013173},02/10/2010 10:59:00,FA0005,PC-1005,7433E88F.doc,False,
{F-0030108},02/10/2010 11:06:00,OA0014,PC-1014,7EBDF553.jpg,False,
{F-0020014},02/10/2010 11:10:00,JA0009,PC-1009,66C871A6.xlsx,False,
{F-0022014},02/10/2010 11:10:00,KA0010,PC-1010,3B540AAF.pdf,False,
{F-0030121},02/10/2010 11:11:00,OA0014,PC-1014,04355672.doc,False,
{F-0018126},02/10/2010 11:12:00,IA0008,PC-1008,2532B9A6.txt,False,
{F-0013177},02/10/2010 11:17:00,FA0005,PC-1005,D561227C.doc,False,
{F-0022019},02/10/2010 11:20:00,KA0010,PC-1010,972B91ED.xls,False,
{F-0033576},02/10/2010 11:20:00,QA0016,PC-1016,CD0B901E.doc,False,
{F-0024033},02/10/2010 11:23:00,LA0011,PC-1011,41876EFB.doc,False,
{F-0007105},02/10/2010 11:26:00,CA0002,PC-1002,CC1983D7.txt,False,
{F-0015249},02/10/2010 11:31:00,GA0006,PC-1006,F11D68B5.jpg,False,
{F-0007106},02/10/2010 11:32:00,CA0002,PC-1002,99DC0253.jpg,False,
{F-0018114},02/10/2010 11:33:00,IA0008,PC-1008,0A80C5D1.doc,False,
{F-0018121},02/10/2010 11:37:00,IA0008,PC-1008,2CCA8F05.pdf,False,
{F-0003990},02/10/2010 11:38:00,BA0001,PC-1001,09A7961B.jpg,False,
{F-0001546},02/10/2010 11:39:00,AA0000,PC-1000,CAB9E5D3.doc,False,
{F-0009950},02/10/2010 11:42:00,DA0003,PC-1003,68C9AF9D.pdf,False,
{F-0001548},02/10/2010 11:45:00,AA0000,PC-1000,AEEB74B8.xls,False,
{F-0004007},02/10/2010 11:51:00,BA0001,PC-1001,63CB9F3D.jpg,False,
{F-0013162},02/10/2010 11:56:00,FA0005,PC-1005,73EF0DC8.pdf,False,
{F-0022016},02/10/2010 11:57:00,KA0010,PC-1010,67C43A45.pdf,False,
{F-0007110},02/10/2010 12:00:00,CA0002,PC-1002,A95EEBCD.doc,False,
{F-0026017},02/10/2010 12:00:00,MA0012,PC-1012,2B357D99.txt,False,
{F-0004002},02/10/2010 12:05:00,BA0001,PC-1001,6B0C10E8.jpg,False,
{F-0015251},02/10/2010 12:06:00,GA0006,PC-1006,FE92131E.xls,False,
{F-0030112},02/10/2010 12:06:00,OA0014,PC-1014,C82C0FBD.txt,False,
{F-0013170},02/10/2010 12:07:00,FA0005,PC-1005,D4EA6249.txt,False,
{F-0013164},02/10/2010 12:13:00,FA0005,PC-1005,9DCB22D6.jpg,False,
{F-0030110},02/10/2010 12:16:00,OA0014,PC-1014,F83B2999.txt,False,
{F-0016783},02/10/2010 12:17:00,HA0007,PC-1007,1253B077.doc,False,
{F-0013175},02/10/2010 12:18:00,FA0005,PC-1005,7EC53C2E.xlsx,False,
{F-0007118},02/10/2010 12:20:00,CA0002,PC-1002,249E37DF.doc,False,
{F-0020018},02/10/2010 12:20:00,JA0009,PC-1009,A16F61D4.doc,False,
{F-0022015},02/10/2010 12:21:00,KA0010,PC-1010,A8BF1DB2.doc,False,
{F-0011772},02/10/2010 12:22:00,EA0004,PC-1004,7C233BF6.jpg,False,
{F-0015248},02/10/2010 12:28:00,GA0006,PC-1006,52F5AE08.doc,False,
{F-0003992},02/10/2010 12:30:00,BA0001,PC-1001,1EB6B817.doc,False,
{F-0018115},02/10/2010 12:33:00,IA0008,PC-1008,1AD1A32E.txt,False,
{F-0009941},02/10/2010 12:34:00,DA0003,PC-1003,C4D6D335.xlsx,False,
{F-0001538},02/10/2010 12:37:00,AA0000,PC-1000,9B0B85BF.xls,False,
{F-0033572},02/10/2010 12:37:00,QA0016,PC-1016,37971F15.jpg,False,
{F-0033573},02/10/2010 12:38:00,QA0016,PC-1016,7D3699AE.xlsx,False,
{F-0020017},02/10/2010 12:39:00,JA0009,PC-1009,78E6CC7E.txt,False,
{F-0015246},02/10/2010 12:41:00,GA0006,PC-1006,C0B22CD8.xls,False,
{F-0007098},02/10/2010 12:43:00,CA0002,PC-1002,073131C5.xls,False,
{F-0026023},02/10/2010 12:43:00,MA0012,PC-1012,758F50CC.jpg,False,
{F-0027805},02/10/2010 12:44:00,NA0013,PC-1013,2B5604C0.doc,False,
{F-0027806},02/10/2010 12:45:00,NA0013,PC-1013,38B66A0A.doc,False,
{F-0003991},02/10/2010 12:46:00,BA0001,PC-1001,B41D853F.txt,False,
{F-0007117},02/10/2010 12:46:00,CA0002,PC-1002,1D2D8F00.txt,False,
{F-0018122},02/10/2010 12:48:00,IA0008,PC-1008,BF8A68D1.doc,False,
{F-0030117},02/10/2010 12:57:00,OA0014,PC-1014,AEBB12F6.doc,False,
{F-0018118},02/10/2010 12:59:00,IA0008,PC-1008,4A0F496A.doc,False,
{F-0026018},02/10/2010 13:02:00,MA0012,PC-1012,60B417E6.xls,False,
{F-0013174},02/10/2010 13:03:00,FA0005,PC-1005,5F265082.jpg,False,
{F-0018123},02/10/2010 13:03:00,IA0008,PC-1008,9C8763B2.txt,False,
{F-0032078},02/10/2010 13:03:00,PA0015,PC-1015,FA0B5486.doc,False,
{F-0001539},02/10/2010 13:10:00,AA0000,PC-1000,6B6E940C.doc,False,
{F-0007107},02/10/2010 13:12:00,CA0002,PC-1002,912F96CB.jpg,False,
{F-0013154},02/10/2010 13:14:00,FA0005,PC-1005,0F9CD403.txt,False,
{F-0007108},02/10/2010 13:15:00,CA0002,PC-1002,63BFFE12.jpg,False,
{F-0026024},02/10/2010 13:16:00,MA0012,PC-1012,19A9AEE2.xls,False,
{F-0020028},02/10/2010 13:24:00,JA0009,PC-1009,A53FA7EB.xlsx,False,
{F-0009942},02/10/2010 13:26:00,DA0003,PC-1003,37CD8607.txt,False,
{F-0024034},02/10/2010 13:29:00,LA0011,PC-1011,62F4B3F8.jpg,False,
{F-0016782},02/10/2010 13:31:00,HA0007,PC-1007,7B84A3A6.xls,False,
{F-0032083},02/10/2010 13:31:00,PA0015,PC-1015,8F83CB93.doc,False,
{F-0030119},02/10/2010 13:35:00,OA0014,PC-1014,B22A2F03.xlsx,False,
{F-0001543},02/10/2010 13:37:00,AA0000,PC-1000,339D9CFE.doc,False,
{F-0024030},02/10/2010 13:39:00,LA0011,PC-1011,6C5AF6EF.xls,False,
{F-0009945},02/10/2010 13:40:00,DA0003,PC-1003,C59D0EA1.xlsx,False,
{F-0007104},02/10/2010 13:41:00,CA0002,PC-1002,6E62AD44.pdf,False,
{F-0009938},02/10/2010 13:41:00,DA0003,PC-1003,FACA9C91.xls,False,
{F-0030116},02/10/2010 13:42:00,OA0014,PC-1014,D8149A8D.jpg,False,
{F-0018116},02/10/2010 13:49:00,IA0008,PC-1008,0B763D2D.xls,False,
{F-0016785},02/10/2010 13:50:00,HA0007,PC-1007,4898B449.xlsx,False,
{F-0009946},02/10/2010 13:51:00,DA0003,PC-1003,074B3A12.txt,False,
{F-0034762},02/10/2010 13:53:00,RA0017,PC-1017,E6E80C23.xls,False,
{F-0004000},02/10/2010 13:55:00,BA0001,PC-1001,0D3AF7E1.doc,False,
{F-0013171},02/10/2010 13:56:00,FA0005,PC-1005,F2521947.txt,False,
{F-0027809},02/10/2010 13:56:00,NA0013,PC-1013,3C90516B.xls,False,
{F-0027810},02/10/2010 13:56:00,NA0013,PC-1013,5CAD19A6.jpg,False,
{F-0020027},02/10/2010 13:57:00,JA0009,PC-1009,CA90B4FD.pdf,False,
{F-0027808},02/10/2010 13:58:00,NA0013,PC-1013,0E5595D2.doc,False,
{F-0018113},02/10/2010 14:01:00,IA0008,PC-1008,36E0A50B.doc,False,
{F-0009951},02/10/2010 14:07:00,DA0003,PC-1003,A78F78FA.doc,False,
{F-0024032},02/10/2010 14:07:00,LA0011,PC-1011,B3121311.txt,False,
{F-0032081},02/10/2010 14:08:00,PA0015,PC-1015,0BD5FFCB.xlsx,False,
{F-0032085},02/10/2010 14:08:00,PA0015,PC-1015,46EAB9AF.doc,False,
{F-0009948},02/10/2010 14:11:00,DA0003,PC-1003,9D641E0F.jpg,False,
{F-0015250},02/10/2010 14:17:00,GA0006,PC-1006,09494D2E.jpg,False,
{F-0020011},02/10/2010 14:21:00,JA0009,PC-1009,3AD5E286.txt,False,
{F-0022025},02/10/2010 14:25:00,KA0010,PC-1010,D280FEA8.doc,False,
{F-0026020},02/10/2010 14:28:00,MA0012,PC-1012,938C9F36.xls,False,
{F-0027804},02/10/2010 14:31:00,NA0013,PC-1013,97C23EBF.doc,False,
{F-0013165},02/10/2010 14:34:00,FA0005,PC-1005,13BD7E80.doc,False,
{F-0022017},02/10/2010 14:36:00,KA0010,PC-1010,CDBC5129.xlsx,False,
{F-0022023},02/10/2010 14:36:00,KA0010,PC-1010,E3CD2E52.doc,False,
{F-0032084},02/10/2010 14:37:00,PA0015,PC-1015,46DD8580.pdf,False,
{F-0003995},02/10/2010 14:38:00,BA0001,PC-1001,6A9AF82D.xls,False,
{F-0004003},02/10/2010 14:45:00,BA0001,PC-1001,93E55437.txt,False,
{F-0020019},02/10/2010 14:45:00,JA0009,PC-1009,1CF7A908.xlsx,False,
{F-0004004},02/10/2010 14:46:00,BA0001,PC-1001,7A896B12.xls,False,
{F-0013166},02/10/2010 14:48:00,FA0005,PC-1005,A7BF1045.doc,False,
{F-0009937},02/10/2010 14:51:00,DA0003,PC-1003,87E039EF.pdf,False,
{F-0024037},02/10/2010 14:56:00,LA0011,PC-1011,5A522258.jpg,False,
{F-0015255},02/10/2010 15:00:00,GA0006,PC-1006,9322B44F.xlsx,False,
{F-0007102},02/10/2010 15:01:00,CA0002,PC-1002,7D18DE34.doc,False,
{F-0030122},02/10/2010 15:01:00,OA0014,PC-1014,E0A3162B.doc,False,
{F-0015256},02/10/2010 15:09:00,GA0006,PC-1006,E9B2BEA4.txt,False,
{F-0015257},02/10/2010 15:09:00,GA0006,PC-1006,BF2350E1.xlsx,False,
{F-0003997},02/10/2010 15:11:00,BA0001,PC-1001,2FE82558.doc,False,
{F-0013155},02/10/2010 15:20:00,FA0005,PC-1005,F7798EFD.txt,False,
{F-0013167},02/10/2010 15:25:00,FA0005,PC-1005,AFC94312.jpg,False,
{F-0022018},02/10/2010 15:25:00,KA0010,PC-1010,251300A1.pdf,False,
{F-0007114},02/10/2010 15:31:00,CA0002,PC-1002,94AFB926.xls,False,
{F-0013160},02/10/2010 15:32:00,FA0005,PC-1005,EFF21FC3.jpg,False,
{F-0033571},02/10/2010 15:35:00,QA0016,PC-1016,A11816FB.doc,False,
{F-0004008},02/10/2010 15:36:00,BA0001,PC-1001,9EAF3882.jpg,False,
{F-0013156},02/10/2010 15:39:00,FA0005,PC-1005,AF8FA8F3.jpg,False,
{F-0030113},02/10/2010 15:40:00,OA0014,PC-1014,AB83E4A2.pdf,False,
{F-0018119},02/10/2010 15:49:00,IA0008,PC-1008,AB7E6035.doc,False,
{F-0007123},02/10/2010 15:50:00,CA0002,PC-1002,229F8B11.doc,False,
{F-0020026},02/10/2010 15:50:00,JA0009,PC-1009,35EC66AB.txt,False,
{F-0020016},02/10/2010 15:52:00,JA0009,PC-1009,FB3C3E1C.jpg,False,
{F-0007113},02/10/2010 15:53:00,CA0002,PC-1002,5C31FC08.jpg,False,
{F-0030109},02/10/2010 15:53:00,OA0014,PC-1014,3756B62A.doc,False,
{F-0001549},02/10/2010 15:56:00,AA0000,PC-1000,2008935E.pdf,False,
{F-0007121},02/10/2010 16:01:00,CA0002,PC-1002,20DD9DE9.xls,False,
{F-0034764},02/10/2010 16:05:00,RA0017,PC-1017,37D081C2.doc,False,
{F-0022022},02/10/2010 16:07:00,KA0010,PC-1010,F7748ED0.doc,False,
{F-0007101},02/10/2010 16:12:00,CA0002,PC-1002,AEAF4BD9.jpg,False,
{F-0009944},02/10/2010 16:15:00,DA0003,PC-1003,EAE63B65.xls,False,
{F-0024035},02/10/2010 16:20:00,LA0011,PC-1011,DD9BD9FB.doc,False,
{F-0027807},02/10/2010 16:21:00,NA0013,PC-1013,201DEC6E.xls,False,
{F-0003996},02/10/2010 16:24:00,BA0001,PC-1001,37702054.jpg,False,
{F-0009947},02/10/2010 16:27:00,DA0003,PC-1003,8A9955C9.xls,False,
{F-0032082},02/10/2010 16:28:00,PA0015,PC-1015,7935258E.txt,False,
{F-0007122},02/10/2010 16:30:00,CA0002,PC-1002,3AFFD48F.txt,False,
{F-0024036},02/10/2010 16:32:00,LA0011,PC-1011,96B40DE6.xlsx,False,
{F-0033577},02/10/2010 16:44:00,QA0016,PC-1016,3021B8FF.jpg,False,
{F-0013159},02/10/2010 16:46:00,FA0005,PC-1005,EC62A82F.txt,False,
{F-0007116},02/10/2010 16:47:00,CA0002,PC-1002,7FB5DE97.txt,False,
{F-0007111},02/10/2010 16:52:00,CA0002,PC-1002,81F8D73F.xls,False,
{F-0013176},02/10/2010 16:56:00,FA0005,PC-1005,F8CB34F7.doc,False,
{F-0007120},02/10/2010 17:08:00,CA0002,PC-1002,DD8FAE47.jpg,False,
{F-0013153},02/10/2010 17:08:00,FA0005,PC-1005,A5874977.doc,False,
{F-0033574},02/10/2010 17:09:00,QA0016,PC-1016,21B7132F.pdf,False,
{F-0022021},02/10/2010 17:23:00,KA0010,PC-1010,19CC7D56.jpg,False,
{F-0034763},02/10/2010 17:24:00,RA0017,PC-1017,CDF320CC.doc,False,
{F-0011774},02/10/2010 17:29:00,EA0004,PC-1004,46BB165E.xls,False,
{F-0011773},02/10/2010 17:30:00,EA0004,PC-1004,BA733B47.jpg,False,
{F-0022024},02/10/2010 17:39:00,KA0010,PC-1010,B5D2887C.pdf,False,
{F-0013161},02/10/2010 17:43:00,FA0005,PC-1005,39E0F048.jpg,False,
{F-0013157},02/10/2010 17:46:00,FA0005,PC-1005,0A3BFC72.jpg,False,
{F-0013169},02/10/2010 17:53:00,FA0005,PC-1005,C1478DEF.xls,False,
{F-0007112},02/10/2010 18:29:00,CA0002,PC-1002,BC94BDAD.jpg,False,
{F-0013172},02/10/2010 18:29:00,FA0005,PC-1005,38E42536.doc,False,
{F-0007119},02/10/2010 18:31:00,CA0002,PC-1002,BCB04B8B.pdf,False,
{F-0007115},02/10/2010 18:45:00,CA0002,PC-1002,8D7FAA90.txt,False,
{F-0033575},02/10/2010 18:46:00,QA0016,PC-1016,5F5EDBF6.txt,False,
{F-0007099},02/10/2010 18:58:00,CA0002,PC-1002,38353B8E.xlsx,False,
{F-0026061},02/11/2010 07:44:00,MA0012,PC-1012,566E93EF.txt,False,
{F-0024077},02/11/2010 07:52:00,LA0011,PC-1011,9567E1EE.xls,False,
{F-0026060},02/11/2010 08:01:00,MA0012,PC-1012,C3E6CA1C.pdf,False,
{F-0024076},02/11/2010 08:03:00,LA0011,PC-1011,CE4F7FDE.xls,False,
{F-0010004},02/11/2010 08:11:00,DA0003,PC-1003,7B8453FD.doc,False,
{F-0010014},02/11/2010 08:12:00,DA0003,PC-1003,1AB68387.pdf,False,
{F-0024084},02/11/2010 08:18:00,LA0011,PC-1011,D36EA86B.xlsx,False,
{F-0010017},02/11/2010 08:21:00,DA0003,PC-1003,D40FEAF7.xlsx,False,
{F-0010023},02/11/2010 08:29:00,DA0003,PC-1003,80F73CF9.txt,False,
{F-0026054},02/11/2010 08:29:00,MA0012,PC-1012,B8ACE73B.pdf,False,
{F-0024074},02/11/2010 08:38:00,LA0011,PC-1011,E8F3076D.xlsx,False,
{F-0024085},02/11/2010 08:41:00,LA0011,PC-1011,3AA92FD5.txt,False,
{F-0016808},02/11/2010 08:45:00,HA0007,PC-1007,375E91F6.xlsx,False,
{F-0024081},02/11/2010 08:47:00,LA0011,PC-1011,8DD76A18.pdf,False,
{F-0016803},02/11/2010 08:55:00,HA0007,PC-1007,4ABAFE0C.txt,False,
{F-0024068},02/11/2010 08:57:00,LA0011,PC-1011,BAB729EA.xls,False,
{F-0024082},02/11/2010 08:58:00,LA0011,PC-1011,9EC7CEE3.pdf,False,
{F-0010019},02/11/2010 09:17:00,DA0003,PC-1003,D60083FF.xlsx,False,
{F-0010008},02/11/2010 09:21:00,DA0003,PC-1003,BAC0F6F5.txt,False,
{F-0010010},02/11/2010 09:21:00,DA0003,PC-1003,ABC1E03A.doc,False,
{F-0010009},02/11/2010 09:23:00,DA0003,PC-1003,B51FFB48.jpg,False,
{F-0032115},02/11/2010 09:26:00,PA0015,PC-1015,AE1868E0.doc,False,
{F-0015323},02/11/2010 09:30:00,GA0006,PC-1006,972C9B60.jpg,False,
{F-0015325},02/11/2010 09:30:00,GA0006,PC-1006,C5062E2A.pdf,False,
{F-0015329},02/11/2010 09:32:00,GA0006,PC-1006,1FD5E1A7.txt,False,
{F-0024073},02/11/2010 09:33:00,LA0011,PC-1011,5FCB5643.xlsx,False,
{F-0030160},02/11/2010 09:34:00,OA0014,PC-1014,22F4D2A6.doc,False,
{F-0011799},02/11/2010 09:35:00,EA0004,PC-1004,E6FE00C7.doc,False,
{F-0032122},02/11/2010 09:37:00,PA0015,PC-1015,627E933E.jpg,False,
{F-0024067},02/11/2010 09:40:00,LA0011,PC-1011,A4DC710E.xls,False,
{F-0011800},02/11/2010 09:44:00,EA0004,PC-1004,86512ED4.pdf,False,
{F-0020064},02/11/2010 09:49:00,JA0009,PC-1009,0622C88B.xlsx,False,
{F-0011802},02/11/2010 09:51:00,EA0004,PC-1004,248E2C73.pdf,False,
{F-0022068},02/11/2010 09:53:00,KA0010,PC-1010,FCF4B007.xlsx,False,
{F-0024071},02/11/2010 09:55:00,LA0011,PC-1011,A448D1CE.doc,False,
{F-0016800},02/11/2010 09:59:00,HA0007,PC-1007,D89EE8CA.doc,False,
{F-0030163},02/11/2010 09:59:00,OA0014,PC-1014,BFA7885D.doc,False,
{F-0007193},02/11/2010 10:02:00,CA0002,PC-1002,4E717EF6.txt,False,
{F-0018158},02/11/2010 10:02:00,IA0008,PC-1008,06141ED7.xlsx,False,
{F-0020080},02/11/2010 10:04:00,JA0009,PC-1009,1116B227.xls,False,
{F-0010018},02/11/2010 10:05:00,DA0003,PC-1003,4A6358F5.xls,False,
{F-0030174},02/11/2010 10:10:00,OA0014,PC-1014,6C4DCF94.pdf,False,
{F-0007206},02/11/2010 10:12:00,CA0002,PC-1002,90672CA3.doc,False,
{F-0030165},02/11/2010 10:13:00,OA0014,PC-1014,6761CB94.doc,False,
{F-0024063},02/11/2010 10:14:00,LA0011,PC-1011,A3198CB9.txt,False,
{F-0010011},02/11/2010 10:15:00,DA0003,PC-1003,5C22BFE7.pdf,False,
{F-0030167},02/11/2010 10:16:00,OA0014,PC-1014,89F47D88.txt,False,
{F-0010006},02/11/2010 10:22:00,DA0003,PC-1003,879B3B1A.jpg,False,
{F-0024079},02/11/2010 10:22:00,LA0011,PC-1011,6579CBB3.jpg,False,
{F-0015327},02/11/2010 10:23:00,GA0006,PC-1006,DA45CAEF.xls,False,
{F-0007199},02/11/2010 10:29:00,CA0002,PC-1002,DFA91A56.xlsx,False,
{F-0033614},02/11/2010 10:29:00,QA0016,PC-1016,7C1EDE8F.pdf,False,
{F-0032114},02/11/2010 10:30:00,PA0015,PC-1015,AD303CBF.doc,False,
{F-0013194},02/11/2010 10:32:00,FA0005,PC-1005,66038D88.txt,False,
{F-0016801},02/11/2010 10:32:00,HA0007,PC-1007,EF56CA80.txt,False,
{F-0011801},02/11/2010 10:35:00,EA0004,PC-1004,4E67C670.xlsx,False,
{F-0030156},02/11/2010 10:35:00,OA0014,PC-1014,EA3A8B4B.xlsx,False,
{F-0010015},02/11/2010 10:39:00,DA0003,PC-1003,78A8DEDB.jpg,False,
{F-0010013},02/11/2010 10:41:00,DA0003,PC-1003,82619CDF.jpg,False,
{F-0013193},02/11/2010 10:44:00,FA0005,PC-1005,E62FEB10.jpg,False,
{F-0032125},02/11/2010 10:51:00,PA0015,PC-1015,7D3DC6BF.pdf,False,
{F-0026059},02/11/2010 10:53:00,MA0012,PC-1012,666DF4CC.xlsx,False,
{F-0024066},02/11/2010 10:54:00,LA0011,PC-1011,EEB96FF9.pdf,False,
{F-0004050},02/11/2010 10:56:00,BA0001,PC-1001,86745C6A.jpg,False,
{F-0007207},02/11/2010 10:57:00,CA0002,PC-1002,D2D91C7B.xlsx,False,
{F-0032129},02/11/2010 10:58:00,PA0015,PC-1015,F6820B4E.xls,False,
{F-0016806},02/11/2010 11:00:00,HA0007,PC-1007,343ED767.doc,False,
{F-0007204},02/11/2010 11:01:00,CA0002,PC-1002,FA6504D8.xls,False,
{F-0020081},02/11/2010 11:05:00,JA0009,PC-1009,FA72BCA4.pdf,False,
{F-0011797},02/11/2010 11:07:00,EA0004,PC-1004,AFB2E5D3.pdf,False,
{F-0013195},02/11/2010 11:11:00,FA0005,PC-1005,31700ED4.doc,False,
{F-0020067},02/11/2010 11:11:00,JA0009,PC-1009,D4C04370.jpg,False,
{F-0024072},02/11/2010 11:15:00,LA0011,PC-1011,1E9F9C42.xls,False,
{F-0022065},02/11/2010 11:16:00,KA0010,PC-1010,3BB1FFEE.xlsx,False,
{F-0020077},02/11/2010 11:18:00,JA0009,PC-1009,731F380E.doc,False,
{F-0010016},02/11/2010 11:27:00,DA0003,PC-1003,19C3652E.doc,False,
{F-0030169},02/11/2010 11:32:00,OA0014,PC-1014,52E5F2D8.jpg,False,
{F-0018162},02/11/2010 11:33:00,IA0008,PC-1008,DC9910C1.txt,False,
{F-0015318},02/11/2010 11:34:00,GA0006,PC-1006,6E60E39B.pdf,False,
{F-0024078},02/11/2010 11:34:00,LA0011,PC-1011,1F3C9438.doc,False,
{F-0004051},02/11/2010 11:38:00,BA0001,PC-1001,BBC33530.doc,False,
{F-0027846},02/11/2010 11:41:00,NA0013,PC-1013,CFBCBEF8.pdf,False,
{F-0010020},02/11/2010 11:43:00,DA0003,PC-1003,0D92F095.txt,False,
{F-0016805},02/11/2010 11:46:00,HA0007,PC-1007,BCB97BD2.doc,False,
{F-0022066},02/11/2010 11:56:00,KA0010,PC-1010,3A8DCE37.xlsx,False,
{F-0034784},02/11/2010 11:57:00,RA0017,PC-1017,4069A1FD.xlsx,False,
{F-0010022},02/11/2010 11:58:00,DA0003,PC-1003,AA25F66F.doc,False,
{F-0034789},02/11/2010 12:02:00,RA0017,PC-1017,23607733.doc,False,
{F-0010007},02/11/2010 12:10:00,DA0003,PC-1003,AFBB5E17.xlsx,False,
{F-0013197},02/11/2010 12:10:00,FA0005,PC-1005,EAB7456B.doc,False,
{F-0032121},02/11/2010 12:10:00,PA0015,PC-1015,55769269.txt,False,
{F-0007191},02/11/2010 12:11:00,CA0002,PC-1002,C264435F.xlsx,False,
{F-0018160},02/11/2010 12:11:00,IA0008,PC-1008,E5EF74CE.jpg,False,
{F-0013196},02/11/2010 12:16:00,FA0005,PC-1005,883609D3.xls,False,
{F-0018157},02/11/2010 12:17:00,IA0008,PC-1008,DF4814F7.xls,False,
{F-0010021},02/11/2010 12:20:00,DA0003,PC-1003,7EDCE126.xlsx,False,
{F-0022069},02/11/2010 12:20:00,KA0010,PC-1010,F817D609.xlsx,False,
{F-0030161},02/11/2010 12:21:00,OA0014,PC-1014,2F99F940.jpg,False,
{F-0024062},02/11/2010 12:23:00,LA0011,PC-1011,E6B38F1D.doc,False,
{F-0030158},02/11/2010 12:24:00,OA0014,PC-1014,83E94A98.txt,False,
{F-0004058},02/11/2010 12:25:00,BA0001,PC-1001,9DF12121.txt,False,
{F-0013202},02/11/2010 12:25:00,FA0005,PC-1005,1804E886.doc,False,
{F-0010026},02/11/2010 12:27:00,DA0003,PC-1003,CFB5AB0E.jpg,False,
{F-0004059},02/11/2010 12:29:00,BA0001,PC-1001,94AE3CDC.doc,False,
{F-0020072},02/11/2010 12:33:00,JA0009,PC-1009,CDD9AA41.xlsx,False,
{F-0007200},02/11/2010 12:35:00,CA0002,PC-1002,1CFDC971.pdf,False,
{F-0004055},02/11/2010 12:37:00,BA0001,PC-1001,D01FD727.doc,False,
{F-0016802},02/11/2010 12:39:00,HA0007,PC-1007,AE05E077.doc,False,
{F-0015320},02/11/2010 12:41:00,GA0006,PC-1006,F8946DCF.pdf,False,
{F-0015326},02/11/2010 12:48:00,GA0006,PC-1006,6BD4FCB5.xls,False,
{F-0026052},02/11/2010 12:52:00,MA0012,PC-1012,7A6D9EAB.xls,False,
{F-0018166},02/11/2010 12:53:00,IA0008,PC-1008,689B84AC.xlsx,False,
{F-0026056},02/11/2010 12:54:00,MA0012,PC-1012,D35D2648.xlsx,False,
{F-0032124},02/11/2010 12:54:00,PA0015,PC-1015,9F5CDE99.jpg,False,
{F-0022064},02/11/2010 12:57:00,KA0010,PC-1010,AAF8CA4C.xls,False,
{F-0018164},02/11/2010 12:58:00,IA0008,PC-1008,65A6C592.doc,False,
{F-0010024},02/11/2010 13:02:00,DA0003,PC-1003,2CBC100A.pdf,False,
{F-0022063},02/11/2010 13:04:00,KA0010,PC-1010,BA5EE2C9.doc,False,
{F-0007190},02/11/2010 13:05:00,CA0002,PC-1002,6C25839D.jpg,False,
{F-0013206},02/11/2010 13:07:00,FA0005,PC-1005,E7E2F5F2.xlsx,False,
{F-0013201},02/11/2010 13:09:00,FA0005,PC-1005,CBC91752.pdf,False,
{F-0004060},02/11/2010 13:10:00,BA0001,PC-1001,C796C295.xls,False,
{F-0018159},02/11/2010 13:15:00,IA0008,PC-1008,387EB857.txt,False,
{F-0018167},02/11/2010 13:15:00,IA0008,PC-1008,8D047998.txt,False,
{F-0033616},02/11/2010 13:18:00,QA0016,PC-1016,16D6031B.doc,False,
{F-0004049},02/11/2010 13:21:00,BA0001,PC-1001,D6085D3F.pdf,False,
{F-0004057},02/11/2010 13:23:00,BA0001,PC-1001,88865290.xls,False,
{F-0007197},02/11/2010 13:25:00,CA0002,PC-1002,EF5D3AFF.doc,False,
{F-0020078},02/11/2010 13:25:00,JA0009,PC-1009,4D73F6D5.xlsx,False,
{F-0007202},02/11/2010 13:26:00,CA0002,PC-1002,4408FA2F.doc,False,
{F-0034785},02/11/2010 13:31:00,RA0017,PC-1017,F8BCEC91.txt,False,
{F-0004056},02/11/2010 13:34:00,BA0001,PC-1001,DB1F2976.jpg,False,
{F-0030168},02/11/2010 13:34:00,OA0014,PC-1014,ED4DA365.txt,False,
{F-0013200},02/11/2010 13:37:00,FA0005,PC-1005,69CAB20B.jpg,False,
{F-0026058},02/11/2010 13:42:00,MA0012,PC-1012,9CB95772.jpg,False,
{F-0030162},02/11/2010 13:42:00,OA0014,PC-1014,266773CE.xls,False,
{F-0032112},02/11/2010 13:42:00,PA0015,PC-1015,8CB6EF63.xls,False,
{F-0007189},02/11/2010 13:44:00,CA0002,PC-1002,7B66E55C.doc,False,
{F-0011795},02/11/2010 13:45:00,EA0004,PC-1004,4D7DADF4.xls,False,
{F-0022070},02/11/2010 13:47:00,KA0010,PC-1010,2AA26D14.txt,False,
{F-0018168},02/11/2010 13:48:00,IA0008,PC-1008,90984AE9.jpg,False,
{F-0024075},02/11/2010 13:52:00,LA0011,PC-1011,B63FCF75.xlsx,False,
{F-0015321},02/11/2010 13:53:00,GA0006,PC-1006,397864D8.xls,False,
{F-0030171},02/11/2010 13:58:00,OA0014,PC-1014,EBCC4B5B.jpg,False,
{F-0032130},02/11/2010 13:59:00,PA0015,PC-1015,90575D8B.doc,False,
{F-0032119},02/11/2010 14:09:00,PA0015,PC-1015,B5BF954F.pdf,False,
{F-0034787},02/11/2010 14:10:00,RA0017,PC-1017,CC84439A.txt,False,
{F-0022072},02/11/2010 14:11:00,KA0010,PC-1010,1CF8C365.jpg,False,
{F-0020073},02/11/2010 14:12:00,JA0009,PC-1009,8B12B90E.doc,False,
{F-0026062},02/11/2010 14:14:00,MA0012,PC-1012,5478D611.doc,False,
{F-0013198},02/11/2010 14:16:00,FA0005,PC-1005,1079D5F1.jpg,False,
{F-0020075},02/11/2010 14:19:00,JA0009,PC-1009,8CAF28F1.xls,False,
{F-0016804},02/11/2010 14:22:00,HA0007,PC-1007,F333F06E.txt,False,
{F-0010005},02/11/2010 14:23:00,DA0003,PC-1003,677AC2EC.doc,False,
{F-0022067},02/11/2010 14:23:00,KA0010,PC-1010,FF34EAA5.xls,False,
{F-0024080},02/11/2010 14:23:00,LA0011,PC-1011,04739684.pdf,False,
{F-0024064},02/11/2010 14:26:00,LA0011,PC-1011,D1AD3E88.doc,False,
{F-0015319},02/11/2010 14:30:00,GA0006,PC-1006,3EDDE1C0.doc,False,
{F-0024069},02/11/2010 14:30:00,LA0011,PC-1011,9CD283A7.xlsx,False,
{F-0015324},02/11/2010 14:31:00,GA0006,PC-1006,BB0B5652.xlsx,False,
{F-0020068},02/11/2010 14:31:00,JA0009,PC-1009,899FAE20.jpg,False,
{F-0027843},02/11/2010 14:35:00,NA0013,PC-1013,F86D95EF.txt,False,
{F-0020074},02/11/2010 14:37:00,JA0009,PC-1009,E235E9AF.xls,False,
{F-0015322},02/11/2010 14:42:00,GA0006,PC-1006,758AB2B9.txt,False,
{F-0016799},02/11/2010 14:42:00,HA0007,PC-1007,6278C069.pdf,False,
{F-0030157},02/11/2010 14:47:00,OA0014,PC-1014,F6DE972A.doc,False,
{F-0030166},02/11/2010 14:48:00,OA0014,PC-1014,50205981.txt,False,
{F-0032126},02/11/2010 14:51:00,PA0015,PC-1015,8452ED59.doc,False,
{F-0024070},02/11/2010 14:56:00,LA0011,PC-1011,10109010.xlsx,False,
{F-0020071},02/11/2010 14:57:00,JA0009,PC-1009,DDF2DAE1.doc,False,
{F-0030170},02/11/2010 14:57:00,OA0014,PC-1014,1E47BC0D.doc,False,
{F-0015328},02/11/2010 15:02:00,GA0006,PC-1006,75AAA7DD.jpg,False,
{F-0030164},02/11/2010 15:03:00,OA0014,PC-1014,E4A27F1E.xls,False,
{F-0018169},02/11/2010 15:13:00,IA0008,PC-1008,29A4D5CE.pdf,False,
{F-0032116},02/11/2010 15:15:00,PA0015,PC-1015,789DD92F.doc,False,
{F-0026053},02/11/2010 15:18:00,MA0012,PC-1012,81083740.txt,False,
{F-0027841},02/11/2010 15:19:00,NA0013,PC-1013,0E852383.doc,False,
{F-0027844},02/11/2010 15:19:00,NA0013,PC-1013,52240719.jpg,False,
{F-0018165},02/11/2010 15:26:00,IA0008,PC-1008,872AE9A0.pdf,False,
{F-0030172},02/11/2010 15:27:00,OA0014,PC-1014,55C5E14A.xls,False,
{F-0013208},02/11/2010 15:28:00,FA0005,PC-1005,140E50B6.jpg,False,
{F-0010012},02/11/2010 15:36:00,DA0003,PC-1003,E9CB1DFD.doc,False,
{F-0024083},02/11/2010 15:36:00,LA0011,PC-1011,48E5A3F5.pdf,False,
{F-0011796},02/11/2010 15:37:00,EA0004,PC-1004,2F635F72.doc,False,
{F-0033615},02/11/2010 15:39:00,QA0016,PC-1016,B783B046.xlsx,False,
{F-0004053},02/11/2010 15:40:00,BA0001,PC-1001,5F493A8A.xls,False,
{F-0020066},02/11/2010 15:43:00,JA0009,PC-1009,65836D78.txt,False,
{F-0030159},02/11/2010 15:46:00,OA0014,PC-1014,E1C6F6A6.jpg,False,
{F-0024065},02/11/2010 15:47:00,LA0011,PC-1011,EA61FEC9.txt,False,
{F-0032128},02/11/2010 15:47:00,PA0015,PC-1015,55BE7189.jpg,False,
{F-0010025},02/11/2010 15:49:00,DA0003,PC-1003,00CA1FB7.doc,False,
{F-0016807},02/11/2010 15:51:00,HA0007,PC-1007,38DFC053.xls,False,
{F-0010027},02/11/2010 15:53:00,DA0003,PC-1003,F0424D72.xlsx,False,
{F-0034786},02/11/2010 15:53:00,RA0017,PC-1017,E6C3A8CB.jpg,False,
{F-0007192},02/11/2010 16:00:00,CA0002,PC-1002,9D662F03.pdf,False,
{F-0013204},02/11/2010 16:02:00,FA0005,PC-1005,3413A8C2.xlsx,False,
{F-0004061},02/11/2010 16:03:00,BA0001,PC-1001,394E24A7.xls,False,
{F-0022073},02/11/2010 16:06:00,KA0010,PC-1010,A92A04E2.xls,False,
{F-0020070},02/11/2010 16:07:00,JA0009,PC-1009,A82F8613.doc,False,
{F-0024061},02/11/2010 16:07:00,LA0011,PC-1011,79F067F7.doc,False,
{F-0007201},02/11/2010 16:08:00,CA0002,PC-1002,C40906EF.xlsx,False,
{F-0013209},02/11/2010 16:08:00,FA0005,PC-1005,97259CFA.xls,False,
{F-0020079},02/11/2010 16:13:00,JA0009,PC-1009,699EA0D9.txt,False,
{F-0032117},02/11/2010 16:13:00,PA0015,PC-1015,2D2B39BA.xls,False,
{F-0034788},02/11/2010 16:13:00,RA0017,PC-1017,C6E42F66.xls,False,
{F-0032118},02/11/2010 16:14:00,PA0015,PC-1015,7412340E.pdf,False,
{F-0026055},02/11/2010 16:17:00,MA0012,PC-1012,AE3EFBDC.xlsx,False,
{F-0026063},02/11/2010 16:18:00,MA0012,PC-1012,4A9142C2.xls,False,
{F-0013199},02/11/2010 16:20:00,FA0005,PC-1005,93C830A3.jpg,False,
{F-0022062},02/11/2010 16:20:00,KA0010,PC-1010,A2E8BF07.doc,False,
{F-0007196},02/11/2010 16:23:00,CA0002,PC-1002,88F04924.jpg,False,
{F-0004052},02/11/2010 16:25:00,BA0001,PC-1001,8C39D73D.pdf,False,
{F-0015330},02/11/2010 16:25:00,GA0006,PC-1006,D951ABEB.jpg,False,
{F-0022071},02/11/2010 16:32:00,KA0010,PC-1010,4958A435.pdf,False,
{F-0018161},02/11/2010 16:34:00,IA0008,PC-1008,74F89164.txt,False,
{F-0030173},02/11/2010 16:35:00,OA0014,PC-1014,9C66F29F.txt,False,
{F-0018163},02/11/2010 16:40:00,IA0008,PC-1008,D5A1BFE1.jpg,False,
{F-0027845},02/11/2010 16:41:00,NA0013,PC-1013,BEB9415D.jpg,False,
{F-0011798},02/11/2010 16:42:00,EA0004,PC-1004,58291589.jpg,False,
{F-0013205},02/11/2010 16:43:00,FA0005,PC-1005,6F591708.xlsx,False,
{F-0004054},02/11/2010 16:46:00,BA0001,PC-1001,3EC081A1.pdf,False,
{F-0020069},02/11/2010 16:51:00,JA0009,PC-1009,F2F8171C.jpg,False,
{F-0007195},02/11/2010 16:53:00,CA0002,PC-1002,1D3B5CE3.xlsx,False,
{F-0032131},02/11/2010 16:55:00,PA0015,PC-1015,D73ACCD4.doc,False,
{F-0020076},02/11/2010 16:57:00,JA0009,PC-1009,79619AE6.doc,False,
{F-0032127},02/11/2010 16:57:00,PA0015,PC-1015,1D65A1E3.xls,False,
{F-0032123},02/11/2010 16:59:00,PA0015,PC-1015,54C629CB.pdf,False,
{F-0022074},02/11/2010 17:02:00,KA0010,PC-1010,EE329C11.xlsx,False,
{F-0032113},02/11/2010 17:13:00,PA0015,PC-1015,3994CC52.doc,False,
{F-0026057},02/11/2010 17:16:00,MA0012,PC-1012,872C95B8.doc,False,
{F-0020065},02/11/2010 17:20:00,JA0009,PC-1009,884C0D50.doc,False,
{F-0032120},02/11/2010 17:20:00,PA0015,PC-1015,D92BB4E3.doc,False,
{F-0007205},02/11/2010 17:21:00,CA0002,PC-1002,EC642814.jpg,False,
{F-0007198},02/11/2010 17:30:00,CA0002,PC-1002,BC9CD471.txt,False,
{F-0027842},02/11/2010 17:49:00,NA0013,PC-1013,0428C7CA.txt,False,
{F-0013207},02/11/2010 18:03:00,FA0005,PC-1005,4C3C2FA6.xls,False,
{F-0013203},02/11/2010 18:14:00,FA0005,PC-1005,CF950778.xlsx,False,
{F-0007208},02/11/2010 18:16:00,CA0002,PC-1002,9266F074.pdf,False,
{F-0007194},02/11/2010 18:31:00,CA0002,PC-1002,06245DFF.pdf,False,
{F-0007203},02/11/2010 18:34:00,CA0002,PC-1002,BF52B933.txt,False,
{F-0018188},02/12/2010 07:32:00,IA0008,PC-1008,2D4F436C.xlsx,False,
{F-0018187},02/12/2010 07:35:00,IA0008,PC-1008,7FEC96EC.jpg,False,
{F-0018211},02/12/2010 07:36:00,IA0008,PC-1008,AE503E3C.xls,False,
{F-0018194},02/12/2010 08:01:00,IA0008,PC-1008,80E65975.doc,False,
{F-0018201},02/12/2010 08:03:00,IA0008,PC-1008,4F9BFAE3.jpg,False,
{F-0024117},02/12/2010 08:05:00,LA0011,PC-1011,E22542BB.txt,False,
{F-0018191},02/12/2010 08:15:00,IA0008,PC-1008,EE6CD57A.doc,False,
{F-0010075},02/12/2010 08:20:00,DA0003,PC-1003,66B9C15D.xls,False,
{F-0001609},02/12/2010 08:24:00,AA0000,PC-1000,DBBE1F63.xls,False,
{F-0030219},02/12/2010 08:30:00,OA0014,PC-1014,61FA4BEF.doc,False,
{F-0015383},02/12/2010 08:35:00,GA0006,PC-1006,809E0250.jpg,False,
{F-0018204},02/12/2010 08:37:00,IA0008,PC-1008,5014C978.doc,False,
{F-0016824},02/12/2010 08:43:00,HA0007,PC-1007,A381DBDE.xls,False,
{F-0030221},02/12/2010 08:50:00,OA0014,PC-1014,070AB4E9.xlsx,False,
{F-0001611},02/12/2010 08:51:00,AA0000,PC-1000,D73352E6.jpg,False,
{F-0030222},02/12/2010 08:51:00,OA0014,PC-1014,65278A3A.jpg,False,
{F-0015389},02/12/2010 08:54:00,GA0006,PC-1006,4947A72D.pdf,False,
{F-0016823},02/12/2010 08:54:00,HA0007,PC-1007,44F632CF.doc,False,
{F-0010074},02/12/2010 08:58:00,DA0003,PC-1003,3DD4ACED.xlsx,False,
{F-0020111},02/12/2010 09:04:00,JA0009,PC-1009,5DB9E1F7.doc,False,
{F-0033633},02/12/2010 09:04:00,QA0016,PC-1016,1B3DD602.jpg,False,
{F-0015388},02/12/2010 09:07:00,GA0006,PC-1006,9402CA5E.pdf,False,
{F-0018198},02/12/2010 09:15:00,IA0008,PC-1008,826B8014.pdf,False,
{F-0015385},02/12/2010 09:20:00,GA0006,PC-1006,C48857AD.pdf,False,
{F-0011827},02/12/2010 09:23:00,EA0004,PC-1004,0DB556C6.xlsx,False,
{F-0007280},02/12/2010 09:24:00,CA0002,PC-1002,586B6933.jpg,False,
{F-0011826},02/12/2010 09:29:00,EA0004,PC-1004,A51F6A50.doc,False,
{F-0030225},02/12/2010 09:32:00,OA0014,PC-1014,8598B4FA.pdf,False,
{F-0011823},02/12/2010 09:33:00,EA0004,PC-1004,B091AC02.txt,False,
{F-0007283},02/12/2010 09:35:00,CA0002,PC-1002,C1CF2ADF.xls,False,
{F-0018210},02/12/2010 09:37:00,IA0008,PC-1008,6378EA8A.xlsx,False,
{F-0032169},02/12/2010 09:37:00,PA0015,PC-1015,1DBBD039.jpg,False,
{F-0024118},02/12/2010 09:40:00,LA0011,PC-1011,1CB9C011.doc,False,
{F-0027880},02/12/2010 09:47:00,NA0013,PC-1013,FE29FF3A.pdf,False,
{F-0013241},02/12/2010 09:50:00,FA0005,PC-1005,F4804390.xlsx,False,
{F-0001614},02/12/2010 09:58:00,AA0000,PC-1000,31A24B40.xlsx,False,
{F-0013226},02/12/2010 09:58:00,FA0005,PC-1005,D5F7877C.jpg,False,
{F-0018212},02/12/2010 09:59:00,IA0008,PC-1008,97734E2C.txt,False,
{F-0027887},02/12/2010 09:59:00,NA0013,PC-1013,2676EF1F.jpg,False,
{F-0001621},02/12/2010 10:05:00,AA0000,PC-1000,AAC8F007.doc,False,
{F-0007284},02/12/2010 10:09:00,CA0002,PC-1002,1F74D1AC.doc,False,
{F-0013237},02/12/2010 10:09:00,FA0005,PC-1005,EB760AA3.txt,False,
{F-0020107},02/12/2010 10:17:00,JA0009,PC-1009,0AD0ED95.xls,False,
{F-0007272},02/12/2010 10:18:00,CA0002,PC-1002,5FBD53C8.doc,False,
{F-0018195},02/12/2010 10:20:00,IA0008,PC-1008,23DC73F1.doc,False,
{F-0022110},02/12/2010 10:24:00,KA0010,PC-1010,C4EC629C.jpg,False,
{F-0007273},02/12/2010 10:25:00,CA0002,PC-1002,B108D7DC.xlsx,False,
{F-0034814},02/12/2010 10:28:00,RA0017,PC-1017,2DA89837.xls,False,
{F-0022125},02/12/2010 10:30:00,KA0010,PC-1010,FCC3A9B0.xls,False,
{F-0007263},02/12/2010 10:31:00,CA0002,PC-1002,9C21377C.xls,False,
{F-0032176},02/12/2010 10:38:00,PA0015,PC-1015,EDCB76CF.pdf,False,
{F-0022127},02/12/2010 10:46:00,KA0010,PC-1010,03CC921D.doc,False,
{F-0022122},02/12/2010 10:47:00,KA0010,PC-1010,D3142717.doc,False,
{F-0018213},02/12/2010 10:53:00,IA0008,PC-1008,046AB5F1.jpg,False,
{F-0010081},02/12/2010 10:56:00,DA0003,PC-1003,09C41D1A.txt,False,
{F-0001619},02/12/2010 11:00:00,AA0000,PC-1000,7FD1598C.jpg,False,
{F-0007277},02/12/2010 11:00:00,CA0002,PC-1002,453EA871.xls,False,
{F-0011832},02/12/2010 11:02:00,EA0004,PC-1004,9FC7BE5C.jpg,False,
{F-0011833},02/12/2010 11:02:00,EA0004,PC-1004,14EBD69F.xls,False,
{F-0018189},02/12/2010 11:02:00,IA0008,PC-1008,715200ED.xlsx,False,
{F-0022120},02/12/2010 11:02:00,KA0010,PC-1010,2F8D65D8.jpg,False,
{F-0030228},02/12/2010 11:02:00,OA0014,PC-1014,4068372A.xls,False,
{F-0010071},02/12/2010 11:03:00,DA0003,PC-1003,EC01C081.xls,False,
{F-0020110},02/12/2010 11:04:00,JA0009,PC-1009,E84C45DD.doc,False,
{F-0001620},02/12/2010 11:05:00,AA0000,PC-1000,83491394.txt,False,
{F-0022119},02/12/2010 11:05:00,KA0010,PC-1010,9CD959BD.pdf,False,
{F-0018199},02/12/2010 11:06:00,IA0008,PC-1008,B1207397.doc,False,
{F-0020103},02/12/2010 11:06:00,JA0009,PC-1009,FAE3E460.txt,False,
{F-0007275},02/12/2010 11:07:00,CA0002,PC-1002,5938CC36.xls,False,
{F-0018190},02/12/2010 11:09:00,IA0008,PC-1008,6683345B.pdf,False,
{F-0020109},02/12/2010 11:10:00,JA0009,PC-1009,41F1E4DF.doc,False,
{F-0030223},02/12/2010 11:14:00,OA0014,PC-1014,3B239EC0.xlsx,False,
{F-0032178},02/12/2010 11:14:00,PA0015,PC-1015,4B3EFBDD.txt,False,
{F-0027885},02/12/2010 11:17:00,NA0013,PC-1013,A8C0A264.pdf,False,
{F-0013245},02/12/2010 11:23:00,FA0005,PC-1005,2B5DA296.xls,False,
{F-0016821},02/12/2010 11:24:00,HA0007,PC-1007,A0CE482D.pdf,False,
{F-0013238},02/12/2010 11:30:00,FA0005,PC-1005,DB49D886.pdf,False,
{F-0024116},02/12/2010 11:31:00,LA0011,PC-1011,3A55B593.pdf,False,
{F-0013230},02/12/2010 11:42:00,FA0005,PC-1005,2B629B3D.pdf,False,
{F-0018205},02/12/2010 11:46:00,IA0008,PC-1008,57AC1B6B.xlsx,False,
{F-0010079},02/12/2010 11:48:00,DA0003,PC-1003,2BD663B2.xlsx,False,
{F-0007281},02/12/2010 11:53:00,CA0002,PC-1002,AD00D014.pdf,False,
{F-0030232},02/12/2010 11:54:00,OA0014,PC-1014,8B80AFC0.doc,False,
{F-0013235},02/12/2010 11:59:00,FA0005,PC-1005,433D2C56.xls,False,
{F-0013236},02/12/2010 11:59:00,FA0005,PC-1005,78D5B13E.jpg,False,
{F-0007274},02/12/2010 12:01:00,CA0002,PC-1002,0567AE9B.doc,False,
{F-0013227},02/12/2010 12:02:00,FA0005,PC-1005,1FC9D504.txt,False,
{F-0010076},02/12/2010 12:03:00,DA0003,PC-1003,05754BEC.jpg,False,
{F-0024122},02/12/2010 12:07:00,LA0011,PC-1011,36A6650B.doc,False,
{F-0011830},02/12/2010 12:08:00,EA0004,PC-1004,B0BDBB80.pdf,False,
{F-0007285},02/12/2010 12:10:00,CA0002,PC-1002,70DBFE9E.pdf,False,
{F-0032168},02/12/2010 12:10:00,PA0015,PC-1015,BF70B6C4.doc,False,
{F-0010073},02/12/2010 12:11:00,DA0003,PC-1003,700E711F.doc,False,
{F-0018200},02/12/2010 12:13:00,IA0008,PC-1008,A1BE22EE.xlsx,False,
{F-0013228},02/12/2010 12:15:00,FA0005,PC-1005,3230D9B1.txt,False,
{F-0007262},02/12/2010 12:18:00,CA0002,PC-1002,D6B3DDEE.jpg,False,
{F-0024121},02/12/2010 12:21:00,LA0011,PC-1011,D706E953.txt,False,
{F-0004105},02/12/2010 12:22:00,BA0001,PC-1001,BBD238F1.pdf,False,
{F-0033636},02/12/2010 12:25:00,QA0016,PC-1016,FA4EEE96.pdf,False,
{F-0015390},02/12/2010 12:27:00,GA0006,PC-1006,5D24686F.xls,False,
{F-0011825},02/12/2010 12:34:00,EA0004,PC-1004,597849CE.txt,False,
{F-0015386},02/12/2010 12:38:00,GA0006,PC-1006,AA261CEF.xls,False,
{F-0001617},02/12/2010 12:39:00,AA0000,PC-1000,94EA63B6.doc,False,
{F-0033632},02/12/2010 12:40:00,QA0016,PC-1016,6E7E55DF.xlsx,False,
{F-0020108},02/12/2010 12:45:00,JA0009,PC-1009,01C66605.doc,False,
{F-0024123},02/12/2010 12:56:00,LA0011,PC-1011,2197F629.pdf,False,
{F-0018209},02/12/2010 13:00:00,IA0008,PC-1008,956A1BB5.doc,False,
{F-0030229},02/12/2010 13:05:00,OA0014,PC-1014,5B8A1A97.doc,False,
{F-0022116},02/12/2010 13:06:00,KA0010,PC-1010,BCE20E16.doc,False,
{F-0034812},02/12/2010 13:06:00,RA0017,PC-1017,F4AA51C5.txt,False,
{F-0016822},02/12/2010 13:12:00,HA0007,PC-1007,E0027F87.txt,False,
{F-0010084},02/12/2010 13:14:00,DA0003,PC-1003,272F0844.pdf,False,
{F-0011820},02/12/2010 13:15:00,EA0004,PC-1004,8167D417.xls,False,
{F-0010080},02/12/2010 13:18:00,DA0003,PC-1003,1B2C1F7C.txt,False,
{F-0018206},02/12/2010 13:18:00,IA0008,PC-1008,DB473FA2.pdf,False,
{F-0013225},02/12/2010 13:25:00,FA0005,PC-1005,E7C4E309.txt,False,
{F-0015381},02/12/2010 13:26:00,GA0006,PC-1006,A8AB481E.doc,False,
{F-0032174},02/12/2010 13:31:00,PA0015,PC-1015,C2AEEC56.xlsx,False,
{F-0027881},02/12/2010 13:35:00,NA0013,PC-1013,BED721A1.xlsx,False,
{F-0022124},02/12/2010 13:36:00,KA0010,PC-1010,37835D40.doc,False,
{F-0026093},02/12/2010 13:37:00,MA0012,PC-1012,B435BBAA.doc,False,
{F-0018208},02/12/2010 13:43:00,IA0008,PC-1008,96E5C6D1.jpg,False,
{F-0016820},02/12/2010 13:44:00,HA0007,PC-1007,93E076C9.jpg,False,
{F-0026097},02/12/2010 13:44:00,MA0012,PC-1012,BB7ED3CD.pdf,False,
{F-0010082},02/12/2010 13:45:00,DA0003,PC-1003,52F5993E.txt,False,
{F-0013232},02/12/2010 13:45:00,FA0005,PC-1005,5DD7DE62.doc,False,
{F-0004106},02/12/2010 13:47:00,BA0001,PC-1001,FC476718.xlsx,False,
{F-0001615},02/12/2010 13:48:00,AA0000,PC-1000,6CAFD87E.xlsx,False,
{F-0001607},02/12/2010 13:52:00,AA0000,PC-1000,8B25765E.xls,False,
{F-0010083},02/12/2010 13:52:00,DA0003,PC-1003,9FB7F64F.pdf,False,
{F-0026094},02/12/2010 14:00:00,MA0012,PC-1012,D5C16955.jpg,False,
{F-0027882},02/12/2010 14:00:00,NA0013,PC-1013,C8D2FD4A.jpg,False,
{F-0018196},02/12/2010 14:02:00,IA0008,PC-1008,36BAA690.xlsx,False,
{F-0032177},02/12/2010 14:07:00,PA0015,PC-1015,0BC32E67.doc,False,
{F-0018192},02/12/2010 14:14:00,IA0008,PC-1008,59DDB376.pdf,False,
{F-0001616},02/12/2010 14:15:00,AA0000,PC-1000,2999C633.xlsx,False,
{F-0022112},02/12/2010 14:17:00,KA0010,PC-1010,F033225D.doc,False,
{F-0004108},02/12/2010 14:19:00,BA0001,PC-1001,EF87AB65.doc,False,
{F-0020099},02/12/2010 14:19:00,JA0009,PC-1009,EC5D6103.jpg,False,
{F-0010078},02/12/2010 14:20:00,DA0003,PC-1003,82D1CFD9.jpg,False,
{F-0015382},02/12/2010 14:21:00,GA0006,PC-1006,C97C179F.xlsx,False,
{F-0034815},02/12/2010 14:22:00,RA0017,PC-1017,95528C5E.xlsx,False,
{F-0013240},02/12/2010 14:24:00,FA0005,PC-1005,76288A90.doc,False,
{F-0015391},02/12/2010 14:24:00,GA0006,PC-1006,20059313.doc,False,
{F-0011828},02/12/2010 14:28:00,EA0004,PC-1004,BC521244.xlsx,False,
{F-0020104},02/12/2010 14:29:00,JA0009,PC-1009,C3C16B54.xls,False,
{F-0010072},02/12/2010 14:34:00,DA0003,PC-1003,C633BBA1.txt,False,
{F-0027886},02/12/2010 14:37:00,NA0013,PC-1013,435E9221.xls,False,
{F-0032175},02/12/2010 14:49:00,PA0015,PC-1015,F0B663D8.xls,False,
{F-0018202},02/12/2010 14:51:00,IA0008,PC-1008,7ECFCE13.pdf,False,
{F-0030230},02/12/2010 14:54:00,OA0014,PC-1014,9A5F8531.xls,False,
{F-0013223},02/12/2010 14:58:00,FA0005,PC-1005,46ADA061.xls,False,
{F-0007265},02/12/2010 15:00:00,CA0002,PC-1002,E85A427F.txt,False,
{F-0013234},02/12/2010 15:00:00,FA0005,PC-1005,031745BE.jpg,False,
{F-0022108},02/12/2010 15:00:00,KA0010,PC-1010,08B64B70.doc,False,
{F-0032171},02/12/2010 15:01:00,PA0015,PC-1015,634A4044.xls,False,
{F-0007268},02/12/2010 15:03:00,CA0002,PC-1002,31DCCF7B.doc,False,
{F-0026095},02/12/2010 15:03:00,MA0012,PC-1012,9F207522.doc,False,
{F-0024120},02/12/2010 15:04:00,LA0011,PC-1011,D53655D5.pdf,False,
{F-0010077},02/12/2010 15:05:00,DA0003,PC-1003,04CA9D92.jpg,False,
{F-0026096},02/12/2010 15:09:00,MA0012,PC-1012,DDAD94E3.doc,False,
{F-0027879},02/12/2010 15:09:00,NA0013,PC-1013,D73485AF.xlsx,False,
{F-0030226},02/12/2010 15:09:00,OA0014,PC-1014,E03F7496.xls,False,
{F-0013231},02/12/2010 15:13:00,FA0005,PC-1005,4886E76E.xlsx,False,
{F-0013239},02/12/2010 15:15:00,FA0005,PC-1005,D9650B61.jpg,False,
{F-0020101},02/12/2010 15:16:00,JA0009,PC-1009,ACDAE71F.xlsx,False,
{F-0015387},02/12/2010 15:18:00,GA0006,PC-1006,1113D3E3.xlsx,False,
{F-0027883},02/12/2010 15:18:00,NA0013,PC-1013,BD1D7A16.txt,False,
{F-0018193},02/12/2010 15:20:00,IA0008,PC-1008,083734F0.pdf,False,
{F-0030224},02/12/2010 15:22:00,OA0014,PC-1014,292F1519.txt,False,
{F-0007271},02/12/2010 15:23:00,CA0002,PC-1002,91A11311.pdf,False,
{F-0011818},02/12/2010 15:28:00,EA0004,PC-1004,8AC488E0.doc,False,
{F-0007282},02/12/2010 15:29:00,CA0002,PC-1002,420AC09E.doc,False,
{F-0001610},02/12/2010 15:30:00,AA0000,PC-1000,2DA0934B.xlsx,False,
{F-0007278},02/12/2010 15:30:00,CA0002,PC-1002,6710A4CA.doc,False,
{F-0001608},02/12/2010 15:32:00,AA0000,PC-1000,005E4AF0.xlsx,False,
{F-0024119},02/12/2010 15:35:00,LA0011,PC-1011,4EC41987.xls,False,
{F-0030227},02/12/2010 15:35:00,OA0014,PC-1014,1D240433.xlsx,False,
{F-0015384},02/12/2010 15:36:00,GA0006,PC-1006,4BB5B09F.txt,False,
{F-0007267},02/12/2010 15:38:00,CA0002,PC-1002,2930C413.xlsx,False,
{F-0001613},02/12/2010 15:39:00,AA0000,PC-1000,AEAB4DEC.txt,False,
{F-0007269},02/12/2010 15:39:00,CA0002,PC-1002,A337D814.xls,False,
{F-0007270},02/12/2010 15:39:00,CA0002,PC-1002,DE24EF21.xlsx,False,
{F-0001618},02/12/2010 15:41:00,AA0000,PC-1000,B8FE5004.jpg,False,
{F-0011821},02/12/2010 15:41:00,EA0004,PC-1004,3A4511CF.doc,False,
{F-0004109},02/12/2010 15:42:00,BA0001,PC-1001,8E6FAE57.xls,False,
{F-0020105},02/12/2010 15:44:00,JA0009,PC-1009,47618169.xls,False,
{F-0020100},02/12/2010 15:45:00,JA0009,PC-1009,DD5DDB10.xlsx,False,
{F-0022113},02/12/2010 15:52:00,KA0010,PC-1010,B3569D3D.doc,False,
{F-0022115},02/12/2010 15:56:00,KA0010,PC-1010,952FE363.doc,False,
{F-0034813},02/12/2010 15:56:00,RA0017,PC-1017,1A7DDFD1.doc,False,
{F-0007261},02/12/2010 16:01:00,CA0002,PC-1002,A1837858.pdf,False,
{F-0011831},02/12/2010 16:02:00,EA0004,PC-1004,462D64B3.jpg,False,
{F-0011829},02/12/2010 16:03:00,EA0004,PC-1004,F106E53B.xls,False,
{F-0018207},02/12/2010 16:06:00,IA0008,PC-1008,4845C8FB.doc,False,
{F-0007276},02/12/2010 16:08:00,CA0002,PC-1002,5C2DA0E6.txt,False,
{F-0032173},02/12/2010 16:08:00,PA0015,PC-1015,78960D86.xlsx,False,
{F-0027884},02/12/2010 16:13:00,NA0013,PC-1013,756E7A1F.txt,False,
{F-0024125},02/12/2010 16:16:00,LA0011,PC-1011,D81986AC.xlsx,False,
{F-0030233},02/12/2010 16:17:00,OA0014,PC-1014,D05A4D03.doc,False,
{F-0018203},02/12/2010 16:18:00,IA0008,PC-1008,2E04BDA5.doc,False,
{F-0001612},02/12/2010 16:24:00,AA0000,PC-1000,6041142A.xls,False,
{F-0018197},02/12/2010 16:24:00,IA0008,PC-1008,A0782E26.doc,False,
{F-0018185},02/12/2010 16:26:00,IA0008,PC-1008,C8E73C29.jpg,False,
{F-0007279},02/12/2010 16:28:00,CA0002,PC-1002,20F0BF9B.doc,False,
{F-0020102},02/12/2010 16:29:00,JA0009,PC-1009,00A1DFC4.doc,False,
{F-0030231},02/12/2010 16:29:00,OA0014,PC-1014,28EE6E07.doc,False,
{F-0007259},02/12/2010 16:31:00,CA0002,PC-1002,406953DC.jpg,False,
{F-0011822},02/12/2010 16:32:00,EA0004,PC-1004,30C50EA7.txt,False,
{F-0018186},02/12/2010 16:38:00,IA0008,PC-1008,F8B797E5.xlsx,False,
{F-0020106},02/12/2010 16:38:00,JA0009,PC-1009,C50C9477.jpg,False,
{F-0033631},02/12/2010 16:39:00,QA0016,PC-1016,0335F33F.pdf,False,
{F-0022111},02/12/2010 16:40:00,KA0010,PC-1010,A83B0F0B.doc,False,
{F-0022118},02/12/2010 16:43:00,KA0010,PC-1010,D7E975BA.jpg,False,
{F-0022109},02/12/2010 16:44:00,KA0010,PC-1010,EB021278.doc,False,
{F-0022123},02/12/2010 16:44:00,KA0010,PC-1010,A75DA3A0.doc,False,
{F-0024124},02/12/2010 16:47:00,LA0011,PC-1011,B5237073.jpg,False,
{F-0032170},02/12/2010 16:49:00,PA0015,PC-1015,7FA35BFB.txt,False,
{F-0032172},02/12/2010 16:49:00,PA0015,PC-1015,FF521728.xls,False,
{F-0032167},02/12/2010 16:52:00,PA0015,PC-1015,78B8051C.txt,False,
{F-0013242},02/12/2010 16:53:00,FA0005,PC-1005,7FC3E215.pdf,False,
{F-0033635},02/12/2010 16:53:00,QA0016,PC-1016,D48771EA.doc,False,
{F-0030220},02/12/2010 16:55:00,OA0014,PC-1014,A16FF0A1.xlsx,False,
{F-0007266},02/12/2010 17:03:00,CA0002,PC-1002,744D4938.xlsx,False,
{F-0011824},02/12/2010 17:07:00,EA0004,PC-1004,C7B84FAD.jpg,False,
{F-0011819},02/12/2010 17:08:00,EA0004,PC-1004,13820A15.doc,False,
{F-0007264},02/12/2010 17:20:00,CA0002,PC-1002,E429B4AD.xlsx,False,
{F-0013244},02/12/2010 17:23:00,FA0005,PC-1005,ED3E985A.pdf,False,
{F-0004107},02/12/2010 17:24:00,BA0001,PC-1001,A1DADBBB.doc,False,
{F-0007258},02/12/2010 17:28:00,CA0002,PC-1002,33E17712.doc,False,
{F-0013229},02/12/2010 17:31:00,FA0005,PC-1005,3789E8EF.doc,False,
{F-0022114},02/12/2010 17:31:00,KA0010,PC-1010,A737D9C6.doc,False,
{F-0022126},02/12/2010 17:32:00,KA0010,PC-1010,826FC2D4.jpg,False,
{F-0022117},02/12/2010 17:37:00,KA0010,PC-1010,BB0A4DF5.jpg,False,
{F-0022121},02/12/2010 17:41:00,KA0010,PC-1010,84858912.doc,False,
{F-0033634},02/12/2010 17:47:00,QA0016,PC-1016,F0C8226A.txt,False,
{F-0007260},02/12/2010 17:48:00,CA0002,PC-1002,4554AAC7.doc,False,
{F-0004110},02/12/2010 17:49:00,BA0001,PC-1001,26DD346E.doc,False,
{F-0013233},02/12/2010 17:50:00,FA0005,PC-1005,A19BAC19.jpg,False,
{F-0034811},02/12/2010 18:15:00,RA0017,PC-1017,B449E3E5.doc,False,
{F-0013224},02/12/2010 18:17:00,FA0005,PC-1005,9603A39F.pdf,False,
{F-0013243},02/12/2010 19:18:00,FA0005,PC-1005,40C53710.doc,False,
{F-0018253},02/15/2010 07:51:00,IA0008,PC-1008,077FC09C.jpg,False,
{F-0027928},02/15/2010 07:54:00,NA0013,PC-1013,0C00E2EE.doc,False,
{F-0026160},02/15/2010 07:56:00,MA0012,PC-1012,16DD3807.xls,False,
{F-0018254},02/15/2010 08:12:00,IA0008,PC-1008,1486C228.xls,False,
{F-0010155},02/15/2010 08:21:00,DA0003,PC-1003,EA244432.xls,False,
{F-0026154},02/15/2010 08:22:00,MA0012,PC-1012,75EFC995.pdf,False,
{F-0026159},02/15/2010 08:24:00,MA0012,PC-1012,C0CD3CE3.doc,False,
{F-0024175},02/15/2010 08:27:00,LA0011,PC-1011,74AE1802.doc,False,
{F-0020156},02/15/2010 08:30:00,JA0009,PC-1009,86FF9FFE.txt,False,
{F-0004169},02/15/2010 08:46:00,BA0001,PC-1001,58FB52AE.jpg,False,
{F-0010162},02/15/2010 08:47:00,DA0003,PC-1003,0A1521A3.doc,False,
{F-0016846},02/15/2010 08:52:00,HA0007,PC-1007,E3859E40.pdf,False,
{F-0018241},02/15/2010 08:52:00,IA0008,PC-1008,1C4EEA09.xls,False,
{F-0016842},02/15/2010 09:04:00,HA0007,PC-1007,164735CF.xlsx,False,
{F-0010149},02/15/2010 09:05:00,DA0003,PC-1003,43F40B4E.xlsx,False,
{F-0010160},02/15/2010 09:06:00,DA0003,PC-1003,34CC906E.doc,False,
{F-0004167},02/15/2010 09:07:00,BA0001,PC-1001,79DCA167.jpg,False,
{F-0018252},02/15/2010 09:08:00,IA0008,PC-1008,7E5D2C25.xlsx,False,
{F-0010156},02/15/2010 09:09:00,DA0003,PC-1003,50311098.jpg,False,
{F-0022153},02/15/2010 09:11:00,KA0010,PC-1010,3867C863.xls,False,
{F-0030289},02/15/2010 09:11:00,OA0014,PC-1014,9748734C.doc,False,
{F-0022159},02/15/2010 09:12:00,KA0010,PC-1010,9A4A9A34.xls,False,
{F-0020151},02/15/2010 09:19:00,JA0009,PC-1009,E69098B2.doc,False,
{F-0030290},02/15/2010 09:19:00,OA0014,PC-1014,29C5F22F.xlsx,False,
{F-0024171},02/15/2010 09:23:00,LA0011,PC-1011,6940533D.xlsx,False,
{F-0022165},02/15/2010 09:27:00,KA0010,PC-1010,3445CB34.pdf,False,
{F-0024173},02/15/2010 09:27:00,LA0011,PC-1011,E05AC6AA.xls,False,
{F-0024172},02/15/2010 09:29:00,LA0011,PC-1011,E07CEF7D.doc,False,
{F-0004166},02/15/2010 09:38:00,BA0001,PC-1001,9135ACCB.jpg,False,
{F-0004175},02/15/2010 09:43:00,BA0001,PC-1001,1C2DF8E0.xlsx,False,
{F-0010159},02/15/2010 09:43:00,DA0003,PC-1003,4402D16A.doc,False,
{F-0011863},02/15/2010 09:44:00,EA0004,PC-1004,3756E978.doc,False,
{F-0024169},02/15/2010 09:47:00,LA0011,PC-1011,67442B3D.pdf,False,
{F-0010153},02/15/2010 09:51:00,DA0003,PC-1003,98BF2231.txt,False,
{F-0033668},02/15/2010 09:54:00,QA0016,PC-1016,2B3C7814.doc,False,
{F-0024181},02/15/2010 10:00:00,LA0011,PC-1011,96C895D5.txt,False,
{F-0007346},02/15/2010 10:04:00,CA0002,PC-1002,B6C5EE3C.pdf,False,
{F-0018244},02/15/2010 10:06:00,IA0008,PC-1008,E1082872.txt,False,
{F-0013281},02/15/2010 10:07:00,FA0005,PC-1005,AD74939C.doc,False,
{F-0011854},02/15/2010 10:11:00,EA0004,PC-1004,5D7F5487.doc,False,
{F-0030288},02/15/2010 10:15:00,OA0014,PC-1014,78A835EE.pdf,False,
{F-0024162},02/15/2010 10:19:00,LA0011,PC-1011,C9F3793B.txt,False,
{F-0024160},02/15/2010 10:20:00,LA0011,PC-1011,EB4B7853.doc,False,
{F-0030291},02/15/2010 10:24:00,OA0014,PC-1014,4BC017FC.pdf,False,
{F-0020147},02/15/2010 10:27:00,JA0009,PC-1009,804ED3C2.txt,False,
{F-0022167},02/15/2010 10:27:00,KA0010,PC-1010,F9803FAA.doc,False,
{F-0007352},02/15/2010 10:30:00,CA0002,PC-1002,9FC8D61A.xlsx,False,
{F-0026155},02/15/2010 10:30:00,MA0012,PC-1012,27E58239.txt,False,
{F-0020159},02/15/2010 10:31:00,JA0009,PC-1009,DE2A33D2.doc,False,
{F-0022166},02/15/2010 10:37:00,KA0010,PC-1010,F3F19C98.doc,False,
{F-0026152},02/15/2010 10:37:00,MA0012,PC-1012,44DA1200.doc,False,
{F-0015408},02/15/2010 10:38:00,GA0006,PC-1006,02E720C1.jpg,False,
{F-0004174},02/15/2010 10:40:00,BA0001,PC-1001,2D4918F8.xlsx,False,
{F-0007355},02/15/2010 10:41:00,CA0002,PC-1002,69361625.pdf,False,
{F-0030285},02/15/2010 10:42:00,OA0014,PC-1014,E2ED650F.doc,False,
{F-0022157},02/15/2010 10:43:00,KA0010,PC-1010,3EE98351.doc,False,
{F-0026151},02/15/2010 10:50:00,MA0012,PC-1012,BBFEA2A2.pdf,False,
{F-0010150},02/15/2010 10:52:00,DA0003,PC-1003,C7C08C57.doc,False,
{F-0007350},02/15/2010 10:54:00,CA0002,PC-1002,4375D708.xlsx,False,
{F-0018251},02/15/2010 10:55:00,IA0008,PC-1008,54A63BB4.xls,False,
{F-0020155},02/15/2010 10:56:00,JA0009,PC-1009,8969B06C.xlsx,False,
{F-0011857},02/15/2010 10:57:00,EA0004,PC-1004,220A104D.txt,False,
{F-0026158},02/15/2010 10:57:00,MA0012,PC-1012,1B53B28A.txt,False,
{F-0011860},02/15/2010 10:58:00,EA0004,PC-1004,888B5BFE.doc,False,
{F-0004163},02/15/2010 11:00:00,BA0001,PC-1001,013E8AC2.pdf,False,
{F-0011849},02/15/2010 11:02:00,EA0004,PC-1004,F03A1510.jpg,False,
{F-0022163},02/15/2010 11:03:00,KA0010,PC-1010,79E0A390.txt,False,
{F-0011848},02/15/2010 11:05:00,EA0004,PC-1004,2E50A415.doc,False,
{F-0016843},02/15/2010 11:05:00,HA0007,PC-1007,15C02127.doc,False,
{F-0027918},02/15/2010 11:06:00,NA0013,PC-1013,5A9BCDF0.xls,False,
{F-0024158},02/15/2010 11:08:00,LA0011,PC-1011,98DA089B.xls,False,
{F-0010152},02/15/2010 11:09:00,DA0003,PC-1003,D46D0670.xlsx,False,
{F-0011851},02/15/2010 11:09:00,EA0004,PC-1004,40DB6290.txt,False,
{F-0032214},02/15/2010 11:12:00,PA0015,PC-1015,7AC0E2C1.doc,False,
{F-0013270},02/15/2010 11:15:00,FA0005,PC-1005,05557252.xlsx,False,
{F-0007354},02/15/2010 11:18:00,CA0002,PC-1002,09E69803.jpg,False,
{F-0027919},02/15/2010 11:24:00,NA0013,PC-1013,662185B8.xlsx,False,
{F-0024179},02/15/2010 11:27:00,LA0011,PC-1011,D9058E4D.txt,False,
{F-0032221},02/15/2010 11:29:00,PA0015,PC-1015,704BB37D.xlsx,False,
{F-0022161},02/15/2010 11:32:00,KA0010,PC-1010,C4DBB66D.txt,False,
{F-0033666},02/15/2010 11:32:00,QA0016,PC-1016,33F990E1.doc,False,
{F-0020153},02/15/2010 11:33:00,JA0009,PC-1009,C62D07F9.xlsx,False,
{F-0024161},02/15/2010 11:33:00,LA0011,PC-1011,77B94A85.doc,False,
{F-0011855},02/15/2010 11:37:00,EA0004,PC-1004,14046084.doc,False,
{F-0022156},02/15/2010 11:41:00,KA0010,PC-1010,336DF7C1.xlsx,False,
{F-0011859},02/15/2010 11:42:00,EA0004,PC-1004,17F5A654.txt,False,
{F-0022158},02/15/2010 11:42:00,KA0010,PC-1010,E96B2D50.jpg,False,
{F-0024174},02/15/2010 11:44:00,LA0011,PC-1011,AE4F8C99.pdf,False,
{F-0007347},02/15/2010 11:50:00,CA0002,PC-1002,B9DAC7B2.xls,False,
{F-0024178},02/15/2010 11:50:00,LA0011,PC-1011,C7FCDC47.pdf,False,
{F-0030287},02/15/2010 11:54:00,OA0014,PC-1014,42500424.xls,False,
{F-0007349},02/15/2010 11:55:00,CA0002,PC-1002,E6F539D5.jpg,False,
{F-0016840},02/15/2010 11:58:00,HA0007,PC-1007,415B8039.xlsx,False,
{F-0016845},02/15/2010 11:58:00,HA0007,PC-1007,F7937940.jpg,False,
{F-0026153},02/15/2010 11:58:00,MA0012,PC-1012,ABD7C506.txt,False,
{F-0004172},02/15/2010 12:05:00,BA0001,PC-1001,D7B3562D.pdf,False,
{F-0022160},02/15/2010 12:05:00,KA0010,PC-1010,1F54B7DE.txt,False,
{F-0010157},02/15/2010 12:09:00,DA0003,PC-1003,10EAA4D9.xls,False,
{F-0015401},02/15/2010 12:11:00,GA0006,PC-1006,09488725.jpg,False,
{F-0016847},02/15/2010 12:12:00,HA0007,PC-1007,3DF346DE.xls,False,
{F-0027926},02/15/2010 12:16:00,NA0013,PC-1013,EF6947FE.pdf,False,
{F-0015407},02/15/2010 12:18:00,GA0006,PC-1006,E351C2B0.xls,False,
{F-0024166},02/15/2010 12:21:00,LA0011,PC-1011,D100DBB1.doc,False,
{F-0015402},02/15/2010 12:22:00,GA0006,PC-1006,4E475BBA.xls,False,
{F-0024155},02/15/2010 12:22:00,LA0011,PC-1011,F484DD32.jpg,False,
{F-0027925},02/15/2010 12:22:00,NA0013,PC-1013,81F42693.xls,False,
{F-0032217},02/15/2010 12:22:00,PA0015,PC-1015,A85D57DF.pdf,False,
{F-0015405},02/15/2010 12:25:00,GA0006,PC-1006,5D678C30.doc,False,
{F-0018247},02/15/2010 12:29:00,IA0008,PC-1008,5BC620F0.xlsx,False,
{F-0024159},02/15/2010 12:34:00,LA0011,PC-1011,9EDD5C94.doc,False,
{F-0020157},02/15/2010 12:38:00,JA0009,PC-1009,D8E4CFD9.xlsx,False,
{F-0026157},02/15/2010 12:40:00,MA0012,PC-1012,04273B82.xlsx,False,
{F-0024164},02/15/2010 12:44:00,LA0011,PC-1011,9FA6D607.doc,False,
{F-0024153},02/15/2010 12:45:00,LA0011,PC-1011,EC671E17.doc,False,
{F-0010154},02/15/2010 12:46:00,DA0003,PC-1003,664532B5.doc,False,
{F-0024157},02/15/2010 12:48:00,LA0011,PC-1011,0DBFC8DA.xls,False,
{F-0018240},02/15/2010 12:49:00,IA0008,PC-1008,544C5EC7.xls,False,
{F-0018243},02/15/2010 12:49:00,IA0008,PC-1008,2A7843B1.xlsx,False,
{F-0020150},02/15/2010 12:53:00,JA0009,PC-1009,A4F80646.jpg,False,
{F-0010161},02/15/2010 12:56:00,DA0003,PC-1003,4BACB1D9.doc,False,
{F-0018246},02/15/2010 12:57:00,IA0008,PC-1008,F1C8C552.xls,False,
{F-0013278},02/15/2010 13:00:00,FA0005,PC-1005,2DB04C0C.pdf,False,
{F-0016844},02/15/2010 13:03:00,HA0007,PC-1007,7658A3C0.pdf,False,
{F-0022154},02/15/2010 13:04:00,KA0010,PC-1010,0FD6B4CF.xlsx,False,
{F-0027921},02/15/2010 13:06:00,NA0013,PC-1013,F5418968.xls,False,
{F-0024180},02/15/2010 13:10:00,LA0011,PC-1011,FCDCC7EC.xlsx,False,
{F-0022169},02/15/2010 13:14:00,KA0010,PC-1010,B0C08C21.xlsx,False,
{F-0024154},02/15/2010 13:14:00,LA0011,PC-1011,9C2C3050.jpg,False,
{F-0032215},02/15/2010 13:15:00,PA0015,PC-1015,8F912953.txt,False,
{F-0027922},02/15/2010 13:17:00,NA0013,PC-1013,53941D2F.doc,False,
{F-0004181},02/15/2010 13:20:00,BA0001,PC-1001,5545E582.txt,False,
{F-0022162},02/15/2010 13:20:00,KA0010,PC-1010,8584A0C0.xls,False,
{F-0030293},02/15/2010 13:24:00,OA0014,PC-1014,5A5AAD99.txt,False,
{F-0020154},02/15/2010 13:25:00,JA0009,PC-1009,218E919B.doc,False,
{F-0024165},02/15/2010 13:25:00,LA0011,PC-1011,232C2053.doc,False,
{F-0032213},02/15/2010 13:26:00,PA0015,PC-1015,98B7A5DA.jpg,False,
{F-0015406},02/15/2010 13:29:00,GA0006,PC-1006,8B90FA41.doc,False,
{F-0034832},02/15/2010 13:29:00,RA0017,PC-1017,D77A5DE3.pdf,False,
{F-0011858},02/15/2010 13:39:00,EA0004,PC-1004,9A9FE8BC.pdf,False,
{F-0026156},02/15/2010 13:44:00,MA0012,PC-1012,B531DDEC.xlsx,False,
{F-0013267},02/15/2010 13:47:00,FA0005,PC-1005,CDA46E0C.jpg,False,
{F-0020148},02/15/2010 13:48:00,JA0009,PC-1009,1022B2F7.xls,False,
{F-0011862},02/15/2010 13:49:00,EA0004,PC-1004,9C686D53.txt,False,
{F-0022168},02/15/2010 13:51:00,KA0010,PC-1010,8118B3B0.doc,False,
{F-0018242},02/15/2010 13:54:00,IA0008,PC-1008,38D23BBC.doc,False,
{F-0024176},02/15/2010 13:55:00,LA0011,PC-1011,2EE791A8.txt,False,
{F-0016841},02/15/2010 13:58:00,HA0007,PC-1007,98529EE7.xlsx,False,
{F-0004180},02/15/2010 14:00:00,BA0001,PC-1001,3309E240.doc,False,
{F-0010148},02/15/2010 14:03:00,DA0003,PC-1003,7C8686A1.txt,False,
{F-0013275},02/15/2010 14:08:00,FA0005,PC-1005,9AAD65FF.txt,False,
{F-0004176},02/15/2010 14:10:00,BA0001,PC-1001,A57045E0.jpg,False,
{F-0020160},02/15/2010 14:19:00,JA0009,PC-1009,5E29D9DA.xlsx,False,
{F-0004164},02/15/2010 14:21:00,BA0001,PC-1001,9248C049.doc,False,
{F-0018248},02/15/2010 14:21:00,IA0008,PC-1008,A02E54A0.pdf,False,
{F-0015403},02/15/2010 14:25:00,GA0006,PC-1006,036E8DC3.txt,False,
{F-0022155},02/15/2010 14:25:00,KA0010,PC-1010,56BE5D11.pdf,False,
{F-0020152},02/15/2010 14:26:00,JA0009,PC-1009,FC9E4028.xls,False,
{F-0013268},02/15/2010 14:30:00,FA0005,PC-1005,595392A4.xlsx,False,
{F-0004171},02/15/2010 14:33:00,BA0001,PC-1001,98D6211A.xls,False,
{F-0032223},02/15/2010 14:35:00,PA0015,PC-1015,54307840.xlsx,False,
{F-0007351},02/15/2010 14:38:00,CA0002,PC-1002,6E4B44CE.doc,False,
{F-0022171},02/15/2010 14:42:00,KA0010,PC-1010,2C482892.xlsx,False,
{F-0004170},02/15/2010 14:47:00,BA0001,PC-1001,B838697B.doc,False,
{F-0027923},02/15/2010 14:47:00,NA0013,PC-1013,8801BD7C.xlsx,False,
{F-0015409},02/15/2010 14:53:00,GA0006,PC-1006,046C70AD.xlsx,False,
{F-0007344},02/15/2010 14:56:00,CA0002,PC-1002,D0F08406.doc,False,
{F-0007348},02/15/2010 15:00:00,CA0002,PC-1002,91A9EDC0.jpg,False,
{F-0010163},02/15/2010 15:04:00,DA0003,PC-1003,B734E35B.xlsx,False,
{F-0018245},02/15/2010 15:08:00,IA0008,PC-1008,BAE95328.jpg,False,
{F-0024177},02/15/2010 15:10:00,LA0011,PC-1011,61A0B807.jpg,False,
{F-0030292},02/15/2010 15:11:00,OA0014,PC-1014,D2F491C3.jpg,False,
{F-0032219},02/15/2010 15:11:00,PA0015,PC-1015,DE29A05C.xlsx,False,
{F-0015404},02/15/2010 15:21:00,GA0006,PC-1006,66A89328.xls,False,
{F-0004168},02/15/2010 15:22:00,BA0001,PC-1001,37DDF76A.doc,False,
{F-0020158},02/15/2010 15:23:00,JA0009,PC-1009,0A3466B0.doc,False,
{F-0013276},02/15/2010 15:27:00,FA0005,PC-1005,19ADD984.doc,False,
{F-0020149},02/15/2010 15:27:00,JA0009,PC-1009,84FA0B01.jpg,False,
{F-0020161},02/15/2010 15:27:00,JA0009,PC-1009,9C82488D.doc,False,
{F-0024170},02/15/2010 15:34:00,LA0011,PC-1011,CF4A1D02.doc,False,
{F-0024151},02/15/2010 15:44:00,LA0011,PC-1011,3A9D2BB7.xls,False,
{F-0027924},02/15/2010 15:44:00,NA0013,PC-1013,9DF2E91F.doc,False,
{F-0024167},02/15/2010 15:46:00,LA0011,PC-1011,EE0E9EBB.doc,False,
{F-0011861},02/15/2010 15:48:00,EA0004,PC-1004,601379FC.pdf,False,
{F-0022170},02/15/2010 15:48:00,KA0010,PC-1010,C7C66DCC.doc,False,
{F-0007353},02/15/2010 15:49:00,CA0002,PC-1002,BB1CE464.txt,False,
{F-0011856},02/15/2010 15:52:00,EA0004,PC-1004,EC317B80.jpg,False,
{F-0020162},02/15/2010 15:54:00,JA0009,PC-1009,E4B7EFD5.xls,False,
{F-0030286},02/15/2010 15:56:00,OA0014,PC-1014,DE2F7664.doc,False,
{F-0018250},02/15/2010 15:57:00,IA0008,PC-1008,560AAF5E.xls,False,
{F-0030284},02/15/2010 15:59:00,OA0014,PC-1014,3CC51E90.xls,False,
{F-0010158},02/15/2010 16:00:00,DA0003,PC-1003,F661CE66.doc,False,
{F-0032222},02/15/2010 16:00:00,PA0015,PC-1015,761B98E4.doc,False,
{F-0032220},02/15/2010 16:01:00,PA0015,PC-1015,FEE1AB87.doc,False,
{F-0011852},02/15/2010 16:02:00,EA0004,PC-1004,DB9DAC97.txt,False,
{F-0013269},02/15/2010 16:08:00,FA0005,PC-1005,A4A19397.xls,False,
{F-0004173},02/15/2010 16:13:00,BA0001,PC-1001,9D80B9F9.pdf,False,
{F-0004179},02/15/2010 16:13:00,BA0001,PC-1001,40292A76.jpg,False,
{F-0010151},02/15/2010 16:15:00,DA0003,PC-1003,538365CC.xls,False,
{F-0018249},02/15/2010 16:15:00,IA0008,PC-1008,6C4A24EB.xls,False,
{F-0032216},02/15/2010 16:27:00,PA0015,PC-1015,5A4C3D87.doc,False,
{F-0004165},02/15/2010 16:34:00,BA0001,PC-1001,53096CD1.jpg,False,
{F-0024163},02/15/2010 16:40:00,LA0011,PC-1011,730EA7DE.xls,False,
{F-0004177},02/15/2010 16:42:00,BA0001,PC-1001,82230B13.doc,False,
{F-0011850},02/15/2010 16:44:00,EA0004,PC-1004,68C71B6C.txt,False,
{F-0030294},02/15/2010 16:44:00,OA0014,PC-1014,DECF6ACC.xlsx,False,
{F-0011853},02/15/2010 16:47:00,EA0004,PC-1004,F1D3A03C.txt,False,
{F-0004178},02/15/2010 16:52:00,BA0001,PC-1001,C9092466.xls,False,
{F-0027927},02/15/2010 16:52:00,NA0013,PC-1013,AF708FFC.doc,False,
{F-0007345},02/15/2010 16:54:00,CA0002,PC-1002,874BBA4B.xls,False,
{F-0024152},02/15/2010 16:56:00,LA0011,PC-1011,BB3C766B.doc,False,
{F-0013274},02/15/2010 16:58:00,FA0005,PC-1005,D4E785D4.txt,False,
{F-0033667},02/15/2010 16:58:00,QA0016,PC-1016,4871CBA0.txt,False,
{F-0022151},02/15/2010 17:03:00,KA0010,PC-1010,CB0297F5.xls,False,
{F-0027920},02/15/2010 17:03:00,NA0013,PC-1013,114F4C0E.xlsx,False,
{F-0013273},02/15/2010 17:08:00,FA0005,PC-1005,28B2F5C5.jpg,False,
{F-0022164},02/15/2010 17:19:00,KA0010,PC-1010,362A56D9.txt,False,
{F-0022172},02/15/2010 17:21:00,KA0010,PC-1010,69EEA8F0.doc,False,
{F-0034834},02/15/2010 17:26:00,RA0017,PC-1017,10E03DF2.pdf,False,
{F-0013277},02/15/2010 17:28:00,FA0005,PC-1005,E86712A4.doc,False,
{F-0013280},02/15/2010 17:31:00,FA0005,PC-1005,CD71CBD1.xlsx,False,
{F-0022152},02/15/2010 17:31:00,KA0010,PC-1010,386171CE.xlsx,False,
{F-0034833},02/15/2010 17:31:00,RA0017,PC-1017,6006DD24.doc,False,
{F-0013279},02/15/2010 17:32:00,FA0005,PC-1005,A5B32ABF.xlsx,False,
{F-0024156},02/15/2010 17:34:00,LA0011,PC-1011,4D6B6D6B.xls,False,
{F-0032218},02/15/2010 17:36:00,PA0015,PC-1015,42013B3A.doc,False,
{F-0013271},02/15/2010 17:37:00,FA0005,PC-1005,F0F181A3.jpg,False,
{F-0013272},02/15/2010 17:40:00,FA0005,PC-1005,86C5B38A.doc,False,
{F-0024168},02/15/2010 17:41:00,LA0011,PC-1011,B5C596D0.xls,False,
{F-0024182},02/15/2010 18:17:00,LA0011,PC-1011,05A201C4.doc,False,
{F-0013282},02/15/2010 18:19:00,FA0005,PC-1005,144B5261.xls,False,
{F-0027964},02/16/2010 07:22:00,NA0013,PC-1013,035E744C.txt,False,
{F-0027963},02/16/2010 07:27:00,NA0013,PC-1013,533209CC.pdf,False,
{F-0024221},02/16/2010 08:03:00,LA0011,PC-1011,A8AF025D.xlsx,False,
{F-0024206},02/16/2010 08:19:00,LA0011,PC-1011,BE73CB36.xlsx,False,
{F-0024225},02/16/2010 08:19:00,LA0011,PC-1011,BD66FC70.pdf,False,
{F-0026193},02/16/2010 08:19:00,MA0012,PC-1012,3142C8C1.doc,False,
{F-0020188},02/16/2010 08:33:00,JA0009,PC-1009,353E169E.pdf,False,
{F-0020195},02/16/2010 08:34:00,JA0009,PC-1009,C40C1767.xlsx,False,
{F-0030350},02/16/2010 08:35:00,OA0014,PC-1014,55104EBE.doc,False,
{F-0020186},02/16/2010 08:37:00,JA0009,PC-1009,32BB82D7.jpg,False,
{F-0015462},02/16/2010 08:44:00,GA0006,PC-1006,B74D5468.doc,False,
{F-0010224},02/16/2010 08:45:00,DA0003,PC-1003,E19D400E.doc,False,
{F-0030341},02/16/2010 08:46:00,OA0014,PC-1014,311A5298.doc,False,
{F-0024219},02/16/2010 08:51:00,LA0011,PC-1011,E1E58085.pdf,False,
{F-0010211},02/16/2010 08:53:00,DA0003,PC-1003,B9104A38.xlsx,False,
{F-0020196},02/16/2010 08:53:00,JA0009,PC-1009,96ADC5E3.doc,False,
{F-0026190},02/16/2010 08:58:00,MA0012,PC-1012,BCA5A871.xlsx,False,
{F-0030345},02/16/2010 09:00:00,OA0014,PC-1014,A81F08F1.xlsx,False,
{F-0020183},02/16/2010 09:05:00,JA0009,PC-1009,B6232CDE.doc,False,
{F-0027962},02/16/2010 09:09:00,NA0013,PC-1013,A0C28F12.doc,False,
{F-0026196},02/16/2010 09:18:00,MA0012,PC-1012,CE12CAFF.pdf,False,
{F-0004235},02/16/2010 09:28:00,BA0001,PC-1001,11600589.txt,False,
{F-0030351},02/16/2010 09:30:00,OA0014,PC-1014,E723AE4B.xlsx,False,
{F-0022200},02/16/2010 09:32:00,KA0010,PC-1010,9A13115F.pdf,False,
{F-0027959},02/16/2010 09:35:00,NA0013,PC-1013,74EA88D3.doc,False,
{F-0022215},02/16/2010 09:36:00,KA0010,PC-1010,5078CAE3.doc,False,
{F-0033687},02/16/2010 09:36:00,QA0016,PC-1016,8BF14A21.doc,False,
{F-0033688},02/16/2010 09:38:00,QA0016,PC-1016,57529F49.xls,False,
{F-0010215},02/16/2010 09:41:00,DA0003,PC-1003,57CC7714.jpg,False,
{F-0001669},02/16/2010 09:43:00,AA0000,PC-1000,9ED1F426.doc,False,
{F-0026197},02/16/2010 09:43:00,MA0012,PC-1012,551A663A.doc,False,
{F-0022206},02/16/2010 09:48:00,KA0010,PC-1010,12281FCD.xls,False,
{F-0030346},02/16/2010 09:48:00,OA0014,PC-1014,41680992.doc,False,
{F-0013298},02/16/2010 09:50:00,FA0005,PC-1005,1FE18DF9.doc,False,
{F-0013310},02/16/2010 09:56:00,FA0005,PC-1005,E9105C54.doc,False,
{F-0030354},02/16/2010 09:56:00,OA0014,PC-1014,93B5CDDF.pdf,False,
{F-0022201},02/16/2010 10:00:00,KA0010,PC-1010,1BF6CFB3.doc,False,
{F-0030355},02/16/2010 10:01:00,OA0014,PC-1014,B62E63FF.jpg,False,
{F-0007427},02/16/2010 10:02:00,CA0002,PC-1002,5492B21F.pdf,False,
{F-0033686},02/16/2010 10:02:00,QA0016,PC-1016,531DD446.xls,False,
{F-0007419},02/16/2010 10:04:00,CA0002,PC-1002,E7BB6085.xlsx,False,
{F-0001667},02/16/2010 10:05:00,AA0000,PC-1000,BCF88656.doc,False,
{F-0030352},02/16/2010 10:05:00,OA0014,PC-1014,12575818.xls,False,
{F-0024204},02/16/2010 10:09:00,LA0011,PC-1011,A98E4E35.txt,False,
{F-0010218},02/16/2010 10:15:00,DA0003,PC-1003,03289C3E.xls,False,
{F-0020194},02/16/2010 10:18:00,JA0009,PC-1009,8143E3FB.xlsx,False,
{F-0024208},02/16/2010 10:20:00,LA0011,PC-1011,FDD63AD0.pdf,False,
{F-0027957},02/16/2010 10:24:00,NA0013,PC-1013,AE2E445C.doc,False,
{F-0030357},02/16/2010 10:27:00,OA0014,PC-1014,575E42D2.xls,False,
{F-0010219},02/16/2010 10:28:00,DA0003,PC-1003,8A7D399F.xls,False,
{F-0024220},02/16/2010 10:29:00,LA0011,PC-1011,1FA3A77C.xlsx,False,
{F-0018278},02/16/2010 10:39:00,IA0008,PC-1008,B87113C4.txt,False,
{F-0011892},02/16/2010 10:40:00,EA0004,PC-1004,9A2F0E8E.xlsx,False,
{F-0007418},02/16/2010 10:41:00,CA0002,PC-1002,EBB58443.xls,False,
{F-0018282},02/16/2010 10:44:00,IA0008,PC-1008,BC9A4A30.doc,False,
{F-0004230},02/16/2010 10:50:00,BA0001,PC-1001,0C92B67E.jpg,False,
{F-0020201},02/16/2010 10:50:00,JA0009,PC-1009,7C287BD1.xlsx,False,
{F-0011885},02/16/2010 10:51:00,EA0004,PC-1004,C2D6568D.pdf,False,
{F-0013307},02/16/2010 10:52:00,FA0005,PC-1005,5B707691.jpg,False,
{F-0024198},02/16/2010 10:53:00,LA0011,PC-1011,594D1070.txt,False,
{F-0015459},02/16/2010 10:54:00,GA0006,PC-1006,9A402011.xls,False,
{F-0027961},02/16/2010 10:54:00,NA0013,PC-1013,51AB299A.xlsx,False,
{F-0018284},02/16/2010 11:01:00,IA0008,PC-1008,FAD16728.doc,False,
{F-0030353},02/16/2010 11:03:00,OA0014,PC-1014,A028C72A.xlsx,False,
{F-0007421},02/16/2010 11:04:00,CA0002,PC-1002,36FF9DF7.xls,False,
{F-0007423},02/16/2010 11:07:00,CA0002,PC-1002,74F19193.doc,False,
{F-0027965},02/16/2010 11:10:00,NA0013,PC-1013,793D0C46.txt,False,
{F-0015468},02/16/2010 11:13:00,GA0006,PC-1006,4CB0EFB6.doc,False,
{F-0024207},02/16/2010 11:13:00,LA0011,PC-1011,8DA30DF0.doc,False,
{F-0022209},02/16/2010 11:14:00,KA0010,PC-1010,F76A3B48.txt,False,
{F-0010227},02/16/2010 11:17:00,DA0003,PC-1003,64CA09C2.xlsx,False,
{F-0022204},02/16/2010 11:17:00,KA0010,PC-1010,E69F1C35.xlsx,False,
{F-0010221},02/16/2010 11:18:00,DA0003,PC-1003,97B6ACF6.jpg,False,
{F-0010222},02/16/2010 11:20:00,DA0003,PC-1003,FFACC041.doc,False,
{F-0011896},02/16/2010 11:20:00,EA0004,PC-1004,497283CE.xls,False,
{F-0022212},02/16/2010 11:22:00,KA0010,PC-1010,D9D137BB.doc,False,
{F-0027960},02/16/2010 11:24:00,NA0013,PC-1013,7049FE6B.jpg,False,
{F-0010220},02/16/2010 11:29:00,DA0003,PC-1003,1812D7D5.jpg,False,
{F-0010213},02/16/2010 11:38:00,DA0003,PC-1003,D913FFDB.doc,False,
{F-0015463},02/16/2010 11:39:00,GA0006,PC-1006,4EBA08E9.doc,False,
{F-0001666},02/16/2010 11:44:00,AA0000,PC-1000,5E788617.txt,False,
{F-0020197},02/16/2010 11:46:00,JA0009,PC-1009,46CDBBC7.doc,False,
{F-0022205},02/16/2010 11:46:00,KA0010,PC-1010,4851860F.doc,False,
{F-0026198},02/16/2010 11:46:00,MA0012,PC-1012,A2CA963A.doc,False,
{F-0030342},02/16/2010 11:46:00,OA0014,PC-1014,4A5F786C.xls,False,
{F-0013313},02/16/2010 11:48:00,FA0005,PC-1005,3C0E7990.xlsx,False,
{F-0022210},02/16/2010 11:50:00,KA0010,PC-1010,2D6E544A.doc,False,
{F-0018277},02/16/2010 11:51:00,IA0008,PC-1008,7687ECA8.txt,False,
{F-0004234},02/16/2010 11:53:00,BA0001,PC-1001,5F6BFA21.xls,False,
{F-0015457},02/16/2010 11:58:00,GA0006,PC-1006,029B4332.xls,False,
{F-0004231},02/16/2010 12:00:00,BA0001,PC-1001,51F12ED4.pdf,False,
{F-0020189},02/16/2010 12:03:00,JA0009,PC-1009,C96ACC9C.pdf,False,
{F-0007429},02/16/2010 12:04:00,CA0002,PC-1002,4B2EAA5F.jpg,False,
{F-0020185},02/16/2010 12:05:00,JA0009,PC-1009,44731344.doc,False,
{F-0013301},02/16/2010 12:06:00,FA0005,PC-1005,7AD01981.xlsx,False,
{F-0010217},02/16/2010 12:11:00,DA0003,PC-1003,C06C3FBB.xlsx,False,
{F-0013309},02/16/2010 12:11:00,FA0005,PC-1005,B3D17786.pdf,False,
{F-0020192},02/16/2010 12:15:00,JA0009,PC-1009,4991288B.txt,False,
{F-0027966},02/16/2010 12:16:00,NA0013,PC-1013,6540C9AB.xlsx,False,
{F-0004229},02/16/2010 12:23:00,BA0001,PC-1001,6BB18934.xlsx,False,
{F-0007420},02/16/2010 12:23:00,CA0002,PC-1002,91CBEE29.pdf,False,
{F-0010223},02/16/2010 12:23:00,DA0003,PC-1003,4AEB9C06.xlsx,False,
{F-0013300},02/16/2010 12:24:00,FA0005,PC-1005,174342C1.jpg,False,
{F-0030347},02/16/2010 12:25:00,OA0014,PC-1014,4FCCB439.pdf,False,
{F-0018275},02/16/2010 12:27:00,IA0008,PC-1008,0A53DBE5.doc,False,
{F-0011887},02/16/2010 12:31:00,EA0004,PC-1004,56529EF3.pdf,False,
{F-0015461},02/16/2010 12:40:00,GA0006,PC-1006,6A9A00E2.xlsx,False,
{F-0007431},02/16/2010 12:42:00,CA0002,PC-1002,240D9099.pdf,False,
{F-0024214},02/16/2010 12:45:00,LA0011,PC-1011,4E5E44E1.doc,False,
{F-0018274},02/16/2010 12:48:00,IA0008,PC-1008,02E91BA4.txt,False,
{F-0020198},02/16/2010 12:48:00,JA0009,PC-1009,5506E14E.txt,False,
{F-0018273},02/16/2010 12:50:00,IA0008,PC-1008,8756C05D.jpg,False,
{F-0024212},02/16/2010 12:50:00,LA0011,PC-1011,5C2E6AEB.doc,False,
{F-0024224},02/16/2010 12:50:00,LA0011,PC-1011,C5528A85.txt,False,
{F-0020182},02/16/2010 12:55:00,JA0009,PC-1009,DE3F5446.jpg,False,
{F-0001673},02/16/2010 13:02:00,AA0000,PC-1000,8FB6CB84.jpg,False,
{F-0010229},02/16/2010 13:03:00,DA0003,PC-1003,4FEFC86F.doc,False,
{F-0004232},02/16/2010 13:06:00,BA0001,PC-1001,A8BFE39A.doc,False,
{F-0024211},02/16/2010 13:07:00,LA0011,PC-1011,034849BD.pdf,False,
{F-0020191},02/16/2010 13:10:00,JA0009,PC-1009,724A71A5.doc,False,
{F-0001670},02/16/2010 13:11:00,AA0000,PC-1000,4FC5A1F0.doc,False,
{F-0024200},02/16/2010 13:13:00,LA0011,PC-1011,146962F8.xls,False,
{F-0030349},02/16/2010 13:15:00,OA0014,PC-1014,D7476A83.pdf,False,
{F-0013299},02/16/2010 13:18:00,FA0005,PC-1005,74EC3676.doc,False,
{F-0022198},02/16/2010 13:21:00,KA0010,PC-1010,0B2D280B.doc,False,
{F-0030343},02/16/2010 13:21:00,OA0014,PC-1014,D1353A4B.jpg,False,
{F-0010212},02/16/2010 13:23:00,DA0003,PC-1003,B75C679E.xls,False,
{F-0010216},02/16/2010 13:23:00,DA0003,PC-1003,4CB8219E.doc,False,
{F-0018272},02/16/2010 13:23:00,IA0008,PC-1008,68139850.pdf,False,
{F-0020199},02/16/2010 13:26:00,JA0009,PC-1009,88328A18.pdf,False,
{F-0024215},02/16/2010 13:27:00,LA0011,PC-1011,CDEAF967.xls,False,
{F-0011888},02/16/2010 13:35:00,EA0004,PC-1004,B6ACCB18.pdf,False,
{F-0004228},02/16/2010 13:36:00,BA0001,PC-1001,1CC0D6E1.xlsx,False,
{F-0018279},02/16/2010 13:36:00,IA0008,PC-1008,92F35582.jpg,False,
{F-0015464},02/16/2010 13:40:00,GA0006,PC-1006,DEB0168B.xls,False,
{F-0015456},02/16/2010 13:41:00,GA0006,PC-1006,4B49603F.xlsx,False,
{F-0030358},02/16/2010 13:41:00,OA0014,PC-1014,2147E3A8.doc,False,
{F-0034855},02/16/2010 13:41:00,RA0017,PC-1017,0D1A4CFA.doc,False,
{F-0024209},02/16/2010 13:42:00,LA0011,PC-1011,5FD29F27.pdf,False,
{F-0013315},02/16/2010 13:43:00,FA0005,PC-1005,77BAEF83.xlsx,False,
{F-0033689},02/16/2010 13:44:00,QA0016,PC-1016,6E64FE8F.xlsx,False,
{F-0004233},02/16/2010 13:49:00,BA0001,PC-1001,E3BDBFC1.doc,False,
{F-0020184},02/16/2010 13:52:00,JA0009,PC-1009,5051E3DE.jpg,False,
{F-0022208},02/16/2010 13:52:00,KA0010,PC-1010,793A920A.pdf,False,
{F-0015466},02/16/2010 13:53:00,GA0006,PC-1006,4EE5708A.txt,False,
{F-0024202},02/16/2010 13:54:00,LA0011,PC-1011,0FC14E1F.jpg,False,
{F-0015471},02/16/2010 13:57:00,GA0006,PC-1006,77A45670.pdf,False,
{F-0024203},02/16/2010 13:57:00,LA0011,PC-1011,A1D0D82F.doc,False,
{F-0001664},02/16/2010 13:58:00,AA0000,PC-1000,88250BBD.xls,False,
{F-0020187},02/16/2010 14:02:00,JA0009,PC-1009,6CDF6AE3.pdf,False,
{F-0026189},02/16/2010 14:05:00,MA0012,PC-1012,DE2F3F53.xlsx,False,
{F-0030340},02/16/2010 14:06:00,OA0014,PC-1014,D6CED398.pdf,False,
{F-0010226},02/16/2010 14:11:00,DA0003,PC-1003,F8FE15CC.xlsx,False,
{F-0022203},02/16/2010 14:12:00,KA0010,PC-1010,DC917EBA.jpg,False,
{F-0007428},02/16/2010 14:25:00,CA0002,PC-1002,244864A7.jpg,False,
{F-0001675},02/16/2010 14:31:00,AA0000,PC-1000,347126E2.jpg,False,
{F-0010225},02/16/2010 14:31:00,DA0003,PC-1003,FB65DF1B.jpg,False,
{F-0010230},02/16/2010 14:33:00,DA0003,PC-1003,83EF7309.pdf,False,
{F-0010214},02/16/2010 14:36:00,DA0003,PC-1003,EF693771.doc,False,
{F-0011893},02/16/2010 14:39:00,EA0004,PC-1004,2FB21952.txt,False,
{F-0030348},02/16/2010 14:39:00,OA0014,PC-1014,9453F986.doc,False,
{F-0010228},02/16/2010 14:40:00,DA0003,PC-1003,E7E13CB9.doc,False,
{F-0020200},02/16/2010 14:44:00,JA0009,PC-1009,7D911958.jpg,False,
{F-0015458},02/16/2010 14:51:00,GA0006,PC-1006,451E3DA3.xls,False,
{F-0027958},02/16/2010 14:51:00,NA0013,PC-1013,3AE69B0B.jpg,False,
{F-0024216},02/16/2010 14:52:00,LA0011,PC-1011,D4D62884.xls,False,
{F-0018270},02/16/2010 14:53:00,IA0008,PC-1008,B6FF7140.doc,False,
{F-0007432},02/16/2010 14:54:00,CA0002,PC-1002,77BF603B.doc,False,
{F-0007434},02/16/2010 14:55:00,CA0002,PC-1002,F4E2C76A.doc,False,
{F-0034856},02/16/2010 14:56:00,RA0017,PC-1017,416D70DE.pdf,False,
{F-0015465},02/16/2010 14:58:00,GA0006,PC-1006,B949231E.jpg,False,
{F-0015470},02/16/2010 15:04:00,GA0006,PC-1006,1FE7BDF3.xls,False,
{F-0013303},02/16/2010 15:06:00,FA0005,PC-1005,3F40ACFE.doc,False,
{F-0022207},02/16/2010 15:06:00,KA0010,PC-1010,973BCE31.xls,False,
{F-0011891},02/16/2010 15:10:00,EA0004,PC-1004,88DC3449.xlsx,False,
{F-0030356},02/16/2010 15:10:00,OA0014,PC-1014,1A9FCE2F.xls,False,
{F-0015467},02/16/2010 15:14:00,GA0006,PC-1006,CBA7919C.txt,False,
{F-0011883},02/16/2010 15:15:00,EA0004,PC-1004,CD9CDDAE.jpg,False,
{F-0007424},02/16/2010 15:18:00,CA0002,PC-1002,E58040C9.doc,False,
{F-0011884},02/16/2010 15:19:00,EA0004,PC-1004,891951DE.txt,False,
{F-0024226},02/16/2010 15:19:00,LA0011,PC-1011,5A9CF3E5.txt,False,
{F-0007422},02/16/2010 15:21:00,CA0002,PC-1002,9E4BB878.xls,False,
{F-0024213},02/16/2010 15:22:00,LA0011,PC-1011,0B664759.doc,False,
{F-0024222},02/16/2010 15:24:00,LA0011,PC-1011,AA56FD8B.pdf,False,
{F-0026191},02/16/2010 15:24:00,MA0012,PC-1012,8DF8B60D.txt,False,
{F-0013304},02/16/2010 15:28:00,FA0005,PC-1005,61579B16.txt,False,
{F-0015460},02/16/2010 15:29:00,GA0006,PC-1006,17D0877F.jpg,False,
{F-0001676},02/16/2010 15:31:00,AA0000,PC-1000,60CAB88E.xlsx,False,
{F-0013308},02/16/2010 15:32:00,FA0005,PC-1005,D66F57A4.txt,False,
{F-0020190},02/16/2010 15:33:00,JA0009,PC-1009,D7795E64.pdf,False,
{F-0011894},02/16/2010 15:36:00,EA0004,PC-1004,0B4E9218.xls,False,
{F-0030339},02/16/2010 15:37:00,OA0014,PC-1014,E9E5136F.txt,False,
{F-0001665},02/16/2010 15:38:00,AA0000,PC-1000,F8959EEE.xlsx,False,
{F-0001668},02/16/2010 15:40:00,AA0000,PC-1000,C27AB938.xls,False,
{F-0024199},02/16/2010 15:51:00,LA0011,PC-1011,41611D88.xls,False,
{F-0030344},02/16/2010 15:51:00,OA0014,PC-1014,981FCA7C.xls,False,
{F-0018280},02/16/2010 15:52:00,IA0008,PC-1008,91261B49.doc,False,
{F-0020193},02/16/2010 15:53:00,JA0009,PC-1009,7D1BB335.xls,False,
{F-0011882},02/16/2010 15:55:00,EA0004,PC-1004,4518FE7B.xlsx,False,
{F-0024223},02/16/2010 15:57:00,LA0011,PC-1011,DE69543F.doc,False,
{F-0007435},02/16/2010 15:58:00,CA0002,PC-1002,7AAA0F6F.doc,False,
{F-0018271},02/16/2010 15:58:00,IA0008,PC-1008,3E9BD213.jpg,False,
{F-0001663},02/16/2010 15:59:00,AA0000,PC-1000,ADE1E4D7.jpg,False,
{F-0018281},02/16/2010 16:01:00,IA0008,PC-1008,D2B6FB5F.txt,False,
{F-0015469},02/16/2010 16:05:00,GA0006,PC-1006,CF870785.jpg,False,
{F-0024217},02/16/2010 16:05:00,LA0011,PC-1011,31B1776D.xlsx,False,
{F-0026192},02/16/2010 16:06:00,MA0012,PC-1012,E4EE6EC5.txt,False,
{F-0001674},02/16/2010 16:07:00,AA0000,PC-1000,5ED0E633.jpg,False,
{F-0011886},02/16/2010 16:07:00,EA0004,PC-1004,EEE59170.txt,False,
{F-0026194},02/16/2010 16:10:00,MA0012,PC-1012,89DE02A6.xlsx,False,
{F-0011889},02/16/2010 16:13:00,EA0004,PC-1004,1B17E6B6.doc,False,
{F-0013314},02/16/2010 16:13:00,FA0005,PC-1005,4E118AA3.txt,False,
{F-0024210},02/16/2010 16:14:00,LA0011,PC-1011,AE10EEC1.doc,False,
{F-0022213},02/16/2010 16:19:00,KA0010,PC-1010,DCE6CE74.jpg,False,
{F-0013305},02/16/2010 16:24:00,FA0005,PC-1005,5AB58385.doc,False,
{F-0013312},02/16/2010 16:26:00,FA0005,PC-1005,2EB95F95.xls,False,
{F-0026195},02/16/2010 16:30:00,MA0012,PC-1012,BDC9586B.xlsx,False,
{F-0022202},02/16/2010 16:32:00,KA0010,PC-1010,5CAD703D.xls,False,
{F-0004236},02/16/2010 16:34:00,BA0001,PC-1001,FEAA3113.pdf,False,
{F-0007416},02/16/2010 16:43:00,CA0002,PC-1002,690BC3CD.txt,False,
{F-0018283},02/16/2010 16:45:00,IA0008,PC-1008,E607D77E.pdf,False,
{F-0018276},02/16/2010 16:47:00,IA0008,PC-1008,FA095EF6.pdf,False,
{F-0011890},02/16/2010 16:48:00,EA0004,PC-1004,70BC4276.xls,False,
{F-0024205},02/16/2010 17:06:00,LA0011,PC-1011,8C3C7427.jpg,False,
{F-0024218},02/16/2010 17:10:00,LA0011,PC-1011,876DEC5C.pdf,False,
{F-0007426},02/16/2010 17:14:00,CA0002,PC-1002,22758439.jpg,False,
{F-0022199},02/16/2010 17:14:00,KA0010,PC-1010,4C34C66A.xlsx,False,
{F-0007430},02/16/2010 17:15:00,CA0002,PC-1002,3B8DDE5A.xlsx,False,
{F-0011895},02/16/2010 17:17:00,EA0004,PC-1004,7127711A.jpg,False,
{F-0001671},02/16/2010 17:18:00,AA0000,PC-1000,02E7D0C5.pdf,False,
{F-0022211},02/16/2010 17:21:00,KA0010,PC-1010,0F491D4D.doc,False,
{F-0022214},02/16/2010 17:24:00,KA0010,PC-1010,AFA57000.xlsx,False,
{F-0013317},02/16/2010 17:28:00,FA0005,PC-1005,502EC4F0.xls,False,
{F-0001672},02/16/2010 17:33:00,AA0000,PC-1000,204109AA.txt,False,
{F-0013311},02/16/2010 17:35:00,FA0005,PC-1005,C360501E.pdf,False,
{F-0007436},02/16/2010 17:40:00,CA0002,PC-1002,BB83690B.xlsx,False,
{F-0024201},02/16/2010 17:42:00,LA0011,PC-1011,A4057273.doc,False,
{F-0013316},02/16/2010 17:46:00,FA0005,PC-1005,867FB76D.xlsx,False,
{F-0007415},02/16/2010 18:03:00,CA0002,PC-1002,D8F19055.pdf,False,
{F-0013306},02/16/2010 18:12:00,FA0005,PC-1005,A9B7E0AB.xls,False,
{F-0007433},02/16/2010 18:23:00,CA0002,PC-1002,F8680E50.xls,False,
{F-0007417},02/16/2010 19:11:00,CA0002,PC-1002,1D2A6F0D.pdf,False,
{F-0007425},02/16/2010 19:12:00,CA0002,PC-1002,B162A75E.pdf,False,
{F-0013302},02/16/2010 19:18:00,FA0005,PC-1005,5EEE1F04.xlsx,False,
{F-0028001},02/17/2010 07:19:00,NA0013,PC-1013,086CE3E0.txt,False,
{F-0028005},02/17/2010 07:26:00,NA0013,PC-1013,38618FAD.xlsx,False,
{F-0027996},02/17/2010 07:29:00,NA0013,PC-1013,6BEC1302.xls,False,
{F-0028002},02/17/2010 07:41:00,NA0013,PC-1013,D24829C6.xlsx,False,
{F-0030412},02/17/2010 07:49:00,OA0014,PC-1014,C6FE1132.doc,False,
{F-0026244},02/17/2010 08:04:00,MA0012,PC-1012,C4A3B7A7.xls,False,
{F-0015504},02/17/2010 08:20:00,GA0006,PC-1006,A0780023.xls,False,
{F-0024271},02/17/2010 08:20:00,LA0011,PC-1011,913E6C90.pdf,False,
{F-0010309},02/17/2010 08:23:00,DA0003,PC-1003,0B20CB62.doc,False,
{F-0016868},02/17/2010 08:28:00,HA0007,PC-1007,7C36FC7B.doc,False,
{F-0016863},02/17/2010 08:30:00,HA0007,PC-1007,26B4D487.jpg,False,
{F-0024265},02/17/2010 08:33:00,LA0011,PC-1011,FAD7578A.doc,False,
{F-0024275},02/17/2010 08:34:00,LA0011,PC-1011,4D8A157B.doc,False,
{F-0018302},02/17/2010 08:37:00,IA0008,PC-1008,A805469C.txt,False,
{F-0026242},02/17/2010 08:37:00,MA0012,PC-1012,03AAE4C4.txt,False,
{F-0024268},02/17/2010 08:39:00,LA0011,PC-1011,85BDB6F7.jpg,False,
{F-0024259},02/17/2010 08:43:00,LA0011,PC-1011,92E430D7.xlsx,False,
{F-0024260},02/17/2010 08:46:00,LA0011,PC-1011,C36E131F.xls,False,
{F-0027999},02/17/2010 08:49:00,NA0013,PC-1013,E65A5572.pdf,False,
{F-0020251},02/17/2010 08:51:00,JA0009,PC-1009,16109932.txt,False,
{F-0026245},02/17/2010 08:53:00,MA0012,PC-1012,C0CB91CC.txt,False,
{F-0020246},02/17/2010 08:57:00,JA0009,PC-1009,3A3BEDB6.xls,False,
{F-0024270},02/17/2010 08:58:00,LA0011,PC-1011,ACB5023E.doc,False,
{F-0020241},02/17/2010 09:00:00,JA0009,PC-1009,67177935.doc,False,
{F-0016867},02/17/2010 09:03:00,HA0007,PC-1007,E54FC73E.xlsx,False,
{F-0026238},02/17/2010 09:05:00,MA0012,PC-1012,FA4CA8B6.jpg,False,
{F-0027998},02/17/2010 09:10:00,NA0013,PC-1013,17297F98.xlsx,False,
{F-0028003},02/17/2010 09:14:00,NA0013,PC-1013,A05F31F6.xlsx,False,
{F-0024264},02/17/2010 09:25:00,LA0011,PC-1011,58BAB9D7.xls,False,
{F-0010310},02/17/2010 09:26:00,DA0003,PC-1003,6DBC0938.txt,False,
{F-0018308},02/17/2010 09:26:00,IA0008,PC-1008,4AD23FA3.jpg,False,
{F-0028000},02/17/2010 09:27:00,NA0013,PC-1013,7A51E4B6.jpg,False,
{F-0018305},02/17/2010 09:32:00,IA0008,PC-1008,4A7E1C01.doc,False,
{F-0033709},02/17/2010 09:33:00,QA0016,PC-1016,55F3947E.jpg,False,
{F-0007505},02/17/2010 09:37:00,CA0002,PC-1002,9A1B9AAA.xls,False,
{F-0011920},02/17/2010 09:37:00,EA0004,PC-1004,462955C5.txt,False,
{F-0013338},02/17/2010 09:40:00,FA0005,PC-1005,8018C038.xls,False,
{F-0010308},02/17/2010 09:42:00,DA0003,PC-1003,8DB8A151.doc,False,
{F-0026234},02/17/2010 09:45:00,MA0012,PC-1012,139508C3.pdf,False,
{F-0032260},02/17/2010 09:49:00,PA0015,PC-1015,905330CC.doc,False,
{F-0004292},02/17/2010 09:56:00,BA0001,PC-1001,D546EEB6.xlsx,False,
{F-0015507},02/17/2010 09:56:00,GA0006,PC-1006,692F2596.jpg,False,
{F-0015508},02/17/2010 10:02:00,GA0006,PC-1006,657A923A.xlsx,False,
{F-0030404},02/17/2010 10:04:00,OA0014,PC-1014,6A84C731.txt,False,
{F-0011925},02/17/2010 10:11:00,EA0004,PC-1004,2631668B.xls,False,
{F-0011922},02/17/2010 10:20:00,EA0004,PC-1004,E8324F94.pdf,False,
{F-0026243},02/17/2010 10:20:00,MA0012,PC-1012,AD918DF4.doc,False,
{F-0030410},02/17/2010 10:20:00,OA0014,PC-1014,4BA4BA31.doc,False,
{F-0026240},02/17/2010 10:24:00,MA0012,PC-1012,8904B140.xls,False,
{F-0013339},02/17/2010 10:25:00,FA0005,PC-1005,9F0685CF.jpg,False,
{F-0026236},02/17/2010 10:25:00,MA0012,PC-1012,E166664A.pdf,False,
{F-0018303},02/17/2010 10:30:00,IA0008,PC-1008,EF9CF7ED.doc,False,
{F-0007498},02/17/2010 10:32:00,CA0002,PC-1002,AB021626.pdf,False,
{F-0007493},02/17/2010 10:33:00,CA0002,PC-1002,028FB01F.pdf,False,
{F-0010306},02/17/2010 10:38:00,DA0003,PC-1003,2194AC90.txt,False,
{F-0004288},02/17/2010 10:48:00,BA0001,PC-1001,1D8E9C5D.pdf,False,
{F-0020250},02/17/2010 10:53:00,JA0009,PC-1009,E74F9CC0.doc,False,
{F-0018300},02/17/2010 11:02:00,IA0008,PC-1008,80FA84F1.xlsx,False,
{F-0032261},02/17/2010 11:02:00,PA0015,PC-1015,16FD71F6.pdf,False,
{F-0032258},02/17/2010 11:06:00,PA0015,PC-1015,0FECEB32.jpg,False,
{F-0010305},02/17/2010 11:07:00,DA0003,PC-1003,BFA88236.doc,False,
{F-0030408},02/17/2010 11:10:00,OA0014,PC-1014,59EDCD2D.xls,False,
{F-0010297},02/17/2010 11:13:00,DA0003,PC-1003,60E398C4.txt,False,
{F-0016864},02/17/2010 11:15:00,HA0007,PC-1007,DB9916CB.doc,False,
{F-0020252},02/17/2010 11:17:00,JA0009,PC-1009,EE3ADBFE.jpg,False,
{F-0013348},02/17/2010 11:18:00,FA0005,PC-1005,EC1F794A.xlsx,False,
{F-0004282},02/17/2010 11:20:00,BA0001,PC-1001,E73BDA81.doc,False,
{F-0024262},02/17/2010 11:21:00,LA0011,PC-1011,5535E65E.pdf,False,
{F-0007497},02/17/2010 11:24:00,CA0002,PC-1002,26B51B6D.xls,False,
{F-0030413},02/17/2010 11:25:00,OA0014,PC-1014,515F57B9.xlsx,False,
{F-0011915},02/17/2010 11:26:00,EA0004,PC-1004,557682AD.xls,False,
{F-0007491},02/17/2010 11:29:00,CA0002,PC-1002,6049C1A8.pdf,False,
{F-0020245},02/17/2010 11:32:00,JA0009,PC-1009,6876EF76.jpg,False,
{F-0032251},02/17/2010 11:36:00,PA0015,PC-1015,84BD74B9.doc,False,
{F-0007510},02/17/2010 11:37:00,CA0002,PC-1002,E0D1ECB8.pdf,False,
{F-0027997},02/17/2010 11:42:00,NA0013,PC-1013,CAA62108.pdf,False,
{F-0026241},02/17/2010 11:47:00,MA0012,PC-1012,5BD1ED56.xlsx,False,
{F-0016866},02/17/2010 11:48:00,HA0007,PC-1007,6E1C0919.doc,False,
{F-0013336},02/17/2010 11:50:00,FA0005,PC-1005,E0301909.jpg,False,
{F-0010296},02/17/2010 11:53:00,DA0003,PC-1003,A1CFE36E.xls,False,
{F-0015503},02/17/2010 11:58:00,GA0006,PC-1006,DE176E92.xls,False,
{F-0032259},02/17/2010 12:01:00,PA0015,PC-1015,EDCB89C9.xls,False,
{F-0030405},02/17/2010 12:05:00,OA0014,PC-1014,A1C1EE75.txt,False,
{F-0015502},02/17/2010 12:13:00,GA0006,PC-1006,5227849D.doc,False,
{F-0010302},02/17/2010 12:14:00,DA0003,PC-1003,E7725A42.doc,False,
{F-0018304},02/17/2010 12:14:00,IA0008,PC-1008,D789A18C.pdf,False,
{F-0024263},02/17/2010 12:20:00,LA0011,PC-1011,5673C695.doc,False,
{F-0011926},02/17/2010 12:24:00,EA0004,PC-1004,A2AE4972.jpg,False,
{F-0007495},02/17/2010 12:28:00,CA0002,PC-1002,D962D084.xlsx,False,
{F-0010304},02/17/2010 12:28:00,DA0003,PC-1003,448FED46.pdf,False,
{F-0016865},02/17/2010 12:29:00,HA0007,PC-1007,DAC54A48.xlsx,False,
{F-0018313},02/17/2010 12:31:00,IA0008,PC-1008,C92875FD.xls,False,
{F-0024261},02/17/2010 12:31:00,LA0011,PC-1011,65EAB9A2.doc,False,
{F-0030406},02/17/2010 12:32:00,OA0014,PC-1014,30D9919F.doc,False,
{F-0007500},02/17/2010 12:36:00,CA0002,PC-1002,244FC3FC.pdf,False,
{F-0013335},02/17/2010 12:38:00,FA0005,PC-1005,53EF05D4.xlsx,False,
{F-0013341},02/17/2010 12:40:00,FA0005,PC-1005,2422EFD8.pdf,False,
{F-0030403},02/17/2010 12:41:00,OA0014,PC-1014,61E4330E.txt,False,
{F-0026239},02/17/2010 12:52:00,MA0012,PC-1012,A81B7871.xlsx,False,
{F-0007489},02/17/2010 12:53:00,CA0002,PC-1002,8DBC82D0.doc,False,
{F-0026235},02/17/2010 12:53:00,MA0012,PC-1012,8E269473.xlsx,False,
{F-0034872},02/17/2010 12:54:00,RA0017,PC-1017,A8097582.xlsx,False,
{F-0004289},02/17/2010 13:00:00,BA0001,PC-1001,2BE95D87.pdf,False,
{F-0007494},02/17/2010 13:00:00,CA0002,PC-1002,1A825E87.jpg,False,
{F-0010300},02/17/2010 13:02:00,DA0003,PC-1003,CD95C823.doc,False,
{F-0018306},02/17/2010 13:04:00,IA0008,PC-1008,06E23E33.xls,False,
{F-0015509},02/17/2010 13:05:00,GA0006,PC-1006,1B7E560C.pdf,False,
{F-0007501},02/17/2010 13:09:00,CA0002,PC-1002,CFCF6782.xls,False,
{F-0018311},02/17/2010 13:15:00,IA0008,PC-1008,3F653F0F.jpg,False,
{F-0030407},02/17/2010 13:21:00,OA0014,PC-1014,40257E40.jpg,False,
{F-0020240},02/17/2010 13:27:00,JA0009,PC-1009,41383B16.doc,False,
{F-0010303},02/17/2010 13:36:00,DA0003,PC-1003,E00F4061.txt,False,
{F-0010298},02/17/2010 13:37:00,DA0003,PC-1003,66B4B430.pdf,False,
{F-0024276},02/17/2010 13:43:00,LA0011,PC-1011,980D102F.doc,False,
{F-0033710},02/17/2010 13:43:00,QA0016,PC-1016,5F4D09E4.jpg,False,
{F-0018301},02/17/2010 13:48:00,IA0008,PC-1008,6C5377D7.xls,False,
{F-0020249},02/17/2010 13:48:00,JA0009,PC-1009,CFA15468.pdf,False,
{F-0016862},02/17/2010 13:53:00,HA0007,PC-1007,BA2A5BC8.doc,False,
{F-0004290},02/17/2010 13:54:00,BA0001,PC-1001,B69FB02D.pdf,False,
{F-0018307},02/17/2010 13:56:00,IA0008,PC-1008,3E0DEF96.jpg,False,
{F-0024272},02/17/2010 14:01:00,LA0011,PC-1011,20B53489.txt,False,
{F-0007503},02/17/2010 14:03:00,CA0002,PC-1002,A23B920A.txt,False,
{F-0011919},02/17/2010 14:04:00,EA0004,PC-1004,05D01293.doc,False,
{F-0007507},02/17/2010 14:06:00,CA0002,PC-1002,F184211E.jpg,False,
{F-0028006},02/17/2010 14:07:00,NA0013,PC-1013,A30A82D4.pdf,False,
{F-0011923},02/17/2010 14:13:00,EA0004,PC-1004,AD62758E.txt,False,
{F-0033715},02/17/2010 14:17:00,QA0016,PC-1016,A88C3F6E.doc,False,
{F-0007492},02/17/2010 14:20:00,CA0002,PC-1002,3B98E838.xls,False,
{F-0024274},02/17/2010 14:24:00,LA0011,PC-1011,76B33D07.doc,False,
{F-0011916},02/17/2010 14:25:00,EA0004,PC-1004,F6A602B5.xls,False,
{F-0015510},02/17/2010 14:27:00,GA0006,PC-1006,4A0D5FCF.doc,False,
{F-0011917},02/17/2010 14:29:00,EA0004,PC-1004,B79DF44C.xls,False,
{F-0020247},02/17/2010 14:30:00,JA0009,PC-1009,CEC664DC.pdf,False,
{F-0004287},02/17/2010 14:33:00,BA0001,PC-1001,A6298D98.xlsx,False,
{F-0010301},02/17/2010 14:36:00,DA0003,PC-1003,53C26985.xls,False,
{F-0015506},02/17/2010 14:38:00,GA0006,PC-1006,1DF57190.jpg,False,
{F-0034874},02/17/2010 14:38:00,RA0017,PC-1017,54EDF9D3.jpg,False,
{F-0030409},02/17/2010 14:39:00,OA0014,PC-1014,8AE79BB1.xlsx,False,
{F-0030411},02/17/2010 14:40:00,OA0014,PC-1014,51DC4ADC.doc,False,
{F-0007508},02/17/2010 14:41:00,CA0002,PC-1002,0160F2F9.jpg,False,
{F-0004291},02/17/2010 14:43:00,BA0001,PC-1001,5E3DAFD5.xlsx,False,
{F-0024277},02/17/2010 14:49:00,LA0011,PC-1011,86C6D076.xls,False,
{F-0004285},02/17/2010 14:56:00,BA0001,PC-1001,0F81BE56.xlsx,False,
{F-0032253},02/17/2010 14:57:00,PA0015,PC-1015,96C66FD7.xls,False,
{F-0015505},02/17/2010 15:09:00,GA0006,PC-1006,F93229C9.xlsx,False,
{F-0011918},02/17/2010 15:13:00,EA0004,PC-1004,24512171.xlsx,False,
{F-0032252},02/17/2010 15:14:00,PA0015,PC-1015,72065380.xls,False,
{F-0007488},02/17/2010 15:15:00,CA0002,PC-1002,B06EF8B7.doc,False,
{F-0013340},02/17/2010 15:25:00,FA0005,PC-1005,3FEB82A6.txt,False,
{F-0007490},02/17/2010 15:36:00,CA0002,PC-1002,4F0731E5.xls,False,
{F-0007504},02/17/2010 15:38:00,CA0002,PC-1002,BE496D97.doc,False,
{F-0007496},02/17/2010 15:40:00,CA0002,PC-1002,A51B78A4.jpg,False,
{F-0020243},02/17/2010 15:41:00,JA0009,PC-1009,E97485D3.xlsx,False,
{F-0026246},02/17/2010 15:42:00,MA0012,PC-1012,FFDCBDEE.doc,False,
{F-0013343},02/17/2010 15:44:00,FA0005,PC-1005,79758D38.doc,False,
{F-0033712},02/17/2010 15:46:00,QA0016,PC-1016,7E02D0CC.xlsx,False,
{F-0004286},02/17/2010 15:48:00,BA0001,PC-1001,29DC11DE.xlsx,False,
{F-0011921},02/17/2010 15:49:00,EA0004,PC-1004,7523C98B.doc,False,
{F-0028004},02/17/2010 15:50:00,NA0013,PC-1013,F2A548E3.doc,False,
{F-0007506},02/17/2010 15:54:00,CA0002,PC-1002,08318B2E.doc,False,
{F-0010307},02/17/2010 15:56:00,DA0003,PC-1003,92DF2DB5.doc,False,
{F-0007499},02/17/2010 16:05:00,CA0002,PC-1002,A67E52B8.xlsx,False,
{F-0024273},02/17/2010 16:05:00,LA0011,PC-1011,E9884205.jpg,False,
{F-0018310},02/17/2010 16:11:00,IA0008,PC-1008,B1BC167C.jpg,False,
{F-0032255},02/17/2010 16:14:00,PA0015,PC-1015,2843134B.txt,False,
{F-0032254},02/17/2010 16:18:00,PA0015,PC-1015,D79A276B.doc,False,
{F-0018309},02/17/2010 16:20:00,IA0008,PC-1008,EC27F729.txt,False,
{F-0020248},02/17/2010 16:23:00,JA0009,PC-1009,4D9B75F0.xlsx,False,
{F-0007509},02/17/2010 16:24:00,CA0002,PC-1002,66EE890E.doc,False,
{F-0024269},02/17/2010 16:26:00,LA0011,PC-1011,4E4FFFAE.doc,False,
{F-0004284},02/17/2010 16:27:00,BA0001,PC-1001,0CBF3CF1.txt,False,
{F-0010299},02/17/2010 16:28:00,DA0003,PC-1003,9E410795.xlsx,False,
{F-0033713},02/17/2010 16:32:00,QA0016,PC-1016,4416ABEE.doc,False,
{F-0034873},02/17/2010 16:32:00,RA0017,PC-1017,8A33C622.txt,False,
{F-0004283},02/17/2010 16:33:00,BA0001,PC-1001,8088CC06.pdf,False,
{F-0020242},02/17/2010 16:36:00,JA0009,PC-1009,F1695784.jpg,False,
{F-0013351},02/17/2010 16:39:00,FA0005,PC-1005,4DEF3FE5.doc,False,
{F-0018312},02/17/2010 16:40:00,IA0008,PC-1008,987DAD39.xlsx,False,
{F-0007502},02/17/2010 16:41:00,CA0002,PC-1002,AC273BBA.txt,False,
{F-0020244},02/17/2010 16:41:00,JA0009,PC-1009,1AEE655F.xls,False,
{F-0032256},02/17/2010 16:44:00,PA0015,PC-1015,326FB5CB.xls,False,
{F-0024267},02/17/2010 16:47:00,LA0011,PC-1011,789C3CED.pdf,False,
{F-0028007},02/17/2010 16:50:00,NA0013,PC-1013,6EAF5F61.xlsx,False,
{F-0024279},02/17/2010 17:03:00,LA0011,PC-1011,AF661B4A.xlsx,False,
{F-0024278},02/17/2010 17:08:00,LA0011,PC-1011,BC46C985.doc,False,
{F-0026237},02/17/2010 17:09:00,MA0012,PC-1012,7E97257B.doc,False,
{F-0024266},02/17/2010 17:12:00,LA0011,PC-1011,3C7BDD05.doc,False,
{F-0013346},02/17/2010 17:13:00,FA0005,PC-1005,CE2496E5.xls,False,
{F-0011924},02/17/2010 17:18:00,EA0004,PC-1004,6D6C1578.doc,False,
{F-0013345},02/17/2010 17:21:00,FA0005,PC-1005,CA4A21C5.pdf,False,
{F-0013342},02/17/2010 17:30:00,FA0005,PC-1005,1BCE8C76.doc,False,
{F-0032257},02/17/2010 17:35:00,PA0015,PC-1015,A102B7F0.jpg,False,
{F-0013349},02/17/2010 18:07:00,FA0005,PC-1005,C2519C84.xls,False,
{F-0013350},02/17/2010 18:16:00,FA0005,PC-1005,66C64514.xls,False,
{F-0013347},02/17/2010 18:20:00,FA0005,PC-1005,E3A6B367.xls,False,
{F-0033714},02/17/2010 18:24:00,QA0016,PC-1016,8BF58205.xlsx,False,
{F-0033711},02/17/2010 18:28:00,QA0016,PC-1016,C58B0AF3.doc,False,
{F-0013344},02/17/2010 18:34:00,FA0005,PC-1005,091DD7C0.jpg,False,
{F-0013337},02/17/2010 18:40:00,FA0005,PC-1005,AD76D2F6.txt,False,
{F-0028057},02/18/2010 07:10:00,NA0013,PC-1013,CE4C6B93.jpg,False,
{F-0028048},02/18/2010 07:31:00,NA0013,PC-1013,7DE4C094.jpg,False,
{F-0028053},02/18/2010 07:31:00,NA0013,PC-1013,47A5ADB7.txt,False,
{F-0028049},02/18/2010 07:44:00,NA0013,PC-1013,66C4FEBA.doc,False,
{F-0026279},02/18/2010 07:47:00,MA0012,PC-1012,A7E4E752.doc,False,
{F-0024314},02/18/2010 08:03:00,LA0011,PC-1011,E0F4F29E.xls,False,
{F-0028056},02/18/2010 08:20:00,NA0013,PC-1013,0BA1858B.txt,False,
{F-0024306},02/18/2010 08:21:00,LA0011,PC-1011,3E038358.pdf,False,
{F-0018340},02/18/2010 08:22:00,IA0008,PC-1008,65D83D2F.pdf,False,
{F-0018343},02/18/2010 08:26:00,IA0008,PC-1008,556F55D4.jpg,False,
{F-0016886},02/18/2010 08:28:00,HA0007,PC-1007,2E06721B.xlsx,False,
{F-0015548},02/18/2010 08:31:00,GA0006,PC-1006,0453E5C2.jpg,False,
{F-0028050},02/18/2010 08:32:00,NA0013,PC-1013,2B4DEF46.txt,False,
{F-0018328},02/18/2010 08:44:00,IA0008,PC-1008,6C702902.txt,False,
{F-0020298},02/18/2010 08:45:00,JA0009,PC-1009,0792CCB3.jpg,False,
{F-0010351},02/18/2010 08:52:00,DA0003,PC-1003,25A21C22.doc,False,
{F-0020290},02/18/2010 08:53:00,JA0009,PC-1009,3B859E25.doc,False,
{F-0004331},02/18/2010 08:54:00,BA0001,PC-1001,45BD1C23.doc,False,
{F-0020302},02/18/2010 08:55:00,JA0009,PC-1009,0CDB6612.doc,False,
{F-0024304},02/18/2010 08:59:00,LA0011,PC-1011,E19AA180.xls,False,
{F-0020286},02/18/2010 09:04:00,JA0009,PC-1009,762B3E85.xls,False,
{F-0020292},02/18/2010 09:05:00,JA0009,PC-1009,C23D8B93.doc,False,
{F-0022263},02/18/2010 09:07:00,KA0010,PC-1010,DAC1A87F.xlsx,False,
{F-0020294},02/18/2010 09:09:00,JA0009,PC-1009,BD21D5C5.jpg,False,
{F-0018337},02/18/2010 09:10:00,IA0008,PC-1008,7332E716.pdf,False,
{F-0026273},02/18/2010 09:10:00,MA0012,PC-1012,4A38EB82.xlsx,False,
{F-0001741},02/18/2010 09:13:00,AA0000,PC-1000,4D748840.jpg,False,
{F-0022253},02/18/2010 09:16:00,KA0010,PC-1010,FF7743B4.jpg,False,
{F-0018342},02/18/2010 09:18:00,IA0008,PC-1008,DA1FE87B.xls,False,
{F-0020283},02/18/2010 09:25:00,JA0009,PC-1009,CBBDCA54.doc,False,
{F-0024303},02/18/2010 09:29:00,LA0011,PC-1011,8A56CE46.pdf,False,
{F-0018331},02/18/2010 09:30:00,IA0008,PC-1008,FB9C5599.jpg,False,
{F-0033750},02/18/2010 09:30:00,QA0016,PC-1016,AA59EE73.xls,False,
{F-0020295},02/18/2010 09:31:00,JA0009,PC-1009,E41E9D5D.doc,False,
{F-0007570},02/18/2010 09:32:00,CA0002,PC-1002,B86CF99B.doc,False,
{F-0018332},02/18/2010 09:32:00,IA0008,PC-1008,1E531B65.doc,False,
{F-0024311},02/18/2010 09:33:00,LA0011,PC-1011,A2097E14.pdf,False,
{F-0020296},02/18/2010 09:34:00,JA0009,PC-1009,3438080D.xlsx,False,
{F-0013377},02/18/2010 09:37:00,FA0005,PC-1005,F3EC47A5.doc,False,
{F-0018350},02/18/2010 09:37:00,IA0008,PC-1008,B4D4CC37.txt,False,
{F-0007557},02/18/2010 09:39:00,CA0002,PC-1002,084C82DD.xlsx,False,
{F-0001737},02/18/2010 09:45:00,AA0000,PC-1000,778CAF46.txt,False,
{F-0011949},02/18/2010 09:45:00,EA0004,PC-1004,B84C2258.jpg,False,
{F-0018339},02/18/2010 09:45:00,IA0008,PC-1008,BAF9458E.xlsx,False,
{F-0032283},02/18/2010 09:46:00,PA0015,PC-1015,84CE2568.doc,False,
{F-0020299},02/18/2010 09:48:00,JA0009,PC-1009,3526E03B.doc,False,
{F-0007558},02/18/2010 09:49:00,CA0002,PC-1002,93454ED9.pdf,False,
{F-0001740},02/18/2010 09:52:00,AA0000,PC-1000,461FF631.doc,False,
{F-0007564},02/18/2010 09:55:00,CA0002,PC-1002,19F15C27.txt,False,
{F-0007579},02/18/2010 09:55:00,CA0002,PC-1002,24459C2F.jpg,False,
{F-0026275},02/18/2010 09:56:00,MA0012,PC-1012,00001C4D.txt,False,
{F-0007556},02/18/2010 09:59:00,CA0002,PC-1002,4BFDA1DD.doc,False,
{F-0007583},02/18/2010 10:00:00,CA0002,PC-1002,DA3354A0.pdf,False,
{F-0020304},02/18/2010 10:05:00,JA0009,PC-1009,A506D468.txt,False,
{F-0013367},02/18/2010 10:10:00,FA0005,PC-1005,0293FD6D.doc,False,
{F-0007568},02/18/2010 10:11:00,CA0002,PC-1002,53BBA184.xls,False,
{F-0018346},02/18/2010 10:13:00,IA0008,PC-1008,BD686654.xls,False,
{F-0013378},02/18/2010 10:15:00,FA0005,PC-1005,BBDFA7C4.pdf,False,
{F-0013371},02/18/2010 10:17:00,FA0005,PC-1005,F6CFCE90.xlsx,False,
{F-0013393},02/18/2010 10:18:00,FA0005,PC-1005,43B8B347.doc,False,
{F-0010355},02/18/2010 10:21:00,DA0003,PC-1003,997A0A32.doc,False,
{F-0007586},02/18/2010 10:24:00,CA0002,PC-1002,92B5DCC9.doc,False,
{F-0011953},02/18/2010 10:26:00,EA0004,PC-1004,194721CF.pdf,False,
{F-0004326},02/18/2010 10:30:00,BA0001,PC-1001,35389877.xls,False,
{F-0028058},02/18/2010 10:30:00,NA0013,PC-1013,96065904.xls,False,
{F-0034890},02/18/2010 10:31:00,RA0017,PC-1017,BF1F1E76.pdf,False,
{F-0013389},02/18/2010 10:33:00,FA0005,PC-1005,22E394F6.txt,False,
{F-0011951},02/18/2010 10:34:00,EA0004,PC-1004,609BFDDD.doc,False,
{F-0004323},02/18/2010 10:35:00,BA0001,PC-1001,CD170539.jpg,False,
{F-0016883},02/18/2010 10:40:00,HA0007,PC-1007,B4BEE6F3.doc,False,
{F-0020293},02/18/2010 10:43:00,JA0009,PC-1009,A9C327A6.xls,False,
{F-0022260},02/18/2010 10:47:00,KA0010,PC-1010,FB714931.xls,False,
{F-0001736},02/18/2010 10:49:00,AA0000,PC-1000,76AA6268.xls,False,
{F-0032286},02/18/2010 10:51:00,PA0015,PC-1015,9E914755.xls,False,
{F-0007561},02/18/2010 10:57:00,CA0002,PC-1002,79626028.jpg,False,
{F-0016888},02/18/2010 10:59:00,HA0007,PC-1007,5C6185AC.jpg,False,
{F-0010354},02/18/2010 11:02:00,DA0003,PC-1003,81B05983.pdf,False,
{F-0010356},02/18/2010 11:02:00,DA0003,PC-1003,25B33E2D.jpg,False,
{F-0013390},02/18/2010 11:03:00,FA0005,PC-1005,B451D71A.xlsx,False,
{F-0022258},02/18/2010 11:04:00,KA0010,PC-1010,A0B249F0.jpg,False,
{F-0033747},02/18/2010 11:07:00,QA0016,PC-1016,8F3C9AD8.jpg,False,
{F-0018341},02/18/2010 11:16:00,IA0008,PC-1008,F33B872B.doc,False,
{F-0028045},02/18/2010 11:19:00,NA0013,PC-1013,98D88298.txt,False,
{F-0016885},02/18/2010 11:23:00,HA0007,PC-1007,B70E3615.txt,False,
{F-0018325},02/18/2010 11:24:00,IA0008,PC-1008,C05E7C6E.pdf,False,
{F-0028055},02/18/2010 11:31:00,NA0013,PC-1013,3DEA2D51.doc,False,
{F-0004325},02/18/2010 11:35:00,BA0001,PC-1001,0A7B32F4.xls,False,
{F-0026276},02/18/2010 11:39:00,MA0012,PC-1012,44F69821.txt,False,
{F-0004332},02/18/2010 11:41:00,BA0001,PC-1001,3D78D8F7.xlsx,False,
{F-0024312},02/18/2010 11:41:00,LA0011,PC-1011,DB8B1914.xlsx,False,
{F-0018327},02/18/2010 11:43:00,IA0008,PC-1008,AB3A1749.xlsx,False,
{F-0007569},02/18/2010 11:46:00,CA0002,PC-1002,5F728472.txt,False,
{F-0020306},02/18/2010 11:46:00,JA0009,PC-1009,5DF1B957.doc,False,
{F-0022261},02/18/2010 11:46:00,KA0010,PC-1010,D7F5E665.doc,False,
{F-0020282},02/18/2010 11:47:00,JA0009,PC-1009,A3975141.txt,False,
{F-0013373},02/18/2010 11:50:00,FA0005,PC-1005,76C9CA7E.txt,False,
{F-0016887},02/18/2010 11:51:00,HA0007,PC-1007,82EE9B33.xlsx,False,
{F-0020303},02/18/2010 11:51:00,JA0009,PC-1009,59A0CC70.xlsx,False,
{F-0022257},02/18/2010 11:57:00,KA0010,PC-1010,33729E0F.pdf,False,
{F-0016884},02/18/2010 12:05:00,HA0007,PC-1007,564CEEF5.xls,False,
{F-0022264},02/18/2010 12:06:00,KA0010,PC-1010,CF04251B.doc,False,
{F-0018333},02/18/2010 12:11:00,IA0008,PC-1008,35635813.pdf,False,
{F-0018354},02/18/2010 12:11:00,IA0008,PC-1008,61CB04F0.xlsx,False,
{F-0018326},02/18/2010 12:16:00,IA0008,PC-1008,1BA91FE0.xls,False,
{F-0020289},02/18/2010 12:22:00,JA0009,PC-1009,A6372E93.jpg,False,
{F-0010357},02/18/2010 12:23:00,DA0003,PC-1003,F194CDA0.xls,False,
{F-0020305},02/18/2010 12:32:00,JA0009,PC-1009,8673FCBB.txt,False,
{F-0022250},02/18/2010 12:35:00,KA0010,PC-1010,3A241929.doc,False,
{F-0020301},02/18/2010 12:37:00,JA0009,PC-1009,105F92EB.xlsx,False,
{F-0007575},02/18/2010 12:38:00,CA0002,PC-1002,031F0F0A.jpg,False,
{F-0022265},02/18/2010 12:39:00,KA0010,PC-1010,99AC17A1.txt,False,
{F-0013383},02/18/2010 12:40:00,FA0005,PC-1005,77E437B3.doc,False,
{F-0034891},02/18/2010 12:40:00,RA0017,PC-1017,ECE9AF55.doc,False,
{F-0022259},02/18/2010 12:44:00,KA0010,PC-1010,AC3439CF.doc,False,
{F-0020300},02/18/2010 12:46:00,JA0009,PC-1009,10E40007.txt,False,
{F-0004327},02/18/2010 12:47:00,BA0001,PC-1001,4C025BCF.doc,False,
{F-0001745},02/18/2010 12:50:00,AA0000,PC-1000,59AFE04E.txt,False,
{F-0007587},02/18/2010 12:50:00,CA0002,PC-1002,151869AB.xls,False,
{F-0020284},02/18/2010 12:51:00,JA0009,PC-1009,8AD1E58D.xlsx,False,
{F-0004329},02/18/2010 12:54:00,BA0001,PC-1001,4B2F683D.jpg,False,
{F-0013382},02/18/2010 12:54:00,FA0005,PC-1005,C9E20AFD.doc,False,
{F-0030456},02/18/2010 12:55:00,OA0014,PC-1014,6BE7D251.jpg,False,
{F-0026271},02/18/2010 12:57:00,MA0012,PC-1012,D7D97820.doc,False,
{F-0004330},02/18/2010 13:09:00,BA0001,PC-1001,2A394629.doc,False,
{F-0015551},02/18/2010 13:12:00,GA0006,PC-1006,D7427FC5.txt,False,
{F-0034889},02/18/2010 13:12:00,RA0017,PC-1017,198002A2.doc,False,
{F-0015549},02/18/2010 13:18:00,GA0006,PC-1006,3B900C43.pdf,False,
{F-0015547},02/18/2010 13:24:00,GA0006,PC-1006,A84E677C.xls,False,
{F-0011947},02/18/2010 13:26:00,EA0004,PC-1004,A8352CE5.doc,False,
{F-0032287},02/18/2010 13:26:00,PA0015,PC-1015,620EE03A.xls,False,
{F-0028054},02/18/2010 13:29:00,NA0013,PC-1013,33B3DE72.doc,False,
{F-0030459},02/18/2010 13:29:00,OA0014,PC-1014,AEA8F005.pdf,False,
{F-0007567},02/18/2010 13:34:00,CA0002,PC-1002,1359980E.jpg,False,
{F-0010350},02/18/2010 13:36:00,DA0003,PC-1003,74F5399D.doc,False,
{F-0020291},02/18/2010 13:38:00,JA0009,PC-1009,2DC9F382.txt,False,
{F-0011946},02/18/2010 13:42:00,EA0004,PC-1004,37ADC8DD.pdf,False,
{F-0018336},02/18/2010 13:42:00,IA0008,PC-1008,6521BC1B.pdf,False,
{F-0001739},02/18/2010 13:43:00,AA0000,PC-1000,4D0FCED5.xlsx,False,
{F-0018349},02/18/2010 13:43:00,IA0008,PC-1008,8895146C.jpg,False,
{F-0034893},02/18/2010 13:44:00,RA0017,PC-1017,06160BAD.xlsx,False,
{F-0018347},02/18/2010 13:45:00,IA0008,PC-1008,50CD6CA6.xlsx,False,
{F-0018352},02/18/2010 13:46:00,IA0008,PC-1008,57E9DDB1.xlsx,False,
{F-0013368},02/18/2010 13:49:00,FA0005,PC-1005,5F0677BD.txt,False,
{F-0007566},02/18/2010 13:51:00,CA0002,PC-1002,901C923C.txt,False,
{F-0011948},02/18/2010 13:53:00,EA0004,PC-1004,70D7F907.doc,False,
{F-0030460},02/18/2010 13:54:00,OA0014,PC-1014,9E1895EB.pdf,False,
{F-0034895},02/18/2010 13:55:00,RA0017,PC-1017,EFE55281.jpg,False,
{F-0004333},02/18/2010 13:57:00,BA0001,PC-1001,8A7D9A33.xls,False,
{F-0028051},02/18/2010 13:59:00,NA0013,PC-1013,D16070D1.jpg,False,
{F-0013385},02/18/2010 14:00:00,FA0005,PC-1005,583D9133.doc,False,
{F-0018348},02/18/2010 14:00:00,IA0008,PC-1008,FADF4A5E.doc,False,
{F-0013376},02/18/2010 14:05:00,FA0005,PC-1005,D94B3AA1.xlsx,False,
{F-0028047},02/18/2010 14:07:00,NA0013,PC-1013,FA996721.jpg,False,
{F-0007572},02/18/2010 14:08:00,CA0002,PC-1002,FF1C704D.doc,False,
{F-0007563},02/18/2010 14:12:00,CA0002,PC-1002,41B2ED24.xls,False,
{F-0001746},02/18/2010 14:15:00,AA0000,PC-1000,EED8FF5D.jpg,False,
{F-0016882},02/18/2010 14:15:00,HA0007,PC-1007,8622BF12.doc,False,
{F-0015550},02/18/2010 14:19:00,GA0006,PC-1006,17F9887D.doc,False,
{F-0010353},02/18/2010 14:20:00,DA0003,PC-1003,E4E279EF.jpg,False,
{F-0018335},02/18/2010 14:22:00,IA0008,PC-1008,7BF0F28E.pdf,False,
{F-0018330},02/18/2010 14:25:00,IA0008,PC-1008,CCABB788.doc,False,
{F-0034892},02/18/2010 14:26:00,RA0017,PC-1017,805171D1.pdf,False,
{F-0004324},02/18/2010 14:27:00,BA0001,PC-1001,D2E8F711.txt,False,
{F-0007589},02/18/2010 14:28:00,CA0002,PC-1002,CCB80647.doc,False,
{F-0010348},02/18/2010 14:28:00,DA0003,PC-1003,E9D1E887.txt,False,
{F-0024307},02/18/2010 14:29:00,LA0011,PC-1011,176A85F6.txt,False,
{F-0007588},02/18/2010 14:33:00,CA0002,PC-1002,54AE7327.xls,False,
{F-0020297},02/18/2010 14:33:00,JA0009,PC-1009,568B1B9B.jpg,False,
{F-0022252},02/18/2010 14:34:00,KA0010,PC-1010,8EF6ACD8.pdf,False,
{F-0022249},02/18/2010 14:36:00,KA0010,PC-1010,DA48D1D4.doc,False,
{F-0007560},02/18/2010 14:40:00,CA0002,PC-1002,B596DC3B.doc,False,
{F-0018334},02/18/2010 14:40:00,IA0008,PC-1008,60164F32.xls,False,
{F-0018351},02/18/2010 14:43:00,IA0008,PC-1008,98200419.doc,False,
{F-0020288},02/18/2010 14:44:00,JA0009,PC-1009,B39AF275.doc,False,
{F-0013381},02/18/2010 14:46:00,FA0005,PC-1005,B0A77B62.pdf,False,
{F-0001742},02/18/2010 14:47:00,AA0000,PC-1000,31F852D4.txt,False,
{F-0007582},02/18/2010 14:49:00,CA0002,PC-1002,45954C0C.jpg,False,
{F-0022256},02/18/2010 14:50:00,KA0010,PC-1010,40255DC9.jpg,False,
{F-0024308},02/18/2010 14:50:00,LA0011,PC-1011,31BBE011.xlsx,False,
{F-0010349},02/18/2010 14:52:00,DA0003,PC-1003,25D166BD.pdf,False,
{F-0016889},02/18/2010 14:53:00,HA0007,PC-1007,75408332.doc,False,
{F-0007571},02/18/2010 14:54:00,CA0002,PC-1002,956C750E.jpg,False,
{F-0018345},02/18/2010 14:54:00,IA0008,PC-1008,26C08201.doc,False,
{F-0018353},02/18/2010 14:55:00,IA0008,PC-1008,47115D65.jpg,False,
{F-0032285},02/18/2010 14:55:00,PA0015,PC-1015,F95A9E4A.doc,False,
{F-0026272},02/18/2010 14:57:00,MA0012,PC-1012,74EEFE07.xlsx,False,
{F-0011945},02/18/2010 14:59:00,EA0004,PC-1004,153C6F8D.xlsx,False,
{F-0018338},02/18/2010 14:59:00,IA0008,PC-1008,91F5010C.jpg,False,
{F-0022251},02/18/2010 15:04:00,KA0010,PC-1010,B8C8F910.doc,False,
{F-0001747},02/18/2010 15:05:00,AA0000,PC-1000,4385C0E9.xlsx,False,
{F-0018344},02/18/2010 15:06:00,IA0008,PC-1008,826E5F2F.doc,False,
{F-0024316},02/18/2010 15:11:00,LA0011,PC-1011,97730282.pdf,False,
{F-0026277},02/18/2010 15:20:00,MA0012,PC-1012,50A588A5.pdf,False,
{F-0007559},02/18/2010 15:21:00,CA0002,PC-1002,99E5310E.jpg,False,
{F-0026278},02/18/2010 15:26:00,MA0012,PC-1012,063190D2.doc,False,
{F-0024315},02/18/2010 15:28:00,LA0011,PC-1011,EAF0A802.txt,False,
{F-0013386},02/18/2010 15:32:00,FA0005,PC-1005,1DC32445.jpg,False,
{F-0013387},02/18/2010 15:32:00,FA0005,PC-1005,610CA3B7.doc,False,
{F-0018329},02/18/2010 15:33:00,IA0008,PC-1008,64921794.jpg,False,
{F-0032284},02/18/2010 15:34:00,PA0015,PC-1015,06FABB23.xls,False,
{F-0001744},02/18/2010 15:39:00,AA0000,PC-1000,11C9BCB6.pdf,False,
{F-0013369},02/18/2010 15:45:00,FA0005,PC-1005,4A0DAFBB.txt,False,
{F-0007580},02/18/2010 15:46:00,CA0002,PC-1002,4D027DD5.xlsx,False,
{F-0030457},02/18/2010 15:58:00,OA0014,PC-1014,655AEF66.xlsx,False,
{F-0007576},02/18/2010 15:59:00,CA0002,PC-1002,7B98979F.pdf,False,
{F-0011950},02/18/2010 16:00:00,EA0004,PC-1004,813BADB8.pdf,False,
{F-0026274},02/18/2010 16:00:00,MA0012,PC-1012,20414604.txt,False,
{F-0028059},02/18/2010 16:00:00,NA0013,PC-1013,B76D1CFD.jpg,False,
{F-0032288},02/18/2010 16:05:00,PA0015,PC-1015,5C980D7F.doc,False,
{F-0034894},02/18/2010 16:05:00,RA0017,PC-1017,B6E5FEBE.pdf,False,
{F-0024310},02/18/2010 16:10:00,LA0011,PC-1011,CFF169C7.txt,False,
{F-0028046},02/18/2010 16:10:00,NA0013,PC-1013,A3167B0A.doc,False,
{F-0028060},02/18/2010 16:12:00,NA0013,PC-1013,C9F7BA04.xls,False,
{F-0024302},02/18/2010 16:13:00,LA0011,PC-1011,EA620F79.doc,False,
{F-0022255},02/18/2010 16:14:00,KA0010,PC-1010,D47E62C0.doc,False,
{F-0011943},02/18/2010 16:22:00,EA0004,PC-1004,AD54789A.doc,False,
{F-0020287},02/18/2010 16:22:00,JA0009,PC-1009,5A65B793.xls,False,
{F-0033748},02/18/2010 16:27:00,QA0016,PC-1016,B857CD05.xlsx,False,
{F-0020285},02/18/2010 16:29:00,JA0009,PC-1009,5AF28718.doc,False,
{F-0013388},02/18/2010 16:32:00,FA0005,PC-1005,52775996.jpg,False,
{F-0015552},02/18/2010 16:33:00,GA0006,PC-1006,F7A47583.doc,False,
{F-0028052},02/18/2010 16:34:00,NA0013,PC-1013,E4825250.pdf,False,
{F-0024309},02/18/2010 16:40:00,LA0011,PC-1011,544C9BA3.jpg,False,
{F-0010352},02/18/2010 16:42:00,DA0003,PC-1003,6A06FDE1.doc,False,
{F-0030458},02/18/2010 16:45:00,OA0014,PC-1014,CF341215.txt,False,
{F-0022262},02/18/2010 16:47:00,KA0010,PC-1010,33184C7C.xlsx,False,
{F-0032282},02/18/2010 16:47:00,PA0015,PC-1015,55C6ADCE.jpg,False,
{F-0011952},02/18/2010 16:50:00,EA0004,PC-1004,F98A13E6.xls,False,
{F-0004328},02/18/2010 16:52:00,BA0001,PC-1001,177E5A1E.jpg,False,
{F-0024305},02/18/2010 16:52:00,LA0011,PC-1011,3B3C3DD4.jpg,False,
{F-0011944},02/18/2010 16:53:00,EA0004,PC-1004,119534C7.xlsx,False,
{F-0024313},02/18/2010 16:56:00,LA0011,PC-1011,F174D234.doc,False,
{F-0024317},02/18/2010 16:57:00,LA0011,PC-1011,59315A74.pdf,False,
{F-0001738},02/18/2010 17:00:00,AA0000,PC-1000,3236011D.xlsx,False,
{F-0013392},02/18/2010 17:01:00,FA0005,PC-1005,2D596B79.xls,False,
{F-0001743},02/18/2010 17:03:00,AA0000,PC-1000,5D39042C.txt,False,
{F-0007581},02/18/2010 17:07:00,CA0002,PC-1002,C695B61C.xlsx,False,
{F-0007577},02/18/2010 17:13:00,CA0002,PC-1002,12A83531.xls,False,
{F-0007562},02/18/2010 17:18:00,CA0002,PC-1002,B47E4E24.txt,False,
{F-0033746},02/18/2010 17:23:00,QA0016,PC-1016,59AD0C39.xlsx,False,
{F-0022254},02/18/2010 17:24:00,KA0010,PC-1010,94172CFE.txt,False,
{F-0011954},02/18/2010 17:25:00,EA0004,PC-1004,82315EAE.pdf,False,
{F-0007584},02/18/2010 17:26:00,CA0002,PC-1002,C5B00DD1.xlsx,False,
{F-0013391},02/18/2010 17:27:00,FA0005,PC-1005,0FCB5F28.doc,False,
{F-0022248},02/18/2010 17:29:00,KA0010,PC-1010,AD230EFE.xls,False,
{F-0007578},02/18/2010 17:30:00,CA0002,PC-1002,CE941F0B.xls,False,
{F-0013375},02/18/2010 17:33:00,FA0005,PC-1005,45414A87.txt,False,
{F-0013374},02/18/2010 17:36:00,FA0005,PC-1005,D17B4E1F.jpg,False,
{F-0007574},02/18/2010 17:43:00,CA0002,PC-1002,126B9C6B.xlsx,False,
{F-0007585},02/18/2010 17:57:00,CA0002,PC-1002,408F9E60.pdf,False,
{F-0007565},02/18/2010 17:58:00,CA0002,PC-1002,2D91B8F0.doc,False,
{F-0007573},02/18/2010 18:04:00,CA0002,PC-1002,AEE9DF2B.xlsx,False,
{F-0013384},02/18/2010 18:05:00,FA0005,PC-1005,2504D2D5.xlsx,False,
{F-0013380},02/18/2010 18:16:00,FA0005,PC-1005,5799E8A9.pdf,False,
{F-0013372},02/18/2010 18:18:00,FA0005,PC-1005,7B1DB041.doc,False,
{F-0013370},02/18/2010 18:26:00,FA0005,PC-1005,2329DDFD.xls,False,
{F-0033749},02/18/2010 18:26:00,QA0016,PC-1016,C1C41E50.doc,False,
{F-0013379},02/18/2010 18:41:00,FA0005,PC-1005,575668D9.xlsx,False,
{F-0018375},02/19/2010 07:35:00,IA0008,PC-1008,9C2E2022.jpg,False,
{F-0028096},02/19/2010 07:44:00,NA0013,PC-1013,23A7F875.jpg,False,
{F-0018380},02/19/2010 07:45:00,IA0008,PC-1008,97474FF9.xls,False,
{F-0028101},02/19/2010 08:08:00,NA0013,PC-1013,F6C89449.txt,False,
{F-0015615},02/19/2010 08:13:00,GA0006,PC-1006,9690EB80.doc,False,
{F-0026325},02/19/2010 08:16:00,MA0012,PC-1012,8DFFAD61.pdf,False,
{F-0028099},02/19/2010 08:21:00,NA0013,PC-1013,65022036.txt,False,
{F-0010422},02/19/2010 08:38:00,DA0003,PC-1003,869C13D8.xlsx,False,
{F-0015625},02/19/2010 08:41:00,GA0006,PC-1006,400B6204.doc,False,
{F-0015616},02/19/2010 08:45:00,GA0006,PC-1006,98DDC361.pdf,False,
{F-0028098},02/19/2010 08:49:00,NA0013,PC-1013,744DFF65.jpg,False,
{F-0024337},02/19/2010 08:50:00,LA0011,PC-1011,F0D467A1.pdf,False,
{F-0026324},02/19/2010 08:51:00,MA0012,PC-1012,E0DFAEE3.txt,False,
{F-0010426},02/19/2010 09:04:00,DA0003,PC-1003,A74B8527.xls,False,
{F-0033771},02/19/2010 09:09:00,QA0016,PC-1016,73BD22B8.pdf,False,
{F-0001792},02/19/2010 09:15:00,AA0000,PC-1000,E35840BF.pdf,False,
{F-0030516},02/19/2010 09:16:00,OA0014,PC-1014,79560288.jpg,False,
{F-0010423},02/19/2010 09:19:00,DA0003,PC-1003,C8C79CDC.xls,False,
{F-0004361},02/19/2010 09:24:00,BA0001,PC-1001,A04D4FA9.xlsx,False,
{F-0015620},02/19/2010 09:29:00,GA0006,PC-1006,DEA4EA8C.pdf,False,
{F-0022300},02/19/2010 09:31:00,KA0010,PC-1010,6BE13A64.jpg,False,
{F-0018382},02/19/2010 09:33:00,IA0008,PC-1008,9E11CB7D.txt,False,
{F-0001783},02/19/2010 09:34:00,AA0000,PC-1000,E3A62068.doc,False,
{F-0020352},02/19/2010 09:37:00,JA0009,PC-1009,85981502.xlsx,False,
{F-0020344},02/19/2010 09:38:00,JA0009,PC-1009,8AF9BCC8.pdf,False,
{F-0013416},02/19/2010 09:39:00,FA0005,PC-1005,51A7D4B5.pdf,False,
{F-0022298},02/19/2010 09:45:00,KA0010,PC-1010,73D27021.xls,False,
{F-0024338},02/19/2010 09:45:00,LA0011,PC-1011,FC51445E.doc,False,
{F-0030508},02/19/2010 09:45:00,OA0014,PC-1014,623690C1.doc,False,
{F-0020342},02/19/2010 09:48:00,JA0009,PC-1009,7A976EA7.pdf,False,
{F-0011976},02/19/2010 09:50:00,EA0004,PC-1004,3A32B470.txt,False,
{F-0010419},02/19/2010 09:51:00,DA0003,PC-1003,4C9CAE41.txt,False,
{F-0024345},02/19/2010 09:59:00,LA0011,PC-1011,C443AA2F.pdf,False,
{F-0030505},02/19/2010 10:00:00,OA0014,PC-1014,4C71A610.jpg,False,
{F-0030514},02/19/2010 10:00:00,OA0014,PC-1014,8D3BE4EC.xlsx,False,
{F-0034909},02/19/2010 10:00:00,RA0017,PC-1017,96C2FB1E.jpg,False,
{F-0015622},02/19/2010 10:05:00,GA0006,PC-1006,BD68A86C.jpg,False,
{F-0011973},02/19/2010 10:08:00,EA0004,PC-1004,217A6EC6.pdf,False,
{F-0034908},02/19/2010 10:09:00,RA0017,PC-1017,394BDACF.doc,False,
{F-0024333},02/19/2010 10:14:00,LA0011,PC-1011,E5D141A2.pdf,False,
{F-0004367},02/19/2010 10:15:00,BA0001,PC-1001,06047F4E.txt,False,
{F-0030515},02/19/2010 10:15:00,OA0014,PC-1014,EB2910E9.xlsx,False,
{F-0020348},02/19/2010 10:16:00,JA0009,PC-1009,0E870FB7.doc,False,
{F-0010420},02/19/2010 10:20:00,DA0003,PC-1003,545FEE5C.txt,False,
{F-0020353},02/19/2010 10:33:00,JA0009,PC-1009,5A195660.txt,False,
{F-0010432},02/19/2010 10:34:00,DA0003,PC-1003,32444D7C.txt,False,
{F-0015626},02/19/2010 10:34:00,GA0006,PC-1006,15CD5314.pdf,False,
{F-0033776},02/19/2010 10:36:00,QA0016,PC-1016,D79ECC93.jpg,False,
{F-0010434},02/19/2010 10:39:00,DA0003,PC-1003,5D2D3EEF.doc,False,
{F-0016908},02/19/2010 10:42:00,HA0007,PC-1007,1A5F87BD.xlsx,False,
{F-0022302},02/19/2010 10:43:00,KA0010,PC-1010,D7352771.xlsx,False,
{F-0024344},02/19/2010 10:44:00,LA0011,PC-1011,47432BFE.txt,False,
{F-0016913},02/19/2010 10:45:00,HA0007,PC-1007,E0A957F2.pdf,False,
{F-0004364},02/19/2010 10:46:00,BA0001,PC-1001,BC2A5797.xls,False,
{F-0022310},02/19/2010 10:48:00,KA0010,PC-1010,1C7F7774.xls,False,
{F-0026320},02/19/2010 10:52:00,MA0012,PC-1012,4DD99817.jpg,False,
{F-0022306},02/19/2010 11:00:00,KA0010,PC-1010,2410B07D.txt,False,
{F-0010427},02/19/2010 11:01:00,DA0003,PC-1003,07834822.xlsx,False,
{F-0010431},02/19/2010 11:01:00,DA0003,PC-1003,CC6B3304.pdf,False,
{F-0018384},02/19/2010 11:02:00,IA0008,PC-1008,5E3C8DE4.pdf,False,
{F-0020346},02/19/2010 11:04:00,JA0009,PC-1009,EB7F543D.xls,False,
{F-0018387},02/19/2010 11:11:00,IA0008,PC-1008,834ED9D6.xlsx,False,
{F-0028095},02/19/2010 11:11:00,NA0013,PC-1013,38669169.pdf,False,
{F-0016909},02/19/2010 11:13:00,HA0007,PC-1007,EF9EC286.xlsx,False,
{F-0001787},02/19/2010 11:14:00,AA0000,PC-1000,1DE90096.pdf,False,
{F-0020341},02/19/2010 11:36:00,JA0009,PC-1009,C241922F.txt,False,
{F-0030512},02/19/2010 11:37:00,OA0014,PC-1014,BCA3CD20.doc,False,
{F-0001788},02/19/2010 11:39:00,AA0000,PC-1000,A65B64EC.pdf,False,
{F-0018383},02/19/2010 11:39:00,IA0008,PC-1008,49EA1962.txt,False,
{F-0011981},02/19/2010 11:46:00,EA0004,PC-1004,326DF052.doc,False,
{F-0010424},02/19/2010 11:50:00,DA0003,PC-1003,6F4D4E62.doc,False,
{F-0015621},02/19/2010 11:53:00,GA0006,PC-1006,FA34C20B.doc,False,
{F-0018381},02/19/2010 11:59:00,IA0008,PC-1008,ABF8CE7B.doc,False,
{F-0010430},02/19/2010 12:01:00,DA0003,PC-1003,62041B27.pdf,False,
{F-0013412},02/19/2010 12:01:00,FA0005,PC-1005,A3BC80A8.txt,False,
{F-0011975},02/19/2010 12:03:00,EA0004,PC-1004,6813360A.doc,False,
{F-0022299},02/19/2010 12:06:00,KA0010,PC-1010,B79224EA.jpg,False,
{F-0001785},02/19/2010 12:07:00,AA0000,PC-1000,8F5E7D6E.xls,False,
{F-0032316},02/19/2010 12:07:00,PA0015,PC-1015,E517F97E.jpg,False,
{F-0030506},02/19/2010 12:09:00,OA0014,PC-1014,93DDA373.xls,False,
{F-0024335},02/19/2010 12:10:00,LA0011,PC-1011,EA72011F.pdf,False,
{F-0022308},02/19/2010 12:12:00,KA0010,PC-1010,21EF37E4.xls,False,
{F-0013410},02/19/2010 12:14:00,FA0005,PC-1005,81CC546A.doc,False,
{F-0015624},02/19/2010 12:16:00,GA0006,PC-1006,207A2683.doc,False,
{F-0011984},02/19/2010 12:18:00,EA0004,PC-1004,3CA455E0.pdf,False,
{F-0020347},02/19/2010 12:19:00,JA0009,PC-1009,100B0F8C.xlsx,False,
{F-0004369},02/19/2010 12:20:00,BA0001,PC-1001,1AA7DE09.xls,False,
{F-0016911},02/19/2010 12:21:00,HA0007,PC-1007,4B5EAA55.xls,False,
{F-0011983},02/19/2010 12:24:00,EA0004,PC-1004,082E0155.doc,False,
{F-0032314},02/19/2010 12:25:00,PA0015,PC-1015,E5911774.xls,False,
{F-0022303},02/19/2010 12:28:00,KA0010,PC-1010,77BED551.xlsx,False,
{F-0033773},02/19/2010 12:28:00,QA0016,PC-1016,E8975538.pdf,False,
{F-0001789},02/19/2010 12:29:00,AA0000,PC-1000,585B018B.doc,False,
{F-0013417},02/19/2010 12:30:00,FA0005,PC-1005,A0757C36.jpg,False,
{F-0024343},02/19/2010 12:33:00,LA0011,PC-1011,21E612BA.txt,False,
{F-0022314},02/19/2010 12:36:00,KA0010,PC-1010,E1C753C7.jpg,False,
{F-0030507},02/19/2010 12:43:00,OA0014,PC-1014,1D95B566.jpg,False,
{F-0026319},02/19/2010 12:47:00,MA0012,PC-1012,F022817C.xlsx,False,
{F-0010429},02/19/2010 12:52:00,DA0003,PC-1003,7F62C384.xlsx,False,
{F-0030513},02/19/2010 12:53:00,OA0014,PC-1014,9B92FA34.xls,False,
{F-0033772},02/19/2010 12:54:00,QA0016,PC-1016,B5FC56AD.pdf,False,
{F-0024331},02/19/2010 12:56:00,LA0011,PC-1011,03E6F531.doc,False,
{F-0016906},02/19/2010 12:59:00,HA0007,PC-1007,BE59662C.doc,False,
{F-0028100},02/19/2010 13:01:00,NA0013,PC-1013,9B280341.jpg,False,
{F-0032313},02/19/2010 13:04:00,PA0015,PC-1015,02039ABF.txt,False,
{F-0010428},02/19/2010 13:05:00,DA0003,PC-1003,0C9C53E9.xlsx,False,
{F-0030504},02/19/2010 13:06:00,OA0014,PC-1014,38B286C3.xls,False,
{F-0010433},02/19/2010 13:07:00,DA0003,PC-1003,E976C32D.xlsx,False,
{F-0026321},02/19/2010 13:13:00,MA0012,PC-1012,AF4E9602.xls,False,
{F-0018379},02/19/2010 13:15:00,IA0008,PC-1008,A386883B.jpg,False,
{F-0024341},02/19/2010 13:15:00,LA0011,PC-1011,A4D8D379.xlsx,False,
{F-0013411},02/19/2010 13:17:00,FA0005,PC-1005,823C42CA.xlsx,False,
{F-0001793},02/19/2010 13:22:00,AA0000,PC-1000,755AE09A.doc,False,
{F-0001794},02/19/2010 13:29:00,AA0000,PC-1000,096EF9EE.xlsx,False,
{F-0001786},02/19/2010 13:31:00,AA0000,PC-1000,45A976AE.doc,False,
{F-0030511},02/19/2010 13:32:00,OA0014,PC-1014,5046ACD1.xlsx,False,
{F-0004360},02/19/2010 13:33:00,BA0001,PC-1001,ABCA0A90.jpg,False,
{F-0011982},02/19/2010 13:33:00,EA0004,PC-1004,FCC88F0B.pdf,False,
{F-0018378},02/19/2010 13:35:00,IA0008,PC-1008,41E570B9.jpg,False,
{F-0015614},02/19/2010 13:39:00,GA0006,PC-1006,1A4FCB97.doc,False,
{F-0004363},02/19/2010 13:40:00,BA0001,PC-1001,E08D4AF4.xls,False,
{F-0011978},02/19/2010 13:41:00,EA0004,PC-1004,625B20D8.doc,False,
{F-0015623},02/19/2010 13:42:00,GA0006,PC-1006,0B9C3855.doc,False,
{F-0026323},02/19/2010 13:45:00,MA0012,PC-1012,F13BB45D.xlsx,False,
{F-0004366},02/19/2010 13:51:00,BA0001,PC-1001,2BB7460E.xlsx,False,
{F-0011980},02/19/2010 13:52:00,EA0004,PC-1004,F82B4F29.xls,False,
{F-0016904},02/19/2010 13:55:00,HA0007,PC-1007,4E5C58BE.xls,False,
{F-0018385},02/19/2010 13:55:00,IA0008,PC-1008,E3F43A4C.doc,False,
{F-0011985},02/19/2010 13:58:00,EA0004,PC-1004,0CE948F6.txt,False,
{F-0013408},02/19/2010 13:58:00,FA0005,PC-1005,0AB7B949.xlsx,False,
{F-0032315},02/19/2010 14:06:00,PA0015,PC-1015,F92BA352.jpg,False,
{F-0018386},02/19/2010 14:12:00,IA0008,PC-1008,2405912E.jpg,False,
{F-0030509},02/19/2010 14:13:00,OA0014,PC-1014,0CD3A64D.xls,False,
{F-0024342},02/19/2010 14:19:00,LA0011,PC-1011,F5106A80.doc,False,
{F-0004368},02/19/2010 14:23:00,BA0001,PC-1001,7869F8D7.pdf,False,
{F-0011977},02/19/2010 14:24:00,EA0004,PC-1004,D210A5AC.doc,False,
{F-0020350},02/19/2010 14:24:00,JA0009,PC-1009,8B65B11E.doc,False,
{F-0010421},02/19/2010 14:25:00,DA0003,PC-1003,D072FF6B.txt,False,
{F-0001782},02/19/2010 14:27:00,AA0000,PC-1000,E6A9E584.jpg,False,
{F-0030510},02/19/2010 14:27:00,OA0014,PC-1014,3001F18C.txt,False,
{F-0015618},02/19/2010 14:28:00,GA0006,PC-1006,19D151CC.doc,False,
{F-0010425},02/19/2010 14:43:00,DA0003,PC-1003,666066A0.jpg,False,
{F-0004358},02/19/2010 14:45:00,BA0001,PC-1001,E4E6A238.xlsx,False,
{F-0004355},02/19/2010 14:47:00,BA0001,PC-1001,7EB45491.xlsx,False,
{F-0024330},02/19/2010 14:54:00,LA0011,PC-1011,7CA7B387.jpg,False,
{F-0020351},02/19/2010 14:58:00,JA0009,PC-1009,3B0A8764.xls,False,
{F-0024339},02/19/2010 15:06:00,LA0011,PC-1011,EB8E8BF9.xlsx,False,
{F-0016907},02/19/2010 15:07:00,HA0007,PC-1007,B63C4E67.doc,False,
{F-0030517},02/19/2010 15:12:00,OA0014,PC-1014,95814162.txt,False,
{F-0026322},02/19/2010 15:13:00,MA0012,PC-1012,D6462325.pdf,False,
{F-0024340},02/19/2010 15:15:00,LA0011,PC-1011,782051FD.pdf,False,
{F-0015613},02/19/2010 15:16:00,GA0006,PC-1006,A77103C8.xlsx,False,
{F-0020345},02/19/2010 15:16:00,JA0009,PC-1009,E5F101AC.doc,False,
{F-0030503},02/19/2010 15:20:00,OA0014,PC-1014,AA4AAD9D.txt,False,
{F-0011979},02/19/2010 15:21:00,EA0004,PC-1004,0DFC3B35.jpg,False,
{F-0022307},02/19/2010 15:22:00,KA0010,PC-1010,DC5CD189.jpg,False,
{F-0024332},02/19/2010 15:23:00,LA0011,PC-1011,3BE33EDB.doc,False,
{F-0020343},02/19/2010 15:25:00,JA0009,PC-1009,01ACB246.txt,False,
{F-0024334},02/19/2010 15:25:00,LA0011,PC-1011,24EE3ED8.txt,False,
{F-0016905},02/19/2010 15:26:00,HA0007,PC-1007,2C8A2D78.doc,False,
{F-0020349},02/19/2010 15:30:00,JA0009,PC-1009,7993EF36.txt,False,
{F-0011974},02/19/2010 15:33:00,EA0004,PC-1004,CDEE63EA.doc,False,
{F-0024336},02/19/2010 15:33:00,LA0011,PC-1011,FC933CBF.pdf,False,
{F-0011972},02/19/2010 15:34:00,EA0004,PC-1004,E7DCFF5F.jpg,False,
{F-0004362},02/19/2010 15:36:00,BA0001,PC-1001,53154AC6.xls,False,
{F-0026326},02/19/2010 15:43:00,MA0012,PC-1012,2C18AA04.doc,False,
{F-0001784},02/19/2010 15:49:00,AA0000,PC-1000,E9BED006.xlsx,False,
{F-0016912},02/19/2010 15:50:00,HA0007,PC-1007,E7228514.xlsx,False,
{F-0013409},02/19/2010 15:51:00,FA0005,PC-1005,72A100E0.xls,False,
{F-0015617},02/19/2010 15:57:00,GA0006,PC-1006,ED5AB356.doc,False,
{F-0013415},02/19/2010 16:01:00,FA0005,PC-1005,E49F662D.xlsx,False,
{F-0004357},02/19/2010 16:02:00,BA0001,PC-1001,D09B5295.pdf,False,
{F-0033769},02/19/2010 16:04:00,QA0016,PC-1016,71D7250F.doc,False,
{F-0026318},02/19/2010 16:14:00,MA0012,PC-1012,CA95DFF5.doc,False,
{F-0004356},02/19/2010 16:18:00,BA0001,PC-1001,015F93EA.txt,False,
{F-0022305},02/19/2010 16:19:00,KA0010,PC-1010,D9CEFBF2.pdf,False,
{F-0004365},02/19/2010 16:36:00,BA0001,PC-1001,8DA74572.doc,False,
{F-0015619},02/19/2010 16:37:00,GA0006,PC-1006,0581B5CB.doc,False,
{F-0018376},02/19/2010 16:38:00,IA0008,PC-1008,FCF97B5A.txt,False,
{F-0022313},02/19/2010 16:40:00,KA0010,PC-1010,10EA668A.txt,False,
{F-0028097},02/19/2010 16:40:00,NA0013,PC-1013,7632F8EE.xls,False,
{F-0013418},02/19/2010 16:43:00,FA0005,PC-1005,F7174724.xls,False,
{F-0001790},02/19/2010 16:48:00,AA0000,PC-1000,54213364.xlsx,False,
{F-0033775},02/19/2010 16:48:00,QA0016,PC-1016,1E48F35F.txt,False,
{F-0013407},02/19/2010 16:52:00,FA0005,PC-1005,685D4BDC.pdf,False,
{F-0001791},02/19/2010 16:56:00,AA0000,PC-1000,25AE7708.xlsx,False,
{F-0004359},02/19/2010 16:56:00,BA0001,PC-1001,989CE37D.jpg,False,
{F-0022312},02/19/2010 16:58:00,KA0010,PC-1010,C7235707.txt,False,
{F-0016910},02/19/2010 17:04:00,HA0007,PC-1007,4A2AFA70.xlsx,False,
{F-0018377},02/19/2010 17:08:00,IA0008,PC-1008,6070118A.xlsx,False,
{F-0033770},02/19/2010 17:21:00,QA0016,PC-1016,5E9966B2.doc,False,
{F-0022309},02/19/2010 17:29:00,KA0010,PC-1010,D0096E33.doc,False,
{F-0022301},02/19/2010 17:48:00,KA0010,PC-1010,E03C60AC.doc,False,
{F-0033774},02/19/2010 17:56:00,QA0016,PC-1016,8ADAF5A2.pdf,False,
{F-0013413},02/19/2010 17:58:00,FA0005,PC-1005,727E0571.doc,False,
{F-0013414},02/19/2010 18:01:00,FA0005,PC-1005,99400E42.txt,False,
{F-0022311},02/19/2010 18:02:00,KA0010,PC-1010,54D13FA9.jpg,False,
{F-0022304},02/19/2010 18:06:00,KA0010,PC-1010,B73F1CAA.doc,False,
{F-0004370},02/19/2010 18:11:00,BA0001,PC-1001,48A45FF0.doc,False,
{F-0034910},02/19/2010 18:26:00,RA0017,PC-1017,A8B51243.xls,False,
{F-0033768},02/19/2010 18:29:00,QA0016,PC-1016,F62442AF.doc,False,
{F-0026360},02/22/2010 08:02:00,MA0012,PC-1012,99470034.doc,False,
{F-0030572},02/22/2010 08:13:00,OA0014,PC-1014,D6994A77.txt,False,
{F-0026357},02/22/2010 08:17:00,MA0012,PC-1012,A8E546E9.doc,False,
{F-0020372},02/22/2010 08:23:00,JA0009,PC-1009,A026341D.doc,False,
{F-0024371},02/22/2010 08:23:00,LA0011,PC-1011,2108FBB5.pdf,False,
{F-0030580},02/22/2010 08:29:00,OA0014,PC-1014,33B08B61.pdf,False,
{F-0024375},02/22/2010 08:31:00,LA0011,PC-1011,234A121E.xls,False,
{F-0024378},02/22/2010 08:35:00,LA0011,PC-1011,9D6E848F.doc,False,
{F-0024385},02/22/2010 08:35:00,LA0011,PC-1011,C2E69257.txt,False,
{F-0004402},02/22/2010 08:38:00,BA0001,PC-1001,2202885B.xlsx,False,
{F-0001839},02/22/2010 08:41:00,AA0000,PC-1000,63F43226.xls,False,
{F-0018396},02/22/2010 08:46:00,IA0008,PC-1008,9606A18C.doc,False,
{F-0020375},02/22/2010 08:50:00,JA0009,PC-1009,2C63BC51.xlsx,False,
{F-0018411},02/22/2010 08:52:00,IA0008,PC-1008,B37FF9EC.txt,False,
{F-0030570},02/22/2010 08:52:00,OA0014,PC-1014,539CA720.doc,False,
{F-0010477},02/22/2010 08:53:00,DA0003,PC-1003,71F65130.xls,False,
{F-0010478},02/22/2010 08:55:00,DA0003,PC-1003,4490B066.xlsx,False,
{F-0032353},02/22/2010 09:02:00,PA0015,PC-1015,FAACE01D.xlsx,False,
{F-0004388},02/22/2010 09:13:00,BA0001,PC-1001,9BDC15B2.jpg,False,
{F-0007696},02/22/2010 09:16:00,CA0002,PC-1002,BCA3263C.xlsx,False,
{F-0022335},02/22/2010 09:19:00,KA0010,PC-1010,3D1002F3.xls,False,
{F-0032345},02/22/2010 09:22:00,PA0015,PC-1015,D3349C4F.txt,False,
{F-0033816},02/22/2010 09:29:00,QA0016,PC-1016,C86AF00D.txt,False,
{F-0007691},02/22/2010 09:30:00,CA0002,PC-1002,C5FF7686.xlsx,False,
{F-0020376},02/22/2010 09:32:00,JA0009,PC-1009,05B3E3B6.xlsx,False,
{F-0026364},02/22/2010 09:34:00,MA0012,PC-1012,25A2BBA6.doc,False,
{F-0028135},02/22/2010 09:34:00,NA0013,PC-1013,D41CBB27.xlsx,False,
{F-0030578},02/22/2010 09:35:00,OA0014,PC-1014,AFB71A7F.pdf,False,
{F-0024384},02/22/2010 09:36:00,LA0011,PC-1011,FD190066.txt,False,
{F-0007657},02/22/2010 09:38:00,CA0002,PC-1002,3DA5A300.xls,False,
{F-0018406},02/22/2010 09:38:00,IA0008,PC-1008,1895F3F4.doc,False,
{F-0007693},02/22/2010 09:51:00,CA0002,PC-1002,891820A5.doc,False,
{F-0010483},02/22/2010 09:53:00,DA0003,PC-1003,1F0CB49E.doc,False,
{F-0024376},02/22/2010 09:53:00,LA0011,PC-1011,C78AAB94.pdf,False,
{F-0018397},02/22/2010 09:54:00,IA0008,PC-1008,7BADF1AE.xlsx,False,
{F-0022331},02/22/2010 09:55:00,KA0010,PC-1010,3E75E369.xlsx,False,
{F-0028139},02/22/2010 10:01:00,NA0013,PC-1013,71A37578.pdf,False,
{F-0028128},02/22/2010 10:03:00,NA0013,PC-1013,C05650A0.xlsx,False,
{F-0030573},02/22/2010 10:03:00,OA0014,PC-1014,181C8A8F.txt,False,
{F-0033817},02/22/2010 10:04:00,QA0016,PC-1016,F4348812.jpg,False,
{F-0013446},02/22/2010 10:08:00,FA0005,PC-1005,ECE621D5.xls,False,
{F-0015672},02/22/2010 10:13:00,GA0006,PC-1006,755890B3.doc,False,
{F-0033815},02/22/2010 10:13:00,QA0016,PC-1016,43E3FCE1.jpg,False,
{F-0010484},02/22/2010 10:14:00,DA0003,PC-1003,C296B46F.txt,False,
{F-0013452},02/22/2010 10:15:00,FA0005,PC-1005,8C5E4C25.doc,False,
{F-0010476},02/22/2010 10:16:00,DA0003,PC-1003,2EBE2D75.doc,False,
{F-0012000},02/22/2010 10:17:00,EA0004,PC-1004,F7491556.pdf,False,
{F-0032354},02/22/2010 10:17:00,PA0015,PC-1015,302E9271.pdf,False,
{F-0018402},02/22/2010 10:18:00,IA0008,PC-1008,2062D6BE.xlsx,False,
{F-0020378},02/22/2010 10:20:00,JA0009,PC-1009,95338B05.txt,False,
{F-0013443},02/22/2010 10:24:00,FA0005,PC-1005,D85CC161.xls,False,
{F-0007672},02/22/2010 10:28:00,CA0002,PC-1002,96187D4D.doc,False,
{F-0007680},02/22/2010 10:33:00,CA0002,PC-1002,7B6F1876.jpg,False,
{F-0022342},02/22/2010 10:33:00,KA0010,PC-1010,58A458CF.txt,False,
{F-0018401},02/22/2010 10:35:00,IA0008,PC-1008,DD0F16A0.xlsx,False,
{F-0030574},02/22/2010 10:36:00,OA0014,PC-1014,7216EC0B.pdf,False,
{F-0030568},02/22/2010 10:39:00,OA0014,PC-1014,EF5BD9A7.xlsx,False,
{F-0007660},02/22/2010 10:41:00,CA0002,PC-1002,EB3E4D7A.xls,False,
{F-0024386},02/22/2010 10:44:00,LA0011,PC-1011,EE0086BA.xls,False,
{F-0030576},02/22/2010 10:51:00,OA0014,PC-1014,830AA214.xls,False,
{F-0020364},02/22/2010 10:52:00,JA0009,PC-1009,01602518.doc,False,
{F-0018409},02/22/2010 10:54:00,IA0008,PC-1008,8BC8D605.doc,False,
{F-0024389},02/22/2010 10:54:00,LA0011,PC-1011,78100E22.xlsx,False,
{F-0007670},02/22/2010 10:58:00,CA0002,PC-1002,1F93A335.txt,False,
{F-0016932},02/22/2010 11:02:00,HA0007,PC-1007,9CE39B3A.pdf,False,
{F-0032356},02/22/2010 11:05:00,PA0015,PC-1015,371E67D5.pdf,False,
{F-0010475},02/22/2010 11:14:00,DA0003,PC-1003,DF049756.pdf,False,
{F-0001835},02/22/2010 11:17:00,AA0000,PC-1000,27C4B28C.xls,False,
{F-0016930},02/22/2010 11:18:00,HA0007,PC-1007,C57F53AD.xlsx,False,
{F-0018404},02/22/2010 11:18:00,IA0008,PC-1008,C7387746.xlsx,False,
{F-0032350},02/22/2010 11:24:00,PA0015,PC-1015,F5A8A240.jpg,False,
{F-0007667},02/22/2010 11:25:00,CA0002,PC-1002,8CC67E80.txt,False,
{F-0010481},02/22/2010 11:33:00,DA0003,PC-1003,F9FA7F86.txt,False,
{F-0020374},02/22/2010 11:33:00,JA0009,PC-1009,B2DADC2E.txt,False,
{F-0001833},02/22/2010 11:35:00,AA0000,PC-1000,5128AAA7.txt,False,
{F-0012006},02/22/2010 11:37:00,EA0004,PC-1004,394A917C.doc,False,
{F-0012002},02/22/2010 11:38:00,EA0004,PC-1004,0F36581E.doc,False,
{F-0011998},02/22/2010 11:48:00,EA0004,PC-1004,9081B337.xlsx,False,
{F-0024379},02/22/2010 11:49:00,LA0011,PC-1011,D5C3E559.pdf,False,
{F-0011996},02/22/2010 11:51:00,EA0004,PC-1004,74253BE5.txt,False,
{F-0020367},02/22/2010 11:51:00,JA0009,PC-1009,B1AEF946.xls,False,
{F-0010482},02/22/2010 11:52:00,DA0003,PC-1003,93F1FCE9.xls,False,
{F-0004389},02/22/2010 11:53:00,BA0001,PC-1001,E8A4ADE2.pdf,False,
{F-0007687},02/22/2010 11:54:00,CA0002,PC-1002,200C340C.xls,False,
{F-0013440},02/22/2010 11:55:00,FA0005,PC-1005,7133DB7A.xls,False,
{F-0022343},02/22/2010 11:57:00,KA0010,PC-1010,C59F3237.doc,False,
{F-0012005},02/22/2010 11:58:00,EA0004,PC-1004,EE6663AE.xlsx,False,
{F-0018395},02/22/2010 12:03:00,IA0008,PC-1008,74929541.doc,False,
{F-0018407},02/22/2010 12:03:00,IA0008,PC-1008,768F19BB.xls,False,
{F-0001829},02/22/2010 12:04:00,AA0000,PC-1000,5D8E5506.doc,False,
{F-0020373},02/22/2010 12:04:00,JA0009,PC-1009,3A100E24.doc,False,
{F-0007681},02/22/2010 12:05:00,CA0002,PC-1002,8D20D5D1.pdf,False,
{F-0030567},02/22/2010 12:05:00,OA0014,PC-1014,7E6B9A39.jpg,False,
{F-0004399},02/22/2010 12:07:00,BA0001,PC-1001,68681313.jpg,False,
{F-0007658},02/22/2010 12:07:00,CA0002,PC-1002,871707D4.doc,False,
{F-0007697},02/22/2010 12:08:00,CA0002,PC-1002,0F55EE18.jpg,False,
{F-0013445},02/22/2010 12:12:00,FA0005,PC-1005,97300F84.txt,False,
{F-0024373},02/22/2010 12:12:00,LA0011,PC-1011,652F8DE9.doc,False,
{F-0013450},02/22/2010 12:15:00,FA0005,PC-1005,7CA339CB.jpg,False,
{F-0024381},02/22/2010 12:15:00,LA0011,PC-1011,32D377B9.jpg,False,
{F-0034928},02/22/2010 12:16:00,RA0017,PC-1017,46E03733.xls,False,
{F-0004386},02/22/2010 12:23:00,BA0001,PC-1001,6754888D.doc,False,
{F-0030579},02/22/2010 12:25:00,OA0014,PC-1014,0770BCAA.pdf,False,
{F-0024393},02/22/2010 12:29:00,LA0011,PC-1011,8E96E023.xls,False,
{F-0007661},02/22/2010 12:34:00,CA0002,PC-1002,712A04D6.doc,False,
{F-0026365},02/22/2010 12:35:00,MA0012,PC-1012,917BEE99.xlsx,False,
{F-0024388},02/22/2010 12:36:00,LA0011,PC-1011,C0B90733.txt,False,
{F-0016933},02/22/2010 12:41:00,HA0007,PC-1007,BB757277.jpg,False,
{F-0007677},02/22/2010 12:46:00,CA0002,PC-1002,34D9948D.doc,False,
{F-0020379},02/22/2010 12:46:00,JA0009,PC-1009,A035C7DC.xls,False,
{F-0024382},02/22/2010 12:48:00,LA0011,PC-1011,B16700ED.pdf,False,
{F-0013442},02/22/2010 12:53:00,FA0005,PC-1005,14173F00.xlsx,False,
{F-0001827},02/22/2010 12:55:00,AA0000,PC-1000,5208A5C5.doc,False,
{F-0010474},02/22/2010 12:56:00,DA0003,PC-1003,C375CB76.jpg,False,
{F-0012001},02/22/2010 12:56:00,EA0004,PC-1004,2C55BBBF.jpg,False,
{F-0024391},02/22/2010 12:56:00,LA0011,PC-1011,E8F9895B.doc,False,
{F-0012007},02/22/2010 12:59:00,EA0004,PC-1004,7A2A1A33.xlsx,False,
{F-0022345},02/22/2010 12:59:00,KA0010,PC-1010,1E1CF516.jpg,False,
{F-0007689},02/22/2010 13:01:00,CA0002,PC-1002,A16B8EC9.doc,False,
{F-0010480},02/22/2010 13:04:00,DA0003,PC-1003,2ED5CD39.txt,False,
{F-0011997},02/22/2010 13:09:00,EA0004,PC-1004,98E5B96E.xlsx,False,
{F-0026361},02/22/2010 13:09:00,MA0012,PC-1012,F0F1E5CE.doc,False,
{F-0028140},02/22/2010 13:10:00,NA0013,PC-1013,2956ABA8.doc,False,
{F-0032347},02/22/2010 13:11:00,PA0015,PC-1015,C26A3371.jpg,False,
{F-0020368},02/22/2010 13:12:00,JA0009,PC-1009,BA913861.xlsx,False,
{F-0030566},02/22/2010 13:14:00,OA0014,PC-1014,D6DA008E.xlsx,False,
{F-0022337},02/22/2010 13:18:00,KA0010,PC-1010,6E0A5093.xlsx,False,
{F-0007668},02/22/2010 13:19:00,CA0002,PC-1002,70C5AFA9.doc,False,
{F-0011999},02/22/2010 13:22:00,EA0004,PC-1004,772DACD6.xls,False,
{F-0007685},02/22/2010 13:27:00,CA0002,PC-1002,E4367583.pdf,False,
{F-0004400},02/22/2010 13:29:00,BA0001,PC-1001,E98EF581.doc,False,
{F-0001836},02/22/2010 13:30:00,AA0000,PC-1000,90F993CE.xlsx,False,
{F-0030571},02/22/2010 13:31:00,OA0014,PC-1014,E0C20C0F.doc,False,
{F-0020369},02/22/2010 13:33:00,JA0009,PC-1009,F68DEFC6.txt,False,
{F-0024372},02/22/2010 13:33:00,LA0011,PC-1011,B4931A4E.doc,False,
{F-0026362},02/22/2010 13:33:00,MA0012,PC-1012,9F454580.xlsx,False,
{F-0026366},02/22/2010 13:34:00,MA0012,PC-1012,33C5F073.doc,False,
{F-0007678},02/22/2010 13:36:00,CA0002,PC-1002,D1F8D99F.doc,False,
{F-0032351},02/22/2010 13:37:00,PA0015,PC-1015,BA4E09CD.pdf,False,
{F-0004394},02/22/2010 13:38:00,BA0001,PC-1001,CF207A12.jpg,False,
{F-0020381},02/22/2010 13:40:00,JA0009,PC-1009,7AD8EB53.txt,False,
{F-0022338},02/22/2010 13:41:00,KA0010,PC-1010,69DD4EE6.xlsx,False,
{F-0024369},02/22/2010 13:43:00,LA0011,PC-1011,B4BF62B2.xlsx,False,
{F-0026358},02/22/2010 13:44:00,MA0012,PC-1012,16A0F143.doc,False,
{F-0020380},02/22/2010 13:45:00,JA0009,PC-1009,E711B8A9.doc,False,
{F-0018410},02/22/2010 13:46:00,IA0008,PC-1008,AE138FE1.doc,False,
{F-0013438},02/22/2010 13:48:00,FA0005,PC-1005,0B9F7F44.doc,False,
{F-0028136},02/22/2010 13:55:00,NA0013,PC-1013,9EDE2482.doc,False,
{F-0001841},02/22/2010 13:57:00,AA0000,PC-1000,C1B1DA62.xls,False,
{F-0001840},02/22/2010 14:02:00,AA0000,PC-1000,4D7A3AA7.txt,False,
{F-0034929},02/22/2010 14:06:00,RA0017,PC-1017,E690E79F.xls,False,
{F-0012004},02/22/2010 14:07:00,EA0004,PC-1004,A930FD40.doc,False,
{F-0020366},02/22/2010 14:10:00,JA0009,PC-1009,D70396B9.doc,False,
{F-0018400},02/22/2010 14:11:00,IA0008,PC-1008,1DE94119.xls,False,
{F-0028138},02/22/2010 14:12:00,NA0013,PC-1013,F96E201B.xls,False,
{F-0028131},02/22/2010 14:13:00,NA0013,PC-1013,F1AF92D1.xlsx,False,
{F-0028134},02/22/2010 14:15:00,NA0013,PC-1013,397C4639.doc,False,
{F-0001831},02/22/2010 14:20:00,AA0000,PC-1000,BB95C01E.doc,False,
{F-0028130},02/22/2010 14:20:00,NA0013,PC-1013,4942C7D4.pdf,False,
{F-0028133},02/22/2010 14:20:00,NA0013,PC-1013,0C3D2404.jpg,False,
{F-0004390},02/22/2010 14:21:00,BA0001,PC-1001,057EAE4C.doc,False,
{F-0020371},02/22/2010 14:21:00,JA0009,PC-1009,C5B6098E.txt,False,
{F-0004395},02/22/2010 14:23:00,BA0001,PC-1001,AFD8934C.doc,False,
{F-0007676},02/22/2010 14:23:00,CA0002,PC-1002,39207F88.doc,False,
{F-0026363},02/22/2010 14:25:00,MA0012,PC-1012,241F0BD9.doc,False,
{F-0012003},02/22/2010 14:28:00,EA0004,PC-1004,D47DE977.jpg,False,
{F-0007674},02/22/2010 14:30:00,CA0002,PC-1002,88513CEC.xls,False,
{F-0033812},02/22/2010 14:31:00,QA0016,PC-1016,E4E20B23.pdf,False,
{F-0018408},02/22/2010 14:32:00,IA0008,PC-1008,060B7D51.doc,False,
{F-0007665},02/22/2010 14:33:00,CA0002,PC-1002,852D3C41.xls,False,
{F-0020370},02/22/2010 14:38:00,JA0009,PC-1009,BE8C734E.pdf,False,
{F-0001842},02/22/2010 14:39:00,AA0000,PC-1000,EE0F7B65.doc,False,
{F-0022341},02/22/2010 14:39:00,KA0010,PC-1010,A0C07257.doc,False,
{F-0024392},02/22/2010 14:39:00,LA0011,PC-1011,7A165141.jpg,False,
{F-0028132},02/22/2010 14:39:00,NA0013,PC-1013,5841F1B9.xlsx,False,
{F-0020377},02/22/2010 14:43:00,JA0009,PC-1009,78CAD86D.pdf,False,
{F-0015668},02/22/2010 14:50:00,GA0006,PC-1006,F1D582EA.xlsx,False,
{F-0004401},02/22/2010 14:53:00,BA0001,PC-1001,364D92D6.xls,False,
{F-0018394},02/22/2010 14:56:00,IA0008,PC-1008,8D96D2F2.doc,False,
{F-0001834},02/22/2010 14:58:00,AA0000,PC-1000,5FF1F97B.jpg,False,
{F-0001837},02/22/2010 14:59:00,AA0000,PC-1000,9E5F6E4B.doc,False,
{F-0004392},02/22/2010 14:59:00,BA0001,PC-1001,E7EC2EC2.xls,False,
{F-0015671},02/22/2010 15:04:00,GA0006,PC-1006,CB441AAF.doc,False,
{F-0024368},02/22/2010 15:04:00,LA0011,PC-1011,FD982341.doc,False,
{F-0016934},02/22/2010 15:06:00,HA0007,PC-1007,45FEA8C6.xls,False,
{F-0004387},02/22/2010 15:08:00,BA0001,PC-1001,CA000C7C.pdf,False,
{F-0022339},02/22/2010 15:08:00,KA0010,PC-1010,1B3D13E4.jpg,False,
{F-0007698},02/22/2010 15:09:00,CA0002,PC-1002,C0D51471.doc,False,
{F-0024383},02/22/2010 15:12:00,LA0011,PC-1011,1FAD5CAA.txt,False,
{F-0007682},02/22/2010 15:13:00,CA0002,PC-1002,A4B3FBED.pdf,False,
{F-0007659},02/22/2010 15:14:00,CA0002,PC-1002,B8965A94.doc,False,
{F-0018398},02/22/2010 15:15:00,IA0008,PC-1008,88B9B189.xls,False,
{F-0015670},02/22/2010 15:16:00,GA0006,PC-1006,72E69977.doc,False,
{F-0022340},02/22/2010 15:18:00,KA0010,PC-1010,310040F7.doc,False,
{F-0022344},02/22/2010 15:21:00,KA0010,PC-1010,7A53EAC9.doc,False,
{F-0015669},02/22/2010 15:22:00,GA0006,PC-1006,B9C11A35.txt,False,
{F-0024374},02/22/2010 15:25:00,LA0011,PC-1011,ADEA329B.xlsx,False,
{F-0030575},02/22/2010 15:25:00,OA0014,PC-1014,20F91C83.xlsx,False,
{F-0004398},02/22/2010 15:26:00,BA0001,PC-1001,1DFAD489.pdf,False,
{F-0016935},02/22/2010 15:26:00,HA0007,PC-1007,8135B75C.doc,False,
{F-0032352},02/22/2010 15:27:00,PA0015,PC-1015,6D65E661.doc,False,
{F-0030569},02/22/2010 15:29:00,OA0014,PC-1014,F9939E25.xls,False,
{F-0022334},02/22/2010 15:30:00,KA0010,PC-1010,E15E33EA.pdf,False,
{F-0018399},02/22/2010 15:31:00,IA0008,PC-1008,9F28F74F.jpg,False,
{F-0016931},02/22/2010 15:33:00,HA0007,PC-1007,FD0328DF.txt,False,
{F-0020365},02/22/2010 15:33:00,JA0009,PC-1009,0E45043F.jpg,False,
{F-0024390},02/22/2010 15:36:00,LA0011,PC-1011,5EEDDAFD.jpg,False,
{F-0018403},02/22/2010 15:37:00,IA0008,PC-1008,E4B4F8D7.txt,False,
{F-0013447},02/22/2010 15:38:00,FA0005,PC-1005,4FFBB1F0.doc,False,
{F-0024377},02/22/2010 15:38:00,LA0011,PC-1011,B2DE85B5.xlsx,False,
{F-0028137},02/22/2010 15:38:00,NA0013,PC-1013,16855B91.xls,False,
{F-0004393},02/22/2010 15:39:00,BA0001,PC-1001,B4CBD08D.doc,False,
{F-0030577},02/22/2010 15:41:00,OA0014,PC-1014,F417565B.pdf,False,
{F-0001832},02/22/2010 15:42:00,AA0000,PC-1000,259A487E.doc,False,
{F-0018405},02/22/2010 15:45:00,IA0008,PC-1008,7CF55BFA.txt,False,
{F-0024380},02/22/2010 15:53:00,LA0011,PC-1011,4F0F8147.xls,False,
{F-0001838},02/22/2010 15:55:00,AA0000,PC-1000,322D34A7.doc,False,
{F-0010479},02/22/2010 15:56:00,DA0003,PC-1003,BF3BB1A5.xls,False,
{F-0004397},02/22/2010 16:01:00,BA0001,PC-1001,5DE38D1B.txt,False,
{F-0007669},02/22/2010 16:02:00,CA0002,PC-1002,50450560.txt,False,
{F-0013439},02/22/2010 16:04:00,FA0005,PC-1005,D533A0DA.jpg,False,
{F-0028129},02/22/2010 16:04:00,NA0013,PC-1013,85782784.pdf,False,
{F-0007679},02/22/2010 16:07:00,CA0002,PC-1002,AE872280.xls,False,
{F-0001830},02/22/2010 16:09:00,AA0000,PC-1000,19319AC6.doc,False,
{F-0022332},02/22/2010 16:14:00,KA0010,PC-1010,55822E51.pdf,False,
{F-0024387},02/22/2010 16:19:00,LA0011,PC-1011,959D668E.pdf,False,
{F-0007671},02/22/2010 16:21:00,CA0002,PC-1002,B7174C6F.xlsx,False,
{F-0013444},02/22/2010 16:22:00,FA0005,PC-1005,68F21428.pdf,False,
{F-0026359},02/22/2010 16:23:00,MA0012,PC-1012,B1B2CD7F.txt,False,
{F-0007662},02/22/2010 16:25:00,CA0002,PC-1002,E3D878DF.doc,False,
{F-0032349},02/22/2010 16:28:00,PA0015,PC-1015,B8ADF2BB.jpg,False,
{F-0013437},02/22/2010 16:30:00,FA0005,PC-1005,91B83CB0.doc,False,
{F-0007692},02/22/2010 16:32:00,CA0002,PC-1002,F7A8AA47.txt,False,
{F-0022346},02/22/2010 16:34:00,KA0010,PC-1010,6E5E1785.doc,False,
{F-0034927},02/22/2010 16:34:00,RA0017,PC-1017,1BE12FB3.xlsx,False,
{F-0022333},02/22/2010 16:37:00,KA0010,PC-1010,0688F7F3.xls,False,
{F-0022336},02/22/2010 16:43:00,KA0010,PC-1010,D19D7E0B.xlsx,False,
{F-0001828},02/22/2010 16:45:00,AA0000,PC-1000,E3928658.xlsx,False,
{F-0033814},02/22/2010 16:45:00,QA0016,PC-1016,F472101C.xlsx,False,
{F-0007664},02/22/2010 16:48:00,CA0002,PC-1002,B4147060.jpg,False,
{F-0007655},02/22/2010 16:50:00,CA0002,PC-1002,7D9050C7.jpg,False,
{F-0004396},02/22/2010 16:57:00,BA0001,PC-1001,FF8EA48D.doc,False,
{F-0001826},02/22/2010 16:59:00,AA0000,PC-1000,21E1273E.doc,False,
{F-0007666},02/22/2010 17:01:00,CA0002,PC-1002,64325351.doc,False,
{F-0032348},02/22/2010 17:02:00,PA0015,PC-1015,A80C6D7C.xls,False,
{F-0007686},02/22/2010 17:03:00,CA0002,PC-1002,92D59BD7.doc,False,
{F-0004391},02/22/2010 17:08:00,BA0001,PC-1001,722E6E46.doc,False,
{F-0032346},02/22/2010 17:16:00,PA0015,PC-1015,7BDFD59A.xlsx,False,
{F-0024370},02/22/2010 17:20:00,LA0011,PC-1011,A01FC958.doc,False,
{F-0007690},02/22/2010 17:23:00,CA0002,PC-1002,5194F6E1.jpg,False,
{F-0007684},02/22/2010 17:25:00,CA0002,PC-1002,4239A819.txt,False,
{F-0032357},02/22/2010 17:30:00,PA0015,PC-1015,905BA74C.txt,False,
{F-0013448},02/22/2010 17:31:00,FA0005,PC-1005,28D3D9D3.xlsx,False,
{F-0032355},02/22/2010 17:34:00,PA0015,PC-1015,C2E47C9F.jpg,False,
{F-0034930},02/22/2010 17:34:00,RA0017,PC-1017,DF054FA6.jpg,False,
{F-0007683},02/22/2010 17:35:00,CA0002,PC-1002,5DC84265.doc,False,
{F-0007673},02/22/2010 17:45:00,CA0002,PC-1002,F1949045.txt,False,
{F-0007694},02/22/2010 17:49:00,CA0002,PC-1002,0FF6EF11.doc,False,
{F-0007656},02/22/2010 17:57:00,CA0002,PC-1002,9EB83680.doc,False,
{F-0033813},02/22/2010 17:58:00,QA0016,PC-1016,FFB48B7C.pdf,False,
{F-0007688},02/22/2010 18:03:00,CA0002,PC-1002,B2657E74.txt,False,
{F-0013451},02/22/2010 18:04:00,FA0005,PC-1005,54886EA5.doc,False,
{F-0007695},02/22/2010 18:10:00,CA0002,PC-1002,29C53C91.doc,False,
{F-0007663},02/22/2010 18:15:00,CA0002,PC-1002,775A1E97.pdf,False,
{F-0007675},02/22/2010 18:24:00,CA0002,PC-1002,7F28F43E.xls,False,
{F-0013449},02/22/2010 18:37:00,FA0005,PC-1005,8FDB6AB4.doc,False,
{F-0013441},02/22/2010 18:54:00,FA0005,PC-1005,C850B6EF.jpg,False,
{F-0028164},02/23/2010 07:17:00,NA0013,PC-1013,95497205.jpg,False,
{F-0010517},02/23/2010 08:02:00,DA0003,PC-1003,043F4954.xls,False,
{F-0024432},02/23/2010 08:02:00,LA0011,PC-1011,61C76281.xlsx,False,
{F-0015689},02/23/2010 08:09:00,GA0006,PC-1006,407F5EBF.doc,False,
{F-0028159},02/23/2010 08:28:00,NA0013,PC-1013,CCBBFE78.xlsx,False,
{F-0010518},02/23/2010 08:30:00,DA0003,PC-1003,7405C8C6.doc,False,
{F-0016956},02/23/2010 08:30:00,HA0007,PC-1007,4C04F36B.doc,False,
{F-0026422},02/23/2010 08:43:00,MA0012,PC-1012,F8FB5538.jpg,False,
{F-0016949},02/23/2010 08:45:00,HA0007,PC-1007,5010437D.jpg,False,
{F-0016951},02/23/2010 08:45:00,HA0007,PC-1007,26434E71.jpg,False,
{F-0026431},02/23/2010 09:06:00,MA0012,PC-1012,644E1BBB.pdf,False,
{F-0030608},02/23/2010 09:06:00,OA0014,PC-1014,ADFE7324.pdf,False,
{F-0030613},02/23/2010 09:09:00,OA0014,PC-1014,7A339814.txt,False,
{F-0032394},02/23/2010 09:09:00,PA0015,PC-1015,B0697A10.doc,False,
{F-0028158},02/23/2010 09:12:00,NA0013,PC-1013,1553409C.xls,False,
{F-0015694},02/23/2010 09:13:00,GA0006,PC-1006,CF1DF494.doc,False,
{F-0030611},02/23/2010 09:21:00,OA0014,PC-1014,B17FB236.doc,False,
{F-0028157},02/23/2010 09:22:00,NA0013,PC-1013,C96FD273.txt,False,
{F-0004461},02/23/2010 09:26:00,BA0001,PC-1001,C062DF7B.doc,False,
{F-0022386},02/23/2010 09:27:00,KA0010,PC-1010,615A7158.xls,False,
{F-0016952},02/23/2010 09:29:00,HA0007,PC-1007,743EB49D.jpg,False,
{F-0022388},02/23/2010 09:32:00,KA0010,PC-1010,D6E84C44.doc,False,
{F-0007780},02/23/2010 09:38:00,CA0002,PC-1002,A3AA42A1.txt,False,
{F-0024422},02/23/2010 09:38:00,LA0011,PC-1011,7D867919.pdf,False,
{F-0004459},02/23/2010 09:40:00,BA0001,PC-1001,F2721990.txt,False,
{F-0024428},02/23/2010 09:40:00,LA0011,PC-1011,FAC9EA31.doc,False,
{F-0012029},02/23/2010 09:42:00,EA0004,PC-1004,66F38023.pdf,False,
{F-0033853},02/23/2010 09:42:00,QA0016,PC-1016,898CAF7D.doc,False,
{F-0004467},02/23/2010 09:43:00,BA0001,PC-1001,A71D93F4.pdf,False,
{F-0030619},02/23/2010 09:45:00,OA0014,PC-1014,C0BA37DD.txt,False,
{F-0032396},02/23/2010 09:47:00,PA0015,PC-1015,3CDCB6D1.jpg,False,
{F-0001911},02/23/2010 09:48:00,AA0000,PC-1000,929B69C3.doc,False,
{F-0030621},02/23/2010 09:57:00,OA0014,PC-1014,39CC596C.jpg,False,
{F-0004466},02/23/2010 09:58:00,BA0001,PC-1001,5CF3366C.txt,False,
{F-0013476},02/23/2010 10:02:00,FA0005,PC-1005,6B52F8AB.pdf,False,
{F-0022378},02/23/2010 10:02:00,KA0010,PC-1010,3C55B6EF.doc,False,
{F-0026432},02/23/2010 10:03:00,MA0012,PC-1012,08591C8B.doc,False,
{F-0007753},02/23/2010 10:05:00,CA0002,PC-1002,5B5A6539.xlsx,False,
{F-0024429},02/23/2010 10:05:00,LA0011,PC-1011,F1C3D95D.pdf,False,
{F-0007771},02/23/2010 10:23:00,CA0002,PC-1002,5EE078EE.pdf,False,
{F-0004479},02/23/2010 10:28:00,BA0001,PC-1001,E67E4FCE.xls,False,
{F-0022380},02/23/2010 10:29:00,KA0010,PC-1010,5AC7D3BA.txt,False,
{F-0032392},02/23/2010 10:37:00,PA0015,PC-1015,01B2A6A6.doc,False,
{F-0016958},02/23/2010 10:38:00,HA0007,PC-1007,80FA758F.xls,False,
{F-0001920},02/23/2010 10:40:00,AA0000,PC-1000,CD68B152.txt,False,
{F-0033852},02/23/2010 10:41:00,QA0016,PC-1016,2F9AFA39.pdf,False,
{F-0004463},02/23/2010 10:44:00,BA0001,PC-1001,04B26D54.doc,False,
{F-0004478},02/23/2010 10:48:00,BA0001,PC-1001,14D13B17.doc,False,
{F-0033849},02/23/2010 10:49:00,QA0016,PC-1016,14D13C12.doc,False,
{F-0015695},02/23/2010 10:50:00,GA0006,PC-1006,691D8DB2.jpg,False,
{F-0001918},02/23/2010 10:52:00,AA0000,PC-1000,1AE4D1A7.xls,False,
{F-0022384},02/23/2010 10:56:00,KA0010,PC-1010,5E2B52F2.pdf,False,
{F-0004476},02/23/2010 11:03:00,BA0001,PC-1001,7CD87BEE.txt,False,
{F-0007752},02/23/2010 11:09:00,CA0002,PC-1002,021A7DD6.jpg,False,
{F-0032391},02/23/2010 11:09:00,PA0015,PC-1015,206B763D.xls,False,
{F-0022373},02/23/2010 11:15:00,KA0010,PC-1010,C6495BA5.txt,False,
{F-0024425},02/23/2010 11:16:00,LA0011,PC-1011,B470B951.pdf,False,
{F-0013473},02/23/2010 11:17:00,FA0005,PC-1005,DBC9CD75.xls,False,
{F-0010515},02/23/2010 11:18:00,DA0003,PC-1003,62665227.pdf,False,
{F-0026430},02/23/2010 11:19:00,MA0012,PC-1012,0731A36C.xlsx,False,
{F-0024434},02/23/2010 11:21:00,LA0011,PC-1011,8F11F2A0.doc,False,
{F-0026423},02/23/2010 11:23:00,MA0012,PC-1012,459590CF.xlsx,False,
{F-0024421},02/23/2010 11:30:00,LA0011,PC-1011,6EFCD73C.doc,False,
{F-0004481},02/23/2010 11:31:00,BA0001,PC-1001,949845CC.xlsx,False,
{F-0032393},02/23/2010 11:31:00,PA0015,PC-1015,20A28C59.txt,False,
{F-0024424},02/23/2010 11:44:00,LA0011,PC-1011,A3C18442.jpg,False,
{F-0012030},02/23/2010 11:46:00,EA0004,PC-1004,C8A4D6F0.doc,False,
{F-0007770},02/23/2010 11:51:00,CA0002,PC-1002,A12E0EFD.xls,False,
{F-0013481},02/23/2010 11:56:00,FA0005,PC-1005,6EDD33AD.pdf,False,
{F-0030614},02/23/2010 11:56:00,OA0014,PC-1014,E8072C79.doc,False,
{F-0001916},02/23/2010 11:59:00,AA0000,PC-1000,60967DA2.xlsx,False,
{F-0028161},02/23/2010 11:59:00,NA0013,PC-1013,095928AD.doc,False,
{F-0030620},02/23/2010 12:00:00,OA0014,PC-1014,3DE8E060.xlsx,False,
{F-0007760},02/23/2010 12:02:00,CA0002,PC-1002,A125C532.pdf,False,
{F-0012032},02/23/2010 12:04:00,EA0004,PC-1004,A4747C60.doc,False,
{F-0024433},02/23/2010 12:05:00,LA0011,PC-1011,66BDF40B.xlsx,False,
{F-0001922},02/23/2010 12:07:00,AA0000,PC-1000,2B4EACFA.txt,False,
{F-0024417},02/23/2010 12:07:00,LA0011,PC-1011,2C2E1B23.pdf,False,
{F-0004469},02/23/2010 12:12:00,BA0001,PC-1001,F5E5A5E5.doc,False,
{F-0016954},02/23/2010 12:16:00,HA0007,PC-1007,5A9D08BA.pdf,False,
{F-0010516},02/23/2010 12:22:00,DA0003,PC-1003,54C289E3.xlsx,False,
{F-0026429},02/23/2010 12:23:00,MA0012,PC-1012,08863716.xlsx,False,
{F-0007762},02/23/2010 12:24:00,CA0002,PC-1002,7800FE6A.doc,False,
{F-0028160},02/23/2010 12:28:00,NA0013,PC-1013,D3071C92.doc,False,
{F-0007766},02/23/2010 12:30:00,CA0002,PC-1002,F0BD57F0.doc,False,
{F-0034953},02/23/2010 12:31:00,RA0017,PC-1017,BE9E4ADA.doc,False,
{F-0033854},02/23/2010 12:41:00,QA0016,PC-1016,D614BD7D.jpg,False,
{F-0013483},02/23/2010 12:43:00,FA0005,PC-1005,C7F8B21F.doc,False,
{F-0030618},02/23/2010 12:43:00,OA0014,PC-1014,3B7E1A07.pdf,False,
{F-0024416},02/23/2010 12:48:00,LA0011,PC-1011,96299AAE.xls,False,
{F-0032389},02/23/2010 12:49:00,PA0015,PC-1015,7BB2DEBC.jpg,False,
{F-0001912},02/23/2010 12:53:00,AA0000,PC-1000,F6A051EC.txt,False,
{F-0033851},02/23/2010 12:54:00,QA0016,PC-1016,A13F1307.xls,False,
{F-0001913},02/23/2010 12:55:00,AA0000,PC-1000,0BA219FB.xls,False,
{F-0013478},02/23/2010 12:55:00,FA0005,PC-1005,A127E9C2.xls,False,
{F-0004468},02/23/2010 13:01:00,BA0001,PC-1001,C43DE728.doc,False,
{F-0001915},02/23/2010 13:10:00,AA0000,PC-1000,49142FEE.pdf,False,
{F-0013474},02/23/2010 13:12:00,FA0005,PC-1005,A75C50B3.xlsx,False,
{F-0013480},02/23/2010 13:12:00,FA0005,PC-1005,DFFB6FB9.jpg,False,
{F-0022389},02/23/2010 13:14:00,KA0010,PC-1010,940AEC95.doc,False,
{F-0016950},02/23/2010 13:16:00,HA0007,PC-1007,D84B1976.jpg,False,
{F-0022379},02/23/2010 13:17:00,KA0010,PC-1010,1B936A74.doc,False,
{F-0007755},02/23/2010 13:18:00,CA0002,PC-1002,5BF2C1C2.doc,False,
{F-0015690},02/23/2010 13:22:00,GA0006,PC-1006,3E95969B.txt,False,
{F-0026425},02/23/2010 13:22:00,MA0012,PC-1012,A1D91015.pdf,False,
{F-0030612},02/23/2010 13:23:00,OA0014,PC-1014,2E2BECF6.pdf,False,
{F-0001914},02/23/2010 13:28:00,AA0000,PC-1000,BBD497EE.xls,False,
{F-0016957},02/23/2010 13:30:00,HA0007,PC-1007,06C4ADCE.jpg,False,
{F-0007783},02/23/2010 13:31:00,CA0002,PC-1002,1FEBA8D4.xlsx,False,
{F-0007757},02/23/2010 13:37:00,CA0002,PC-1002,E8E70183.jpg,False,
{F-0013477},02/23/2010 13:40:00,FA0005,PC-1005,5D671295.doc,False,
{F-0024426},02/23/2010 13:40:00,LA0011,PC-1011,3E2FF93E.doc,False,
{F-0013482},02/23/2010 13:42:00,FA0005,PC-1005,98280036.txt,False,
{F-0030610},02/23/2010 13:42:00,OA0014,PC-1014,4E97082D.pdf,False,
{F-0012031},02/23/2010 13:43:00,EA0004,PC-1004,F4954435.xlsx,False,
{F-0030617},02/23/2010 13:43:00,OA0014,PC-1014,80BC6B18.doc,False,
{F-0004472},02/23/2010 13:50:00,BA0001,PC-1001,86D6FF45.xlsx,False,
{F-0007772},02/23/2010 13:50:00,CA0002,PC-1002,C48D9106.doc,False,
{F-0022390},02/23/2010 13:52:00,KA0010,PC-1010,568931A1.jpg,False,
{F-0004477},02/23/2010 13:59:00,BA0001,PC-1001,A5CDF847.jpg,False,
{F-0007782},02/23/2010 13:59:00,CA0002,PC-1002,A07BC637.txt,False,
{F-0030609},02/23/2010 14:03:00,OA0014,PC-1014,C28B1435.doc,False,
{F-0015687},02/23/2010 14:05:00,GA0006,PC-1006,903B046E.doc,False,
{F-0012028},02/23/2010 14:09:00,EA0004,PC-1004,1D42109D.xls,False,
{F-0030616},02/23/2010 14:10:00,OA0014,PC-1014,CC653464.xlsx,False,
{F-0007768},02/23/2010 14:14:00,CA0002,PC-1002,4CC5D214.doc,False,
{F-0013475},02/23/2010 14:14:00,FA0005,PC-1005,83D89339.pdf,False,
{F-0007759},02/23/2010 14:20:00,CA0002,PC-1002,27EFCF9C.txt,False,
{F-0015696},02/23/2010 14:21:00,GA0006,PC-1006,C7F67C9B.jpg,False,
{F-0016948},02/23/2010 14:22:00,HA0007,PC-1007,36D7DBE9.doc,False,
{F-0007778},02/23/2010 14:23:00,CA0002,PC-1002,7F864F67.xls,False,
{F-0024430},02/23/2010 14:25:00,LA0011,PC-1011,BAF9F921.xls,False,
{F-0024427},02/23/2010 14:27:00,LA0011,PC-1011,5BBE4BE0.xls,False,
{F-0022387},02/23/2010 14:29:00,KA0010,PC-1010,8628CABD.doc,False,
{F-0007776},02/23/2010 14:36:00,CA0002,PC-1002,A831E6D1.doc,False,
{F-0007758},02/23/2010 14:37:00,CA0002,PC-1002,390ECA5A.doc,False,
{F-0007769},02/23/2010 14:39:00,CA0002,PC-1002,25439FFA.jpg,False,
{F-0004462},02/23/2010 14:41:00,BA0001,PC-1001,C436CC31.xlsx,False,
{F-0034952},02/23/2010 14:45:00,RA0017,PC-1017,D6903606.xls,False,
{F-0016953},02/23/2010 14:46:00,HA0007,PC-1007,9CBB36FE.doc,False,
{F-0016959},02/23/2010 14:46:00,HA0007,PC-1007,E93091E7.pdf,False,
{F-0034954},02/23/2010 14:50:00,RA0017,PC-1017,E46F0C48.doc,False,
{F-0001919},02/23/2010 14:54:00,AA0000,PC-1000,D6E93929.xls,False,
{F-0007765},02/23/2010 14:54:00,CA0002,PC-1002,C960DA08.jpg,False,
{F-0028163},02/23/2010 14:54:00,NA0013,PC-1013,6147637A.xlsx,False,
{F-0004465},02/23/2010 14:55:00,BA0001,PC-1001,268ED135.jpg,False,
{F-0022383},02/23/2010 14:58:00,KA0010,PC-1010,935948F9.txt,False,
{F-0001917},02/23/2010 15:02:00,AA0000,PC-1000,28A6E8AC.xlsx,False,
{F-0030622},02/23/2010 15:02:00,OA0014,PC-1014,0FB4D4D4.doc,False,
{F-0004483},02/23/2010 15:08:00,BA0001,PC-1001,F43ACBC4.txt,False,
{F-0026428},02/23/2010 15:08:00,MA0012,PC-1012,31A92F6B.doc,False,
{F-0033848},02/23/2010 15:09:00,QA0016,PC-1016,289BA462.pdf,False,
{F-0004482},02/23/2010 15:10:00,BA0001,PC-1001,1E1593B8.xls,False,
{F-0016955},02/23/2010 15:10:00,HA0007,PC-1007,8F49ACC8.xls,False,
{F-0007777},02/23/2010 15:11:00,CA0002,PC-1002,048BBF0F.doc,False,
{F-0030615},02/23/2010 15:13:00,OA0014,PC-1014,014E830C.doc,False,
{F-0004480},02/23/2010 15:15:00,BA0001,PC-1001,252E9CBD.doc,False,
{F-0007763},02/23/2010 15:18:00,CA0002,PC-1002,5F51DF03.doc,False,
{F-0028162},02/23/2010 15:18:00,NA0013,PC-1013,B907D0E9.jpg,False,
{F-0007773},02/23/2010 15:20:00,CA0002,PC-1002,D1D10B26.doc,False,
{F-0007774},02/23/2010 15:20:00,CA0002,PC-1002,F728B846.jpg,False,
{F-0007779},02/23/2010 15:25:00,CA0002,PC-1002,017C527A.doc,False,
{F-0004474},02/23/2010 15:29:00,BA0001,PC-1001,DDAA535B.xls,False,
{F-0022382},02/23/2010 15:29:00,KA0010,PC-1010,8DA15F92.doc,False,
{F-0007775},02/23/2010 15:33:00,CA0002,PC-1002,176103A1.pdf,False,
{F-0015688},02/23/2010 15:34:00,GA0006,PC-1006,2E099529.xls,False,
{F-0022376},02/23/2010 15:38:00,KA0010,PC-1010,D95D7525.xlsx,False,
{F-0015693},02/23/2010 15:41:00,GA0006,PC-1006,980876C3.pdf,False,
{F-0032390},02/23/2010 15:41:00,PA0015,PC-1015,474E3C0F.txt,False,
{F-0015692},02/23/2010 15:42:00,GA0006,PC-1006,572E7BE0.txt,False,
{F-0024431},02/23/2010 15:43:00,LA0011,PC-1011,D455648B.doc,False,
{F-0013485},02/23/2010 15:49:00,FA0005,PC-1005,7F094A2F.doc,False,
{F-0001923},02/23/2010 15:51:00,AA0000,PC-1000,5D999B9E.doc,False,
{F-0015691},02/23/2010 15:54:00,GA0006,PC-1006,F4D7D835.txt,False,
{F-0004471},02/23/2010 15:55:00,BA0001,PC-1001,ABCAE26E.txt,False,
{F-0007750},02/23/2010 15:55:00,CA0002,PC-1002,3CBF9966.txt,False,
{F-0022381},02/23/2010 15:56:00,KA0010,PC-1010,556C0854.doc,False,
{F-0001910},02/23/2010 15:59:00,AA0000,PC-1000,5D6C5BB1.txt,False,
{F-0004470},02/23/2010 16:00:00,BA0001,PC-1001,EC9BD29B.doc,False,
{F-0004475},02/23/2010 16:06:00,BA0001,PC-1001,E36DBC6D.pdf,False,
{F-0022374},02/23/2010 16:06:00,KA0010,PC-1010,D0C4104F.xls,False,
{F-0034951},02/23/2010 16:06:00,RA0017,PC-1017,7C7E5413.jpg,False,
{F-0007751},02/23/2010 16:11:00,CA0002,PC-1002,77F1FFD1.doc,False,
{F-0007781},02/23/2010 16:13:00,CA0002,PC-1002,F6C23AD4.doc,False,
{F-0024423},02/23/2010 16:17:00,LA0011,PC-1011,3C397E37.txt,False,
{F-0001921},02/23/2010 16:19:00,AA0000,PC-1000,966BC67A.txt,False,
{F-0033850},02/23/2010 16:32:00,QA0016,PC-1016,97177631.txt,False,
{F-0032395},02/23/2010 16:41:00,PA0015,PC-1015,0293DDD5.doc,False,
{F-0026421},02/23/2010 16:43:00,MA0012,PC-1012,4D07A7E3.doc,False,
{F-0013472},02/23/2010 16:48:00,FA0005,PC-1005,E5FD9508.jpg,False,
{F-0024414},02/23/2010 16:48:00,LA0011,PC-1011,522A88F4.xlsx,False,
{F-0004464},02/23/2010 16:50:00,BA0001,PC-1001,A81BCEC7.jpg,False,
{F-0004460},02/23/2010 16:52:00,BA0001,PC-1001,132A1D0D.jpg,False,
{F-0024420},02/23/2010 16:54:00,LA0011,PC-1011,114ECF76.txt,False,
{F-0004473},02/23/2010 17:01:00,BA0001,PC-1001,713AB7C0.xls,False,
{F-0007764},02/23/2010 17:02:00,CA0002,PC-1002,CC0A134E.doc,False,
{F-0024418},02/23/2010 17:10:00,LA0011,PC-1011,52EF0B4D.txt,False,
{F-0026427},02/23/2010 17:15:00,MA0012,PC-1012,1AE91065.txt,False,
{F-0022375},02/23/2010 17:17:00,KA0010,PC-1010,9348E94A.pdf,False,
{F-0033847},02/23/2010 17:17:00,QA0016,PC-1016,E9417A13.xlsx,False,
{F-0022385},02/23/2010 17:23:00,KA0010,PC-1010,749DA5D8.xls,False,
{F-0007786},02/23/2010 17:25:00,CA0002,PC-1002,85313103.doc,False,
{F-0022372},02/23/2010 17:25:00,KA0010,PC-1010,9329C8E0.doc,False,
{F-0007756},02/23/2010 17:27:00,CA0002,PC-1002,122BAAD5.xlsx,False,
{F-0013479},02/23/2010 17:31:00,FA0005,PC-1005,53D90F5F.doc,False,
{F-0026424},02/23/2010 17:31:00,MA0012,PC-1012,59EBFB71.txt,False,
{F-0024415},02/23/2010 17:32:00,LA0011,PC-1011,7B159F79.doc,False,
{F-0024419},02/23/2010 17:36:00,LA0011,PC-1011,41BED639.txt,False,
{F-0026426},02/23/2010 17:40:00,MA0012,PC-1012,D46B89B1.xls,False,
{F-0022377},02/23/2010 17:48:00,KA0010,PC-1010,A73F329E.doc,False,
{F-0007754},02/23/2010 17:58:00,CA0002,PC-1002,5DD15AF5.doc,False,
{F-0007761},02/23/2010 18:03:00,CA0002,PC-1002,380C3C8F.jpg,False,
{F-0013471},02/23/2010 18:04:00,FA0005,PC-1005,1F76E15C.doc,False,
{F-0007767},02/23/2010 18:13:00,CA0002,PC-1002,54239E49.xls,False,
{F-0007784},02/23/2010 18:13:00,CA0002,PC-1002,F06F3EDE.pdf,False,
{F-0013484},02/23/2010 18:30:00,FA0005,PC-1005,7AD96054.jpg,False,
{F-0007785},02/23/2010 18:31:00,CA0002,PC-1002,BD4C7ED4.doc,False,
{F-0018444},02/24/2010 07:21:00,IA0008,PC-1008,6754CCD1.txt,False,
{F-0018440},02/24/2010 08:11:00,IA0008,PC-1008,CF58C87A.xlsx,False,
{F-0028198},02/24/2010 08:11:00,NA0013,PC-1013,0C0F3D33.doc,False,
{F-0024472},02/24/2010 08:13:00,LA0011,PC-1011,FD39248F.xlsx,False,
{F-0015738},02/24/2010 08:14:00,GA0006,PC-1006,248434F3.jpg,False,
{F-0020456},02/24/2010 08:16:00,JA0009,PC-1009,69277C85.doc,False,
{F-0001979},02/24/2010 08:22:00,AA0000,PC-1000,B5BFFD65.txt,False,
{F-0024498},02/24/2010 08:25:00,LA0011,PC-1011,7FD76C18.doc,False,
{F-0026485},02/24/2010 08:37:00,MA0012,PC-1012,8A494F66.txt,False,
{F-0030691},02/24/2010 08:37:00,OA0014,PC-1014,0B8C11A1.txt,False,
{F-0028202},02/24/2010 08:38:00,NA0013,PC-1013,6E665FED.xls,False,
{F-0018439},02/24/2010 08:41:00,IA0008,PC-1008,C152E700.xls,False,
{F-0024497},02/24/2010 08:47:00,LA0011,PC-1011,ECEF5C15.doc,False,
{F-0024489},02/24/2010 08:54:00,LA0011,PC-1011,7D50DF25.txt,False,
{F-0022420},02/24/2010 08:58:00,KA0010,PC-1010,5FF10664.xlsx,False,
{F-0026490},02/24/2010 09:01:00,MA0012,PC-1012,66675776.pdf,False,
{F-0022418},02/24/2010 09:02:00,KA0010,PC-1010,BCE04A00.doc,False,
{F-0018445},02/24/2010 09:03:00,IA0008,PC-1008,4AA70437.xls,False,
{F-0032436},02/24/2010 09:09:00,PA0015,PC-1015,C114EE50.jpg,False,
{F-0001976},02/24/2010 09:10:00,AA0000,PC-1000,240E9AFB.xlsx,False,
{F-0004560},02/24/2010 09:20:00,BA0001,PC-1001,71651CA4.doc,False,
{F-0020451},02/24/2010 09:23:00,JA0009,PC-1009,10B27038.doc,False,
{F-0001969},02/24/2010 09:26:00,AA0000,PC-1000,330A902B.txt,False,
{F-0022434},02/24/2010 09:27:00,KA0010,PC-1010,C6125A11.txt,False,
{F-0022432},02/24/2010 09:28:00,KA0010,PC-1010,1140D843.doc,False,
{F-0032438},02/24/2010 09:29:00,PA0015,PC-1015,29C67D62.pdf,False,
{F-0007807},02/24/2010 09:30:00,CA0002,PC-1002,F9FA664A.xlsx,False,
{F-0004547},02/24/2010 09:34:00,BA0001,PC-1001,C80F4927.pdf,False,
{F-0033881},02/24/2010 09:34:00,QA0016,PC-1016,F8F56412.doc,False,
{F-0012058},02/24/2010 09:37:00,EA0004,PC-1004,03216B1A.txt,False,
{F-0016971},02/24/2010 09:39:00,HA0007,PC-1007,0BD36C52.doc,False,
{F-0020466},02/24/2010 09:39:00,JA0009,PC-1009,AA699D9F.jpg,False,
{F-0012062},02/24/2010 09:44:00,EA0004,PC-1004,33E678E0.xlsx,False,
{F-0020463},02/24/2010 09:44:00,JA0009,PC-1009,3B65DCF0.doc,False,
{F-0030686},02/24/2010 09:44:00,OA0014,PC-1014,3C66E938.txt,False,
{F-0022421},02/24/2010 09:46:00,KA0010,PC-1010,8E96D9CE.doc,False,
{F-0026479},02/24/2010 09:49:00,MA0012,PC-1012,22F74612.xls,False,
{F-0001981},02/24/2010 09:51:00,AA0000,PC-1000,F6B094F7.xlsx,False,
{F-0013507},02/24/2010 09:52:00,FA0005,PC-1005,A9A1F1E8.txt,False,
{F-0004559},02/24/2010 09:54:00,BA0001,PC-1001,94998CAA.txt,False,
{F-0020462},02/24/2010 09:55:00,JA0009,PC-1009,E1EA4A51.xlsx,False,
{F-0024491},02/24/2010 09:58:00,LA0011,PC-1011,0345CDF1.doc,False,
{F-0032439},02/24/2010 09:58:00,PA0015,PC-1015,EE2D2EC6.pdf,False,
{F-0004561},02/24/2010 10:00:00,BA0001,PC-1001,8680EB8D.jpg,False,
{F-0032428},02/24/2010 10:00:00,PA0015,PC-1015,EE3E207C.doc,False,
{F-0018437},02/24/2010 10:05:00,IA0008,PC-1008,773ECA50.jpg,False,
{F-0024488},02/24/2010 10:07:00,LA0011,PC-1011,9F84B896.jpg,False,
{F-0033883},02/24/2010 10:10:00,QA0016,PC-1016,205B06A8.doc,False,
{F-0007805},02/24/2010 10:12:00,CA0002,PC-1002,C0450B14.jpg,False,
{F-0015740},02/24/2010 10:16:00,GA0006,PC-1006,B4D08344.doc,False,
{F-0024475},02/24/2010 10:19:00,LA0011,PC-1011,38F0A324.doc,False,
{F-0012063},02/24/2010 10:20:00,EA0004,PC-1004,73F613EF.pdf,False,
{F-0022424},02/24/2010 10:20:00,KA0010,PC-1010,0A008F99.xls,False,
{F-0028199},02/24/2010 10:21:00,NA0013,PC-1013,B58CB18A.xlsx,False,
{F-0033885},02/24/2010 10:26:00,QA0016,PC-1016,C1520CC3.xls,False,
{F-0018448},02/24/2010 10:30:00,IA0008,PC-1008,3586DCA2.doc,False,
{F-0026481},02/24/2010 10:30:00,MA0012,PC-1012,4A24FD92.txt,False,
{F-0030694},02/24/2010 10:31:00,OA0014,PC-1014,311738A9.xlsx,False,
{F-0016975},02/24/2010 10:32:00,HA0007,PC-1007,2D625C2E.xls,False,
{F-0013503},02/24/2010 10:33:00,FA0005,PC-1005,E1E01121.jpg,False,
{F-0001982},02/24/2010 10:41:00,AA0000,PC-1000,84032033.doc,False,
{F-0004565},02/24/2010 10:43:00,BA0001,PC-1001,BFC006BC.xlsx,False,
{F-0032434},02/24/2010 10:43:00,PA0015,PC-1015,AD7BEB50.xls,False,
{F-0022428},02/24/2010 10:46:00,KA0010,PC-1010,9506B9FE.pdf,False,
{F-0004564},02/24/2010 10:50:00,BA0001,PC-1001,2FF9D2B9.txt,False,
{F-0028203},02/24/2010 10:52:00,NA0013,PC-1013,964A3F21.xls,False,
{F-0022410},02/24/2010 10:56:00,KA0010,PC-1010,AE5CC630.txt,False,
{F-0001973},02/24/2010 10:57:00,AA0000,PC-1000,647C301B.doc,False,
{F-0018447},02/24/2010 11:00:00,IA0008,PC-1008,87F2B341.xls,False,
{F-0022422},02/24/2010 11:01:00,KA0010,PC-1010,C46BE9C8.pdf,False,
{F-0022411},02/24/2010 11:03:00,KA0010,PC-1010,AC059355.doc,False,
{F-0001970},02/24/2010 11:05:00,AA0000,PC-1000,7D8CEAF2.pdf,False,
{F-0015741},02/24/2010 11:05:00,GA0006,PC-1006,2D50D64D.txt,False,
{F-0020453},02/24/2010 11:09:00,JA0009,PC-1009,1A97BC22.doc,False,
{F-0001967},02/24/2010 11:12:00,AA0000,PC-1000,34B9DCA3.xls,False,
{F-0007818},02/24/2010 11:13:00,CA0002,PC-1002,E8AD78FA.txt,False,
{F-0022408},02/24/2010 11:13:00,KA0010,PC-1010,4488C6FF.txt,False,
{F-0004558},02/24/2010 11:15:00,BA0001,PC-1001,8A0F6059.xls,False,
{F-0007816},02/24/2010 11:15:00,CA0002,PC-1002,E1141908.txt,False,
{F-0030687},02/24/2010 11:15:00,OA0014,PC-1014,CA63C770.jpg,False,
{F-0004562},02/24/2010 11:16:00,BA0001,PC-1001,4B414410.doc,False,
{F-0013512},02/24/2010 11:16:00,FA0005,PC-1005,0237CC89.doc,False,
{F-0022419},02/24/2010 11:16:00,KA0010,PC-1010,9CDE4D15.jpg,False,
{F-0024501},02/24/2010 11:16:00,LA0011,PC-1011,F09B770B.jpg,False,
{F-0015736},02/24/2010 11:17:00,GA0006,PC-1006,99E31AD2.xlsx,False,
{F-0024485},02/24/2010 11:26:00,LA0011,PC-1011,3B64FF92.doc,False,
{F-0024493},02/24/2010 11:28:00,LA0011,PC-1011,2E51AC2F.doc,False,
{F-0024471},02/24/2010 11:33:00,LA0011,PC-1011,B32A1609.txt,False,
{F-0001971},02/24/2010 11:38:00,AA0000,PC-1000,6FED5A06.jpg,False,
{F-0032429},02/24/2010 11:38:00,PA0015,PC-1015,E6C83772.xlsx,False,
{F-0004556},02/24/2010 11:39:00,BA0001,PC-1001,F3854C62.xlsx,False,
{F-0004549},02/24/2010 11:42:00,BA0001,PC-1001,CE935924.pdf,False,
{F-0026484},02/24/2010 11:44:00,MA0012,PC-1012,229ABB37.doc,False,
{F-0018446},02/24/2010 11:45:00,IA0008,PC-1008,2BB944F6.txt,False,
{F-0024478},02/24/2010 11:51:00,LA0011,PC-1011,A78F68ED.xlsx,False,
{F-0032433},02/24/2010 11:53:00,PA0015,PC-1015,DB2C63B0.xls,False,
{F-0018452},02/24/2010 11:55:00,IA0008,PC-1008,FBD7C819.doc,False,
{F-0016970},02/24/2010 11:56:00,HA0007,PC-1007,AEC5CE54.pdf,False,
{F-0004548},02/24/2010 12:03:00,BA0001,PC-1001,FE327414.pdf,False,
{F-0030689},02/24/2010 12:03:00,OA0014,PC-1014,B953BB72.pdf,False,
{F-0007813},02/24/2010 12:04:00,CA0002,PC-1002,FBBD5175.jpg,False,
{F-0028197},02/24/2010 12:05:00,NA0013,PC-1013,9F3CA453.doc,False,
{F-0012066},02/24/2010 12:08:00,EA0004,PC-1004,E3D4FF6E.doc,False,
{F-0013506},02/24/2010 12:08:00,FA0005,PC-1005,D445A637.jpg,False,
{F-0024477},02/24/2010 12:11:00,LA0011,PC-1011,6BD0A51D.xlsx,False,
{F-0033884},02/24/2010 12:11:00,QA0016,PC-1016,483FE159.doc,False,
{F-0013509},02/24/2010 12:14:00,FA0005,PC-1005,F3B814D4.xlsx,False,
{F-0032427},02/24/2010 12:14:00,PA0015,PC-1015,49383D9E.pdf,False,
{F-0028205},02/24/2010 12:15:00,NA0013,PC-1013,249511EC.txt,False,
{F-0030692},02/24/2010 12:17:00,OA0014,PC-1014,DE1D5240.txt,False,
{F-0001984},02/24/2010 12:20:00,AA0000,PC-1000,2C2967AE.doc,False,
{F-0004554},02/24/2010 12:22:00,BA0001,PC-1001,1EAF04E4.xlsx,False,
{F-0022431},02/24/2010 12:25:00,KA0010,PC-1010,E1C56FA1.xlsx,False,
{F-0024495},02/24/2010 12:25:00,LA0011,PC-1011,E8D55BDA.doc,False,
{F-0001978},02/24/2010 12:29:00,AA0000,PC-1000,A6D40141.xls,False,
{F-0020454},02/24/2010 12:29:00,JA0009,PC-1009,21BD08AC.jpg,False,
{F-0024484},02/24/2010 12:31:00,LA0011,PC-1011,67514427.doc,False,
{F-0032431},02/24/2010 12:34:00,PA0015,PC-1015,FA85647B.pdf,False,
{F-0015737},02/24/2010 12:35:00,GA0006,PC-1006,A4337AC7.pdf,False,
{F-0026487},02/24/2010 12:36:00,MA0012,PC-1012,8641ACEC.xls,False,
{F-0020459},02/24/2010 12:38:00,JA0009,PC-1009,639609AF.doc,False,
{F-0028206},02/24/2010 12:42:00,NA0013,PC-1013,E2C99994.xls,False,
{F-0004550},02/24/2010 12:43:00,BA0001,PC-1001,30691CE1.txt,False,
{F-0015732},02/24/2010 12:44:00,GA0006,PC-1006,AC8D8C57.doc,False,
{F-0007823},02/24/2010 12:45:00,CA0002,PC-1002,28CD0ED7.xls,False,
{F-0007817},02/24/2010 12:46:00,CA0002,PC-1002,D6F98F7A.xlsx,False,
{F-0022430},02/24/2010 12:47:00,KA0010,PC-1010,9FC34512.xls,False,
{F-0013510},02/24/2010 12:48:00,FA0005,PC-1005,3E5CA326.doc,False,
{F-0020452},02/24/2010 12:53:00,JA0009,PC-1009,C43A95D3.doc,False,
{F-0022425},02/24/2010 12:54:00,KA0010,PC-1010,D39FD4E1.doc,False,
{F-0016973},02/24/2010 12:57:00,HA0007,PC-1007,2E45BA90.xlsx,False,
{F-0007811},02/24/2010 12:58:00,CA0002,PC-1002,4117B03C.xls,False,
{F-0013513},02/24/2010 12:58:00,FA0005,PC-1005,D5114E0F.doc,False,
{F-0030688},02/24/2010 12:58:00,OA0014,PC-1014,409B1A26.doc,False,
{F-0015735},02/24/2010 12:59:00,GA0006,PC-1006,DC236134.xlsx,False,
{F-0026489},02/24/2010 12:59:00,MA0012,PC-1012,01089F9B.xls,False,
{F-0015734},02/24/2010 13:03:00,GA0006,PC-1006,8E6230D9.pdf,False,
{F-0026483},02/24/2010 13:03:00,MA0012,PC-1012,BB435786.doc,False,
{F-0012064},02/24/2010 13:08:00,EA0004,PC-1004,34ACCE95.doc,False,
{F-0032440},02/24/2010 13:08:00,PA0015,PC-1015,AF041B6B.pdf,False,
{F-0007822},02/24/2010 13:10:00,CA0002,PC-1002,2853E0D6.doc,False,
{F-0015733},02/24/2010 13:11:00,GA0006,PC-1006,B5DD514C.pdf,False,
{F-0007821},02/24/2010 13:15:00,CA0002,PC-1002,AD88D78B.jpg,False,
{F-0020460},02/24/2010 13:15:00,JA0009,PC-1009,14E2FCFA.doc,False,
{F-0007809},02/24/2010 13:18:00,CA0002,PC-1002,F8F06A8D.pdf,False,
{F-0013511},02/24/2010 13:24:00,FA0005,PC-1005,E21CB491.pdf,False,
{F-0022416},02/24/2010 13:24:00,KA0010,PC-1010,87B6E805.pdf,False,
{F-0022433},02/24/2010 13:24:00,KA0010,PC-1010,9D6E4FE8.doc,False,
{F-0022423},02/24/2010 13:25:00,KA0010,PC-1010,93A1D504.jpg,False,
{F-0015730},02/24/2010 13:26:00,GA0006,PC-1006,E221C631.txt,False,
{F-0024486},02/24/2010 13:27:00,LA0011,PC-1011,E6B5047C.doc,False,
{F-0018450},02/24/2010 13:29:00,IA0008,PC-1008,0A68BEC4.txt,False,
{F-0020464},02/24/2010 13:33:00,JA0009,PC-1009,BB06973F.pdf,False,
{F-0004563},02/24/2010 13:37:00,BA0001,PC-1001,DF497378.jpg,False,
{F-0026480},02/24/2010 13:37:00,MA0012,PC-1012,50E15E62.xls,False,
{F-0004552},02/24/2010 13:40:00,BA0001,PC-1001,641B190C.xls,False,
{F-0020457},02/24/2010 13:41:00,JA0009,PC-1009,537041B2.doc,False,
{F-0020461},02/24/2010 13:41:00,JA0009,PC-1009,2D3CB87A.pdf,False,
{F-0015729},02/24/2010 13:47:00,GA0006,PC-1006,C0B3EF50.jpg,False,
{F-0016969},02/24/2010 13:48:00,HA0007,PC-1007,24FF9CCB.xlsx,False,
{F-0001972},02/24/2010 13:51:00,AA0000,PC-1000,C630BCAB.jpg,False,
{F-0007808},02/24/2010 13:52:00,CA0002,PC-1002,133882AD.txt,False,
{F-0028204},02/24/2010 13:52:00,NA0013,PC-1013,84CDF346.doc,False,
{F-0004553},02/24/2010 13:53:00,BA0001,PC-1001,6C0641B4.xlsx,False,
{F-0032437},02/24/2010 13:57:00,PA0015,PC-1015,B2B426C1.txt,False,
{F-0016974},02/24/2010 14:01:00,HA0007,PC-1007,296EFC75.doc,False,
{F-0012060},02/24/2010 14:03:00,EA0004,PC-1004,00EAFD27.doc,False,
{F-0015731},02/24/2010 14:03:00,GA0006,PC-1006,05752974.doc,False,
{F-0022426},02/24/2010 14:06:00,KA0010,PC-1010,E695B302.jpg,False,
{F-0028201},02/24/2010 14:06:00,NA0013,PC-1013,A8CACFF2.doc,False,
{F-0004555},02/24/2010 14:14:00,BA0001,PC-1001,6C171E8D.xls,False,
{F-0026482},02/24/2010 14:16:00,MA0012,PC-1012,77AC2F2C.jpg,False,
{F-0024479},02/24/2010 14:17:00,LA0011,PC-1011,AD6C7CEB.jpg,False,
{F-0024483},02/24/2010 14:18:00,LA0011,PC-1011,24A9CAC8.txt,False,
{F-0026477},02/24/2010 14:18:00,MA0012,PC-1012,1A5C4997.pdf,False,
{F-0016972},02/24/2010 14:19:00,HA0007,PC-1007,ABE91AF4.pdf,False,
{F-0020455},02/24/2010 14:19:00,JA0009,PC-1009,3B923815.doc,False,
{F-0015742},02/24/2010 14:20:00,GA0006,PC-1006,EA0C0FD0.pdf,False,
{F-0004546},02/24/2010 14:21:00,BA0001,PC-1001,472DE8BC.doc,False,
{F-0024487},02/24/2010 14:22:00,LA0011,PC-1011,1D12B0B1.doc,False,
{F-0020465},02/24/2010 14:23:00,JA0009,PC-1009,640D1E39.xlsx,False,
{F-0022409},02/24/2010 14:27:00,KA0010,PC-1010,B6A833C7.doc,False,
{F-0001974},02/24/2010 14:31:00,AA0000,PC-1000,EB9734EB.jpg,False,
{F-0026491},02/24/2010 14:31:00,MA0012,PC-1012,6AC121C4.xlsx,False,
{F-0018443},02/24/2010 14:32:00,IA0008,PC-1008,50F6EA5C.xlsx,False,
{F-0032432},02/24/2010 14:34:00,PA0015,PC-1015,E77EE39A.xls,False,
{F-0024476},02/24/2010 14:35:00,LA0011,PC-1011,904221EE.xls,False,
{F-0026486},02/24/2010 14:35:00,MA0012,PC-1012,0A0FD3E2.doc,False,
{F-0022407},02/24/2010 14:37:00,KA0010,PC-1010,42044271.txt,False,
{F-0024490},02/24/2010 14:43:00,LA0011,PC-1011,7A58EE88.doc,False,
{F-0007804},02/24/2010 14:46:00,CA0002,PC-1002,CF9748E8.txt,False,
{F-0013508},02/24/2010 14:47:00,FA0005,PC-1005,649CC71D.txt,False,
{F-0024499},02/24/2010 15:00:00,LA0011,PC-1011,F6D94E90.jpg,False,
{F-0004551},02/24/2010 15:01:00,BA0001,PC-1001,C41BAB57.xlsx,False,
{F-0024496},02/24/2010 15:01:00,LA0011,PC-1011,38D754D7.doc,False,
{F-0024492},02/24/2010 15:02:00,LA0011,PC-1011,74DD9AAA.doc,False,
{F-0004557},02/24/2010 15:03:00,BA0001,PC-1001,EBACAAB4.doc,False,
{F-0028200},02/24/2010 15:03:00,NA0013,PC-1013,722B7105.doc,False,
{F-0015739},02/24/2010 15:04:00,GA0006,PC-1006,4646DBDF.jpg,False,
{F-0007820},02/24/2010 15:05:00,CA0002,PC-1002,3CD510C3.txt,False,
{F-0032430},02/24/2010 15:06:00,PA0015,PC-1015,DD9A5FE0.doc,False,
{F-0012055},02/24/2010 15:08:00,EA0004,PC-1004,7789CD9C.pdf,False,
{F-0026478},02/24/2010 15:08:00,MA0012,PC-1012,E01A0954.xls,False,
{F-0013505},02/24/2010 15:09:00,FA0005,PC-1005,E929E8E3.doc,False,
{F-0024494},02/24/2010 15:10:00,LA0011,PC-1011,38E8FC2F.doc,False,
{F-0007814},02/24/2010 15:16:00,CA0002,PC-1002,297638F7.doc,False,
{F-0018453},02/24/2010 15:16:00,IA0008,PC-1008,A8739041.pdf,False,
{F-0001975},02/24/2010 15:24:00,AA0000,PC-1000,0B4EB17B.jpg,False,
{F-0026474},02/24/2010 15:27:00,MA0012,PC-1012,E79FCF08.xlsx,False,
{F-0032435},02/24/2010 15:32:00,PA0015,PC-1015,1B51A36C.doc,False,
{F-0024481},02/24/2010 15:33:00,LA0011,PC-1011,A3749BE8.xlsx,False,
{F-0020450},02/24/2010 15:40:00,JA0009,PC-1009,2E30403D.pdf,False,
{F-0007819},02/24/2010 15:42:00,CA0002,PC-1002,CA054315.jpg,False,
{F-0030693},02/24/2010 15:42:00,OA0014,PC-1014,F16D8236.jpg,False,
{F-0022429},02/24/2010 15:44:00,KA0010,PC-1010,86BEB382.xlsx,False,
{F-0018438},02/24/2010 15:47:00,IA0008,PC-1008,91174168.jpg,False,
{F-0001966},02/24/2010 15:55:00,AA0000,PC-1000,DF8628F1.xls,False,
{F-0020458},02/24/2010 15:55:00,JA0009,PC-1009,E5376383.doc,False,
{F-0013515},02/24/2010 15:59:00,FA0005,PC-1005,6ACED692.xls,False,
{F-0001983},02/24/2010 16:01:00,AA0000,PC-1000,06CF1F66.doc,False,
{F-0012065},02/24/2010 16:04:00,EA0004,PC-1004,B4C206EF.doc,False,
{F-0026488},02/24/2010 16:04:00,MA0012,PC-1012,15257617.doc,False,
{F-0001980},02/24/2010 16:05:00,AA0000,PC-1000,8AE784C3.xlsx,False,
{F-0022412},02/24/2010 16:05:00,KA0010,PC-1010,8E2EE330.doc,False,
{F-0024474},02/24/2010 16:08:00,LA0011,PC-1011,20C1B3B5.xlsx,False,
{F-0013504},02/24/2010 16:12:00,FA0005,PC-1005,6E19F2D5.doc,False,
{F-0013501},02/24/2010 16:14:00,FA0005,PC-1005,3D373FBC.txt,False,
{F-0018451},02/24/2010 16:14:00,IA0008,PC-1008,2BC4BA4E.txt,False,
{F-0024482},02/24/2010 16:16:00,LA0011,PC-1011,A210FB47.jpg,False,
{F-0018442},02/24/2010 16:18:00,IA0008,PC-1008,3922782F.xlsx,False,
{F-0012061},02/24/2010 16:24:00,EA0004,PC-1004,66FDF18B.xls,False,
{F-0013514},02/24/2010 16:25:00,FA0005,PC-1005,5D460C76.xls,False,
{F-0030690},02/24/2010 16:25:00,OA0014,PC-1014,01952688.pdf,False,
{F-0026475},02/24/2010 16:28:00,MA0012,PC-1012,02576503.xls,False,
{F-0018441},02/24/2010 16:29:00,IA0008,PC-1008,5E05A0C1.xlsx,False,
{F-0007806},02/24/2010 16:30:00,CA0002,PC-1002,3D616275.doc,False,
{F-0022414},02/24/2010 16:34:00,KA0010,PC-1010,50EF0471.doc,False,
{F-0033882},02/24/2010 16:36:00,QA0016,PC-1016,ED2A693A.pdf,False,
{F-0018449},02/24/2010 16:37:00,IA0008,PC-1008,903B3F41.doc,False,
{F-0007815},02/24/2010 16:42:00,CA0002,PC-1002,3914AAF6.xls,False,
{F-0012059},02/24/2010 16:43:00,EA0004,PC-1004,145FC130.doc,False,
{F-0022415},02/24/2010 16:43:00,KA0010,PC-1010,14F5D114.xlsx,False,
{F-0024500},02/24/2010 16:45:00,LA0011,PC-1011,FA4C34D6.pdf,False,
{F-0001968},02/24/2010 16:54:00,AA0000,PC-1000,3E97EC56.jpg,False,
{F-0024473},02/24/2010 16:57:00,LA0011,PC-1011,9AB2C5CD.xls,False,
{F-0012057},02/24/2010 17:04:00,EA0004,PC-1004,3B43C124.xlsx,False,
{F-0024480},02/24/2010 17:04:00,LA0011,PC-1011,0F9D0CB8.doc,False,
{F-0026476},02/24/2010 17:08:00,MA0012,PC-1012,24F8E6B1.txt,False,
{F-0007825},02/24/2010 17:10:00,CA0002,PC-1002,C8797970.txt,False,
{F-0001977},02/24/2010 17:14:00,AA0000,PC-1000,A396FDC1.jpg,False,
{F-0022427},02/24/2010 17:23:00,KA0010,PC-1010,CB10AA93.doc,False,
{F-0012056},02/24/2010 17:25:00,EA0004,PC-1004,D80ED1FE.jpg,False,
{F-0022417},02/24/2010 17:31:00,KA0010,PC-1010,5ED5586F.xlsx,False,
{F-0012054},02/24/2010 17:45:00,EA0004,PC-1004,097C9BC9.doc,False,
{F-0007810},02/24/2010 17:46:00,CA0002,PC-1002,F55F4446.doc,False,
{F-0022413},02/24/2010 17:53:00,KA0010,PC-1010,DEB7CD69.xlsx,False,
{F-0007812},02/24/2010 17:54:00,CA0002,PC-1002,80CAE3E5.xls,False,
{F-0007824},02/24/2010 18:01:00,CA0002,PC-1002,38452EE1.jpg,False,
{F-0013502},02/24/2010 18:36:00,FA0005,PC-1005,C66882AA.jpg,False,
{F-0018491},02/25/2010 07:51:00,IA0008,PC-1008,D1D69AB6.xlsx,False,
{F-0018497},02/25/2010 08:04:00,IA0008,PC-1008,17AAEE25.txt,False,
{F-0024542},02/25/2010 08:06:00,LA0011,PC-1011,74E473DA.pdf,False,
{F-0030759},02/25/2010 08:19:00,OA0014,PC-1014,C1504951.txt,False,
{F-0024533},02/25/2010 08:20:00,LA0011,PC-1011,04A541AD.pdf,False,
{F-0030750},02/25/2010 08:28:00,OA0014,PC-1014,8058750B.xlsx,False,
{F-0030751},02/25/2010 08:30:00,OA0014,PC-1014,6D2350AA.xls,False,
{F-0004621},02/25/2010 08:47:00,BA0001,PC-1001,427E1E1E.txt,False,
{F-0010560},02/25/2010 08:53:00,DA0003,PC-1003,CDF243CD.jpg,False,
{F-0002026},02/25/2010 08:54:00,AA0000,PC-1000,FF6BEDBC.xlsx,False,
{F-0020499},02/25/2010 08:56:00,JA0009,PC-1009,614E2EAC.jpg,False,
{F-0024552},02/25/2010 09:04:00,LA0011,PC-1011,07A13393.txt,False,
{F-0004614},02/25/2010 09:05:00,BA0001,PC-1001,C3CF1594.xls,False,
{F-0020507},02/25/2010 09:07:00,JA0009,PC-1009,24633066.jpg,False,
{F-0022475},02/25/2010 09:09:00,KA0010,PC-1010,B88FDD51.pdf,False,
{F-0022474},02/25/2010 09:13:00,KA0010,PC-1010,5AC3DF89.doc,False,
{F-0024531},02/25/2010 09:25:00,LA0011,PC-1011,D68A94DD.txt,False,
{F-0020494},02/25/2010 09:27:00,JA0009,PC-1009,7B6C17B3.xlsx,False,
{F-0022466},02/25/2010 09:28:00,KA0010,PC-1010,39EC1EC9.xlsx,False,
{F-0022472},02/25/2010 09:30:00,KA0010,PC-1010,E33F161D.xlsx,False,
{F-0013546},02/25/2010 09:33:00,FA0005,PC-1005,91288B08.doc,False,
{F-0020512},02/25/2010 09:34:00,JA0009,PC-1009,4A6D43A1.txt,False,
{F-0002039},02/25/2010 09:36:00,AA0000,PC-1000,7AF97869.doc,False,
{F-0032476},02/25/2010 09:36:00,PA0015,PC-1015,09300F89.doc,False,
{F-0030754},02/25/2010 09:38:00,OA0014,PC-1014,60A4642D.xls,False,
{F-0010556},02/25/2010 09:40:00,DA0003,PC-1003,434434C2.jpg,False,
{F-0010568},02/25/2010 09:42:00,DA0003,PC-1003,A34A9638.doc,False,
{F-0030755},02/25/2010 09:43:00,OA0014,PC-1014,5A67CCF1.txt,False,
{F-0016986},02/25/2010 09:46:00,HA0007,PC-1007,D739A928.xlsx,False,
{F-0002046},02/25/2010 09:47:00,AA0000,PC-1000,8686CBB0.xlsx,False,
{F-0024527},02/25/2010 09:51:00,LA0011,PC-1011,BCDF0E0F.txt,False,
{F-0007865},02/25/2010 09:53:00,CA0002,PC-1002,FE9EB407.doc,False,
{F-0012086},02/25/2010 09:54:00,EA0004,PC-1004,3BCECC3B.txt,False,
{F-0012085},02/25/2010 09:55:00,EA0004,PC-1004,1976F592.xlsx,False,
{F-0022473},02/25/2010 09:55:00,KA0010,PC-1010,3698E854.xlsx,False,
{F-0018488},02/25/2010 10:00:00,IA0008,PC-1008,E0E77DAD.doc,False,
{F-0002029},02/25/2010 10:01:00,AA0000,PC-1000,AFF941D7.doc,False,
{F-0032473},02/25/2010 10:02:00,PA0015,PC-1015,F3E0995F.doc,False,
{F-0026545},02/25/2010 10:03:00,MA0012,PC-1012,AD796B96.xlsx,False,
{F-0028224},02/25/2010 10:03:00,NA0013,PC-1013,362211BD.txt,False,
{F-0002042},02/25/2010 10:04:00,AA0000,PC-1000,C1B2D6B3.xlsx,False,
{F-0007881},02/25/2010 10:07:00,CA0002,PC-1002,067183C7.xlsx,False,
{F-0002043},02/25/2010 10:10:00,AA0000,PC-1000,76D10EAA.txt,False,
{F-0002025},02/25/2010 10:12:00,AA0000,PC-1000,93D8DAA5.txt,False,
{F-0002028},02/25/2010 10:12:00,AA0000,PC-1000,4DF8675B.pdf,False,
{F-0007874},02/25/2010 10:21:00,CA0002,PC-1002,8AE9607C.pdf,False,
{F-0020500},02/25/2010 10:23:00,JA0009,PC-1009,06DD1DC0.pdf,False,
{F-0016991},02/25/2010 10:25:00,HA0007,PC-1007,7C5ABB15.pdf,False,
{F-0015784},02/25/2010 10:32:00,GA0006,PC-1006,C07096A8.xlsx,False,
{F-0018489},02/25/2010 10:32:00,IA0008,PC-1008,4AAE7DE0.xls,False,
{F-0018492},02/25/2010 10:33:00,IA0008,PC-1008,0D9BA164.pdf,False,
{F-0032475},02/25/2010 10:33:00,PA0015,PC-1015,88729F75.jpg,False,
{F-0024551},02/25/2010 10:40:00,LA0011,PC-1011,D28CAAA5.pdf,False,
{F-0026544},02/25/2010 10:42:00,MA0012,PC-1012,E2C780D3.doc,False,
{F-0002041},02/25/2010 10:44:00,AA0000,PC-1000,823EFC64.doc,False,
{F-0018494},02/25/2010 10:44:00,IA0008,PC-1008,B916024F.jpg,False,
{F-0028225},02/25/2010 10:44:00,NA0013,PC-1013,0DFD57D6.doc,False,
{F-0018490},02/25/2010 10:47:00,IA0008,PC-1008,66E2A296.xlsx,False,
{F-0015787},02/25/2010 10:50:00,GA0006,PC-1006,4CBA8B75.jpg,False,
{F-0002031},02/25/2010 10:51:00,AA0000,PC-1000,147B153B.doc,False,
{F-0002027},02/25/2010 10:52:00,AA0000,PC-1000,5C6559D4.jpg,False,
{F-0022471},02/25/2010 10:52:00,KA0010,PC-1010,7A1D44B2.xls,False,
{F-0033908},02/25/2010 10:54:00,QA0016,PC-1016,2FFDAAAE.xlsx,False,
{F-0020497},02/25/2010 10:59:00,JA0009,PC-1009,AFB9C746.doc,False,
{F-0022470},02/25/2010 11:00:00,KA0010,PC-1010,C2657230.jpg,False,
{F-0007884},02/25/2010 11:03:00,CA0002,PC-1002,185A1744.txt,False,
{F-0024550},02/25/2010 11:07:00,LA0011,PC-1011,0EBC3805.xlsx,False,
{F-0018486},02/25/2010 11:09:00,IA0008,PC-1008,C365F860.doc,False,
{F-0034978},02/25/2010 11:12:00,RA0017,PC-1017,C487E046.txt,False,
{F-0007877},02/25/2010 11:14:00,CA0002,PC-1002,3914D96B.pdf,False,
{F-0012089},02/25/2010 11:15:00,EA0004,PC-1004,4D814FCA.xls,False,
{F-0010565},02/25/2010 11:17:00,DA0003,PC-1003,754096E4.xlsx,False,
{F-0020510},02/25/2010 11:18:00,JA0009,PC-1009,0C0905B1.jpg,False,
{F-0007870},02/25/2010 11:19:00,CA0002,PC-1002,EFA625FD.xlsx,False,
{F-0004612},02/25/2010 11:24:00,BA0001,PC-1001,48C74F51.pdf,False,
{F-0007880},02/25/2010 11:29:00,CA0002,PC-1002,93408807.txt,False,
{F-0013544},02/25/2010 11:31:00,FA0005,PC-1005,BAEE696B.doc,False,
{F-0018493},02/25/2010 11:31:00,IA0008,PC-1008,CD82510C.doc,False,
{F-0032477},02/25/2010 11:32:00,PA0015,PC-1015,818BBB6F.doc,False,
{F-0007868},02/25/2010 11:34:00,CA0002,PC-1002,4754C8DE.txt,False,
{F-0016992},02/25/2010 11:36:00,HA0007,PC-1007,253242AD.doc,False,
{F-0024532},02/25/2010 11:36:00,LA0011,PC-1011,2F43FFBD.doc,False,
{F-0022469},02/25/2010 11:42:00,KA0010,PC-1010,B84419FD.pdf,False,
{F-0002030},02/25/2010 11:44:00,AA0000,PC-1000,A6001447.jpg,False,
{F-0018487},02/25/2010 11:46:00,IA0008,PC-1008,A37671BF.xlsx,False,
{F-0012084},02/25/2010 11:52:00,EA0004,PC-1004,6C31A52A.xls,False,
{F-0015781},02/25/2010 11:55:00,GA0006,PC-1006,5AB14DAC.doc,False,
{F-0022467},02/25/2010 11:55:00,KA0010,PC-1010,C606F47F.pdf,False,
{F-0013541},02/25/2010 11:56:00,FA0005,PC-1005,10BCD69E.pdf,False,
{F-0020498},02/25/2010 11:59:00,JA0009,PC-1009,2A57F5B6.pdf,False,
{F-0002035},02/25/2010 12:00:00,AA0000,PC-1000,4BDCA66E.xls,False,
{F-0002040},02/25/2010 12:03:00,AA0000,PC-1000,794BC3A3.doc,False,
{F-0010561},02/25/2010 12:03:00,DA0003,PC-1003,EB83018A.pdf,False,
{F-0013536},02/25/2010 12:03:00,FA0005,PC-1005,78861F0A.doc,False,
{F-0026542},02/25/2010 12:04:00,MA0012,PC-1012,8F3DD103.pdf,False,
{F-0024534},02/25/2010 12:05:00,LA0011,PC-1011,97F3D53C.xls,False,
{F-0024536},02/25/2010 12:05:00,LA0011,PC-1011,72B97E59.xls,False,
{F-0030749},02/25/2010 12:07:00,OA0014,PC-1014,D9185E55.xlsx,False,
{F-0002032},02/25/2010 12:09:00,AA0000,PC-1000,C40F5F9A.txt,False,
{F-0024543},02/25/2010 12:12:00,LA0011,PC-1011,31C24D2A.xls,False,
{F-0033914},02/25/2010 12:12:00,QA0016,PC-1016,3390FA04.jpg,False,
{F-0004617},02/25/2010 12:13:00,BA0001,PC-1001,71151BB5.xls,False,
{F-0007879},02/25/2010 12:14:00,CA0002,PC-1002,5F6D5984.txt,False,
{F-0020505},02/25/2010 12:14:00,JA0009,PC-1009,71442202.jpg,False,
{F-0013547},02/25/2010 12:16:00,FA0005,PC-1005,0874C7ED.pdf,False,
{F-0012091},02/25/2010 12:18:00,EA0004,PC-1004,85A91221.jpg,False,
{F-0016989},02/25/2010 12:21:00,HA0007,PC-1007,186FF60A.doc,False,
{F-0024547},02/25/2010 12:22:00,LA0011,PC-1011,09660549.jpg,False,
{F-0024548},02/25/2010 12:22:00,LA0011,PC-1011,7B4A0C9F.xls,False,
{F-0010566},02/25/2010 12:24:00,DA0003,PC-1003,AA79825D.doc,False,
{F-0020503},02/25/2010 12:25:00,JA0009,PC-1009,69BEBAE1.jpg,False,
{F-0018499},02/25/2010 12:28:00,IA0008,PC-1008,A1AB3DBE.doc,False,
{F-0032472},02/25/2010 12:28:00,PA0015,PC-1015,C9CB4ED0.jpg,False,
{F-0010567},02/25/2010 12:33:00,DA0003,PC-1003,94728D01.jpg,False,
{F-0018495},02/25/2010 12:34:00,IA0008,PC-1008,4F67B325.xls,False,
{F-0024530},02/25/2010 12:41:00,LA0011,PC-1011,3914E929.pdf,False,
{F-0015783},02/25/2010 12:43:00,GA0006,PC-1006,3CA13677.doc,False,
{F-0033909},02/25/2010 12:43:00,QA0016,PC-1016,81096044.doc,False,
{F-0010559},02/25/2010 12:44:00,DA0003,PC-1003,C2588EAD.txt,False,
{F-0010562},02/25/2010 12:46:00,DA0003,PC-1003,EE41A4D3.pdf,False,
{F-0010557},02/25/2010 12:47:00,DA0003,PC-1003,0C6AD7C3.doc,False,
{F-0013543},02/25/2010 12:47:00,FA0005,PC-1005,65D94084.xls,False,
{F-0032479},02/25/2010 12:52:00,PA0015,PC-1015,2B462AF5.txt,False,
{F-0004615},02/25/2010 12:54:00,BA0001,PC-1001,F9E36802.doc,False,
{F-0013545},02/25/2010 12:59:00,FA0005,PC-1005,3F51B09D.doc,False,
{F-0020501},02/25/2010 13:03:00,JA0009,PC-1009,552319E7.txt,False,
{F-0007875},02/25/2010 13:04:00,CA0002,PC-1002,DE578B02.xls,False,
{F-0024544},02/25/2010 13:04:00,LA0011,PC-1011,9405F1D6.jpg,False,
{F-0028223},02/25/2010 13:05:00,NA0013,PC-1013,ABF5F394.jpg,False,
{F-0013552},02/25/2010 13:12:00,FA0005,PC-1005,F1CE7C7F.xlsx,False,
{F-0024546},02/25/2010 13:13:00,LA0011,PC-1011,5A5593F8.doc,False,
{F-0032474},02/25/2010 13:13:00,PA0015,PC-1015,09811D41.txt,False,
{F-0012093},02/25/2010 13:14:00,EA0004,PC-1004,572E653F.pdf,False,
{F-0020496},02/25/2010 13:21:00,JA0009,PC-1009,AB1FC6AF.doc,False,
{F-0020502},02/25/2010 13:24:00,JA0009,PC-1009,CCD5287E.doc,False,
{F-0032482},02/25/2010 13:24:00,PA0015,PC-1015,2A4F8985.doc,False,
{F-0002034},02/25/2010 13:25:00,AA0000,PC-1000,3913C770.doc,False,
{F-0010558},02/25/2010 13:30:00,DA0003,PC-1003,8DDD0449.txt,False,
{F-0033911},02/25/2010 13:30:00,QA0016,PC-1016,2E88D6B3.pdf,False,
{F-0034977},02/25/2010 13:32:00,RA0017,PC-1017,2939B30A.jpg,False,
{F-0016990},02/25/2010 13:33:00,HA0007,PC-1007,926CE022.pdf,False,
{F-0002045},02/25/2010 13:40:00,AA0000,PC-1000,B965516A.doc,False,
{F-0013538},02/25/2010 13:42:00,FA0005,PC-1005,34CDF070.jpg,False,
{F-0030757},02/25/2010 13:42:00,OA0014,PC-1014,97AE1FC0.doc,False,
{F-0032480},02/25/2010 13:42:00,PA0015,PC-1015,A96209E7.jpg,False,
{F-0032471},02/25/2010 13:44:00,PA0015,PC-1015,170A18A6.xls,False,
{F-0016987},02/25/2010 13:47:00,HA0007,PC-1007,86AF13A1.txt,False,
{F-0024539},02/25/2010 13:49:00,LA0011,PC-1011,ECA3D10C.doc,False,
{F-0010564},02/25/2010 13:51:00,DA0003,PC-1003,241717E0.pdf,False,
{F-0007867},02/25/2010 13:52:00,CA0002,PC-1002,90BF4AFD.xlsx,False,
{F-0002024},02/25/2010 13:57:00,AA0000,PC-1000,F0294F49.jpg,False,
{F-0020509},02/25/2010 13:57:00,JA0009,PC-1009,DBA6A4DF.xlsx,False,
{F-0026541},02/25/2010 14:01:00,MA0012,PC-1012,9FC5A5F4.jpg,False,
{F-0015786},02/25/2010 14:06:00,GA0006,PC-1006,53E6864C.doc,False,
{F-0012092},02/25/2010 14:07:00,EA0004,PC-1004,4E1D9015.pdf,False,
{F-0022476},02/25/2010 14:08:00,KA0010,PC-1010,1B4236DF.pdf,False,
{F-0018484},02/25/2010 14:10:00,IA0008,PC-1008,AACB49D9.jpg,False,
{F-0002036},02/25/2010 14:14:00,AA0000,PC-1000,A99F47D0.xls,False,
{F-0024545},02/25/2010 14:15:00,LA0011,PC-1011,B7123BBA.doc,False,
{F-0024541},02/25/2010 14:16:00,LA0011,PC-1011,F9EBCBA0.doc,False,
{F-0018483},02/25/2010 14:18:00,IA0008,PC-1008,C7F6EEDD.jpg,False,
{F-0026543},02/25/2010 14:18:00,MA0012,PC-1012,EDD05627.jpg,False,
{F-0013540},02/25/2010 14:20:00,FA0005,PC-1005,BF8184FC.pdf,False,
{F-0013542},02/25/2010 14:28:00,FA0005,PC-1005,08E6C737.jpg,False,
{F-0030752},02/25/2010 14:31:00,OA0014,PC-1014,E3766026.pdf,False,
{F-0026538},02/25/2010 14:32:00,MA0012,PC-1012,7DE07A34.pdf,False,
{F-0024537},02/25/2010 14:35:00,LA0011,PC-1011,D5AA2E5E.jpg,False,
{F-0026539},02/25/2010 14:39:00,MA0012,PC-1012,3CE150FF.txt,False,
{F-0013548},02/25/2010 14:40:00,FA0005,PC-1005,A1EEDBEE.xls,False,
{F-0024538},02/25/2010 14:41:00,LA0011,PC-1011,26A314B1.jpg,False,
{F-0004620},02/25/2010 14:46:00,BA0001,PC-1001,20A2048B.doc,False,
{F-0010563},02/25/2010 14:47:00,DA0003,PC-1003,1FF465C7.jpg,False,
{F-0020506},02/25/2010 14:47:00,JA0009,PC-1009,1FC56E05.pdf,False,
{F-0032481},02/25/2010 14:47:00,PA0015,PC-1015,98A11C13.jpg,False,
{F-0004618},02/25/2010 14:55:00,BA0001,PC-1001,51EB90D1.jpg,False,
{F-0007871},02/25/2010 14:56:00,CA0002,PC-1002,AB5C273C.txt,False,
{F-0002037},02/25/2010 14:58:00,AA0000,PC-1000,BC67F733.doc,False,
{F-0012090},02/25/2010 15:10:00,EA0004,PC-1004,608F4F0B.pdf,False,
{F-0007866},02/25/2010 15:14:00,CA0002,PC-1002,95F1C456.jpg,False,
{F-0012088},02/25/2010 15:14:00,EA0004,PC-1004,381B6462.jpg,False,
{F-0016988},02/25/2010 15:14:00,HA0007,PC-1007,9A7E91C1.pdf,False,
{F-0010569},02/25/2010 15:15:00,DA0003,PC-1003,9455C283.jpg,False,
{F-0020504},02/25/2010 15:16:00,JA0009,PC-1009,65045F6E.pdf,False,
{F-0012095},02/25/2010 15:17:00,EA0004,PC-1004,EE3EB129.pdf,False,
{F-0007872},02/25/2010 15:18:00,CA0002,PC-1002,D2D451B9.jpg,False,
{F-0010570},02/25/2010 15:19:00,DA0003,PC-1003,0953E2F0.doc,False,
{F-0002038},02/25/2010 15:29:00,AA0000,PC-1000,11F08DBC.xls,False,
{F-0024528},02/25/2010 15:30:00,LA0011,PC-1011,0FCAF427.doc,False,
{F-0010555},02/25/2010 15:33:00,DA0003,PC-1003,86D4111C.xlsx,False,
{F-0018496},02/25/2010 15:33:00,IA0008,PC-1008,A92CB530.pdf,False,
{F-0033910},02/25/2010 15:34:00,QA0016,PC-1016,B15EBC2B.xls,False,
{F-0018498},02/25/2010 15:38:00,IA0008,PC-1008,3EF47F14.xls,False,
{F-0024535},02/25/2010 15:40:00,LA0011,PC-1011,558481D0.xls,False,
{F-0020508},02/25/2010 15:42:00,JA0009,PC-1009,A34BEC9A.doc,False,
{F-0004616},02/25/2010 15:46:00,BA0001,PC-1001,7FB85ECB.txt,False,
{F-0004613},02/25/2010 15:47:00,BA0001,PC-1001,DF37E631.jpg,False,
{F-0015782},02/25/2010 15:52:00,GA0006,PC-1006,9F4FA9EC.jpg,False,
{F-0015785},02/25/2010 15:55:00,GA0006,PC-1006,49547700.txt,False,
{F-0033913},02/25/2010 15:57:00,QA0016,PC-1016,6225E390.jpg,False,
{F-0024529},02/25/2010 15:59:00,LA0011,PC-1011,F4783163.txt,False,
{F-0020495},02/25/2010 16:03:00,JA0009,PC-1009,25FDE324.txt,False,
{F-0004619},02/25/2010 16:07:00,BA0001,PC-1001,43118D73.doc,False,
{F-0024549},02/25/2010 16:08:00,LA0011,PC-1011,E0BE1D37.doc,False,
{F-0013539},02/25/2010 16:12:00,FA0005,PC-1005,FB4B4B1B.doc,False,
{F-0013537},02/25/2010 16:15:00,FA0005,PC-1005,20EC5928.xlsx,False,
{F-0012094},02/25/2010 16:16:00,EA0004,PC-1004,F49F1269.txt,False,
{F-0026540},02/25/2010 16:16:00,MA0012,PC-1012,018119B6.xlsx,False,
{F-0034976},02/25/2010 16:24:00,RA0017,PC-1017,A46C07D2.jpg,False,
{F-0002044},02/25/2010 16:30:00,AA0000,PC-1000,F92E7965.doc,False,
{F-0030748},02/25/2010 16:30:00,OA0014,PC-1014,9A4F0CE5.jpg,False,
{F-0002033},02/25/2010 16:35:00,AA0000,PC-1000,9C8CC190.doc,False,
{F-0007876},02/25/2010 16:35:00,CA0002,PC-1002,CB07C868.doc,False,
{F-0013549},02/25/2010 16:35:00,FA0005,PC-1005,81E701EB.doc,False,
{F-0030758},02/25/2010 16:37:00,OA0014,PC-1014,F4F35B6F.jpg,False,
{F-0020511},02/25/2010 16:38:00,JA0009,PC-1009,BA203947.pdf,False,
{F-0013553},02/25/2010 16:43:00,FA0005,PC-1005,5006A939.xls,False,
{F-0028226},02/25/2010 16:44:00,NA0013,PC-1013,D3A7DD02.txt,False,
{F-0018485},02/25/2010 16:47:00,IA0008,PC-1008,1ECE472B.xlsx,False,
{F-0033912},02/25/2010 16:47:00,QA0016,PC-1016,E4B77462.doc,False,
{F-0018500},02/25/2010 16:51:00,IA0008,PC-1008,AAE928F3.txt,False,
{F-0002047},02/25/2010 16:56:00,AA0000,PC-1000,01325AAC.jpg,False,
{F-0007873},02/25/2010 16:58:00,CA0002,PC-1002,9B5614AC.pdf,False,
{F-0007878},02/25/2010 17:05:00,CA0002,PC-1002,CB1F4217.doc,False,
{F-0030756},02/25/2010 17:06:00,OA0014,PC-1014,B502178B.xls,False,
{F-0012087},02/25/2010 17:08:00,EA0004,PC-1004,D91274E2.xls,False,
{F-0022468},02/25/2010 17:19:00,KA0010,PC-1010,0EBE63BD.txt,False,
{F-0030753},02/25/2010 17:23:00,OA0014,PC-1014,D5897D6B.pdf,False,
{F-0032478},02/25/2010 17:25:00,PA0015,PC-1015,43B22B6B.pdf,False,
{F-0034979},02/25/2010 17:25:00,RA0017,PC-1017,F270ED54.doc,False,
{F-0012083},02/25/2010 17:28:00,EA0004,PC-1004,96C0579B.xls,False,
{F-0033907},02/25/2010 17:38:00,QA0016,PC-1016,402F9652.xls,False,
{F-0024540},02/25/2010 17:40:00,LA0011,PC-1011,AE891BA4.xls,False,
{F-0024553},02/25/2010 17:40:00,LA0011,PC-1011,5B160696.xlsx,False,
{F-0007883},02/25/2010 17:48:00,CA0002,PC-1002,ECA1B31D.pdf,False,
{F-0013550},02/25/2010 17:53:00,FA0005,PC-1005,34E7A26A.pdf,False,
{F-0013551},02/25/2010 17:53:00,FA0005,PC-1005,6A8B1C0E.txt,False,
{F-0007869},02/25/2010 18:49:00,CA0002,PC-1002,49708317.xlsx,False,
{F-0007882},02/25/2010 19:16:00,CA0002,PC-1002,2600AF70.doc,False,
{F-0024577},02/26/2010 07:21:00,LA0011,PC-1011,C05800BB.doc,False,
{F-0024581},02/26/2010 07:32:00,LA0011,PC-1011,7D1A60C8.pdf,False,
{F-0030811},02/26/2010 07:53:00,OA0014,PC-1014,23E08389.xlsx,False,
{F-0026597},02/26/2010 07:56:00,MA0012,PC-1012,3AC7C748.txt,False,
{F-0015828},02/26/2010 08:21:00,GA0006,PC-1006,28C5FF64.txt,False,
{F-0010638},02/26/2010 08:26:00,DA0003,PC-1003,11045C0F.xlsx,False,
{F-0015832},02/26/2010 08:26:00,GA0006,PC-1006,69BD2EA3.xls,False,
{F-0018528},02/26/2010 08:30:00,IA0008,PC-1008,74FA5EA5.txt,False,
{F-0022512},02/26/2010 08:40:00,KA0010,PC-1010,A5383696.xlsx,False,
{F-0020551},02/26/2010 08:45:00,JA0009,PC-1009,F93A315C.doc,False,
{F-0020563},02/26/2010 08:45:00,JA0009,PC-1009,6E03A28A.doc,False,
{F-0030807},02/26/2010 08:46:00,OA0014,PC-1014,44C1541B.jpg,False,
{F-0010626},02/26/2010 08:51:00,DA0003,PC-1003,4CCC8E6B.doc,False,
{F-0020570},02/26/2010 08:57:00,JA0009,PC-1009,3B916F06.doc,False,
{F-0022517},02/26/2010 08:59:00,KA0010,PC-1010,84B540EA.jpg,False,
{F-0030809},02/26/2010 09:02:00,OA0014,PC-1014,069D243A.xls,False,
{F-0010624},02/26/2010 09:05:00,DA0003,PC-1003,5E00A4E8.txt,False,
{F-0017016},02/26/2010 09:08:00,HA0007,PC-1007,2029092B.jpg,False,
{F-0024567},02/26/2010 09:08:00,LA0011,PC-1011,C51B3C40.pdf,False,
{F-0024588},02/26/2010 09:12:00,LA0011,PC-1011,E5B9A6AF.txt,False,
{F-0012117},02/26/2010 09:14:00,EA0004,PC-1004,CF8EC7B5.xlsx,False,
{F-0020569},02/26/2010 09:17:00,JA0009,PC-1009,24135C9C.xlsx,False,
{F-0020573},02/26/2010 09:19:00,JA0009,PC-1009,52C46D0C.xls,False,
{F-0007920},02/26/2010 09:20:00,CA0002,PC-1002,6751536C.xls,False,
{F-0020552},02/26/2010 09:22:00,JA0009,PC-1009,D796BF96.xlsx,False,
{F-0012129},02/26/2010 09:23:00,EA0004,PC-1004,853F31E8.doc,False,
{F-0032509},02/26/2010 09:26:00,PA0015,PC-1015,ABF062A6.xls,False,
{F-0033952},02/26/2010 09:31:00,QA0016,PC-1016,5CBD0E67.doc,False,
{F-0012121},02/26/2010 09:35:00,EA0004,PC-1004,C9505A66.txt,False,
{F-0028271},02/26/2010 09:35:00,NA0013,PC-1013,132C32F2.doc,False,
{F-0012125},02/26/2010 09:38:00,EA0004,PC-1004,ED5E10DA.txt,False,
{F-0018532},02/26/2010 09:38:00,IA0008,PC-1008,C93B3E56.doc,False,
{F-0034999},02/26/2010 09:41:00,RA0017,PC-1017,71436083.doc,False,
{F-0022520},02/26/2010 09:42:00,KA0010,PC-1010,DBB2E64A.jpg,False,
{F-0012123},02/26/2010 09:43:00,EA0004,PC-1004,FBFCB256.doc,False,
{F-0007934},02/26/2010 09:45:00,CA0002,PC-1002,6C2F8398.doc,False,
{F-0013576},02/26/2010 09:45:00,FA0005,PC-1005,526D1DF0.xls,False,
{F-0018526},02/26/2010 09:47:00,IA0008,PC-1008,2CBF505B.xlsx,False,
{F-0017013},02/26/2010 09:49:00,HA0007,PC-1007,122E566D.pdf,False,
{F-0024571},02/26/2010 09:50:00,LA0011,PC-1011,5969EF41.doc,False,
{F-0026601},02/26/2010 09:50:00,MA0012,PC-1012,CB13B5C9.xlsx,False,
{F-0004682},02/26/2010 09:51:00,BA0001,PC-1001,450B3843.pdf,False,
{F-0030815},02/26/2010 09:51:00,OA0014,PC-1014,18B3AE5A.xls,False,
{F-0032505},02/26/2010 09:55:00,PA0015,PC-1015,C731AC05.jpg,False,
{F-0007931},02/26/2010 09:56:00,CA0002,PC-1002,EDFA59CA.doc,False,
{F-0010633},02/26/2010 09:56:00,DA0003,PC-1003,8A89FA77.txt,False,
{F-0020572},02/26/2010 09:57:00,JA0009,PC-1009,D85FA337.xls,False,
{F-0020574},02/26/2010 09:58:00,JA0009,PC-1009,95902B21.jpg,False,
{F-0020559},02/26/2010 10:01:00,JA0009,PC-1009,CAE02B91.xlsx,False,
{F-0012124},02/26/2010 10:05:00,EA0004,PC-1004,B9ADAC28.txt,False,
{F-0024575},02/26/2010 10:05:00,LA0011,PC-1011,481666CF.pdf,False,
{F-0010632},02/26/2010 10:08:00,DA0003,PC-1003,BCEF3C60.xlsx,False,
{F-0032514},02/26/2010 10:08:00,PA0015,PC-1015,4FE0A794.doc,False,
{F-0026598},02/26/2010 10:11:00,MA0012,PC-1012,671FA727.pdf,False,
{F-0017018},02/26/2010 10:13:00,HA0007,PC-1007,9D1B69C6.doc,False,
{F-0024569},02/26/2010 10:13:00,LA0011,PC-1011,02A93A0E.jpg,False,
{F-0013572},02/26/2010 10:14:00,FA0005,PC-1005,3AAD5FF9.pdf,False,
{F-0017014},02/26/2010 10:18:00,HA0007,PC-1007,5A9C0215.jpg,False,
{F-0010637},02/26/2010 10:19:00,DA0003,PC-1003,24719CA5.xlsx,False,
{F-0017020},02/26/2010 10:19:00,HA0007,PC-1007,C3767A5B.xls,False,
{F-0012120},02/26/2010 10:21:00,EA0004,PC-1004,E3868332.xls,False,
{F-0024576},02/26/2010 10:23:00,LA0011,PC-1011,339F9FE8.doc,False,
{F-0013586},02/26/2010 10:24:00,FA0005,PC-1005,6BEC8946.jpg,False,
{F-0015830},02/26/2010 10:25:00,GA0006,PC-1006,F61B8F4F.xlsx,False,
{F-0026596},02/26/2010 10:31:00,MA0012,PC-1012,AB7EFB50.txt,False,
{F-0028264},02/26/2010 10:40:00,NA0013,PC-1013,9F3A67C0.doc,False,
{F-0012122},02/26/2010 10:44:00,EA0004,PC-1004,3F5E7C11.txt,False,
{F-0015834},02/26/2010 10:50:00,GA0006,PC-1006,D671D4FD.doc,False,
{F-0013584},02/26/2010 10:53:00,FA0005,PC-1005,8EECE43E.xlsx,False,
{F-0035001},02/26/2010 10:53:00,RA0017,PC-1017,399286E2.xls,False,
{F-0012127},02/26/2010 10:54:00,EA0004,PC-1004,D8D36BF5.pdf,False,
{F-0026594},02/26/2010 10:58:00,MA0012,PC-1012,5BA56365.xlsx,False,
{F-0010625},02/26/2010 11:01:00,DA0003,PC-1003,9AC396B9.txt,False,
{F-0015833},02/26/2010 11:03:00,GA0006,PC-1006,4124F6CF.doc,False,
{F-0035000},02/26/2010 11:08:00,RA0017,PC-1017,51101603.doc,False,
{F-0024586},02/26/2010 11:09:00,LA0011,PC-1011,32CACB8F.txt,False,
{F-0007926},02/26/2010 11:10:00,CA0002,PC-1002,80B193B6.xlsx,False,
{F-0012126},02/26/2010 11:14:00,EA0004,PC-1004,D8C501C7.xls,False,
{F-0022522},02/26/2010 11:15:00,KA0010,PC-1010,E19C328A.doc,False,
{F-0026595},02/26/2010 11:15:00,MA0012,PC-1012,B4116C35.doc,False,
{F-0020566},02/26/2010 11:20:00,JA0009,PC-1009,EB1F91C5.xls,False,
{F-0033949},02/26/2010 11:23:00,QA0016,PC-1016,7B74B0CA.txt,False,
{F-0013571},02/26/2010 11:24:00,FA0005,PC-1005,1BF02CE5.doc,False,
{F-0018531},02/26/2010 11:25:00,IA0008,PC-1008,9E3E5C3A.jpg,False,
{F-0004686},02/26/2010 11:29:00,BA0001,PC-1001,CC2D3200.xls,False,
{F-0012135},02/26/2010 11:32:00,EA0004,PC-1004,2FC1F8A8.txt,False,
{F-0028269},02/26/2010 11:33:00,NA0013,PC-1013,632F5206.xlsx,False,
{F-0007936},02/26/2010 11:34:00,CA0002,PC-1002,5C209DA7.xlsx,False,
{F-0010634},02/26/2010 11:35:00,DA0003,PC-1003,4076A16F.jpg,False,
{F-0024570},02/26/2010 11:38:00,LA0011,PC-1011,B84115B1.doc,False,
{F-0018533},02/26/2010 11:40:00,IA0008,PC-1008,8DBA3B97.txt,False,
{F-0017015},02/26/2010 11:42:00,HA0007,PC-1007,4B86EAEC.txt,False,
{F-0024566},02/26/2010 11:44:00,LA0011,PC-1011,55473041.xlsx,False,
{F-0012118},02/26/2010 11:45:00,EA0004,PC-1004,20A05489.xls,False,
{F-0030803},02/26/2010 11:47:00,OA0014,PC-1014,D7DFF49F.doc,False,
{F-0013580},02/26/2010 11:49:00,FA0005,PC-1005,66EB8168.xlsx,False,
{F-0004689},02/26/2010 11:51:00,BA0001,PC-1001,615A868A.xls,False,
{F-0004681},02/26/2010 11:56:00,BA0001,PC-1001,EBE4E77B.xlsx,False,
{F-0020555},02/26/2010 11:56:00,JA0009,PC-1009,FE4A0018.xlsx,False,
{F-0012132},02/26/2010 11:58:00,EA0004,PC-1004,38B1FFDC.jpg,False,
{F-0022519},02/26/2010 12:01:00,KA0010,PC-1010,0404711B.xlsx,False,
{F-0020565},02/26/2010 12:05:00,JA0009,PC-1009,171FB640.doc,False,
{F-0018527},02/26/2010 12:06:00,IA0008,PC-1008,4C03CF74.xls,False,
{F-0020562},02/26/2010 12:06:00,JA0009,PC-1009,99869A5C.xlsx,False,
{F-0012130},02/26/2010 12:14:00,EA0004,PC-1004,7F942853.pdf,False,
{F-0026599},02/26/2010 12:14:00,MA0012,PC-1012,54330CF2.jpg,False,
{F-0033953},02/26/2010 12:16:00,QA0016,PC-1016,633035D8.txt,False,
{F-0020564},02/26/2010 12:17:00,JA0009,PC-1009,78C8D483.xls,False,
{F-0024589},02/26/2010 12:18:00,LA0011,PC-1011,1E11044B.jpg,False,
{F-0015829},02/26/2010 12:19:00,GA0006,PC-1006,7F9CF1F3.xls,False,
{F-0024578},02/26/2010 12:25:00,LA0011,PC-1011,FD650E00.xls,False,
{F-0024573},02/26/2010 12:28:00,LA0011,PC-1011,C369F524.xlsx,False,
{F-0007935},02/26/2010 12:29:00,CA0002,PC-1002,67D180DC.pdf,False,
{F-0024585},02/26/2010 12:32:00,LA0011,PC-1011,034B64E1.xlsx,False,
{F-0010635},02/26/2010 12:33:00,DA0003,PC-1003,A13F7AB9.xls,False,
{F-0020557},02/26/2010 12:41:00,JA0009,PC-1009,B4A6C088.xlsx,False,
{F-0020554},02/26/2010 12:42:00,JA0009,PC-1009,2C9B4A7E.pdf,False,
{F-0010630},02/26/2010 12:49:00,DA0003,PC-1003,13BE737D.jpg,False,
{F-0028263},02/26/2010 12:52:00,NA0013,PC-1013,5392565A.txt,False,
{F-0004694},02/26/2010 12:58:00,BA0001,PC-1001,90DA4A89.doc,False,
{F-0007921},02/26/2010 13:01:00,CA0002,PC-1002,86C6D1BA.xlsx,False,
{F-0024574},02/26/2010 13:02:00,LA0011,PC-1011,FAAC9C40.txt,False,
{F-0022524},02/26/2010 13:04:00,KA0010,PC-1010,F5118D9D.xlsx,False,
{F-0004688},02/26/2010 13:06:00,BA0001,PC-1001,E6502ED2.jpg,False,
{F-0032503},02/26/2010 13:06:00,PA0015,PC-1015,00A03BD1.doc,False,
{F-0013575},02/26/2010 13:07:00,FA0005,PC-1005,912BBF5C.xls,False,
{F-0013579},02/26/2010 13:08:00,FA0005,PC-1005,7D91BD6A.xls,False,
{F-0020556},02/26/2010 13:08:00,JA0009,PC-1009,833103FD.xlsx,False,
{F-0033951},02/26/2010 13:10:00,QA0016,PC-1016,484EDC9F.doc,False,
{F-0012119},02/26/2010 13:12:00,EA0004,PC-1004,5A209210.doc,False,
{F-0013573},02/26/2010 13:14:00,FA0005,PC-1005,0FCC1A30.xls,False,
{F-0024584},02/26/2010 13:14:00,LA0011,PC-1011,4944CAD7.txt,False,
{F-0030817},02/26/2010 13:14:00,OA0014,PC-1014,F8A2F463.xlsx,False,
{F-0010629},02/26/2010 13:15:00,DA0003,PC-1003,EC54AF63.doc,False,
{F-0028266},02/26/2010 13:19:00,NA0013,PC-1013,92EDC7DE.doc,False,
{F-0007932},02/26/2010 13:20:00,CA0002,PC-1002,8E2D2803.doc,False,
{F-0028267},02/26/2010 13:23:00,NA0013,PC-1013,9E60AE5E.txt,False,
{F-0024583},02/26/2010 13:28:00,LA0011,PC-1011,E62B44FE.xlsx,False,
{F-0007929},02/26/2010 13:30:00,CA0002,PC-1002,84D45D51.txt,False,
{F-0032507},02/26/2010 13:31:00,PA0015,PC-1015,32D43492.txt,False,
{F-0032508},02/26/2010 13:31:00,PA0015,PC-1015,7326416F.xlsx,False,
{F-0028268},02/26/2010 13:33:00,NA0013,PC-1013,4647322C.pdf,False,
{F-0004678},02/26/2010 13:37:00,BA0001,PC-1001,7F1EDCDD.doc,False,
{F-0018535},02/26/2010 13:39:00,IA0008,PC-1008,8219147C.pdf,False,
{F-0024582},02/26/2010 13:41:00,LA0011,PC-1011,1504E6AF.doc,False,
{F-0004695},02/26/2010 13:54:00,BA0001,PC-1001,BC455945.doc,False,
{F-0024580},02/26/2010 13:56:00,LA0011,PC-1011,2FAD84C3.doc,False,
{F-0012128},02/26/2010 13:58:00,EA0004,PC-1004,05730A0E.xls,False,
{F-0007922},02/26/2010 14:01:00,CA0002,PC-1002,BF98CDD3.txt,False,
{F-0013577},02/26/2010 14:01:00,FA0005,PC-1005,71289E0E.doc,False,
{F-0032515},02/26/2010 14:02:00,PA0015,PC-1015,B990FBB0.xlsx,False,
{F-0004683},02/26/2010 14:04:00,BA0001,PC-1001,A2ACE5EA.doc,False,
{F-0010628},02/26/2010 14:07:00,DA0003,PC-1003,8ED73663.xls,False,
{F-0022513},02/26/2010 14:08:00,KA0010,PC-1010,F23BC5EC.jpg,False,
{F-0010622},02/26/2010 14:11:00,DA0003,PC-1003,A0B99371.jpg,False,
{F-0020560},02/26/2010 14:11:00,JA0009,PC-1009,CF31D5D9.jpg,False,
{F-0020567},02/26/2010 14:14:00,JA0009,PC-1009,40FAED74.doc,False,
{F-0033954},02/26/2010 14:17:00,QA0016,PC-1016,4B42C3A6.txt,False,
{F-0032511},02/26/2010 14:18:00,PA0015,PC-1015,D81B6722.xlsx,False,
{F-0018534},02/26/2010 14:19:00,IA0008,PC-1008,7599C916.xlsx,False,
{F-0007928},02/26/2010 14:20:00,CA0002,PC-1002,73A98564.doc,False,
{F-0012137},02/26/2010 14:21:00,EA0004,PC-1004,FDA6D8D4.txt,False,
{F-0004677},02/26/2010 14:24:00,BA0001,PC-1001,20E9DD5A.doc,False,
{F-0004687},02/26/2010 14:26:00,BA0001,PC-1001,40372B17.xls,False,
{F-0004692},02/26/2010 14:28:00,BA0001,PC-1001,9F606941.xlsx,False,
{F-0022521},02/26/2010 14:28:00,KA0010,PC-1010,C06EA452.xlsx,False,
{F-0004680},02/26/2010 14:29:00,BA0001,PC-1001,F9B8D761.txt,False,
{F-0012136},02/26/2010 14:36:00,EA0004,PC-1004,EAA1410C.doc,False,
{F-0020561},02/26/2010 14:37:00,JA0009,PC-1009,1090E6EC.xlsx,False,
{F-0032504},02/26/2010 14:37:00,PA0015,PC-1015,4A0CC8B1.txt,False,
{F-0024579},02/26/2010 14:40:00,LA0011,PC-1011,C68E6C8B.txt,False,
{F-0030812},02/26/2010 14:40:00,OA0014,PC-1014,7520778C.doc,False,
{F-0018529},02/26/2010 14:42:00,IA0008,PC-1008,7E765EA5.xlsx,False,
{F-0033948},02/26/2010 14:43:00,QA0016,PC-1016,B00DA4C1.pdf,False,
{F-0020553},02/26/2010 14:44:00,JA0009,PC-1009,4E135A15.xls,False,
{F-0020558},02/26/2010 14:44:00,JA0009,PC-1009,4261A1C6.doc,False,
{F-0030804},02/26/2010 14:44:00,OA0014,PC-1014,6131319C.xls,False,
{F-0010623},02/26/2010 14:45:00,DA0003,PC-1003,1ACCD4CB.txt,False,
{F-0015835},02/26/2010 14:45:00,GA0006,PC-1006,9579BD1F.jpg,False,
{F-0013574},02/26/2010 14:46:00,FA0005,PC-1005,888C68A6.txt,False,
{F-0017017},02/26/2010 14:47:00,HA0007,PC-1007,B8A8CAD7.txt,False,
{F-0022510},02/26/2010 14:48:00,KA0010,PC-1010,93DC9B38.xlsx,False,
{F-0010639},02/26/2010 14:54:00,DA0003,PC-1003,4A4F2432.jpg,False,
{F-0010636},02/26/2010 15:01:00,DA0003,PC-1003,14684D93.pdf,False,
{F-0024568},02/26/2010 15:03:00,LA0011,PC-1011,BFE21603.doc,False,
{F-0030806},02/26/2010 15:03:00,OA0014,PC-1014,1AA029F5.jpg,False,
{F-0013583},02/26/2010 15:04:00,FA0005,PC-1005,4CCB0E11.jpg,False,
{F-0032506},02/26/2010 15:05:00,PA0015,PC-1015,E5E5A17E.jpg,False,
{F-0007923},02/26/2010 15:08:00,CA0002,PC-1002,7CE8B237.xlsx,False,
{F-0004693},02/26/2010 15:09:00,BA0001,PC-1001,5EB1A0DD.xls,False,
{F-0017012},02/26/2010 15:11:00,HA0007,PC-1007,23DD4A9E.xls,False,
{F-0026602},02/26/2010 15:11:00,MA0012,PC-1012,C577D956.doc,False,
{F-0028262},02/26/2010 15:11:00,NA0013,PC-1013,5AA14ADA.jpg,False,
{F-0033950},02/26/2010 15:11:00,QA0016,PC-1016,E00302BB.pdf,False,
{F-0024572},02/26/2010 15:14:00,LA0011,PC-1011,E11DB11D.jpg,False,
{F-0020571},02/26/2010 15:17:00,JA0009,PC-1009,366CB483.jpg,False,
{F-0022511},02/26/2010 15:17:00,KA0010,PC-1010,C1283419.pdf,False,
{F-0030813},02/26/2010 15:17:00,OA0014,PC-1014,F41B0C55.jpg,False,
{F-0030816},02/26/2010 15:17:00,OA0014,PC-1014,4AFEB106.txt,False,
{F-0004676},02/26/2010 15:19:00,BA0001,PC-1001,AC3C815F.jpg,False,
{F-0015831},02/26/2010 15:20:00,GA0006,PC-1006,E67793B9.doc,False,
{F-0032513},02/26/2010 15:20:00,PA0015,PC-1015,6B546AB1.doc,False,
{F-0032510},02/26/2010 15:23:00,PA0015,PC-1015,81F20C61.xlsx,False,
{F-0013588},02/26/2010 15:24:00,FA0005,PC-1005,EA452CE0.pdf,False,
{F-0018530},02/26/2010 15:32:00,IA0008,PC-1008,A305472A.doc,False,
{F-0015836},02/26/2010 15:43:00,GA0006,PC-1006,F7C0EF6D.jpg,False,
{F-0013570},02/26/2010 15:44:00,FA0005,PC-1005,139AEE00.xls,False,
{F-0013587},02/26/2010 15:44:00,FA0005,PC-1005,86584F8F.jpg,False,
{F-0007925},02/26/2010 15:45:00,CA0002,PC-1002,5150A568.doc,False,
{F-0030814},02/26/2010 15:48:00,OA0014,PC-1014,8B076E08.doc,False,
{F-0012131},02/26/2010 15:49:00,EA0004,PC-1004,B1EB0F2B.txt,False,
{F-0012133},02/26/2010 15:49:00,EA0004,PC-1004,A9D9F28A.xlsx,False,
{F-0028272},02/26/2010 15:58:00,NA0013,PC-1013,13A2F5B0.txt,False,
{F-0020568},02/26/2010 15:59:00,JA0009,PC-1009,65FFB20F.doc,False,
{F-0017019},02/26/2010 16:00:00,HA0007,PC-1007,B163A714.jpg,False,
{F-0022515},02/26/2010 16:02:00,KA0010,PC-1010,9B658D91.jpg,False,
{F-0004685},02/26/2010 16:06:00,BA0001,PC-1001,5BB65907.txt,False,
{F-0004690},02/26/2010 16:06:00,BA0001,PC-1001,4C071BBE.doc,False,
{F-0024587},02/26/2010 16:09:00,LA0011,PC-1011,D702681B.xlsx,False,
{F-0030805},02/26/2010 16:10:00,OA0014,PC-1014,6046E0BA.doc,False,
{F-0030808},02/26/2010 16:11:00,OA0014,PC-1014,82987701.xlsx,False,
{F-0028270},02/26/2010 16:13:00,NA0013,PC-1013,FB2303B9.pdf,False,
{F-0022523},02/26/2010 16:14:00,KA0010,PC-1010,3C7FE048.xlsx,False,
{F-0030810},02/26/2010 16:14:00,OA0014,PC-1014,B69794D3.pdf,False,
{F-0022516},02/26/2010 16:16:00,KA0010,PC-1010,8ED756A1.doc,False,
{F-0032512},02/26/2010 16:19:00,PA0015,PC-1015,FC3C06B8.xls,False,
{F-0007927},02/26/2010 16:22:00,CA0002,PC-1002,D5AADE48.pdf,False,
{F-0032502},02/26/2010 16:22:00,PA0015,PC-1015,D8B7EA1E.xls,False,
{F-0026600},02/26/2010 16:23:00,MA0012,PC-1012,C4FE3AEF.doc,False,
{F-0010631},02/26/2010 16:29:00,DA0003,PC-1003,B935068C.xlsx,False,
{F-0012134},02/26/2010 16:29:00,EA0004,PC-1004,7D139DC9.doc,False,
{F-0013582},02/26/2010 16:31:00,FA0005,PC-1005,A8A5658C.doc,False,
{F-0004696},02/26/2010 16:47:00,BA0001,PC-1001,89989739.xls,False,
{F-0028265},02/26/2010 16:56:00,NA0013,PC-1013,3DF6B067.xls,False,
{F-0004691},02/26/2010 16:58:00,BA0001,PC-1001,1839520B.jpg,False,
{F-0004684},02/26/2010 17:08:00,BA0001,PC-1001,442E78EF.doc,False,
{F-0010627},02/26/2010 17:12:00,DA0003,PC-1003,C71C5083.xls,False,
{F-0004679},02/26/2010 17:19:00,BA0001,PC-1001,EB21AB39.xls,False,
{F-0022514},02/26/2010 17:33:00,KA0010,PC-1010,2094CD7E.jpg,False,
{F-0007933},02/26/2010 17:37:00,CA0002,PC-1002,42217564.jpg,False,
{F-0013581},02/26/2010 17:46:00,FA0005,PC-1005,320B2DEB.xlsx,False,
{F-0013585},02/26/2010 17:53:00,FA0005,PC-1005,EF6DAC77.txt,False,
{F-0022508},02/26/2010 17:53:00,KA0010,PC-1010,BF50CDB5.xlsx,False,
{F-0007924},02/26/2010 17:56:00,CA0002,PC-1002,AE04EB33.doc,False,
{F-0013578},02/26/2010 17:59:00,FA0005,PC-1005,AEBE457B.doc,False,
{F-0022518},02/26/2010 18:07:00,KA0010,PC-1010,4868CAF2.xlsx,False,
{F-0022509},02/26/2010 18:30:00,KA0010,PC-1010,26C7EC7C.xlsx,False,
{F-0007930},02/26/2010 18:53:00,CA0002,PC-1002,B600D034.pdf,False,
{F-0024642},03/01/2010 07:19:00,LA0011,PC-1011,0F8F3424.txt,False,
{F-0024624},03/01/2010 07:26:00,LA0011,PC-1011,EE159D86.doc,False,
{F-0024637},03/01/2010 07:38:00,LA0011,PC-1011,57221FDF.xls,False,
{F-0024628},03/01/2010 07:50:00,LA0011,PC-1011,17489C7A.xlsx,False,
{F-0024632},03/01/2010 08:01:00,LA0011,PC-1011,D5042B5F.doc,False,
{F-0002118},03/01/2010 08:06:00,AA0000,PC-1000,6B106B51.txt,False,
{F-0010690},03/01/2010 08:11:00,DA0003,PC-1003,BBBC14AA.doc,False,
{F-0015888},03/01/2010 08:18:00,GA0006,PC-1006,F583A218.doc,False,
{F-0010704},03/01/2010 08:26:00,DA0003,PC-1003,BBE4EBDE.xlsx,False,
{F-0024641},03/01/2010 08:26:00,LA0011,PC-1011,29362ABD.xlsx,False,
{F-0024636},03/01/2010 08:33:00,LA0011,PC-1011,A70F9A41.xls,False,
{F-0015889},03/01/2010 08:36:00,GA0006,PC-1006,861EDB12.pdf,False,
{F-0015892},03/01/2010 08:36:00,GA0006,PC-1006,74C618BD.xls,False,
{F-0024625},03/01/2010 08:37:00,LA0011,PC-1011,DD528198.xlsx,False,
{F-0030868},03/01/2010 08:40:00,OA0014,PC-1014,FFBCE94F.doc,False,
{F-0028313},03/01/2010 08:41:00,NA0013,PC-1013,7CA0813F.xlsx,False,
{F-0030862},03/01/2010 08:42:00,OA0014,PC-1014,AA790066.doc,False,
{F-0020621},03/01/2010 08:43:00,JA0009,PC-1009,8A651934.doc,False,
{F-0010700},03/01/2010 08:46:00,DA0003,PC-1003,A2246DB4.xls,False,
{F-0010702},03/01/2010 08:47:00,DA0003,PC-1003,8318703B.txt,False,
{F-0026656},03/01/2010 08:48:00,MA0012,PC-1012,F50873F7.txt,False,
{F-0022558},03/01/2010 08:50:00,KA0010,PC-1010,B6664474.jpg,False,
{F-0004786},03/01/2010 08:51:00,BA0001,PC-1001,208FF841.xlsx,False,
{F-0020634},03/01/2010 08:54:00,JA0009,PC-1009,5A09FFF1.xlsx,False,
{F-0010703},03/01/2010 08:59:00,DA0003,PC-1003,47254ED0.xls,False,
{F-0010698},03/01/2010 09:02:00,DA0003,PC-1003,6E6CE55F.xlsx,False,
{F-0004785},03/01/2010 09:06:00,BA0001,PC-1001,EADD8E36.doc,False,
{F-0024626},03/01/2010 09:06:00,LA0011,PC-1011,4C22B1C5.doc,False,
{F-0035021},03/01/2010 09:07:00,RA0017,PC-1017,15BC4BAF.xlsx,False,
{F-0004783},03/01/2010 09:11:00,BA0001,PC-1001,81F8E4F3.xls,False,
{F-0007981},03/01/2010 09:11:00,CA0002,PC-1002,6417F68F.xls,False,
{F-0002116},03/01/2010 09:14:00,AA0000,PC-1000,5CF57230.doc,False,
{F-0010689},03/01/2010 09:14:00,DA0003,PC-1003,8D4D65B4.pdf,False,
{F-0024639},03/01/2010 09:14:00,LA0011,PC-1011,3D74A185.xlsx,False,
{F-0028310},03/01/2010 09:16:00,NA0013,PC-1013,1FAF6EB5.txt,False,
{F-0013606},03/01/2010 09:19:00,FA0005,PC-1005,E8A24275.doc,False,
{F-0007976},03/01/2010 09:21:00,CA0002,PC-1002,D6F87782.pdf,False,
{F-0022560},03/01/2010 09:21:00,KA0010,PC-1010,1E898C09.txt,False,
{F-0022564},03/01/2010 09:26:00,KA0010,PC-1010,D0D0AABE.doc,False,
{F-0026659},03/01/2010 09:29:00,MA0012,PC-1012,0FDB540A.doc,False,
{F-0018558},03/01/2010 09:30:00,IA0008,PC-1008,10EDD62A.xls,False,
{F-0022570},03/01/2010 09:35:00,KA0010,PC-1010,F8DBAEB8.txt,False,
{F-0020628},03/01/2010 09:36:00,JA0009,PC-1009,D0493EDC.txt,False,
{F-0018571},03/01/2010 09:42:00,IA0008,PC-1008,D7436671.xlsx,False,
{F-0010684},03/01/2010 09:43:00,DA0003,PC-1003,A3E42514.doc,False,
{F-0004797},03/01/2010 09:44:00,BA0001,PC-1001,EACA8942.txt,False,
{F-0010688},03/01/2010 09:46:00,DA0003,PC-1003,2FBC3CD6.doc,False,
{F-0013600},03/01/2010 09:48:00,FA0005,PC-1005,542DAA83.txt,False,
{F-0004787},03/01/2010 09:49:00,BA0001,PC-1001,E4AD8D2D.pdf,False,
{F-0028320},03/01/2010 09:51:00,NA0013,PC-1013,12AB43FF.xlsx,False,
{F-0012162},03/01/2010 09:52:00,EA0004,PC-1004,53332C4C.pdf,False,
{F-0007988},03/01/2010 09:53:00,CA0002,PC-1002,94D9D5BF.doc,False,
{F-0018565},03/01/2010 09:53:00,IA0008,PC-1008,F4C00E95.txt,False,
{F-0030865},03/01/2010 09:54:00,OA0014,PC-1014,E6BF437F.doc,False,
{F-0002117},03/01/2010 09:58:00,AA0000,PC-1000,32192DAD.xls,False,
{F-0013598},03/01/2010 09:59:00,FA0005,PC-1005,17322F5F.xlsx,False,
{F-0028316},03/01/2010 09:59:00,NA0013,PC-1013,87CB07B2.jpg,False,
{F-0012163},03/01/2010 10:00:00,EA0004,PC-1004,698FF6D7.pdf,False,
{F-0020623},03/01/2010 10:02:00,JA0009,PC-1009,21AC79DC.doc,False,
{F-0004784},03/01/2010 10:03:00,BA0001,PC-1001,68A5F7DB.txt,False,
{F-0007977},03/01/2010 10:03:00,CA0002,PC-1002,AFCE3E75.doc,False,
{F-0020637},03/01/2010 10:04:00,JA0009,PC-1009,5B4DA046.doc,False,
{F-0028319},03/01/2010 10:06:00,NA0013,PC-1013,F14D5F1E.xls,False,
{F-0022567},03/01/2010 10:07:00,KA0010,PC-1010,38CFB0B9.doc,False,
{F-0024640},03/01/2010 10:09:00,LA0011,PC-1011,958705A9.doc,False,
{F-0002110},03/01/2010 10:11:00,AA0000,PC-1000,5CBA4E80.xlsx,False,
{F-0004796},03/01/2010 10:12:00,BA0001,PC-1001,9935F766.xlsx,False,
{F-0004791},03/01/2010 10:14:00,BA0001,PC-1001,BDAC799A.txt,False,
{F-0010686},03/01/2010 10:15:00,DA0003,PC-1003,B5AA86BB.pdf,False,
{F-0015887},03/01/2010 10:16:00,GA0006,PC-1006,7A322806.xls,False,
{F-0028311},03/01/2010 10:16:00,NA0013,PC-1013,C0006B05.xlsx,False,
{F-0032542},03/01/2010 10:17:00,PA0015,PC-1015,ADDA12D9.xlsx,False,
{F-0013597},03/01/2010 10:19:00,FA0005,PC-1005,DC0CC6E4.doc,False,
{F-0022565},03/01/2010 10:19:00,KA0010,PC-1010,EC601E9D.jpg,False,
{F-0022569},03/01/2010 10:19:00,KA0010,PC-1010,D2DCC813.xls,False,
{F-0022561},03/01/2010 10:21:00,KA0010,PC-1010,8C85469A.doc,False,
{F-0004792},03/01/2010 10:31:00,BA0001,PC-1001,3291C833.pdf,False,
{F-0018570},03/01/2010 10:34:00,IA0008,PC-1008,8276DD39.xlsx,False,
{F-0032536},03/01/2010 10:36:00,PA0015,PC-1015,BF80EA1D.doc,False,
{F-0032541},03/01/2010 10:36:00,PA0015,PC-1015,D8C749A6.doc,False,
{F-0022559},03/01/2010 10:37:00,KA0010,PC-1010,645421FC.doc,False,
{F-0010682},03/01/2010 10:38:00,DA0003,PC-1003,A8EB7151.txt,False,
{F-0022568},03/01/2010 10:39:00,KA0010,PC-1010,5241626E.doc,False,
{F-0010695},03/01/2010 10:43:00,DA0003,PC-1003,11B8F8CF.doc,False,
{F-0024621},03/01/2010 10:43:00,LA0011,PC-1011,C8C9E302.txt,False,
{F-0004781},03/01/2010 10:44:00,BA0001,PC-1001,41E23FFD.pdf,False,
{F-0013602},03/01/2010 10:49:00,FA0005,PC-1005,93B11024.doc,False,
{F-0028317},03/01/2010 10:53:00,NA0013,PC-1013,07166DD4.doc,False,
{F-0024620},03/01/2010 10:56:00,LA0011,PC-1011,C2600AB3.doc,False,
{F-0002112},03/01/2010 10:58:00,AA0000,PC-1000,AF851412.doc,False,
{F-0026655},03/01/2010 11:00:00,MA0012,PC-1012,6790A3BB.txt,False,
{F-0030867},03/01/2010 11:08:00,OA0014,PC-1014,CE09E99D.doc,False,
{F-0010691},03/01/2010 11:18:00,DA0003,PC-1003,FD33BF87.pdf,False,
{F-0028309},03/01/2010 11:18:00,NA0013,PC-1013,884EA65F.txt,False,
{F-0020622},03/01/2010 11:20:00,JA0009,PC-1009,31CB5052.doc,False,
{F-0013607},03/01/2010 11:24:00,FA0005,PC-1005,CC367393.txt,False,
{F-0004794},03/01/2010 11:26:00,BA0001,PC-1001,A3F28524.doc,False,
{F-0002113},03/01/2010 11:28:00,AA0000,PC-1000,F94B2647.xlsx,False,
{F-0012167},03/01/2010 11:28:00,EA0004,PC-1004,90529D0B.xlsx,False,
{F-0004795},03/01/2010 11:30:00,BA0001,PC-1001,123E4133.txt,False,
{F-0020629},03/01/2010 11:36:00,JA0009,PC-1009,A46F6F87.xlsx,False,
{F-0032543},03/01/2010 11:41:00,PA0015,PC-1015,812CE568.doc,False,
{F-0033971},03/01/2010 11:47:00,QA0016,PC-1016,414A7D2B.doc,False,
{F-0015895},03/01/2010 11:48:00,GA0006,PC-1006,810577D3.xlsx,False,
{F-0024631},03/01/2010 11:48:00,LA0011,PC-1011,14AEEF56.jpg,False,
{F-0010697},03/01/2010 11:49:00,DA0003,PC-1003,5B6EA3BD.xls,False,
{F-0018564},03/01/2010 11:52:00,IA0008,PC-1008,F562ED6B.xlsx,False,
{F-0012171},03/01/2010 11:59:00,EA0004,PC-1004,65A348A4.pdf,False,
{F-0018562},03/01/2010 12:02:00,IA0008,PC-1008,EB6A4E39.doc,False,
{F-0035024},03/01/2010 12:05:00,RA0017,PC-1017,93E7FA82.txt,False,
{F-0015896},03/01/2010 12:07:00,GA0006,PC-1006,491C5ED0.doc,False,
{F-0020627},03/01/2010 12:08:00,JA0009,PC-1009,81E6EAA7.pdf,False,
{F-0020630},03/01/2010 12:08:00,JA0009,PC-1009,74DEA85E.doc,False,
{F-0024638},03/01/2010 12:09:00,LA0011,PC-1011,594519B5.jpg,False,
{F-0015897},03/01/2010 12:13:00,GA0006,PC-1006,CD39A063.doc,False,
{F-0024623},03/01/2010 12:14:00,LA0011,PC-1011,52BEDE56.pdf,False,
{F-0030863},03/01/2010 12:18:00,OA0014,PC-1014,621D22F2.jpg,False,
{F-0018566},03/01/2010 12:23:00,IA0008,PC-1008,07765C94.jpg,False,
{F-0010683},03/01/2010 12:24:00,DA0003,PC-1003,C1BBF1E1.txt,False,
{F-0035023},03/01/2010 12:26:00,RA0017,PC-1017,148B8314.jpg,False,
{F-0020625},03/01/2010 12:27:00,JA0009,PC-1009,BD9101F3.txt,False,
{F-0004790},03/01/2010 12:28:00,BA0001,PC-1001,168D56A8.xlsx,False,
{F-0002104},03/01/2010 12:30:00,AA0000,PC-1000,EC7D0168.doc,False,
{F-0012158},03/01/2010 12:32:00,EA0004,PC-1004,294E34D3.txt,False,
{F-0012164},03/01/2010 12:32:00,EA0004,PC-1004,2CE04CB5.xlsx,False,
{F-0012168},03/01/2010 12:32:00,EA0004,PC-1004,91BECF1D.txt,False,
{F-0022555},03/01/2010 12:35:00,KA0010,PC-1010,5C0195C6.doc,False,
{F-0028318},03/01/2010 12:36:00,NA0013,PC-1013,E416899D.pdf,False,
{F-0020639},03/01/2010 12:39:00,JA0009,PC-1009,6EF6D58E.xls,False,
{F-0028312},03/01/2010 12:40:00,NA0013,PC-1013,340B2F14.xls,False,
{F-0015893},03/01/2010 12:41:00,GA0006,PC-1006,BC017431.xlsx,False,
{F-0024629},03/01/2010 12:44:00,LA0011,PC-1011,8978E6AE.jpg,False,
{F-0022573},03/01/2010 12:46:00,KA0010,PC-1010,9905FA93.xls,False,
{F-0007978},03/01/2010 12:47:00,CA0002,PC-1002,F20FE08E.jpg,False,
{F-0007982},03/01/2010 12:49:00,CA0002,PC-1002,20283A8F.jpg,False,
{F-0010701},03/01/2010 12:49:00,DA0003,PC-1003,1B6D26ED.pdf,False,
{F-0013599},03/01/2010 12:50:00,FA0005,PC-1005,040DA0AE.doc,False,
{F-0020632},03/01/2010 12:50:00,JA0009,PC-1009,B16B2B5A.txt,False,
{F-0012169},03/01/2010 12:56:00,EA0004,PC-1004,F93F26FC.doc,False,
{F-0004789},03/01/2010 12:57:00,BA0001,PC-1001,9EA0CF2D.pdf,False,
{F-0018560},03/01/2010 12:59:00,IA0008,PC-1008,4338DCBD.doc,False,
{F-0002107},03/01/2010 13:00:00,AA0000,PC-1000,466D6D97.jpg,False,
{F-0032539},03/01/2010 13:07:00,PA0015,PC-1015,5A0AB901.doc,False,
{F-0010696},03/01/2010 13:08:00,DA0003,PC-1003,F6D7A28A.jpg,False,
{F-0002108},03/01/2010 13:09:00,AA0000,PC-1000,E1E0F78A.pdf,False,
{F-0010705},03/01/2010 13:09:00,DA0003,PC-1003,02AE7456.xls,False,
{F-0002119},03/01/2010 13:12:00,AA0000,PC-1000,98180984.jpg,False,
{F-0020638},03/01/2010 13:14:00,JA0009,PC-1009,228A5F32.xlsx,False,
{F-0015890},03/01/2010 13:15:00,GA0006,PC-1006,728DB8B9.doc,False,
{F-0022571},03/01/2010 13:22:00,KA0010,PC-1010,72501543.pdf,False,
{F-0018567},03/01/2010 13:23:00,IA0008,PC-1008,65F315A7.xls,False,
{F-0007987},03/01/2010 13:24:00,CA0002,PC-1002,8E9689A8.xls,False,
{F-0024627},03/01/2010 13:25:00,LA0011,PC-1011,1AE07D62.doc,False,
{F-0010687},03/01/2010 13:27:00,DA0003,PC-1003,778AA6FA.pdf,False,
{F-0007985},03/01/2010 13:29:00,CA0002,PC-1002,263E158D.txt,False,
{F-0012159},03/01/2010 13:32:00,EA0004,PC-1004,9FA7D59A.doc,False,
{F-0002103},03/01/2010 13:35:00,AA0000,PC-1000,37183FA2.pdf,False,
{F-0010694},03/01/2010 13:37:00,DA0003,PC-1003,E14ADE42.doc,False,
{F-0010681},03/01/2010 13:41:00,DA0003,PC-1003,F8115609.doc,False,
{F-0020624},03/01/2010 13:47:00,JA0009,PC-1009,94A49080.txt,False,
{F-0018572},03/01/2010 13:48:00,IA0008,PC-1008,365A1EB0.pdf,False,
{F-0007975},03/01/2010 13:49:00,CA0002,PC-1002,281EEA6C.jpg,False,
{F-0010685},03/01/2010 13:49:00,DA0003,PC-1003,2F20DD47.jpg,False,
{F-0026657},03/01/2010 13:50:00,MA0012,PC-1012,F191C444.doc,False,
{F-0013601},03/01/2010 13:51:00,FA0005,PC-1005,0262687B.txt,False,
{F-0002114},03/01/2010 13:53:00,AA0000,PC-1000,35EAF621.jpg,False,
{F-0033966},03/01/2010 13:53:00,QA0016,PC-1016,EE3E6D89.doc,False,
{F-0020635},03/01/2010 14:03:00,JA0009,PC-1009,F2C9612D.pdf,False,
{F-0030861},03/01/2010 14:04:00,OA0014,PC-1014,D55B8A6E.doc,False,
{F-0013604},03/01/2010 14:05:00,FA0005,PC-1005,DFDE98B3.doc,False,
{F-0018563},03/01/2010 14:07:00,IA0008,PC-1008,7BB67BD2.doc,False,
{F-0018559},03/01/2010 14:10:00,IA0008,PC-1008,4E94F02E.doc,False,
{F-0013596},03/01/2010 14:11:00,FA0005,PC-1005,8A601A41.pdf,False,
{F-0026658},03/01/2010 14:13:00,MA0012,PC-1012,A0132560.jpg,False,
{F-0010699},03/01/2010 14:16:00,DA0003,PC-1003,230D3D5A.xls,False,
{F-0024634},03/01/2010 14:18:00,LA0011,PC-1011,0B350655.txt,False,
{F-0035025},03/01/2010 14:19:00,RA0017,PC-1017,819144FE.doc,False,
{F-0018557},03/01/2010 14:21:00,IA0008,PC-1008,A621D825.jpg,False,
{F-0024622},03/01/2010 14:27:00,LA0011,PC-1011,BDAD2A79.xls,False,
{F-0032537},03/01/2010 14:27:00,PA0015,PC-1015,9338C91B.pdf,False,
{F-0002109},03/01/2010 14:33:00,AA0000,PC-1000,BD37E327.doc,False,
{F-0012160},03/01/2010 14:33:00,EA0004,PC-1004,1A657130.xls,False,
{F-0007984},03/01/2010 14:34:00,CA0002,PC-1002,43EE45BF.pdf,False,
{F-0018568},03/01/2010 14:34:00,IA0008,PC-1008,4E5F8F32.xls,False,
{F-0007980},03/01/2010 14:39:00,CA0002,PC-1002,DE6C8136.jpg,False,
{F-0030866},03/01/2010 14:43:00,OA0014,PC-1014,1C55B4DE.pdf,False,
{F-0022556},03/01/2010 14:44:00,KA0010,PC-1010,392E7B96.xlsx,False,
{F-0024630},03/01/2010 14:44:00,LA0011,PC-1011,CB461F99.xls,False,
{F-0007983},03/01/2010 14:49:00,CA0002,PC-1002,90AE76E3.doc,False,
{F-0013605},03/01/2010 14:55:00,FA0005,PC-1005,95E66C0F.xlsx,False,
{F-0020636},03/01/2010 14:55:00,JA0009,PC-1009,ECA2630C.doc,False,
{F-0015894},03/01/2010 14:59:00,GA0006,PC-1006,299DB723.xls,False,
{F-0020633},03/01/2010 15:00:00,JA0009,PC-1009,BFB16468.xlsx,False,
{F-0010693},03/01/2010 15:02:00,DA0003,PC-1003,684F44DD.doc,False,
{F-0015891},03/01/2010 15:10:00,GA0006,PC-1006,E8E15C57.jpg,False,
{F-0020631},03/01/2010 15:10:00,JA0009,PC-1009,A8B94ECA.pdf,False,
{F-0002106},03/01/2010 15:12:00,AA0000,PC-1000,7FD2ABC4.doc,False,
{F-0020626},03/01/2010 15:15:00,JA0009,PC-1009,7E05BE3A.jpg,False,
{F-0018556},03/01/2010 15:16:00,IA0008,PC-1008,72FB53DE.jpg,False,
{F-0012170},03/01/2010 15:17:00,EA0004,PC-1004,CE37A4F5.doc,False,
{F-0033970},03/01/2010 15:18:00,QA0016,PC-1016,C8C197FF.xlsx,False,
{F-0015898},03/01/2010 15:25:00,GA0006,PC-1006,A804F598.doc,False,
{F-0028321},03/01/2010 15:26:00,NA0013,PC-1013,56DA655D.xls,False,
{F-0018569},03/01/2010 15:27:00,IA0008,PC-1008,70CCEEDD.xls,False,
{F-0022563},03/01/2010 15:35:00,KA0010,PC-1010,DE139046.doc,False,
{F-0030864},03/01/2010 15:41:00,OA0014,PC-1014,6664825E.txt,False,
{F-0010692},03/01/2010 15:42:00,DA0003,PC-1003,DE6A4E15.xls,False,
{F-0002105},03/01/2010 15:43:00,AA0000,PC-1000,9445B63D.txt,False,
{F-0012157},03/01/2010 15:52:00,EA0004,PC-1004,629BBD52.jpg,False,
{F-0018561},03/01/2010 15:54:00,IA0008,PC-1008,7402C69C.xlsx,False,
{F-0002111},03/01/2010 15:56:00,AA0000,PC-1000,E43C04B6.jpg,False,
{F-0002115},03/01/2010 16:00:00,AA0000,PC-1000,9B42E5AC.txt,False,
{F-0012161},03/01/2010 16:10:00,EA0004,PC-1004,562C47FB.pdf,False,
{F-0024635},03/01/2010 16:16:00,LA0011,PC-1011,91168A3A.pdf,False,
{F-0030860},03/01/2010 16:17:00,OA0014,PC-1014,F0276BEF.xls,False,
{F-0024633},03/01/2010 16:31:00,LA0011,PC-1011,F2C914C0.xlsx,False,
{F-0022566},03/01/2010 16:32:00,KA0010,PC-1010,BB190815.doc,False,
{F-0032540},03/01/2010 16:37:00,PA0015,PC-1015,C8ECEC5B.pdf,False,
{F-0022557},03/01/2010 16:39:00,KA0010,PC-1010,69BD6CDF.doc,False,
{F-0022572},03/01/2010 16:43:00,KA0010,PC-1010,27B5D093.doc,False,
{F-0013603},03/01/2010 16:44:00,FA0005,PC-1005,92D0ABBF.txt,False,
{F-0004788},03/01/2010 16:50:00,BA0001,PC-1001,3720BADC.jpg,False,
{F-0028314},03/01/2010 16:52:00,NA0013,PC-1013,98DF5626.doc,False,
{F-0012166},03/01/2010 17:05:00,EA0004,PC-1004,9488DBEF.doc,False,
{F-0007979},03/01/2010 17:15:00,CA0002,PC-1002,BFD8D694.doc,False,
{F-0012172},03/01/2010 17:20:00,EA0004,PC-1004,684129B6.txt,False,
{F-0028315},03/01/2010 17:22:00,NA0013,PC-1013,2BC4FEEC.xlsx,False,
{F-0012165},03/01/2010 17:27:00,EA0004,PC-1004,97424A84.txt,False,
{F-0032538},03/01/2010 17:29:00,PA0015,PC-1015,693A8C83.jpg,False,
{F-0022562},03/01/2010 17:32:00,KA0010,PC-1010,B9BE3C7B.xlsx,False,
{F-0004782},03/01/2010 17:33:00,BA0001,PC-1001,FBF2C519.jpg,False,
{F-0007989},03/01/2010 17:45:00,CA0002,PC-1002,32B90470.xls,False,
{F-0033969},03/01/2010 17:45:00,QA0016,PC-1016,B5D58A76.jpg,False,
{F-0004798},03/01/2010 17:46:00,BA0001,PC-1001,F61E1AC2.jpg,False,
{F-0004793},03/01/2010 17:48:00,BA0001,PC-1001,21B9B3E9.pdf,False,
{F-0007986},03/01/2010 18:02:00,CA0002,PC-1002,DC6153B1.jpg,False,
{F-0007990},03/01/2010 18:03:00,CA0002,PC-1002,9F471817.xlsx,False,
{F-0033967},03/01/2010 18:05:00,QA0016,PC-1016,41C4C4B5.txt,False,
{F-0035022},03/01/2010 18:22:00,RA0017,PC-1017,C4FEC08C.xlsx,False,
{F-0033968},03/01/2010 18:27:00,QA0016,PC-1016,BC11FB1B.xlsx,False,
{F-0033965},03/01/2010 18:46:00,QA0016,PC-1016,01C788A5.doc,False,
{F-0024677},03/02/2010 07:25:00,LA0011,PC-1011,95028E68.xlsx,False,
{F-0010756},03/02/2010 07:44:00,DA0003,PC-1003,A7B59AB8.xlsx,False,
{F-0018593},03/02/2010 07:44:00,IA0008,PC-1008,BCBFFB53.doc,False,
{F-0024680},03/02/2010 08:00:00,LA0011,PC-1011,1AF486F4.jpg,False,
{F-0028349},03/02/2010 08:04:00,NA0013,PC-1013,33268779.txt,False,
{F-0028357},03/02/2010 08:05:00,NA0013,PC-1013,F6D0AE76.xlsx,False,
{F-0018594},03/02/2010 08:07:00,IA0008,PC-1008,944FB57A.pdf,False,
{F-0028348},03/02/2010 08:09:00,NA0013,PC-1013,C6BF5620.txt,False,
{F-0010779},03/02/2010 08:28:00,DA0003,PC-1003,F4546CB2.xls,False,
{F-0002194},03/02/2010 08:30:00,AA0000,PC-1000,4B708C28.xls,False,
{F-0002181},03/02/2010 08:32:00,AA0000,PC-1000,1563D5AA.jpg,False,
{F-0010773},03/02/2010 08:40:00,DA0003,PC-1003,09B2B62F.txt,False,
{F-0018591},03/02/2010 08:41:00,IA0008,PC-1008,B4302A59.xlsx,False,
{F-0010750},03/02/2010 08:43:00,DA0003,PC-1003,3372172B.pdf,False,
{F-0018598},03/02/2010 08:53:00,IA0008,PC-1008,F7D366ED.xls,False,
{F-0010761},03/02/2010 08:56:00,DA0003,PC-1003,280C8169.doc,False,
{F-0010765},03/02/2010 09:01:00,DA0003,PC-1003,B2BE4FC7.doc,False,
{F-0020687},03/02/2010 09:01:00,JA0009,PC-1009,D882B092.xls,False,
{F-0010752},03/02/2010 09:10:00,DA0003,PC-1003,B7001D88.jpg,False,
{F-0020688},03/02/2010 09:11:00,JA0009,PC-1009,6576280E.txt,False,
{F-0010754},03/02/2010 09:12:00,DA0003,PC-1003,8B8FA0DA.pdf,False,
{F-0002193},03/02/2010 09:14:00,AA0000,PC-1000,0A6BA3B1.doc,False,
{F-0010778},03/02/2010 09:16:00,DA0003,PC-1003,96A0419B.jpg,False,
{F-0020685},03/02/2010 09:16:00,JA0009,PC-1009,A2B970A5.jpg,False,
{F-0032570},03/02/2010 09:19:00,PA0015,PC-1015,5A75CA25.xls,False,
{F-0032575},03/02/2010 09:19:00,PA0015,PC-1015,F085E3E4.txt,False,
{F-0018600},03/02/2010 09:22:00,IA0008,PC-1008,E0D0FD05.doc,False,
{F-0028352},03/02/2010 09:25:00,NA0013,PC-1013,2EC731BF.jpg,False,
{F-0028354},03/02/2010 09:25:00,NA0013,PC-1013,3DE7E5F8.doc,False,
{F-0015951},03/02/2010 09:27:00,GA0006,PC-1006,669B516A.xlsx,False,
{F-0018597},03/02/2010 09:27:00,IA0008,PC-1008,271A99FA.pdf,False,
{F-0002192},03/02/2010 09:34:00,AA0000,PC-1000,BC05569C.doc,False,
{F-0010762},03/02/2010 09:37:00,DA0003,PC-1003,A55E8D0A.xls,False,
{F-0010766},03/02/2010 09:37:00,DA0003,PC-1003,E03270AA.pdf,False,
{F-0032573},03/02/2010 09:44:00,PA0015,PC-1015,D47AE4CE.doc,False,
{F-0024682},03/02/2010 09:48:00,LA0011,PC-1011,28F2A688.doc,False,
{F-0010760},03/02/2010 09:52:00,DA0003,PC-1003,04DD9086.doc,False,
{F-0013631},03/02/2010 09:55:00,FA0005,PC-1005,8E17A93E.txt,False,
{F-0028350},03/02/2010 09:56:00,NA0013,PC-1013,316B1BB6.txt,False,
{F-0004855},03/02/2010 09:59:00,BA0001,PC-1001,98FFA4C8.pdf,False,
{F-0002187},03/02/2010 10:00:00,AA0000,PC-1000,C12BE02B.xlsx,False,
{F-0004850},03/02/2010 10:00:00,BA0001,PC-1001,1BAB42EE.xlsx,False,
{F-0010770},03/02/2010 10:01:00,DA0003,PC-1003,A758314F.pdf,False,
{F-0030913},03/02/2010 10:04:00,OA0014,PC-1014,FB89BDB4.jpg,False,
{F-0002198},03/02/2010 10:10:00,AA0000,PC-1000,2DD810E8.txt,False,
{F-0015953},03/02/2010 10:11:00,GA0006,PC-1006,EF2A15F1.jpg,False,
{F-0020683},03/02/2010 10:16:00,JA0009,PC-1009,17AD3621.pdf,False,
{F-0022619},03/02/2010 10:16:00,KA0010,PC-1010,8285CD5A.jpg,False,
{F-0010775},03/02/2010 10:19:00,DA0003,PC-1003,D29C837E.xls,False,
{F-0002190},03/02/2010 10:22:00,AA0000,PC-1000,AB79DB27.pdf,False,
{F-0008036},03/02/2010 10:23:00,CA0002,PC-1002,1FF4A48B.doc,False,
{F-0024687},03/02/2010 10:24:00,LA0011,PC-1011,5D65509E.xls,False,
{F-0024689},03/02/2010 10:24:00,LA0011,PC-1011,3F6AB7D1.jpg,False,
{F-0008028},03/02/2010 10:27:00,CA0002,PC-1002,F50BDBE3.doc,False,
{F-0022614},03/02/2010 10:27:00,KA0010,PC-1010,86F0D11E.xlsx,False,
{F-0004858},03/02/2010 10:29:00,BA0001,PC-1001,51A0A90F.doc,False,
{F-0020678},03/02/2010 10:30:00,JA0009,PC-1009,05788B63.xlsx,False,
{F-0015950},03/02/2010 10:31:00,GA0006,PC-1006,2837964C.xlsx,False,
{F-0012191},03/02/2010 10:32:00,EA0004,PC-1004,4F78BCDF.xlsx,False,
{F-0004871},03/02/2010 10:33:00,BA0001,PC-1001,6935A754.jpg,False,
{F-0022618},03/02/2010 10:36:00,KA0010,PC-1010,38209118.xls,False,
{F-0033997},03/02/2010 10:36:00,QA0016,PC-1016,3E02AB88.txt,False,
{F-0020676},03/02/2010 10:38:00,JA0009,PC-1009,026E1980.xlsx,False,
{F-0020686},03/02/2010 10:38:00,JA0009,PC-1009,D8BA9510.xlsx,False,
{F-0024674},03/02/2010 10:50:00,LA0011,PC-1011,BEBB851A.txt,False,
{F-0032571},03/02/2010 10:50:00,PA0015,PC-1015,7D1BCF02.doc,False,
{F-0028351},03/02/2010 10:54:00,NA0013,PC-1013,7AD8E212.pdf,False,
{F-0020684},03/02/2010 10:55:00,JA0009,PC-1009,445115C3.pdf,False,
{F-0022620},03/02/2010 10:56:00,KA0010,PC-1010,38E7EE95.jpg,False,
{F-0020677},03/02/2010 10:57:00,JA0009,PC-1009,422D05CF.xls,False,
{F-0032574},03/02/2010 10:59:00,PA0015,PC-1015,5E25A45C.jpg,False,
{F-0004872},03/02/2010 11:06:00,BA0001,PC-1001,7CB0FBF6.doc,False,
{F-0018592},03/02/2010 11:06:00,IA0008,PC-1008,22B7F999.xls,False,
{F-0022624},03/02/2010 11:08:00,KA0010,PC-1010,C640118E.xlsx,False,
{F-0024678},03/02/2010 11:08:00,LA0011,PC-1011,966F53BF.doc,False,
{F-0008040},03/02/2010 11:12:00,CA0002,PC-1002,6BC8D6B5.xlsx,False,
{F-0020680},03/02/2010 11:19:00,JA0009,PC-1009,8FAB2FCA.jpg,False,
{F-0028346},03/02/2010 11:19:00,NA0013,PC-1013,879103A8.doc,False,
{F-0024681},03/02/2010 11:20:00,LA0011,PC-1011,F1DAC284.pdf,False,
{F-0022616},03/02/2010 11:23:00,KA0010,PC-1010,6358CDC8.txt,False,
{F-0020675},03/02/2010 11:26:00,JA0009,PC-1009,0987D4BD.xls,False,
{F-0035059},03/02/2010 11:27:00,RA0017,PC-1017,0C2CA775.xlsx,False,
{F-0020673},03/02/2010 11:28:00,JA0009,PC-1009,9B2979FE.pdf,False,
{F-0033995},03/02/2010 11:29:00,QA0016,PC-1016,921F05F3.doc,False,
{F-0020679},03/02/2010 11:31:00,JA0009,PC-1009,008AFD61.xlsx,False,
{F-0015949},03/02/2010 11:37:00,GA0006,PC-1006,A971C41A.xlsx,False,
{F-0010776},03/02/2010 11:40:00,DA0003,PC-1003,40A18C4F.xlsx,False,
{F-0022608},03/02/2010 11:45:00,KA0010,PC-1010,8EF87377.xls,False,
{F-0024675},03/02/2010 11:45:00,LA0011,PC-1011,CF708859.pdf,False,
{F-0010758},03/02/2010 11:47:00,DA0003,PC-1003,09895E15.doc,False,
{F-0015955},03/02/2010 11:47:00,GA0006,PC-1006,A39ACAC1.doc,False,
{F-0008026},03/02/2010 11:50:00,CA0002,PC-1002,768B82F9.xlsx,False,
{F-0008019},03/02/2010 11:54:00,CA0002,PC-1002,EEC86D52.jpg,False,
{F-0008032},03/02/2010 11:54:00,CA0002,PC-1002,28FB2168.xls,False,
{F-0010771},03/02/2010 11:58:00,DA0003,PC-1003,4CCA75ED.pdf,False,
{F-0010774},03/02/2010 11:59:00,DA0003,PC-1003,AA142E91.xls,False,
{F-0008024},03/02/2010 12:01:00,CA0002,PC-1002,95BE4090.txt,False,
{F-0035056},03/02/2010 12:04:00,RA0017,PC-1017,D3843576.doc,False,
{F-0004861},03/02/2010 12:05:00,BA0001,PC-1001,B263F374.txt,False,
{F-0018601},03/02/2010 12:08:00,IA0008,PC-1008,087B1002.jpg,False,
{F-0028353},03/02/2010 12:08:00,NA0013,PC-1013,A85D0AAB.txt,False,
{F-0008027},03/02/2010 12:12:00,CA0002,PC-1002,640BEEED.doc,False,
{F-0010751},03/02/2010 12:12:00,DA0003,PC-1003,646AECC1.pdf,False,
{F-0020682},03/02/2010 12:12:00,JA0009,PC-1009,FFF62602.xlsx,False,
{F-0022607},03/02/2010 12:14:00,KA0010,PC-1010,5D16627C.pdf,False,
{F-0024672},03/02/2010 12:15:00,LA0011,PC-1011,F9AF9EC6.jpg,False,
{F-0010768},03/02/2010 12:17:00,DA0003,PC-1003,04EC6C90.doc,False,
{F-0024683},03/02/2010 12:17:00,LA0011,PC-1011,C43306BA.xls,False,
{F-0022625},03/02/2010 12:21:00,KA0010,PC-1010,55C5245C.xlsx,False,
{F-0004851},03/02/2010 12:22:00,BA0001,PC-1001,0801A601.doc,False,
{F-0002189},03/02/2010 12:24:00,AA0000,PC-1000,F198C88E.doc,False,
{F-0004852},03/02/2010 12:24:00,BA0001,PC-1001,0C77141B.xlsx,False,
{F-0020690},03/02/2010 12:27:00,JA0009,PC-1009,5BE8608E.doc,False,
{F-0002196},03/02/2010 12:28:00,AA0000,PC-1000,9D7E7D4F.jpg,False,
{F-0010759},03/02/2010 12:35:00,DA0003,PC-1003,F9A7EFC0.txt,False,
{F-0022627},03/02/2010 12:38:00,KA0010,PC-1010,D9CA8163.xls,False,
{F-0010769},03/02/2010 12:39:00,DA0003,PC-1003,3360558D.doc,False,
{F-0010755},03/02/2010 12:40:00,DA0003,PC-1003,D2532934.xlsx,False,
{F-0018602},03/02/2010 12:44:00,IA0008,PC-1008,F6134226.jpg,False,
{F-0004857},03/02/2010 12:46:00,BA0001,PC-1001,00F92452.xls,False,
{F-0012196},03/02/2010 12:48:00,EA0004,PC-1004,DCB9362B.doc,False,
{F-0030915},03/02/2010 12:50:00,OA0014,PC-1014,9E3D39BE.jpg,False,
{F-0008031},03/02/2010 12:51:00,CA0002,PC-1002,050EE1C6.xlsx,False,
{F-0033994},03/02/2010 12:52:00,QA0016,PC-1016,5ADB8ED8.doc,False,
{F-0013627},03/02/2010 12:55:00,FA0005,PC-1005,7683E082.xls,False,
{F-0024688},03/02/2010 12:55:00,LA0011,PC-1011,E762A836.xlsx,False,
{F-0004859},03/02/2010 12:56:00,BA0001,PC-1001,6C96495D.doc,False,
{F-0010764},03/02/2010 12:56:00,DA0003,PC-1003,6FF74308.txt,False,
{F-0020689},03/02/2010 12:56:00,JA0009,PC-1009,1153D87F.pdf,False,
{F-0002185},03/02/2010 12:57:00,AA0000,PC-1000,E3BC70F5.xls,False,
{F-0022604},03/02/2010 13:06:00,KA0010,PC-1010,0A8A52FD.txt,False,
{F-0018595},03/02/2010 13:07:00,IA0008,PC-1008,4E22C595.doc,False,
{F-0032576},03/02/2010 13:12:00,PA0015,PC-1015,17316F52.jpg,False,
{F-0008025},03/02/2010 13:15:00,CA0002,PC-1002,F1365217.xlsx,False,
{F-0010757},03/02/2010 13:15:00,DA0003,PC-1003,59BFF563.txt,False,
{F-0010777},03/02/2010 13:15:00,DA0003,PC-1003,6FBE0B16.jpg,False,
{F-0033996},03/02/2010 13:20:00,QA0016,PC-1016,004910D5.doc,False,
{F-0010763},03/02/2010 13:25:00,DA0003,PC-1003,49AE2786.txt,False,
{F-0002184},03/02/2010 13:32:00,AA0000,PC-1000,1557BB0B.xlsx,False,
{F-0030908},03/02/2010 13:32:00,OA0014,PC-1014,7DA227B3.xlsx,False,
{F-0020681},03/02/2010 13:33:00,JA0009,PC-1009,870CA039.doc,False,
{F-0008017},03/02/2010 13:34:00,CA0002,PC-1002,6ED9669A.doc,False,
{F-0024685},03/02/2010 13:35:00,LA0011,PC-1011,FB96FB5B.xlsx,False,
{F-0030912},03/02/2010 13:36:00,OA0014,PC-1014,7292BBC8.doc,False,
{F-0030914},03/02/2010 13:36:00,OA0014,PC-1014,BB9E74D5.doc,False,
{F-0022622},03/02/2010 13:37:00,KA0010,PC-1010,ACF26E8A.jpg,False,
{F-0024679},03/02/2010 13:43:00,LA0011,PC-1011,70450AEC.xls,False,
{F-0030909},03/02/2010 13:43:00,OA0014,PC-1014,C1760E96.xlsx,False,
{F-0008038},03/02/2010 13:44:00,CA0002,PC-1002,B8EEA349.xls,False,
{F-0022610},03/02/2010 13:46:00,KA0010,PC-1010,4CF9C2E5.xls,False,
{F-0013635},03/02/2010 13:51:00,FA0005,PC-1005,CB3F47EE.xlsx,False,
{F-0024690},03/02/2010 13:53:00,LA0011,PC-1011,4F67C6D5.doc,False,
{F-0008041},03/02/2010 13:58:00,CA0002,PC-1002,EC18CD59.doc,False,
{F-0028347},03/02/2010 13:59:00,NA0013,PC-1013,F2B3F6C1.doc,False,
{F-0010772},03/02/2010 14:03:00,DA0003,PC-1003,903E9979.doc,False,
{F-0004870},03/02/2010 14:06:00,BA0001,PC-1001,265647BA.txt,False,
{F-0012193},03/02/2010 14:06:00,EA0004,PC-1004,8FAD928C.pdf,False,
{F-0015948},03/02/2010 14:06:00,GA0006,PC-1006,7B35EAA6.pdf,False,
{F-0024686},03/02/2010 14:08:00,LA0011,PC-1011,436AD49B.txt,False,
{F-0004865},03/02/2010 14:09:00,BA0001,PC-1001,995D4B91.xls,False,
{F-0015954},03/02/2010 14:14:00,GA0006,PC-1006,DE09AF09.jpg,False,
{F-0030910},03/02/2010 14:16:00,OA0014,PC-1014,D9E4E5C3.doc,False,
{F-0004864},03/02/2010 14:17:00,BA0001,PC-1001,524257F8.xlsx,False,
{F-0035053},03/02/2010 14:19:00,RA0017,PC-1017,E5B4CD2B.txt,False,
{F-0022623},03/02/2010 14:23:00,KA0010,PC-1010,C6036F5C.txt,False,
{F-0030907},03/02/2010 14:25:00,OA0014,PC-1014,0938815B.xls,False,
{F-0022612},03/02/2010 14:27:00,KA0010,PC-1010,14679D38.txt,False,
{F-0018596},03/02/2010 14:29:00,IA0008,PC-1008,DF6FB480.doc,False,
{F-0035057},03/02/2010 14:31:00,RA0017,PC-1017,89712BA7.txt,False,
{F-0004854},03/02/2010 14:32:00,BA0001,PC-1001,C70403AA.doc,False,
{F-0022606},03/02/2010 14:32:00,KA0010,PC-1010,AD37DC4F.doc,False,
{F-0002191},03/02/2010 14:33:00,AA0000,PC-1000,103670C7.jpg,False,
{F-0032577},03/02/2010 14:35:00,PA0015,PC-1015,D74264D4.pdf,False,
{F-0012192},03/02/2010 14:37:00,EA0004,PC-1004,8B5A9C67.pdf,False,
{F-0010753},03/02/2010 14:39:00,DA0003,PC-1003,BD7910AA.doc,False,
{F-0035055},03/02/2010 14:39:00,RA0017,PC-1017,F309111D.jpg,False,
{F-0028355},03/02/2010 14:41:00,NA0013,PC-1013,4D834D59.doc,False,
{F-0002186},03/02/2010 14:43:00,AA0000,PC-1000,9ED61396.xlsx,False,
{F-0002197},03/02/2010 14:43:00,AA0000,PC-1000,BAFB95DB.doc,False,
{F-0004869},03/02/2010 14:46:00,BA0001,PC-1001,599508C5.pdf,False,
{F-0022615},03/02/2010 14:47:00,KA0010,PC-1010,C27C5D19.xlsx,False,
{F-0024670},03/02/2010 14:56:00,LA0011,PC-1011,7A7B8DFB.pdf,False,
{F-0022605},03/02/2010 14:57:00,KA0010,PC-1010,BF102B43.txt,False,
{F-0022613},03/02/2010 14:57:00,KA0010,PC-1010,FEEAAF12.jpg,False,
{F-0010767},03/02/2010 14:58:00,DA0003,PC-1003,896CACCE.xls,False,
{F-0032568},03/02/2010 14:58:00,PA0015,PC-1015,311333D7.doc,False,
{F-0012194},03/02/2010 15:01:00,EA0004,PC-1004,831363FD.xls,False,
{F-0033993},03/02/2010 15:02:00,QA0016,PC-1016,8885DDBF.xlsx,False,
{F-0013628},03/02/2010 15:04:00,FA0005,PC-1005,92A9F620.jpg,False,
{F-0013625},03/02/2010 15:15:00,FA0005,PC-1005,ADFA6203.doc,False,
{F-0022621},03/02/2010 15:15:00,KA0010,PC-1010,16A3F9E0.jpg,False,
{F-0035058},03/02/2010 15:16:00,RA0017,PC-1017,E9224F96.xlsx,False,
{F-0035054},03/02/2010 15:20:00,RA0017,PC-1017,69BED440.xls,False,
{F-0002188},03/02/2010 15:21:00,AA0000,PC-1000,6CBB4606.xlsx,False,
{F-0024671},03/02/2010 15:21:00,LA0011,PC-1011,EC753CA1.xls,False,
{F-0008023},03/02/2010 15:23:00,CA0002,PC-1002,DD0B5606.doc,False,
{F-0008033},03/02/2010 15:24:00,CA0002,PC-1002,9E250AF8.txt,False,
{F-0004866},03/02/2010 15:25:00,BA0001,PC-1001,F517B4DC.txt,False,
{F-0002195},03/02/2010 15:31:00,AA0000,PC-1000,F706A702.pdf,False,
{F-0013629},03/02/2010 15:31:00,FA0005,PC-1005,ABA10C8F.pdf,False,
{F-0024676},03/02/2010 15:34:00,LA0011,PC-1011,22528B1D.xlsx,False,
{F-0020674},03/02/2010 15:35:00,JA0009,PC-1009,33F6E0A5.doc,False,
{F-0030911},03/02/2010 15:35:00,OA0014,PC-1014,097A1A5A.doc,False,
{F-0004856},03/02/2010 15:36:00,BA0001,PC-1001,544ABECE.doc,False,
{F-0008020},03/02/2010 15:37:00,CA0002,PC-1002,7AB53C5F.jpg,False,
{F-0032572},03/02/2010 15:45:00,PA0015,PC-1015,8BC5CE78.txt,False,
{F-0013633},03/02/2010 15:46:00,FA0005,PC-1005,9CB07644.xls,False,
{F-0018599},03/02/2010 15:50:00,IA0008,PC-1008,CAB1B6E4.txt,False,
{F-0008039},03/02/2010 15:53:00,CA0002,PC-1002,9CE468D8.xls,False,
{F-0022617},03/02/2010 15:57:00,KA0010,PC-1010,7B1E7F0A.doc,False,
{F-0004863},03/02/2010 16:01:00,BA0001,PC-1001,229D31A1.txt,False,
{F-0018603},03/02/2010 16:04:00,IA0008,PC-1008,1D8D595E.xlsx,False,
{F-0020672},03/02/2010 16:04:00,JA0009,PC-1009,6CB1A5E2.doc,False,
{F-0015952},03/02/2010 16:05:00,GA0006,PC-1006,DAABD409.doc,False,
{F-0008029},03/02/2010 16:10:00,CA0002,PC-1002,3B1C69EF.doc,False,
{F-0008037},03/02/2010 16:10:00,CA0002,PC-1002,70B15F83.xlsx,False,
{F-0002180},03/02/2010 16:13:00,AA0000,PC-1000,B8030C46.txt,False,
{F-0024673},03/02/2010 16:15:00,LA0011,PC-1011,BFBCD820.xlsx,False,
{F-0024684},03/02/2010 16:15:00,LA0011,PC-1011,6C033FA4.jpg,False,
{F-0022611},03/02/2010 16:29:00,KA0010,PC-1010,AA5536C5.doc,False,
{F-0008021},03/02/2010 16:33:00,CA0002,PC-1002,91421657.jpg,False,
{F-0028356},03/02/2010 16:35:00,NA0013,PC-1013,DDA14F8C.doc,False,
{F-0004860},03/02/2010 16:36:00,BA0001,PC-1001,4DF672D7.txt,False,
{F-0002183},03/02/2010 16:43:00,AA0000,PC-1000,9549790D.pdf,False,
{F-0013626},03/02/2010 16:44:00,FA0005,PC-1005,1A87EA9A.txt,False,
{F-0012195},03/02/2010 16:45:00,EA0004,PC-1004,AA0C2602.pdf,False,
{F-0013638},03/02/2010 16:45:00,FA0005,PC-1005,0DFC8CBE.pdf,False,
{F-0032569},03/02/2010 16:46:00,PA0015,PC-1015,36CEB452.pdf,False,
{F-0008018},03/02/2010 16:47:00,CA0002,PC-1002,70A62A8F.jpg,False,
{F-0004868},03/02/2010 16:48:00,BA0001,PC-1001,783D6CD5.doc,False,
{F-0024669},03/02/2010 16:48:00,LA0011,PC-1011,B0AEB4CD.pdf,False,
{F-0002182},03/02/2010 17:05:00,AA0000,PC-1000,44CEB0C3.jpg,False,
{F-0013634},03/02/2010 17:09:00,FA0005,PC-1005,F994FD2D.doc,False,
{F-0022609},03/02/2010 17:09:00,KA0010,PC-1010,D8046C5A.doc,False,
{F-0032578},03/02/2010 17:09:00,PA0015,PC-1015,BC87B1F5.doc,False,
{F-0004867},03/02/2010 17:17:00,BA0001,PC-1001,BD676441.xls,False,
{F-0008035},03/02/2010 17:21:00,CA0002,PC-1002,F6F8F37B.xlsx,False,
{F-0008030},03/02/2010 17:24:00,CA0002,PC-1002,96CE9940.txt,False,
{F-0013630},03/02/2010 17:26:00,FA0005,PC-1005,B5BEBA74.doc,False,
{F-0013636},03/02/2010 17:29:00,FA0005,PC-1005,1F8206F1.xls,False,
{F-0004853},03/02/2010 17:34:00,BA0001,PC-1001,BE393BCA.doc,False,
{F-0004862},03/02/2010 17:48:00,BA0001,PC-1001,81D80D35.pdf,False,
{F-0022626},03/02/2010 17:56:00,KA0010,PC-1010,D99F3602.xlsx,False,
{F-0013637},03/02/2010 18:00:00,FA0005,PC-1005,25780666.pdf,False,
{F-0008022},03/02/2010 18:25:00,CA0002,PC-1002,D249F698.pdf,False,
{F-0008034},03/02/2010 18:32:00,CA0002,PC-1002,1C6C4D5D.pdf,False,
{F-0013632},03/02/2010 18:48:00,FA0005,PC-1005,89CFDCEE.pdf,False,
{F-0018633},03/03/2010 07:55:00,IA0008,PC-1008,84F6B59F.pdf,False,
{F-0017048},03/03/2010 07:57:00,HA0007,PC-1007,936239F6.xlsx,False,
{F-0024730},03/03/2010 07:58:00,LA0011,PC-1011,355F458D.xlsx,False,
{F-0024725},03/03/2010 08:00:00,LA0011,PC-1011,1E22F5ED.jpg,False,
{F-0017042},03/03/2010 08:05:00,HA0007,PC-1007,D9F47E31.doc,False,
{F-0017046},03/03/2010 08:07:00,HA0007,PC-1007,F9AD2529.txt,False,
{F-0024722},03/03/2010 08:08:00,LA0011,PC-1011,0AF9B8AC.xls,False,
{F-0028389},03/03/2010 08:17:00,NA0013,PC-1013,33C071F2.xlsx,False,
{F-0016004},03/03/2010 08:24:00,GA0006,PC-1006,426C92F8.doc,False,
{F-0018629},03/03/2010 08:24:00,IA0008,PC-1008,5E12D5D9.txt,False,
{F-0015996},03/03/2010 08:30:00,GA0006,PC-1006,5A26D403.xlsx,False,
{F-0004906},03/03/2010 08:52:00,BA0001,PC-1001,BE839397.txt,False,
{F-0018626},03/03/2010 08:52:00,IA0008,PC-1008,F8F4DBDE.doc,False,
{F-0002248},03/03/2010 08:54:00,AA0000,PC-1000,C1C07F36.txt,False,
{F-0030960},03/03/2010 08:54:00,OA0014,PC-1014,2EC77345.jpg,False,
{F-0034016},03/03/2010 08:58:00,QA0016,PC-1016,7BBB650C.txt,False,
{F-0004910},03/03/2010 08:59:00,BA0001,PC-1001,87378974.xlsx,False,
{F-0034019},03/03/2010 09:07:00,QA0016,PC-1016,6F1EFBF3.xls,False,
{F-0016001},03/03/2010 09:09:00,GA0006,PC-1006,14C8010C.xls,False,
{F-0028385},03/03/2010 09:14:00,NA0013,PC-1013,3B082E85.xlsx,False,
{F-0022673},03/03/2010 09:15:00,KA0010,PC-1010,1836DF0F.xls,False,
{F-0022677},03/03/2010 09:20:00,KA0010,PC-1010,36533610.jpg,False,
{F-0004908},03/03/2010 09:22:00,BA0001,PC-1001,44CCFAFB.xls,False,
{F-0013660},03/03/2010 09:22:00,FA0005,PC-1005,9349E793.doc,False,
{F-0022659},03/03/2010 09:23:00,KA0010,PC-1010,813D816F.doc,False,
{F-0008104},03/03/2010 09:26:00,CA0002,PC-1002,08B8AE9F.jpg,False,
{F-0013672},03/03/2010 09:32:00,FA0005,PC-1005,BA0897C2.pdf,False,
{F-0018632},03/03/2010 09:34:00,IA0008,PC-1008,67B84AC2.jpg,False,
{F-0022661},03/03/2010 09:35:00,KA0010,PC-1010,83ADE1E3.pdf,False,
{F-0018634},03/03/2010 09:41:00,IA0008,PC-1008,3DFFE542.txt,False,
{F-0004904},03/03/2010 09:42:00,BA0001,PC-1001,7C574B48.jpg,False,
{F-0013664},03/03/2010 09:42:00,FA0005,PC-1005,D3A30ECD.pdf,False,
{F-0013676},03/03/2010 09:43:00,FA0005,PC-1005,B4AC0A7F.doc,False,
{F-0028386},03/03/2010 09:46:00,NA0013,PC-1013,7B72D6AE.doc,False,
{F-0022672},03/03/2010 09:47:00,KA0010,PC-1010,2D6946B8.doc,False,
{F-0002246},03/03/2010 09:51:00,AA0000,PC-1000,0DEA83D7.pdf,False,
{F-0008107},03/03/2010 09:53:00,CA0002,PC-1002,F41522A0.xlsx,False,
{F-0015999},03/03/2010 09:54:00,GA0006,PC-1006,DD08F107.xlsx,False,
{F-0017047},03/03/2010 09:54:00,HA0007,PC-1007,D8307A6B.xls,False,
{F-0008099},03/03/2010 09:57:00,CA0002,PC-1002,B9D7939E.txt,False,
{F-0020731},03/03/2010 09:58:00,JA0009,PC-1009,3A9D5AC6.doc,False,
{F-0024726},03/03/2010 09:58:00,LA0011,PC-1011,E56F21E8.pdf,False,
{F-0002251},03/03/2010 10:01:00,AA0000,PC-1000,4706A04F.xls,False,
{F-0002249},03/03/2010 10:02:00,AA0000,PC-1000,352EA981.pdf,False,
{F-0012217},03/03/2010 10:02:00,EA0004,PC-1004,7782486E.doc,False,
{F-0020725},03/03/2010 10:02:00,JA0009,PC-1009,70964B84.txt,False,
{F-0008101},03/03/2010 10:03:00,CA0002,PC-1002,46AA6730.doc,False,
{F-0012218},03/03/2010 10:03:00,EA0004,PC-1004,2651202F.pdf,False,
{F-0034021},03/03/2010 10:05:00,QA0016,PC-1016,238B7C26.txt,False,
{F-0010820},03/03/2010 10:07:00,DA0003,PC-1003,3373C157.xls,False,
{F-0015998},03/03/2010 10:07:00,GA0006,PC-1006,B9F2CF83.jpg,False,
{F-0020726},03/03/2010 10:10:00,JA0009,PC-1009,490D0F2B.pdf,False,
{F-0008096},03/03/2010 10:11:00,CA0002,PC-1002,9BAB8C9D.jpg,False,
{F-0008102},03/03/2010 10:12:00,CA0002,PC-1002,907470FC.pdf,False,
{F-0032623},03/03/2010 10:14:00,PA0015,PC-1015,CF72B842.doc,False,
{F-0002240},03/03/2010 10:18:00,AA0000,PC-1000,275B24A0.txt,False,
{F-0004905},03/03/2010 10:18:00,BA0001,PC-1001,03CF0B58.xls,False,
{F-0012224},03/03/2010 10:19:00,EA0004,PC-1004,C1B7038C.pdf,False,
{F-0008105},03/03/2010 10:24:00,CA0002,PC-1002,CB061A63.doc,False,
{F-0008113},03/03/2010 10:25:00,CA0002,PC-1002,6A20C848.xls,False,
{F-0010834},03/03/2010 10:25:00,DA0003,PC-1003,2F8A4877.xlsx,False,
{F-0020737},03/03/2010 10:27:00,JA0009,PC-1009,133CFD6A.xls,False,
{F-0013673},03/03/2010 10:30:00,FA0005,PC-1005,C6D61928.xls,False,
{F-0008122},03/03/2010 10:32:00,CA0002,PC-1002,9AB8691E.xls,False,
{F-0020727},03/03/2010 10:38:00,JA0009,PC-1009,2E6282DE.doc,False,
{F-0008090},03/03/2010 10:40:00,CA0002,PC-1002,28D1D675.doc,False,
{F-0012229},03/03/2010 10:40:00,EA0004,PC-1004,208B851E.doc,False,
{F-0018636},03/03/2010 10:40:00,IA0008,PC-1008,7037D20D.xlsx,False,
{F-0028382},03/03/2010 10:42:00,NA0013,PC-1013,4EFC713C.doc,False,
{F-0018631},03/03/2010 10:46:00,IA0008,PC-1008,4D98E467.doc,False,
{F-0010824},03/03/2010 10:49:00,DA0003,PC-1003,768712B3.xls,False,
{F-0034018},03/03/2010 10:50:00,QA0016,PC-1016,2EADFA60.txt,False,
{F-0004907},03/03/2010 10:52:00,BA0001,PC-1001,51CDA0D5.xls,False,
{F-0008118},03/03/2010 10:57:00,CA0002,PC-1002,AB28C0BB.xls,False,
{F-0016000},03/03/2010 11:00:00,GA0006,PC-1006,5FBE5272.pdf,False,
{F-0004902},03/03/2010 11:02:00,BA0001,PC-1001,9BCB7F08.txt,False,
{F-0008095},03/03/2010 11:03:00,CA0002,PC-1002,9FE42B28.xlsx,False,
{F-0002241},03/03/2010 11:05:00,AA0000,PC-1000,0264A338.xlsx,False,
{F-0008098},03/03/2010 11:05:00,CA0002,PC-1002,F0AF4B51.doc,False,
{F-0030962},03/03/2010 11:05:00,OA0014,PC-1014,5954FDA5.doc,False,
{F-0035075},03/03/2010 11:05:00,RA0017,PC-1017,512781D2.jpg,False,
{F-0026692},03/03/2010 11:06:00,MA0012,PC-1012,C8FA215B.jpg,False,
{F-0012221},03/03/2010 11:07:00,EA0004,PC-1004,FA86F6A2.xls,False,
{F-0015994},03/03/2010 11:14:00,GA0006,PC-1006,A78FBC4C.doc,False,
{F-0015997},03/03/2010 11:18:00,GA0006,PC-1006,37D51EBF.txt,False,
{F-0022664},03/03/2010 11:18:00,KA0010,PC-1010,09AF15F8.xls,False,
{F-0018635},03/03/2010 11:22:00,IA0008,PC-1008,E1A1EA16.jpg,False,
{F-0016006},03/03/2010 11:41:00,GA0006,PC-1006,CC70EE9A.xls,False,
{F-0018628},03/03/2010 11:42:00,IA0008,PC-1008,F947EF70.xlsx,False,
{F-0035076},03/03/2010 11:42:00,RA0017,PC-1017,2924C8D6.doc,False,
{F-0010827},03/03/2010 11:43:00,DA0003,PC-1003,65B42DBF.xls,False,
{F-0024731},03/03/2010 11:47:00,LA0011,PC-1011,C624530F.doc,False,
{F-0020730},03/03/2010 11:48:00,JA0009,PC-1009,351CEC18.xlsx,False,
{F-0022663},03/03/2010 11:52:00,KA0010,PC-1010,1D489F67.xls,False,
{F-0010839},03/03/2010 11:56:00,DA0003,PC-1003,D1FB8255.pdf,False,
{F-0024727},03/03/2010 12:03:00,LA0011,PC-1011,0E2760DF.txt,False,
{F-0013675},03/03/2010 12:04:00,FA0005,PC-1005,2958B5D8.pdf,False,
{F-0022678},03/03/2010 12:05:00,KA0010,PC-1010,90F4E2DC.pdf,False,
{F-0020735},03/03/2010 12:07:00,JA0009,PC-1009,D21CB99A.doc,False,
{F-0028383},03/03/2010 12:08:00,NA0013,PC-1013,55726806.xls,False,
{F-0012227},03/03/2010 12:09:00,EA0004,PC-1004,FDBAF807.pdf,False,
{F-0022676},03/03/2010 12:14:00,KA0010,PC-1010,D5891360.doc,False,
{F-0002242},03/03/2010 12:19:00,AA0000,PC-1000,736AA877.jpg,False,
{F-0016002},03/03/2010 12:25:00,GA0006,PC-1006,ADD42325.pdf,False,
{F-0028388},03/03/2010 12:25:00,NA0013,PC-1013,9D133709.jpg,False,
{F-0024717},03/03/2010 12:26:00,LA0011,PC-1011,015C2211.txt,False,
{F-0028387},03/03/2010 12:32:00,NA0013,PC-1013,A4B145B4.doc,False,
{F-0022669},03/03/2010 12:34:00,KA0010,PC-1010,A1A186A9.jpg,False,
{F-0028384},03/03/2010 12:46:00,NA0013,PC-1013,D2288372.xls,False,
{F-0002244},03/03/2010 12:51:00,AA0000,PC-1000,B7CBF163.xls,False,
{F-0010826},03/03/2010 12:51:00,DA0003,PC-1003,B8406234.doc,False,
{F-0010825},03/03/2010 12:55:00,DA0003,PC-1003,DD23A6C4.doc,False,
{F-0028391},03/03/2010 12:56:00,NA0013,PC-1013,F2F2DEAF.pdf,False,
{F-0030966},03/03/2010 12:57:00,OA0014,PC-1014,2F4E5723.xlsx,False,
{F-0022658},03/03/2010 12:59:00,KA0010,PC-1010,D7F1D9EA.xlsx,False,
{F-0030961},03/03/2010 13:00:00,OA0014,PC-1014,80568243.pdf,False,
{F-0016005},03/03/2010 13:02:00,GA0006,PC-1006,F8915A5D.jpg,False,
{F-0008111},03/03/2010 13:06:00,CA0002,PC-1002,28F85DAF.xlsx,False,
{F-0002245},03/03/2010 13:08:00,AA0000,PC-1000,7AD33986.doc,False,
{F-0010835},03/03/2010 13:10:00,DA0003,PC-1003,7E8F6993.txt,False,
{F-0024718},03/03/2010 13:10:00,LA0011,PC-1011,2D45A301.doc,False,
{F-0010833},03/03/2010 13:12:00,DA0003,PC-1003,2C4645D7.doc,False,
{F-0008094},03/03/2010 13:13:00,CA0002,PC-1002,7BD5DBD6.doc,False,
{F-0012223},03/03/2010 13:13:00,EA0004,PC-1004,E30E23EE.jpg,False,
{F-0024729},03/03/2010 13:13:00,LA0011,PC-1011,24619BCC.doc,False,
{F-0010829},03/03/2010 13:14:00,DA0003,PC-1003,40003693.jpg,False,
{F-0012216},03/03/2010 13:16:00,EA0004,PC-1004,79394AE4.txt,False,
{F-0020739},03/03/2010 13:18:00,JA0009,PC-1009,1A493A84.jpg,False,
{F-0013665},03/03/2010 13:23:00,FA0005,PC-1005,E372ED88.xls,False,
{F-0024720},03/03/2010 13:23:00,LA0011,PC-1011,BD5A4A01.doc,False,
{F-0032617},03/03/2010 13:24:00,PA0015,PC-1015,296DB4A2.xls,False,
{F-0008108},03/03/2010 13:25:00,CA0002,PC-1002,7CAA4289.xls,False,
{F-0012215},03/03/2010 13:25:00,EA0004,PC-1004,23BCF81E.xlsx,False,
{F-0012220},03/03/2010 13:26:00,EA0004,PC-1004,BD433CAC.doc,False,
{F-0030957},03/03/2010 13:26:00,OA0014,PC-1014,6771AE84.xls,False,
{F-0032616},03/03/2010 13:26:00,PA0015,PC-1015,71BD395F.jpg,False,
{F-0020742},03/03/2010 13:28:00,JA0009,PC-1009,21254A31.doc,False,
{F-0022665},03/03/2010 13:29:00,KA0010,PC-1010,4F76123B.jpg,False,
{F-0020740},03/03/2010 13:37:00,JA0009,PC-1009,156EF9FD.xlsx,False,
{F-0013674},03/03/2010 13:40:00,FA0005,PC-1005,B294F7D7.pdf,False,
{F-0017050},03/03/2010 13:40:00,HA0007,PC-1007,349AB42F.xls,False,
{F-0012230},03/03/2010 13:43:00,EA0004,PC-1004,462DD2A9.xls,False,
{F-0015995},03/03/2010 13:43:00,GA0006,PC-1006,F294DB5A.pdf,False,
{F-0004909},03/03/2010 13:45:00,BA0001,PC-1001,A91409FC.xls,False,
{F-0008093},03/03/2010 13:45:00,CA0002,PC-1002,A54AEFD3.xls,False,
{F-0010836},03/03/2010 13:46:00,DA0003,PC-1003,9E788B0D.jpg,False,
{F-0022674},03/03/2010 13:50:00,KA0010,PC-1010,6389F3DD.xlsx,False,
{F-0013671},03/03/2010 13:51:00,FA0005,PC-1005,3BDF6C74.pdf,False,
{F-0004899},03/03/2010 13:52:00,BA0001,PC-1001,F557DC88.doc,False,
{F-0016003},03/03/2010 13:56:00,GA0006,PC-1006,A7102E91.txt,False,
{F-0022671},03/03/2010 13:58:00,KA0010,PC-1010,92C1C112.txt,False,
{F-0024719},03/03/2010 13:59:00,LA0011,PC-1011,B785F5D9.jpg,False,
{F-0026691},03/03/2010 13:59:00,MA0012,PC-1012,6AF0A63D.xls,False,
{F-0010838},03/03/2010 14:02:00,DA0003,PC-1003,2535EE6D.txt,False,
{F-0030964},03/03/2010 14:02:00,OA0014,PC-1014,B6939966.xlsx,False,
{F-0017049},03/03/2010 14:04:00,HA0007,PC-1007,0834E1F1.txt,False,
{F-0020728},03/03/2010 14:10:00,JA0009,PC-1009,CBADF52D.doc,False,
{F-0002237},03/03/2010 14:11:00,AA0000,PC-1000,53FE5773.xls,False,
{F-0018627},03/03/2010 14:12:00,IA0008,PC-1008,44E10440.pdf,False,
{F-0034020},03/03/2010 14:14:00,QA0016,PC-1016,4DD7584F.xls,False,
{F-0008091},03/03/2010 14:18:00,CA0002,PC-1002,96C4E4C3.xlsx,False,
{F-0010823},03/03/2010 14:18:00,DA0003,PC-1003,0A6ABA57.xlsx,False,
{F-0008115},03/03/2010 14:20:00,CA0002,PC-1002,B81A5871.doc,False,
{F-0022660},03/03/2010 14:21:00,KA0010,PC-1010,123A391C.doc,False,
{F-0032619},03/03/2010 14:21:00,PA0015,PC-1015,0F092C5E.pdf,False,
{F-0002238},03/03/2010 14:22:00,AA0000,PC-1000,7C076290.txt,False,
{F-0010821},03/03/2010 14:23:00,DA0003,PC-1003,943DA382.jpg,False,
{F-0010828},03/03/2010 14:24:00,DA0003,PC-1003,9D8D19AA.jpg,False,
{F-0012228},03/03/2010 14:24:00,EA0004,PC-1004,FC175D59.doc,False,
{F-0022670},03/03/2010 14:25:00,KA0010,PC-1010,6F04B30B.pdf,False,
{F-0013666},03/03/2010 14:26:00,FA0005,PC-1005,A0BEB266.doc,False,
{F-0017043},03/03/2010 14:27:00,HA0007,PC-1007,259181CA.doc,False,
{F-0012225},03/03/2010 14:29:00,EA0004,PC-1004,378A30FA.doc,False,
{F-0012226},03/03/2010 14:30:00,EA0004,PC-1004,A4363772.doc,False,
{F-0020734},03/03/2010 14:30:00,JA0009,PC-1009,F0D6D3CB.xls,False,
{F-0012222},03/03/2010 14:34:00,EA0004,PC-1004,BB41F4E1.txt,False,
{F-0030965},03/03/2010 14:37:00,OA0014,PC-1014,7E5AEF38.txt,False,
{F-0013668},03/03/2010 14:38:00,FA0005,PC-1005,406365CF.xls,False,
{F-0017045},03/03/2010 14:38:00,HA0007,PC-1007,622E9F2F.doc,False,
{F-0020738},03/03/2010 14:39:00,JA0009,PC-1009,04B82FF4.pdf,False,
{F-0010830},03/03/2010 14:47:00,DA0003,PC-1003,5CDB1BBE.txt,False,
{F-0016007},03/03/2010 14:48:00,GA0006,PC-1006,F7DDB256.xlsx,False,
{F-0026689},03/03/2010 14:59:00,MA0012,PC-1012,C2227473.xlsx,False,
{F-0010822},03/03/2010 15:02:00,DA0003,PC-1003,D7A40D9A.jpg,False,
{F-0010840},03/03/2010 15:06:00,DA0003,PC-1003,4B197906.pdf,False,
{F-0002250},03/03/2010 15:07:00,AA0000,PC-1000,DC0173F4.txt,False,
{F-0032615},03/03/2010 15:11:00,PA0015,PC-1015,A3E24437.doc,False,
{F-0032620},03/03/2010 15:19:00,PA0015,PC-1015,08B7A170.xlsx,False,
{F-0018630},03/03/2010 15:24:00,IA0008,PC-1008,B1E376C7.doc,False,
{F-0008106},03/03/2010 15:25:00,CA0002,PC-1002,8D40C4C2.xlsx,False,
{F-0020733},03/03/2010 15:25:00,JA0009,PC-1009,905C60ED.pdf,False,
{F-0026690},03/03/2010 15:26:00,MA0012,PC-1012,6C8509F1.pdf,False,
{F-0008119},03/03/2010 15:27:00,CA0002,PC-1002,B267007F.doc,False,
{F-0010831},03/03/2010 15:27:00,DA0003,PC-1003,ECA94AB6.pdf,False,
{F-0002243},03/03/2010 15:29:00,AA0000,PC-1000,BCB15943.xlsx,False,
{F-0017044},03/03/2010 15:30:00,HA0007,PC-1007,075E2BA3.doc,False,
{F-0022662},03/03/2010 15:33:00,KA0010,PC-1010,41001E00.pdf,False,
{F-0004903},03/03/2010 15:37:00,BA0001,PC-1001,C7CF8A33.xlsx,False,
{F-0012214},03/03/2010 15:38:00,EA0004,PC-1004,0BB88AF8.jpg,False,
{F-0020729},03/03/2010 15:40:00,JA0009,PC-1009,B453CB97.txt,False,
{F-0020741},03/03/2010 15:44:00,JA0009,PC-1009,73D80D36.doc,False,
{F-0008121},03/03/2010 15:49:00,CA0002,PC-1002,684984FE.doc,False,
{F-0013659},03/03/2010 15:49:00,FA0005,PC-1005,988C3634.xlsx,False,
{F-0032622},03/03/2010 15:57:00,PA0015,PC-1015,DD3A8D52.jpg,False,
{F-0012231},03/03/2010 15:59:00,EA0004,PC-1004,9FDF3517.txt,False,
{F-0013669},03/03/2010 15:59:00,FA0005,PC-1005,53A448BB.jpg,False,
{F-0026693},03/03/2010 16:02:00,MA0012,PC-1012,1485B367.xls,False,
{F-0012219},03/03/2010 16:03:00,EA0004,PC-1004,0801987C.pdf,False,
{F-0008109},03/03/2010 16:04:00,CA0002,PC-1002,1CF2EA75.pdf,False,
{F-0002239},03/03/2010 16:10:00,AA0000,PC-1000,4685FEED.xls,False,
{F-0004900},03/03/2010 16:10:00,BA0001,PC-1001,3F35057E.txt,False,
{F-0008089},03/03/2010 16:19:00,CA0002,PC-1002,D4102C8B.xls,False,
{F-0024723},03/03/2010 16:19:00,LA0011,PC-1011,E9D42DFD.txt,False,
{F-0020736},03/03/2010 16:22:00,JA0009,PC-1009,EE1133F1.xlsx,False,
{F-0028390},03/03/2010 16:23:00,NA0013,PC-1013,8296CD9A.jpg,False,
{F-0008117},03/03/2010 16:24:00,CA0002,PC-1002,55F5A195.xls,False,
{F-0010832},03/03/2010 16:27:00,DA0003,PC-1003,738EE098.jpg,False,
{F-0013658},03/03/2010 16:27:00,FA0005,PC-1005,E81E877A.xls,False,
{F-0004901},03/03/2010 16:29:00,BA0001,PC-1001,B9D33DD1.xls,False,
{F-0020732},03/03/2010 16:31:00,JA0009,PC-1009,899307DD.doc,False,
{F-0030958},03/03/2010 16:32:00,OA0014,PC-1014,6595F113.xls,False,
{F-0032621},03/03/2010 16:33:00,PA0015,PC-1015,6609B7F6.xlsx,False,
{F-0010837},03/03/2010 16:35:00,DA0003,PC-1003,A30FC708.doc,False,
{F-0002247},03/03/2010 16:37:00,AA0000,PC-1000,7C5D3AF0.doc,False,
{F-0034017},03/03/2010 16:37:00,QA0016,PC-1016,2012391C.txt,False,
{F-0022675},03/03/2010 16:50:00,KA0010,PC-1010,ED9AB4B5.pdf,False,
{F-0012232},03/03/2010 16:51:00,EA0004,PC-1004,364B7F03.xlsx,False,
{F-0022667},03/03/2010 16:54:00,KA0010,PC-1010,1ACFE754.pdf,False,
{F-0013661},03/03/2010 16:56:00,FA0005,PC-1005,692D3224.doc,False,
{F-0008114},03/03/2010 16:57:00,CA0002,PC-1002,8E92F297.doc,False,
{F-0030963},03/03/2010 16:58:00,OA0014,PC-1014,15EDA414.xlsx,False,
{F-0035077},03/03/2010 17:02:00,RA0017,PC-1017,D379C0F1.txt,False,
{F-0030959},03/03/2010 17:03:00,OA0014,PC-1014,AF6939B6.doc,False,
{F-0008110},03/03/2010 17:04:00,CA0002,PC-1002,D72FC1C8.txt,False,
{F-0012213},03/03/2010 17:04:00,EA0004,PC-1004,A48F2A2D.pdf,False,
{F-0030967},03/03/2010 17:05:00,OA0014,PC-1014,39DE68D4.pdf,False,
{F-0024716},03/03/2010 17:09:00,LA0011,PC-1011,4507E160.pdf,False,
{F-0008120},03/03/2010 17:16:00,CA0002,PC-1002,ECE32492.doc,False,
{F-0013670},03/03/2010 17:20:00,FA0005,PC-1005,5883AA87.txt,False,
{F-0022668},03/03/2010 17:22:00,KA0010,PC-1010,22F9464A.doc,False,
{F-0032618},03/03/2010 17:22:00,PA0015,PC-1015,A1A71927.txt,False,
{F-0035078},03/03/2010 17:28:00,RA0017,PC-1017,DEEBDBEB.xls,False,
{F-0013663},03/03/2010 17:40:00,FA0005,PC-1005,4682FE9B.xls,False,
{F-0022657},03/03/2010 17:43:00,KA0010,PC-1010,70AFFA76.xls,False,
{F-0008103},03/03/2010 17:46:00,CA0002,PC-1002,20A355EC.doc,False,
{F-0024721},03/03/2010 17:55:00,LA0011,PC-1011,213D2638.doc,False,
{F-0024728},03/03/2010 17:55:00,LA0011,PC-1011,279260AF.pdf,False,
{F-0022666},03/03/2010 18:05:00,KA0010,PC-1010,760A84B9.xls,False,
{F-0008100},03/03/2010 18:10:00,CA0002,PC-1002,7D6C3375.txt,False,
{F-0008097},03/03/2010 18:15:00,CA0002,PC-1002,030FB871.doc,False,
{F-0008116},03/03/2010 18:16:00,CA0002,PC-1002,A97004D7.xls,False,
{F-0024724},03/03/2010 18:17:00,LA0011,PC-1011,C0D95BA7.doc,False,
{F-0008092},03/03/2010 18:19:00,CA0002,PC-1002,49AF6934.txt,False,
{F-0008112},03/03/2010 18:27:00,CA0002,PC-1002,E01BEA7D.doc,False,
{F-0013662},03/03/2010 18:49:00,FA0005,PC-1005,17721C78.xlsx,False,
{F-0013667},03/03/2010 19:11:00,FA0005,PC-1005,730089FB.txt,False,
{F-0024752},03/04/2010 07:20:00,LA0011,PC-1011,716EE131.pdf,False,
{F-0024759},03/04/2010 07:47:00,LA0011,PC-1011,737A36BB.doc,False,
{F-0028434},03/04/2010 08:10:00,NA0013,PC-1013,6E060371.xls,False,
{F-0031021},03/04/2010 08:18:00,OA0014,PC-1014,977EE20C.xls,False,
{F-0016051},03/04/2010 08:29:00,GA0006,PC-1006,A7E2FC20.doc,False,
{F-0010896},03/04/2010 08:31:00,DA0003,PC-1003,C211D19A.txt,False,
{F-0020777},03/04/2010 08:32:00,JA0009,PC-1009,D5CBC2E2.doc,False,
{F-0020795},03/04/2010 08:42:00,JA0009,PC-1009,82FFBD08.txt,False,
{F-0002297},03/04/2010 08:57:00,AA0000,PC-1000,B43FADAC.pdf,False,
{F-0018664},03/04/2010 08:59:00,IA0008,PC-1008,D7086FDF.pdf,False,
{F-0020779},03/04/2010 09:08:00,JA0009,PC-1009,11E90598.txt,False,
{F-0002302},03/04/2010 09:10:00,AA0000,PC-1000,59BA5B36.pdf,False,
{F-0004964},03/04/2010 09:12:00,BA0001,PC-1001,976ACD3D.xls,False,
{F-0024758},03/04/2010 09:12:00,LA0011,PC-1011,9BD2EEEB.xls,False,
{F-0018673},03/04/2010 09:13:00,IA0008,PC-1008,F685C02C.xls,False,
{F-0013705},03/04/2010 09:16:00,FA0005,PC-1005,F0A89A98.doc,False,
{F-0002306},03/04/2010 09:19:00,AA0000,PC-1000,A1D600A8.xlsx,False,
{F-0022700},03/04/2010 09:24:00,KA0010,PC-1010,EBCF2679.xlsx,False,
{F-0032648},03/04/2010 09:25:00,PA0015,PC-1015,2C94F268.txt,False,
{F-0018660},03/04/2010 09:29:00,IA0008,PC-1008,2B720585.doc,False,
{F-0022709},03/04/2010 09:31:00,KA0010,PC-1010,D33C3DB6.xlsx,False,
{F-0008189},03/04/2010 09:40:00,CA0002,PC-1002,24946FB1.doc,False,
{F-0024769},03/04/2010 09:50:00,LA0011,PC-1011,D9ADB352.doc,False,
{F-0004962},03/04/2010 09:53:00,BA0001,PC-1001,39F3B5E1.xlsx,False,
{F-0024756},03/04/2010 09:56:00,LA0011,PC-1011,3D3AAF72.pdf,False,
{F-0012252},03/04/2010 10:01:00,EA0004,PC-1004,2F97A5E6.txt,False,
{F-0012254},03/04/2010 10:01:00,EA0004,PC-1004,2C2501B8.pdf,False,
{F-0008183},03/04/2010 10:02:00,CA0002,PC-1002,20EEE47A.txt,False,
{F-0034057},03/04/2010 10:02:00,QA0016,PC-1016,B6E28907.xls,False,
{F-0008198},03/04/2010 10:05:00,CA0002,PC-1002,DF5C1754.xlsx,False,
{F-0010905},03/04/2010 10:06:00,DA0003,PC-1003,686A3344.doc,False,
{F-0035114},03/04/2010 10:07:00,RA0017,PC-1017,D456EE54.doc,False,
{F-0020784},03/04/2010 10:09:00,JA0009,PC-1009,F75D534E.jpg,False,
{F-0031019},03/04/2010 10:10:00,OA0014,PC-1014,5883B7BD.txt,False,
{F-0026723},03/04/2010 10:12:00,MA0012,PC-1012,357266C7.doc,False,
{F-0008206},03/04/2010 10:13:00,CA0002,PC-1002,76A73C82.doc,False,
{F-0010897},03/04/2010 10:17:00,DA0003,PC-1003,C38835D3.doc,False,
{F-0017064},03/04/2010 10:19:00,HA0007,PC-1007,8D9F947F.xls,False,
{F-0018672},03/04/2010 10:20:00,IA0008,PC-1008,F949096B.xls,False,
{F-0016053},03/04/2010 10:22:00,GA0006,PC-1006,94E312D3.jpg,False,
{F-0017069},03/04/2010 10:26:00,HA0007,PC-1007,9AAC36CE.doc,False,
{F-0013699},03/04/2010 10:31:00,FA0005,PC-1005,135BA98C.doc,False,
{F-0020794},03/04/2010 10:33:00,JA0009,PC-1009,0E47120E.txt,False,
{F-0020790},03/04/2010 10:34:00,JA0009,PC-1009,74072AE8.doc,False,
{F-0010904},03/04/2010 10:35:00,DA0003,PC-1003,323928CA.xlsx,False,
{F-0028441},03/04/2010 10:38:00,NA0013,PC-1013,69454491.xlsx,False,
{F-0035109},03/04/2010 10:39:00,RA0017,PC-1017,DA7EBAE3.doc,False,
{F-0002299},03/04/2010 10:42:00,AA0000,PC-1000,98D3F803.xlsx,False,
{F-0020792},03/04/2010 10:42:00,JA0009,PC-1009,9962EB8B.pdf,False,
{F-0012256},03/04/2010 10:43:00,EA0004,PC-1004,911E7836.pdf,False,
{F-0008200},03/04/2010 10:44:00,CA0002,PC-1002,7586FB8D.xls,False,
{F-0004963},03/04/2010 10:45:00,BA0001,PC-1001,EA14D615.xls,False,
{F-0017070},03/04/2010 10:49:00,HA0007,PC-1007,982AAA87.jpg,False,
{F-0012262},03/04/2010 10:50:00,EA0004,PC-1004,80EA565A.txt,False,
{F-0020776},03/04/2010 10:50:00,JA0009,PC-1009,0EC6EFF4.doc,False,
{F-0028436},03/04/2010 10:50:00,NA0013,PC-1013,0ED56267.txt,False,
{F-0026727},03/04/2010 10:51:00,MA0012,PC-1012,F2853C52.xlsx,False,
{F-0013703},03/04/2010 10:56:00,FA0005,PC-1005,BB00B8A8.jpg,False,
{F-0034061},03/04/2010 10:57:00,QA0016,PC-1016,8CA7FBC2.jpg,False,
{F-0010901},03/04/2010 11:02:00,DA0003,PC-1003,EC9D3BEB.txt,False,
{F-0010891},03/04/2010 11:03:00,DA0003,PC-1003,5B8269F9.xls,False,
{F-0016055},03/04/2010 11:04:00,GA0006,PC-1006,2BFB9CB4.pdf,False,
{F-0022711},03/04/2010 11:07:00,KA0010,PC-1010,E613C94B.xlsx,False,
{F-0031013},03/04/2010 11:09:00,OA0014,PC-1014,736EB480.txt,False,
{F-0031022},03/04/2010 11:11:00,OA0014,PC-1014,D9DE507C.doc,False,
{F-0008182},03/04/2010 11:14:00,CA0002,PC-1002,64C06BDF.doc,False,
{F-0013694},03/04/2010 11:14:00,FA0005,PC-1005,87CA5ECB.xlsx,False,
{F-0018661},03/04/2010 11:14:00,IA0008,PC-1008,433B126F.doc,False,
{F-0020780},03/04/2010 11:14:00,JA0009,PC-1009,07997729.xls,False,
{F-0010899},03/04/2010 11:18:00,DA0003,PC-1003,D0A027C0.xlsx,False,
{F-0012250},03/04/2010 11:19:00,EA0004,PC-1004,AA5532BC.txt,False,
{F-0032649},03/04/2010 11:19:00,PA0015,PC-1015,30EC126B.xls,False,
{F-0004961},03/04/2010 11:20:00,BA0001,PC-1001,5FAAECE3.doc,False,
{F-0024753},03/04/2010 11:20:00,LA0011,PC-1011,0EC905CC.doc,False,
{F-0022705},03/04/2010 11:27:00,KA0010,PC-1010,318276B6.xlsx,False,
{F-0002305},03/04/2010 11:29:00,AA0000,PC-1000,DD055AC7.doc,False,
{F-0010893},03/04/2010 11:30:00,DA0003,PC-1003,210AC880.doc,False,
{F-0018662},03/04/2010 11:30:00,IA0008,PC-1008,C205B458.txt,False,
{F-0032645},03/04/2010 11:31:00,PA0015,PC-1015,33E2C751.xlsx,False,
{F-0013700},03/04/2010 11:33:00,FA0005,PC-1005,0B6A9F50.txt,False,
{F-0032644},03/04/2010 11:34:00,PA0015,PC-1015,08AB9115.jpg,False,
{F-0026724},03/04/2010 11:35:00,MA0012,PC-1012,D0ED172A.doc,False,
{F-0031020},03/04/2010 11:35:00,OA0014,PC-1014,850ED242.jpg,False,
{F-0031017},03/04/2010 11:36:00,OA0014,PC-1014,222966E1.doc,False,
{F-0035110},03/04/2010 11:36:00,RA0017,PC-1017,F8C1A983.txt,False,
{F-0028438},03/04/2010 11:37:00,NA0013,PC-1013,46F6094C.txt,False,
{F-0024763},03/04/2010 11:45:00,LA0011,PC-1011,0A363E2E.doc,False,
{F-0024764},03/04/2010 11:48:00,LA0011,PC-1011,28BA5BC2.xlsx,False,
{F-0022714},03/04/2010 11:50:00,KA0010,PC-1010,0311798F.doc,False,
{F-0004965},03/04/2010 11:51:00,BA0001,PC-1001,4F50EBDA.pdf,False,
{F-0031014},03/04/2010 11:51:00,OA0014,PC-1014,D980C563.txt,False,
{F-0018668},03/04/2010 11:52:00,IA0008,PC-1008,B4572F11.xlsx,False,
{F-0004957},03/04/2010 11:53:00,BA0001,PC-1001,01C7E2DB.pdf,False,
{F-0002308},03/04/2010 11:55:00,AA0000,PC-1000,367004F7.doc,False,
{F-0024760},03/04/2010 11:55:00,LA0011,PC-1011,B649C00D.doc,False,
{F-0016057},03/04/2010 11:57:00,GA0006,PC-1006,DC66B89F.xlsx,False,
{F-0031018},03/04/2010 11:58:00,OA0014,PC-1014,BF400A19.xls,False,
{F-0017063},03/04/2010 12:00:00,HA0007,PC-1007,ED3D503D.xlsx,False,
{F-0008199},03/04/2010 12:01:00,CA0002,PC-1002,894EFCC0.doc,False,
{F-0028429},03/04/2010 12:01:00,NA0013,PC-1013,3105B050.xlsx,False,
{F-0028433},03/04/2010 12:04:00,NA0013,PC-1013,7BFBEFE0.doc,False,
{F-0016056},03/04/2010 12:09:00,GA0006,PC-1006,38FB7DA8.jpg,False,
{F-0018669},03/04/2010 12:12:00,IA0008,PC-1008,FE32DCA1.doc,False,
{F-0016060},03/04/2010 12:13:00,GA0006,PC-1006,8082BDB1.jpg,False,
{F-0008196},03/04/2010 12:17:00,CA0002,PC-1002,4F13133B.txt,False,
{F-0008203},03/04/2010 12:20:00,CA0002,PC-1002,61CD83E8.jpg,False,
{F-0002303},03/04/2010 12:23:00,AA0000,PC-1000,F1F16E0D.txt,False,
{F-0010902},03/04/2010 12:23:00,DA0003,PC-1003,04E4C3AC.txt,False,
{F-0008180},03/04/2010 12:29:00,CA0002,PC-1002,AA227020.jpg,False,
{F-0012263},03/04/2010 12:29:00,EA0004,PC-1004,81DEB6DF.doc,False,
{F-0012258},03/04/2010 12:32:00,EA0004,PC-1004,2BAB7A4C.txt,False,
{F-0004958},03/04/2010 12:37:00,BA0001,PC-1001,5415E06A.doc,False,
{F-0024762},03/04/2010 12:37:00,LA0011,PC-1011,BBDFB807.xlsx,False,
{F-0018667},03/04/2010 12:43:00,IA0008,PC-1008,E43CB188.xlsx,False,
{F-0008187},03/04/2010 12:44:00,CA0002,PC-1002,05EBC336.doc,False,
{F-0002301},03/04/2010 12:45:00,AA0000,PC-1000,811AE76A.doc,False,
{F-0012253},03/04/2010 12:46:00,EA0004,PC-1004,A13F3C69.txt,False,
{F-0020788},03/04/2010 12:46:00,JA0009,PC-1009,37F57401.xls,False,
{F-0008192},03/04/2010 12:47:00,CA0002,PC-1002,873AB3BE.xls,False,
{F-0031012},03/04/2010 12:50:00,OA0014,PC-1014,CA7D2CBB.xlsx,False,
{F-0013696},03/04/2010 12:53:00,FA0005,PC-1005,E4E061F0.doc,False,
{F-0024754},03/04/2010 12:54:00,LA0011,PC-1011,83874080.xlsx,False,
{F-0031011},03/04/2010 12:56:00,OA0014,PC-1014,7E1FDCFF.xls,False,
{F-0028439},03/04/2010 12:58:00,NA0013,PC-1013,79F1CE69.xlsx,False,
{F-0010895},03/04/2010 12:59:00,DA0003,PC-1003,738C50C9.txt,False,
{F-0017068},03/04/2010 12:59:00,HA0007,PC-1007,256E96DC.xlsx,False,
{F-0018666},03/04/2010 13:01:00,IA0008,PC-1008,9F5C8548.doc,False,
{F-0020781},03/04/2010 13:01:00,JA0009,PC-1009,9B1FD25F.pdf,False,
{F-0032643},03/04/2010 13:02:00,PA0015,PC-1015,B0CF57E5.txt,False,
{F-0008190},03/04/2010 13:03:00,CA0002,PC-1002,3027FC54.doc,False,
{F-0010892},03/04/2010 13:03:00,DA0003,PC-1003,5A9F0112.doc,False,
{F-0024750},03/04/2010 13:06:00,LA0011,PC-1011,86FAD5EC.doc,False,
{F-0016054},03/04/2010 13:07:00,GA0006,PC-1006,5AB47A5D.txt,False,
{F-0022713},03/04/2010 13:07:00,KA0010,PC-1010,D0492E61.txt,False,
{F-0013701},03/04/2010 13:10:00,FA0005,PC-1005,09344EDB.xls,False,
{F-0034060},03/04/2010 13:10:00,QA0016,PC-1016,0C187AE7.xlsx,False,
{F-0020783},03/04/2010 13:11:00,JA0009,PC-1009,F91BAF8C.doc,False,
{F-0028431},03/04/2010 13:11:00,NA0013,PC-1013,DA5F5C48.txt,False,
{F-0012259},03/04/2010 13:13:00,EA0004,PC-1004,23FC72F0.doc,False,
{F-0010894},03/04/2010 13:15:00,DA0003,PC-1003,899106CD.pdf,False,
{F-0031016},03/04/2010 13:17:00,OA0014,PC-1014,1B5F836E.xls,False,
{F-0008202},03/04/2010 13:18:00,CA0002,PC-1002,315BA618.jpg,False,
{F-0012257},03/04/2010 13:18:00,EA0004,PC-1004,86AD4041.doc,False,
{F-0012251},03/04/2010 13:19:00,EA0004,PC-1004,7F4C4E42.doc,False,
{F-0020775},03/04/2010 13:21:00,JA0009,PC-1009,3FCFD763.txt,False,
{F-0018665},03/04/2010 13:26:00,IA0008,PC-1008,0F96E505.xlsx,False,
{F-0022704},03/04/2010 13:27:00,KA0010,PC-1010,5E9D4393.doc,False,
{F-0028440},03/04/2010 13:36:00,NA0013,PC-1013,5A8420A6.doc,False,
{F-0008201},03/04/2010 13:37:00,CA0002,PC-1002,260156B2.doc,False,
{F-0017062},03/04/2010 13:41:00,HA0007,PC-1007,BF69AAA0.xlsx,False,
{F-0035111},03/04/2010 13:41:00,RA0017,PC-1017,2D078C2F.doc,False,
{F-0034058},03/04/2010 13:43:00,QA0016,PC-1016,33E4FAA0.pdf,False,
{F-0020778},03/04/2010 13:46:00,JA0009,PC-1009,C22282FD.xls,False,
{F-0002296},03/04/2010 13:53:00,AA0000,PC-1000,5EF3D880.doc,False,
{F-0013698},03/04/2010 13:53:00,FA0005,PC-1005,92716A9D.xlsx,False,
{F-0034062},03/04/2010 13:55:00,QA0016,PC-1016,3CB64BB0.jpg,False,
{F-0002298},03/04/2010 13:56:00,AA0000,PC-1000,BF3EA8FE.jpg,False,
{F-0010903},03/04/2010 14:04:00,DA0003,PC-1003,29E2F333.doc,False,
{F-0017065},03/04/2010 14:04:00,HA0007,PC-1007,1B6875F7.jpg,False,
{F-0020793},03/04/2010 14:07:00,JA0009,PC-1009,14B30DCD.txt,False,
{F-0016061},03/04/2010 14:12:00,GA0006,PC-1006,0FB7B8A8.txt,False,
{F-0020791},03/04/2010 14:12:00,JA0009,PC-1009,9CC0139A.doc,False,
{F-0008205},03/04/2010 14:14:00,CA0002,PC-1002,6720D90E.pdf,False,
{F-0026726},03/04/2010 14:14:00,MA0012,PC-1012,A286B396.xls,False,
{F-0013693},03/04/2010 14:15:00,FA0005,PC-1005,C9ACDED5.doc,False,
{F-0020782},03/04/2010 14:16:00,JA0009,PC-1009,70ED2F87.doc,False,
{F-0008191},03/04/2010 14:17:00,CA0002,PC-1002,66A7FFC5.xls,False,
{F-0024765},03/04/2010 14:17:00,LA0011,PC-1011,94C238FF.xls,False,
{F-0020789},03/04/2010 14:19:00,JA0009,PC-1009,716BDDAA.doc,False,
{F-0016049},03/04/2010 14:20:00,GA0006,PC-1006,E10DDEB1.doc,False,
{F-0022701},03/04/2010 14:22:00,KA0010,PC-1010,583D94F1.doc,False,
{F-0024751},03/04/2010 14:22:00,LA0011,PC-1011,D2EC0CC9.xlsx,False,
{F-0024757},03/04/2010 14:23:00,LA0011,PC-1011,F19FCB7E.jpg,False,
{F-0028428},03/04/2010 14:27:00,NA0013,PC-1013,69CAB1AE.xlsx,False,
{F-0008197},03/04/2010 14:30:00,CA0002,PC-1002,38918143.jpg,False,
{F-0012255},03/04/2010 14:30:00,EA0004,PC-1004,D93AD51C.txt,False,
{F-0017067},03/04/2010 14:33:00,HA0007,PC-1007,C1BB81FA.xls,False,
{F-0002307},03/04/2010 14:36:00,AA0000,PC-1000,2D914A6C.doc,False,
{F-0008178},03/04/2010 14:39:00,CA0002,PC-1002,0AF96A7B.doc,False,
{F-0018659},03/04/2010 14:39:00,IA0008,PC-1008,3D7ADA5C.xls,False,
{F-0028432},03/04/2010 14:39:00,NA0013,PC-1013,DFF530B0.doc,False,
{F-0013704},03/04/2010 14:40:00,FA0005,PC-1005,4E944896.doc,False,
{F-0024761},03/04/2010 14:42:00,LA0011,PC-1011,6215CF79.xls,False,
{F-0004959},03/04/2010 14:43:00,BA0001,PC-1001,0C2421E0.txt,False,
{F-0012249},03/04/2010 14:46:00,EA0004,PC-1004,2432581F.xlsx,False,
{F-0024767},03/04/2010 14:46:00,LA0011,PC-1011,F5AF71A4.doc,False,
{F-0028430},03/04/2010 14:46:00,NA0013,PC-1013,2A635011.doc,False,
{F-0008193},03/04/2010 14:48:00,CA0002,PC-1002,B4937FFF.jpg,False,
{F-0024755},03/04/2010 14:48:00,LA0011,PC-1011,FD4400B2.xls,False,
{F-0008195},03/04/2010 14:50:00,CA0002,PC-1002,71106209.xlsx,False,
{F-0012260},03/04/2010 14:52:00,EA0004,PC-1004,0B2CC870.txt,False,
{F-0004960},03/04/2010 14:53:00,BA0001,PC-1001,645EB49C.doc,False,
{F-0034059},03/04/2010 14:56:00,QA0016,PC-1016,AA8B8E69.pdf,False,
{F-0020787},03/04/2010 15:00:00,JA0009,PC-1009,0BCBCF77.txt,False,
{F-0022703},03/04/2010 15:03:00,KA0010,PC-1010,99ADAA4A.txt,False,
{F-0035112},03/04/2010 15:06:00,RA0017,PC-1017,BA9C8957.doc,False,
{F-0018670},03/04/2010 15:07:00,IA0008,PC-1008,1B785D70.doc,False,
{F-0020786},03/04/2010 15:08:00,JA0009,PC-1009,EB049405.txt,False,
{F-0008204},03/04/2010 15:14:00,CA0002,PC-1002,A1C8F7D0.doc,False,
{F-0010900},03/04/2010 15:18:00,DA0003,PC-1003,5C3587D9.pdf,False,
{F-0018674},03/04/2010 15:19:00,IA0008,PC-1008,E047A196.xls,False,
{F-0018671},03/04/2010 15:20:00,IA0008,PC-1008,7D5B7B85.doc,False,
{F-0018663},03/04/2010 15:23:00,IA0008,PC-1008,BF434303.txt,False,
{F-0016050},03/04/2010 15:28:00,GA0006,PC-1006,B51F061F.pdf,False,
{F-0013708},03/04/2010 15:29:00,FA0005,PC-1005,D6EA82FC.pdf,False,
{F-0008185},03/04/2010 15:34:00,CA0002,PC-1002,6E503916.jpg,False,
{F-0016059},03/04/2010 15:35:00,GA0006,PC-1006,EBCAE2F4.jpg,False,
{F-0002300},03/04/2010 15:39:00,AA0000,PC-1000,2326CBEA.pdf,False,
{F-0024766},03/04/2010 15:42:00,LA0011,PC-1011,B09AE1FE.jpg,False,
{F-0031015},03/04/2010 15:42:00,OA0014,PC-1014,9AC6E0A3.xlsx,False,
{F-0018658},03/04/2010 15:45:00,IA0008,PC-1008,C19DEC71.jpg,False,
{F-0010888},03/04/2010 15:47:00,DA0003,PC-1003,D3B1CB6A.pdf,False,
{F-0020785},03/04/2010 15:47:00,JA0009,PC-1009,06AC9F41.doc,False,
{F-0022706},03/04/2010 15:47:00,KA0010,PC-1010,9D6CCE39.doc,False,
{F-0022708},03/04/2010 15:56:00,KA0010,PC-1010,3C2A9557.pdf,False,
{F-0016052},03/04/2010 15:57:00,GA0006,PC-1006,88E638E0.doc,False,
{F-0032647},03/04/2010 16:00:00,PA0015,PC-1015,8F1772B9.txt,False,
{F-0008186},03/04/2010 16:09:00,CA0002,PC-1002,7ED24CEF.jpg,False,
{F-0010889},03/04/2010 16:11:00,DA0003,PC-1003,6EC8886D.jpg,False,
{F-0024768},03/04/2010 16:11:00,LA0011,PC-1011,6445C0CB.jpg,False,
{F-0013695},03/04/2010 16:13:00,FA0005,PC-1005,C4BD054E.xlsx,False,
{F-0013706},03/04/2010 16:13:00,FA0005,PC-1005,FB46F75A.doc,False,
{F-0016058},03/04/2010 16:14:00,GA0006,PC-1006,88AA6100.txt,False,
{F-0012261},03/04/2010 16:16:00,EA0004,PC-1004,CA121C7D.doc,False,
{F-0017066},03/04/2010 16:18:00,HA0007,PC-1007,35F198A7.txt,False,
{F-0010898},03/04/2010 16:19:00,DA0003,PC-1003,516D3CB7.pdf,False,
{F-0022710},03/04/2010 16:19:00,KA0010,PC-1010,13CC3326.pdf,False,
{F-0008194},03/04/2010 16:24:00,CA0002,PC-1002,C9313BFD.jpg,False,
{F-0002304},03/04/2010 16:27:00,AA0000,PC-1000,DA4E8C70.jpg,False,
{F-0032646},03/04/2010 16:27:00,PA0015,PC-1015,2BD1A7A2.pdf,False,
{F-0008188},03/04/2010 16:30:00,CA0002,PC-1002,25A3F5A5.jpg,False,
{F-0010890},03/04/2010 16:31:00,DA0003,PC-1003,AA99062C.xls,False,
{F-0008179},03/04/2010 16:40:00,CA0002,PC-1002,602F5F35.pdf,False,
{F-0012264},03/04/2010 16:41:00,EA0004,PC-1004,D8A851E3.xls,False,
{F-0022707},03/04/2010 16:46:00,KA0010,PC-1010,2224BF06.xls,False,
{F-0028437},03/04/2010 16:53:00,NA0013,PC-1013,C99D37FF.jpg,False,
{F-0022715},03/04/2010 16:54:00,KA0010,PC-1010,FEF6A519.doc,False,
{F-0008181},03/04/2010 16:58:00,CA0002,PC-1002,697A70CD.doc,False,
{F-0008207},03/04/2010 17:00:00,CA0002,PC-1002,07138E3D.xls,False,
{F-0013707},03/04/2010 17:04:00,FA0005,PC-1005,E83EE45B.xls,False,
{F-0028435},03/04/2010 17:06:00,NA0013,PC-1013,E5D80EB2.pdf,False,
{F-0004966},03/04/2010 17:09:00,BA0001,PC-1001,0EE3E6AE.pdf,False,
{F-0035113},03/04/2010 17:20:00,RA0017,PC-1017,7471F0C6.doc,False,
{F-0026725},03/04/2010 17:22:00,MA0012,PC-1012,8CC27E08.xls,False,
{F-0034063},03/04/2010 17:29:00,QA0016,PC-1016,D0751A16.xls,False,
{F-0022702},03/04/2010 17:46:00,KA0010,PC-1010,C283640A.doc,False,
{F-0008184},03/04/2010 17:53:00,CA0002,PC-1002,8B5DEC8C.xls,False,
{F-0022712},03/04/2010 18:15:00,KA0010,PC-1010,E5E200BB.jpg,False,
{F-0013709},03/04/2010 18:29:00,FA0005,PC-1005,56624626.jpg,False,
{F-0013697},03/04/2010 18:30:00,FA0005,PC-1005,E0E2F0B1.xlsx,False,
{F-0013702},03/04/2010 19:05:00,FA0005,PC-1005,9F86C8B5.doc,False,
{F-0024823},03/05/2010 07:42:00,LA0011,PC-1011,6E5BA9D8.txt,False,
{F-0018705},03/05/2010 07:45:00,IA0008,PC-1008,D42D49A0.doc,False,
{F-0024818},03/05/2010 07:57:00,LA0011,PC-1011,1E903C42.doc,False,
{F-0024814},03/05/2010 08:01:00,LA0011,PC-1011,A5E9759B.xlsx,False,
{F-0024820},03/05/2010 08:01:00,LA0011,PC-1011,C7ADDCE1.pdf,False,
{F-0028469},03/05/2010 08:03:00,NA0013,PC-1013,5696A728.jpg,False,
{F-0031062},03/05/2010 08:08:00,OA0014,PC-1014,5085E50D.doc,False,
{F-0024806},03/05/2010 08:09:00,LA0011,PC-1011,05FD1013.txt,False,
{F-0026781},03/05/2010 08:15:00,MA0012,PC-1012,375EE98B.pdf,False,
{F-0018709},03/05/2010 08:19:00,IA0008,PC-1008,8E291E28.doc,False,
{F-0020827},03/05/2010 08:24:00,JA0009,PC-1009,B8A9148C.doc,False,
{F-0002346},03/05/2010 08:28:00,AA0000,PC-1000,5025B0FF.xlsx,False,
{F-0018703},03/05/2010 08:30:00,IA0008,PC-1008,213E1526.xlsx,False,
{F-0017083},03/05/2010 08:31:00,HA0007,PC-1007,D2CAFD88.doc,False,
{F-0017085},03/05/2010 08:31:00,HA0007,PC-1007,2757214E.doc,False,
{F-0017084},03/05/2010 08:43:00,HA0007,PC-1007,5FCDBAFC.jpg,False,
{F-0026780},03/05/2010 08:45:00,MA0012,PC-1012,CB45758C.doc,False,
{F-0005009},03/05/2010 08:46:00,BA0001,PC-1001,8F608631.xlsx,False,
{F-0026778},03/05/2010 08:52:00,MA0012,PC-1012,2B8B1C03.txt,False,
{F-0028476},03/05/2010 08:58:00,NA0013,PC-1013,F717FCA7.xls,False,
{F-0024809},03/05/2010 09:01:00,LA0011,PC-1011,AC20CB56.doc,False,
{F-0005007},03/05/2010 09:05:00,BA0001,PC-1001,76BD7C84.doc,False,
{F-0018698},03/05/2010 09:05:00,IA0008,PC-1008,6C717585.xls,False,
{F-0016103},03/05/2010 09:06:00,GA0006,PC-1006,24C3D912.jpg,False,
{F-0020824},03/05/2010 09:10:00,JA0009,PC-1009,7EBEF6EF.doc,False,
{F-0010938},03/05/2010 09:11:00,DA0003,PC-1003,AE9D3CD6.xls,False,
{F-0008260},03/05/2010 09:12:00,CA0002,PC-1002,CFCCDCD7.jpg,False,
{F-0024810},03/05/2010 09:12:00,LA0011,PC-1011,6692263D.jpg,False,
{F-0002343},03/05/2010 09:13:00,AA0000,PC-1000,78C77B38.doc,False,
{F-0010950},03/05/2010 09:13:00,DA0003,PC-1003,6E942849.doc,False,
{F-0031064},03/05/2010 09:14:00,OA0014,PC-1014,615AEB4A.jpg,False,
{F-0026784},03/05/2010 09:16:00,MA0012,PC-1012,0EC34E3A.doc,False,
{F-0031069},03/05/2010 09:16:00,OA0014,PC-1014,E90FD075.pdf,False,
{F-0022748},03/05/2010 09:22:00,KA0010,PC-1010,C835E58E.xlsx,False,
{F-0028479},03/05/2010 09:28:00,NA0013,PC-1013,8F7DB4D8.jpg,False,
{F-0008285},03/05/2010 09:31:00,CA0002,PC-1002,6C45E866.doc,False,
{F-0008275},03/05/2010 09:36:00,CA0002,PC-1002,F99CB820.xlsx,False,
{F-0008265},03/05/2010 09:43:00,CA0002,PC-1002,8FB5801F.jpg,False,
{F-0010955},03/05/2010 09:48:00,DA0003,PC-1003,782D3D0F.txt,False,
{F-0010940},03/05/2010 09:50:00,DA0003,PC-1003,ADA12926.doc,False,
{F-0008284},03/05/2010 09:54:00,CA0002,PC-1002,3A79D985.txt,False,
{F-0018708},03/05/2010 09:55:00,IA0008,PC-1008,568F7829.doc,False,
{F-0022757},03/05/2010 09:57:00,KA0010,PC-1010,16AABB3F.doc,False,
{F-0031058},03/05/2010 10:01:00,OA0014,PC-1014,B9B4DF34.doc,False,
{F-0002349},03/05/2010 10:04:00,AA0000,PC-1000,EF12881A.jpg,False,
{F-0002356},03/05/2010 10:04:00,AA0000,PC-1000,EFF03309.txt,False,
{F-0005012},03/05/2010 10:05:00,BA0001,PC-1001,652BA114.txt,False,
{F-0010944},03/05/2010 10:06:00,DA0003,PC-1003,AF4C1872.xlsx,False,
{F-0032679},03/05/2010 10:06:00,PA0015,PC-1015,A16DACD9.txt,False,
{F-0008286},03/05/2010 10:09:00,CA0002,PC-1002,0CE32684.xls,False,
{F-0010953},03/05/2010 10:10:00,DA0003,PC-1003,4447494B.doc,False,
{F-0028470},03/05/2010 10:10:00,NA0013,PC-1013,123B03C5.jpg,False,
{F-0010945},03/05/2010 10:15:00,DA0003,PC-1003,960F7BCB.txt,False,
{F-0020838},03/05/2010 10:16:00,JA0009,PC-1009,F80DD157.xlsx,False,
{F-0031060},03/05/2010 10:17:00,OA0014,PC-1014,CD3FAF22.jpg,False,
{F-0034080},03/05/2010 10:17:00,QA0016,PC-1016,29DD41A5.jpg,False,
{F-0024803},03/05/2010 10:19:00,LA0011,PC-1011,8D396EAC.pdf,False,
{F-0032683},03/05/2010 10:19:00,PA0015,PC-1015,700AA842.xlsx,False,
{F-0008266},03/05/2010 10:20:00,CA0002,PC-1002,A345CA96.jpg,False,
{F-0020828},03/05/2010 10:21:00,JA0009,PC-1009,437802DD.doc,False,
{F-0034084},03/05/2010 10:21:00,QA0016,PC-1016,9EA01FCC.xlsx,False,
{F-0031061},03/05/2010 10:25:00,OA0014,PC-1014,F8222531.xlsx,False,
{F-0012282},03/05/2010 10:33:00,EA0004,PC-1004,F0A79D1A.txt,False,
{F-0020829},03/05/2010 10:33:00,JA0009,PC-1009,2DD71F93.pdf,False,
{F-0020831},03/05/2010 10:33:00,JA0009,PC-1009,DD6A08EB.doc,False,
{F-0002347},03/05/2010 10:36:00,AA0000,PC-1000,0D026D92.doc,False,
{F-0002350},03/05/2010 10:36:00,AA0000,PC-1000,00210EB7.xls,False,
{F-0022761},03/05/2010 10:42:00,KA0010,PC-1010,D4770861.doc,False,
{F-0022763},03/05/2010 10:45:00,KA0010,PC-1010,4A4680CB.doc,False,
{F-0024816},03/05/2010 10:47:00,LA0011,PC-1011,7426B3FF.doc,False,
{F-0024828},03/05/2010 10:47:00,LA0011,PC-1011,FCD88096.xlsx,False,
{F-0031067},03/05/2010 10:47:00,OA0014,PC-1014,2C570C99.jpg,False,
{F-0008269},03/05/2010 10:53:00,CA0002,PC-1002,5F453C52.xlsx,False,
{F-0018701},03/05/2010 10:54:00,IA0008,PC-1008,D8C660EC.doc,False,
{F-0017076},03/05/2010 10:59:00,HA0007,PC-1007,46BBBA80.txt,False,
{F-0010954},03/05/2010 11:01:00,DA0003,PC-1003,79204BE6.xls,False,
{F-0008270},03/05/2010 11:07:00,CA0002,PC-1002,3B5B7D54.doc,False,
{F-0008278},03/05/2010 11:10:00,CA0002,PC-1002,92EA8F4E.pdf,False,
{F-0024824},03/05/2010 11:10:00,LA0011,PC-1011,6F3B8BDD.jpg,False,
{F-0020825},03/05/2010 11:12:00,JA0009,PC-1009,11532322.doc,False,
{F-0008280},03/05/2010 11:15:00,CA0002,PC-1002,9E5E7AB7.xls,False,
{F-0020832},03/05/2010 11:16:00,JA0009,PC-1009,A2385FA4.jpg,False,
{F-0018699},03/05/2010 11:20:00,IA0008,PC-1008,2FD3D8CC.txt,False,
{F-0020821},03/05/2010 11:20:00,JA0009,PC-1009,0BCBA42E.jpg,False,
{F-0028475},03/05/2010 11:24:00,NA0013,PC-1013,A0E98177.pdf,False,
{F-0028477},03/05/2010 11:25:00,NA0013,PC-1013,050C20BD.jpg,False,
{F-0024825},03/05/2010 11:34:00,LA0011,PC-1011,FCCFD585.xlsx,False,
{F-0020823},03/05/2010 11:35:00,JA0009,PC-1009,8304E52D.pdf,False,
{F-0008282},03/05/2010 11:38:00,CA0002,PC-1002,C42073C3.txt,False,
{F-0002344},03/05/2010 11:39:00,AA0000,PC-1000,8AAA7DB3.doc,False,
{F-0024805},03/05/2010 11:42:00,LA0011,PC-1011,F7B56DE1.xlsx,False,
{F-0013731},03/05/2010 11:57:00,FA0005,PC-1005,93F2E274.xlsx,False,
{F-0010941},03/05/2010 12:02:00,DA0003,PC-1003,58F65EDE.jpg,False,
{F-0002358},03/05/2010 12:04:00,AA0000,PC-1000,6F57C884.doc,False,
{F-0008279},03/05/2010 12:06:00,CA0002,PC-1002,7F0AC94E.pdf,False,
{F-0008274},03/05/2010 12:08:00,CA0002,PC-1002,BCEE4C5A.doc,False,
{F-0008253},03/05/2010 12:14:00,CA0002,PC-1002,A99F7CA4.txt,False,
{F-0010946},03/05/2010 12:16:00,DA0003,PC-1003,72E0DBC7.jpg,False,
{F-0032678},03/05/2010 12:16:00,PA0015,PC-1015,9CDB2E97.xlsx,False,
{F-0002342},03/05/2010 12:17:00,AA0000,PC-1000,AE41373F.jpg,False,
{F-0020833},03/05/2010 12:17:00,JA0009,PC-1009,D14CA888.doc,False,
{F-0005003},03/05/2010 12:19:00,BA0001,PC-1001,7DE0322F.jpg,False,
{F-0013726},03/05/2010 12:19:00,FA0005,PC-1005,AB65A538.xlsx,False,
{F-0020835},03/05/2010 12:21:00,JA0009,PC-1009,5BF7F5C9.jpg,False,
{F-0024815},03/05/2010 12:21:00,LA0011,PC-1011,74CFA937.txt,False,
{F-0016102},03/05/2010 12:23:00,GA0006,PC-1006,ACA8C608.txt,False,
{F-0022758},03/05/2010 12:31:00,KA0010,PC-1010,15FC7331.txt,False,
{F-0008268},03/05/2010 12:33:00,CA0002,PC-1002,C3CDF891.jpg,False,
{F-0028473},03/05/2010 12:35:00,NA0013,PC-1013,FB9E03C0.pdf,False,
{F-0005010},03/05/2010 12:36:00,BA0001,PC-1001,E75D5E71.jpg,False,
{F-0010942},03/05/2010 12:42:00,DA0003,PC-1003,8094C597.txt,False,
{F-0002351},03/05/2010 12:44:00,AA0000,PC-1000,7A80F7EB.doc,False,
{F-0008256},03/05/2010 12:45:00,CA0002,PC-1002,7272CE9B.doc,False,
{F-0013725},03/05/2010 12:49:00,FA0005,PC-1005,CF493A97.doc,False,
{F-0031063},03/05/2010 12:52:00,OA0014,PC-1014,D53D8447.pdf,False,
{F-0017082},03/05/2010 12:54:00,HA0007,PC-1007,5CB3DF33.txt,False,
{F-0010937},03/05/2010 12:59:00,DA0003,PC-1003,D3E4F6F7.pdf,False,
{F-0018707},03/05/2010 12:59:00,IA0008,PC-1008,754D9318.xlsx,False,
{F-0013730},03/05/2010 13:01:00,FA0005,PC-1005,F311C1C3.jpg,False,
{F-0024808},03/05/2010 13:01:00,LA0011,PC-1011,25307783.txt,False,
{F-0002345},03/05/2010 13:07:00,AA0000,PC-1000,D75516E1.xls,False,
{F-0016108},03/05/2010 13:07:00,GA0006,PC-1006,EB1CB167.doc,False,
{F-0022755},03/05/2010 13:07:00,KA0010,PC-1010,AF519DA5.doc,False,
{F-0012284},03/05/2010 13:12:00,EA0004,PC-1004,FA5F8FB2.doc,False,
{F-0028478},03/05/2010 13:15:00,NA0013,PC-1013,0A5F30B7.xlsx,False,
{F-0010939},03/05/2010 13:16:00,DA0003,PC-1003,D93F2A90.jpg,False,
{F-0028472},03/05/2010 13:19:00,NA0013,PC-1013,555A62A4.doc,False,
{F-0024826},03/05/2010 13:20:00,LA0011,PC-1011,0C501B7B.jpg,False,
{F-0005008},03/05/2010 13:21:00,BA0001,PC-1001,1EC10AD2.pdf,False,
{F-0017081},03/05/2010 13:21:00,HA0007,PC-1007,130E8553.doc,False,
{F-0018702},03/05/2010 13:25:00,IA0008,PC-1008,F450A1AF.txt,False,
{F-0032682},03/05/2010 13:26:00,PA0015,PC-1015,8C1A98B3.doc,False,
{F-0018706},03/05/2010 13:28:00,IA0008,PC-1008,93CB063A.jpg,False,
{F-0024804},03/05/2010 13:28:00,LA0011,PC-1011,B85C2F3F.doc,False,
{F-0012283},03/05/2010 13:29:00,EA0004,PC-1004,2C374481.xls,False,
{F-0020820},03/05/2010 13:29:00,JA0009,PC-1009,0B7B3BBD.jpg,False,
{F-0024821},03/05/2010 13:30:00,LA0011,PC-1011,81E36757.txt,False,
{F-0026777},03/05/2010 13:30:00,MA0012,PC-1012,9A0965B1.xls,False,
{F-0028471},03/05/2010 13:30:00,NA0013,PC-1013,47E61E3D.xlsx,False,
{F-0005011},03/05/2010 13:32:00,BA0001,PC-1001,199FE284.xlsx,False,
{F-0035133},03/05/2010 13:33:00,RA0017,PC-1017,5E3AF8ED.doc,False,
{F-0010947},03/05/2010 13:35:00,DA0003,PC-1003,3CDD324D.xlsx,False,
{F-0002340},03/05/2010 13:38:00,AA0000,PC-1000,BF5AE639.xls,False,
{F-0016110},03/05/2010 13:41:00,GA0006,PC-1006,9BF4E4F5.doc,False,
{F-0002339},03/05/2010 13:43:00,AA0000,PC-1000,A1A2F7DC.doc,False,
{F-0022756},03/05/2010 13:45:00,KA0010,PC-1010,ED23757D.jpg,False,
{F-0026783},03/05/2010 13:49:00,MA0012,PC-1012,F86636F4.pdf,False,
{F-0022754},03/05/2010 13:53:00,KA0010,PC-1010,C468BC4B.txt,False,
{F-0032684},03/05/2010 13:53:00,PA0015,PC-1015,FBEEFC98.xls,False,
{F-0008263},03/05/2010 13:55:00,CA0002,PC-1002,EF4AF55C.pdf,False,
{F-0012281},03/05/2010 13:55:00,EA0004,PC-1004,F17C5FE4.jpg,False,
{F-0035135},03/05/2010 13:55:00,RA0017,PC-1017,55378076.xlsx,False,
{F-0034081},03/05/2010 13:56:00,QA0016,PC-1016,D52DAEA3.doc,False,
{F-0020837},03/05/2010 13:58:00,JA0009,PC-1009,EAE34A61.jpg,False,
{F-0016109},03/05/2010 14:00:00,GA0006,PC-1006,B3EE4A35.pdf,False,
{F-0012287},03/05/2010 14:02:00,EA0004,PC-1004,9B83F706.txt,False,
{F-0002352},03/05/2010 14:04:00,AA0000,PC-1000,C47DE812.jpg,False,
{F-0031066},03/05/2010 14:06:00,OA0014,PC-1014,E80FD0BA.doc,False,
{F-0002353},03/05/2010 14:08:00,AA0000,PC-1000,EB6F6A78.txt,False,
{F-0008273},03/05/2010 14:09:00,CA0002,PC-1002,1F77B9BB.doc,False,
{F-0032680},03/05/2010 14:15:00,PA0015,PC-1015,E6972DD6.doc,False,
{F-0024802},03/05/2010 14:17:00,LA0011,PC-1011,51BE16BC.xlsx,False,
{F-0008276},03/05/2010 14:23:00,CA0002,PC-1002,1FF1A500.jpg,False,
{F-0012288},03/05/2010 14:23:00,EA0004,PC-1004,BF417195.txt,False,
{F-0016107},03/05/2010 14:25:00,GA0006,PC-1006,2B177160.jpg,False,
{F-0016104},03/05/2010 14:29:00,GA0006,PC-1006,F5B2BCFD.txt,False,
{F-0008289},03/05/2010 14:30:00,CA0002,PC-1002,964A6C7B.pdf,False,
{F-0020822},03/05/2010 14:30:00,JA0009,PC-1009,987913F6.pdf,False,
{F-0010948},03/05/2010 14:36:00,DA0003,PC-1003,4A142A41.xls,False,
{F-0002354},03/05/2010 14:38:00,AA0000,PC-1000,B7B3AE8F.doc,False,
{F-0008271},03/05/2010 14:40:00,CA0002,PC-1002,26C8E349.xlsx,False,
{F-0010943},03/05/2010 14:42:00,DA0003,PC-1003,7D05533E.txt,False,
{F-0031068},03/05/2010 14:42:00,OA0014,PC-1014,4B7E1F24.jpg,False,
{F-0008287},03/05/2010 14:48:00,CA0002,PC-1002,89B9F5A8.jpg,False,
{F-0002355},03/05/2010 14:50:00,AA0000,PC-1000,DBA40845.xls,False,
{F-0008288},03/05/2010 14:50:00,CA0002,PC-1002,FC78FD78.xls,False,
{F-0026785},03/05/2010 14:50:00,MA0012,PC-1012,FA2FD7A5.doc,False,
{F-0034085},03/05/2010 14:51:00,QA0016,PC-1016,7C91530E.pdf,False,
{F-0024817},03/05/2010 14:53:00,LA0011,PC-1011,CCAF14D2.doc,False,
{F-0010956},03/05/2010 14:58:00,DA0003,PC-1003,0D401038.xls,False,
{F-0005004},03/05/2010 15:00:00,BA0001,PC-1001,DCBBD469.doc,False,
{F-0012285},03/05/2010 15:01:00,EA0004,PC-1004,8736391E.doc,False,
{F-0008272},03/05/2010 15:05:00,CA0002,PC-1002,92EB40A0.doc,False,
{F-0020834},03/05/2010 15:05:00,JA0009,PC-1009,A1124993.jpg,False,
{F-0008251},03/05/2010 15:07:00,CA0002,PC-1002,BBE325A8.xls,False,
{F-0010952},03/05/2010 15:07:00,DA0003,PC-1003,590B685B.doc,False,
{F-0020830},03/05/2010 15:09:00,JA0009,PC-1009,2D99449E.xlsx,False,
{F-0002341},03/05/2010 15:10:00,AA0000,PC-1000,FB6D43AA.xlsx,False,
{F-0010949},03/05/2010 15:10:00,DA0003,PC-1003,734F5508.doc,False,
{F-0016100},03/05/2010 15:11:00,GA0006,PC-1006,D1824442.jpg,False,
{F-0018704},03/05/2010 15:12:00,IA0008,PC-1008,AE487D92.pdf,False,
{F-0016105},03/05/2010 15:14:00,GA0006,PC-1006,5AF21BCD.xls,False,
{F-0012286},03/05/2010 15:16:00,EA0004,PC-1004,64E88892.jpg,False,
{F-0032681},03/05/2010 15:16:00,PA0015,PC-1015,0BA91C59.txt,False,
{F-0024819},03/05/2010 15:22:00,LA0011,PC-1011,61F78B48.doc,False,
{F-0022752},03/05/2010 15:23:00,KA0010,PC-1010,85041FB6.jpg,False,
{F-0017079},03/05/2010 15:24:00,HA0007,PC-1007,FA3DD360.xls,False,
{F-0026786},03/05/2010 15:24:00,MA0012,PC-1012,803B618B.xlsx,False,
{F-0010951},03/05/2010 15:25:00,DA0003,PC-1003,097EA789.jpg,False,
{F-0017080},03/05/2010 15:28:00,HA0007,PC-1007,6DF76132.jpg,False,
{F-0017077},03/05/2010 15:30:00,HA0007,PC-1007,8539E432.pdf,False,
{F-0013728},03/05/2010 15:32:00,FA0005,PC-1005,B680002C.jpg,False,
{F-0016106},03/05/2010 15:33:00,GA0006,PC-1006,A1CF6FF9.xls,False,
{F-0022760},03/05/2010 15:33:00,KA0010,PC-1010,C4F49CE2.txt,False,
{F-0035136},03/05/2010 15:34:00,RA0017,PC-1017,984BFA7D.xls,False,
{F-0031065},03/05/2010 15:35:00,OA0014,PC-1014,6A368DCF.txt,False,
{F-0024822},03/05/2010 15:36:00,LA0011,PC-1011,123C7027.doc,False,
{F-0010957},03/05/2010 15:39:00,DA0003,PC-1003,C2D08D28.txt,False,
{F-0026782},03/05/2010 15:45:00,MA0012,PC-1012,8D238ADA.xlsx,False,
{F-0002338},03/05/2010 15:47:00,AA0000,PC-1000,203A071A.doc,False,
{F-0016101},03/05/2010 15:49:00,GA0006,PC-1006,782FDDF4.doc,False,
{F-0031057},03/05/2010 15:56:00,OA0014,PC-1014,76A72168.doc,False,
{F-0020836},03/05/2010 16:01:00,JA0009,PC-1009,A97907BC.xlsx,False,
{F-0022753},03/05/2010 16:01:00,KA0010,PC-1010,A1C4C33F.doc,False,
{F-0008255},03/05/2010 16:02:00,CA0002,PC-1002,A36BC8A2.pdf,False,
{F-0026776},03/05/2010 16:04:00,MA0012,PC-1012,3955520E.xlsx,False,
{F-0035134},03/05/2010 16:07:00,RA0017,PC-1017,1F6B0A0B.jpg,False,
{F-0028480},03/05/2010 16:09:00,NA0013,PC-1013,249B7408.pdf,False,
{F-0002348},03/05/2010 16:10:00,AA0000,PC-1000,6DB8C184.pdf,False,
{F-0020826},03/05/2010 16:12:00,JA0009,PC-1009,EF91A0F9.pdf,False,
{F-0031059},03/05/2010 16:13:00,OA0014,PC-1014,A45EEF2F.doc,False,
{F-0024827},03/05/2010 16:14:00,LA0011,PC-1011,1D37FFCB.doc,False,
{F-0002357},03/05/2010 16:18:00,AA0000,PC-1000,BEAC456A.txt,False,
{F-0024811},03/05/2010 16:21:00,LA0011,PC-1011,C21B4493.xls,False,
{F-0012280},03/05/2010 16:22:00,EA0004,PC-1004,A493DC22.jpg,False,
{F-0026779},03/05/2010 16:23:00,MA0012,PC-1012,6B1996B0.jpg,False,
{F-0024801},03/05/2010 16:24:00,LA0011,PC-1011,F27E1826.doc,False,
{F-0022749},03/05/2010 16:25:00,KA0010,PC-1010,97CFD4F3.pdf,False,
{F-0005006},03/05/2010 16:26:00,BA0001,PC-1001,F4DA3B45.txt,False,
{F-0008264},03/05/2010 16:26:00,CA0002,PC-1002,DDAF35D3.doc,False,
{F-0018700},03/05/2010 16:26:00,IA0008,PC-1008,ECDE16D8.jpg,False,
{F-0008258},03/05/2010 16:27:00,CA0002,PC-1002,11DE0AF3.jpg,False,
{F-0005005},03/05/2010 16:31:00,BA0001,PC-1001,5F8C5040.jpg,False,
{F-0024807},03/05/2010 16:31:00,LA0011,PC-1011,A5855207.txt,False,
{F-0026787},03/05/2010 16:32:00,MA0012,PC-1012,C78A77FA.xlsx,False,
{F-0024800},03/05/2010 16:38:00,LA0011,PC-1011,9B5F9BC7.txt,False,
{F-0032685},03/05/2010 16:47:00,PA0015,PC-1015,4D7A4231.xls,False,
{F-0017078},03/05/2010 16:49:00,HA0007,PC-1007,7E6433E9.doc,False,
{F-0008281},03/05/2010 16:51:00,CA0002,PC-1002,BBD6A86C.xls,False,
{F-0008261},03/05/2010 16:53:00,CA0002,PC-1002,581AF6B5.xls,False,
{F-0008257},03/05/2010 16:58:00,CA0002,PC-1002,A46FBFBE.xls,False,
{F-0028474},03/05/2010 17:09:00,NA0013,PC-1013,9CE0132B.pdf,False,
{F-0008254},03/05/2010 17:11:00,CA0002,PC-1002,75FDBCC5.xls,False,
{F-0022759},03/05/2010 17:12:00,KA0010,PC-1010,70624857.xlsx,False,
{F-0024813},03/05/2010 17:28:00,LA0011,PC-1011,830F874C.txt,False,
{F-0024829},03/05/2010 17:30:00,LA0011,PC-1011,8B19C95B.pdf,False,
{F-0024799},03/05/2010 17:34:00,LA0011,PC-1011,DFB7685C.xls,False,
{F-0022750},03/05/2010 17:38:00,KA0010,PC-1010,850A4B42.doc,False,
{F-0008252},03/05/2010 17:41:00,CA0002,PC-1002,677DC8B2.pdf,False,
{F-0024812},03/05/2010 17:42:00,LA0011,PC-1011,34D17640.jpg,False,
{F-0022751},03/05/2010 17:47:00,KA0010,PC-1010,E165D34F.jpg,False,
{F-0022762},03/05/2010 17:47:00,KA0010,PC-1010,3BA6C8A2.doc,False,
{F-0008262},03/05/2010 17:51:00,CA0002,PC-1002,0BCA0A0C.jpg,False,
{F-0008259},03/05/2010 18:12:00,CA0002,PC-1002,7D084D4A.txt,False,
{F-0013727},03/05/2010 18:16:00,FA0005,PC-1005,8E4C72C1.jpg,False,
{F-0013729},03/05/2010 18:22:00,FA0005,PC-1005,01E7BBA0.doc,False,
{F-0008283},03/05/2010 18:27:00,CA0002,PC-1002,1043F374.pdf,False,
{F-0008267},03/05/2010 18:30:00,CA0002,PC-1002,1F5F680D.pdf,False,
{F-0008277},03/05/2010 18:33:00,CA0002,PC-1002,4F23A54A.txt,False,
{F-0034082},03/05/2010 18:37:00,QA0016,PC-1016,48DA71E3.doc,False,
{F-0034083},03/05/2010 18:40:00,QA0016,PC-1016,9E9E5609.xls,False,
{F-0035137},03/09/2010 22:04:00,AA0000,PC-1009,Q00_9E0EDB6A.xlsx,True,
{F-0035138},03/09/2010 22:04:08,AA0000,PC-1009,Q01_D8DC2661.pdf,True,
{F-0035139},03/09/2010 22:04:16,AA0000,PC-1009,Q02_2AA94606.zip,True,
{F-0035140},03/09/2010 22:04:24,AA0000,PC-1009,Q03_D836E198.csv,True,
{F-0035141},03/09/2010 22:04:32,AA0000,PC-1009,Q04_D33BE361.docx,True,
{F-0035142},03/09/2010 22:04:40,AA0000,PC-1009,Q05_9CDDB564.xlsx,True,
{F-0035143},03/09/2010 22:04:48,AA0000,PC-1009,Q06_A666DCBD.pdf,True,
{F-0035144},03/09/2010 22:04:56,AA0000,PC-1009,Q07_DDBD0CD0.zip,True,
{F-0035145},03/09/2010 22:05:04,AA0000,PC-1009,Q08_010224A7.csv,True,
{F-0035146},03/09/2010 22:05:12,AA0000,PC-1009,Q09_FDE768B2.docx,True,
{F-0035147},03/09/2010 22:05:20,AA0000,PC-1009,Q10_DD2A1DFB.xlsx,True,
{F-0035148},03/09/2010 22:05:28,AA0000,PC-1009,Q11_3CD5A562.pdf,True,
{F-0035149},03/09/2010 22:05:36,AA0000,PC-1009,Q12_63334AEA.zip,True,
{F-0035150},03/09/2010 22:05:44,AA0000,PC-1009,Q13_84D52727.csv,True,
{F-0035151},03/09/2010 22:05:52,AA0000,PC-1009,Q14_93D6DB72.docx,True,
{F-0035152},03/09/2010 22:06:00,AA0000,PC-1009,Q15_BB85552F.xlsx,True,
{F-0035153},03/09/2010 22:06:08,AA0000,PC-1009,Q16_8969DEE4.pdf,True,
{F-0035154},03/09/2010 22:06:16,AA0000,PC-1009,Q17_8F060A18.zip,True,
{F-0035155},03/09/2010 22:06:24,AA0000,PC-1009,Q18_8BF3BEB3.csv,True,
{F-0035156},03/09/2010 22:06:32,AA0000,PC-1009,Q19_973B57A3.docx,True,
{F-0035157},03/09/2010 22:06:40,AA0000,PC-1009,Q20_8DED4039.xlsx,True,
{F-0035158},03/09/2010 22:06:48,AA0000,PC-1009,Q21_EC0D17BF.pdf,True,
{F-0035159},03/09/2010 22:06:56,AA0000,PC-1009,Q22_B9A13008.zip,True,
{F-0035160},03/09/2010 22:07:04,AA0000,PC-1009,Q23_37BF8A39.csv,True,
{F-0035161},03/09/2010 22:07:12,AA0000,PC-1009,Q24_4207DCB0.docx,True,
{F-0035162},03/09/2010 22:07:20,AA0000,PC-1009,Q25_C8BBD35E.xlsx,True,
{F-0035163},03/09/2010 22:07:28,AA0000,PC-1009,Q26_BA2B162C.pdf,True,
{F-0035164},03/09/2010 22:07:36,AA0000,PC-1009,Q27_52287249.zip,True,
{F-0035165},03/09/2010 22:07:44,AA0000,PC-1009,Q28_BDF8EEB4.csv,True,
{F-0035166},03/09/2010 22:07:52,AA0000,PC-1009,Q29_1A280A96.docx,True,
{F-0035167},03/09/2010 22:08:00,AA0000,PC-1009,Q30_F5998639.xlsx,True,
{F-0035168},03/09/2010 22:08:08,AA0000,PC-1009,Q31_C2679FFA.pdf,True,
{F-0035169},03/09/2010 22:08:16,AA0000,PC-1009,Q32_ECF2B0A8.zip,True,
{F-0035170},03/09/2010 22:08:24,AA0000,PC-1009,Q33_702FBBDD.csv,True,
{F-0035171},03/09/2010 22:08:32,AA0000,PC-1009,Q34_AD6DF111.docx,True,
{F-0035172},03/09/2010 22:08:40,AA0000,PC-1009,Q35_20187F49.xlsx,True,
{F-0035173},03/09/2010 22:08:48,AA0000,PC-1009,Q36_FD64A484.pdf,True,
{F-0035174},03/09/2010 22:08:56,AA0000,PC-1009,Q37_655BFDE4.zip,True,
{F-0035175},03/09/2010 22:09:04,AA0000,PC-1009,Q38_56D96859.csv,True,
{F-0035176},03/09/2010 22:09:12,AA0000,PC-1009,Q39_072E9686.docx,True,
{F-0035177},03/09/2010 22:09:20,AA0000,PC-1009,Q40_092E369B.xlsx,True,
{F-0035178},03/09/2010 22:09:28,AA0000,PC-1009,Q41_512706E7.pdf,True,
{F-0035179},03/09/2010 22:09:36,AA0000,PC-1009,Q42_2113B45B.zip,True,
{F-0035180},03/09/2010 22:09:44,AA0000,PC-1009,Q43_0802C502.csv,True,
{F-0035181},03/09/2010 22:09:52,AA0000,PC-1009,Q44_763E5007.docx,True,
{F-0035182},03/10/2010 22:04:00,AA0000,PC-1009,Q00_AB6A8849.xlsx,True,
{F-0035183},03/10/2010 22:04:08,AA0000,PC-1009,Q01_D7E2F55C.pdf,True,
{F-0035184},03/10/2010 22:04:16,AA0000,PC-1009,Q02_CB63ABF5.zip,True,
{F-0035185},03/10/2010 22:04:24,AA0000,PC-1009,Q03_591729A4.csv,True,
{F-0035186},03/10/2010 22:04:32,AA0000,PC-1009,Q04_2678F0B6.docx,True,
{F-0035187},03/10/2010 22:04:40,AA0000,PC-1009,Q05_4C353381.xlsx,True,
{F-0035188},03/10/2010 22:04:48,AA0000,PC-1009,Q06_44F5CE1C.pdf,True,
{F-0035189},03/10/2010 22:04:56,AA0000,PC-1009,Q07_9C501ADA.zip,True,
{F-0035190},03/10/2010 22:05:04,AA0000,PC-1009,Q08_50ABEC5B.csv,True,
{F-0035191},03/10/2010 22:05:12,AA0000,PC-1009,Q09_36DA660D.docx,True,
{F-0035192},03/10/2010 22:05:20,AA0000,PC-1009,Q10_BA877E60.xlsx,True,
{F-0035193},03/10/2010 22:05:28,AA0000,PC-1009,Q11_BD0B87E0.pdf,True,
{F-0035194},03/10/2010 22:05:36,AA0000,PC-1009,Q12_ADB5610C.zip,True,
{F-0035195},03/10/2010 22:05:44,AA0000,PC-1009,Q13_C532B0D0.csv,True,
{F-0035196},03/10/2010 22:05:52,AA0000,PC-1009,Q14_26BF8E15.docx,True,
{F-0035197},03/10/2010 22:06:00,AA0000,PC-1009,Q15_A7A3B785.xlsx,True,
{F-0035198},03/10/2010 22:06:08,AA0000,PC-1009,Q16_CFC9BF1A.pdf,True,
{F-0035199},03/10/2010 22:06:16,AA0000,PC-1009,Q17_C41D1753.zip,True,
{F-0035200},03/10/2010 22:06:24,AA0000,PC-1009,Q18_BED665C7.csv,True,
{F-0035201},03/10/2010 22:06:32,AA0000,PC-1009,Q19_2E1D5B69.docx,True,
{F-0035202},03/10/2010 22:06:40,AA0000,PC-1009,Q20_F9EAEF0B.xlsx,True,
{F-0035203},03/10/2010 22:06:48,AA0000,PC-1009,Q21_0551E54A.pdf,True,
{F-0035204},03/10/2010 22:06:56,AA0000,PC-1009,Q22_9E10B103.zip,True,
{F-0035205},03/10/2010 22:07:04,AA0000,PC-1009,Q23_61765A86.csv,True,
{F-0035206},03/10/2010 22:07:12,AA0000,PC-1009,Q24_3D089D84.docx,True,
{F-0035207},03/10/2010 22:07:20,AA0000,PC-1009,Q25_A1756B37.xlsx,True,
{F-0035208},03/10/2010 22:07:28,AA0000,PC-1009,Q26_F5EF9621.pdf,True,
{F-0035209},03/10/2010 22:07:36,AA0000,PC-1009,Q27_A7FF95FB.zip,True,
{F-0035210},03/10/2010 22:07:44,AA0000,PC-1009,Q28_E87B561F.csv,True,
{F-0035211},03/10/2010 22:07:52,AA0000,PC-1009,Q29_73348D77.docx,True,
{F-0035212},03/10/2010 22:08:00,AA0000,PC-1009,Q30_4B5BDBB9.xlsx,True,
{F-0035213},03/10/2010 22:08:08,AA0000,PC-1009,Q31_CA185DB5.pdf,True,
{F-0035214},03/10/2010 22:08:16,AA0000,PC-1009,Q32_409CD9E9.zip,True,
{F-0035215},03/10/2010 22:08:24,AA0000,PC-1009,Q33_8F2A7CDE.csv,True,
{F-0035216},03/10/2010 22:08:32,AA0000,PC-1009,Q34_78F02681.docx,True,
{F-0035217},03/10/2010 22:08:40,AA0000,PC-1009,Q35_3F7972DC.xlsx,True,
{F-0035218},03/10/2010 22:08:48,AA0000,PC-1009,Q36_BCD01352.pdf,True,
{F-0035219},03/10/2010 22:08:56,AA0000,PC-1009,Q37_56A9F71A.zip,True,
{F-0035220},03/10/2010 22:09:04,AA0000,PC-1009,Q38_96D26BB8.csv,True,
{F-0035221},03/10/2010 22:09:12,AA0000,PC-1009,Q39_A20359B0.docx,True,
{F-0035222},03/10/2010 22:09:20,AA0000,PC-1009,Q40_1D29DB9A.xlsx,True,
{F-0035223},03/10/2010 22:09:28,AA0000,PC-1009,Q41_C1C76C35.pdf,True,
{F-0035224},03/10/2010 22:09:36,AA0000,PC-1009,Q42_68F87C96.zip,True,
{F-0035225},03/10/2010 22:09:44,AA0000,PC-1009,Q43_92636AAB.csv,True,
{F-0035226},03/10/2010 22:09:52,AA0000,PC-1009,Q44_6DDE93FE.docx,True,
{F-0035227},03/11/2010 22:04:00,AA0000,PC-1009,Q00_DE62957E.xlsx,True,
{F-0035228},03/11/2010 22:04:08,AA0000,PC-1009,Q01_A22871B9.pdf,True,
{F-0035229},03/11/2010 22:04:16,AA0000,PC-1009,Q02_C2EF7A9F.zip,True,
{F-0035230},03/11/2010 22:04:24,AA0000,PC-1009,Q03_D7BC53C8.csv,True,
{F-0035231},03/11/2010 22:04:32,AA0000,PC-1009,Q04_327FFC6C.docx,True,
{F-0035232},03/11/2010 22:04:40,AA0000,PC-1009,Q05_8FDB0154.xlsx,True,
{F-0035233},03/11/2010 22:04:48,AA0000,PC-1009,Q06_5BFC6F37.pdf,True,
{F-0035234},03/11/2010 22:04:56,AA0000,PC-1009,Q07_1351BB70.zip,True,
{F-0035235},03/11/2010 22:05:04,AA0000,PC-1009,Q08_D5E725EB.csv,True,
{F-0035236},03/11/2010 22:05:12,AA0000,PC-1009,Q09_AB259FA7.docx,True,
{F-0035237},03/11/2010 22:05:20,AA0000,PC-1009,Q10_DF97A5C3.xlsx,True,
{F-0035238},03/11/2010 22:05:28,AA0000,PC-1009,Q11_3E403235.pdf,True,
{F-0035239},03/11/2010 22:05:36,AA0000,PC-1009,Q12_0724A139.zip,True,
{F-0035240},03/11/2010 22:05:44,AA0000,PC-1009,Q13_DD4C53DF.csv,True,
{F-0035241},03/11/2010 22:05:52,AA0000,PC-1009,Q14_FF064811.docx,True,
{F-0035242},03/11/2010 22:06:00,AA0000,PC-1009,Q15_25287B3B.xlsx,True,
{F-0035243},03/11/2010 22:06:08,AA0000,PC-1009,Q16_20FA96D8.pdf,True,
{F-0035244},03/11/2010 22:06:16,AA0000,PC-1009,Q17_F60B9E67.zip,True,
{F-0035245},03/11/2010 22:06:24,AA0000,PC-1009,Q18_852E134B.csv,True,
{F-0035246},03/11/2010 22:06:32,AA0000,PC-1009,Q19_C86BE72A.docx,True,
{F-0035247},03/11/2010 22:06:40,AA0000,PC-1009,Q20_455EA1F7.xlsx,True,
{F-0035248},03/11/2010 22:06:48,AA0000,PC-1009,Q21_6075A50C.pdf,True,
{F-0035249},03/11/2010 22:06:56,AA0000,PC-1009,Q22_DF2E5B80.zip,True,
{F-0035250},03/11/2010 22:07:04,AA0000,PC-1009,Q23_D2E34FBF.csv,True,
{F-0035251},03/11/2010 22:07:12,AA0000,PC-1009,Q24_8932B46C.docx,True,
{F-0035252},03/11/2010 22:07:20,AA0000,PC-1009,Q25_E3C7EDC7.xlsx,True,
{F-0035253},03/11/2010 22:07:28,AA0000,PC-1009,Q26_B50975F4.pdf,True,
{F-0035254},03/11/2010 22:07:36,AA0000,PC-1009,Q27_EDDD4B46.zip,True,
{F-0035255},03/11/2010 22:07:44,AA0000,PC-1009,Q28_BBF56A8E.csv,True,
{F-0035256},03/11/2010 22:07:52,AA0000,PC-1009,Q29_C996A6BB.docx,True,
{F-0035257},03/11/2010 22:08:00,AA0000,PC-1009,Q30_4003ADA3.xlsx,True,
{F-0035258},03/11/2010 22:08:08,AA0000,PC-1009,Q31_55B8AEDF.pdf,True,
{F-0035259},03/11/2010 22:08:16,AA0000,PC-1009,Q32_CF56BCD8.zip,True,
{F-0035260},03/11/2010 22:08:24,AA0000,PC-1009,Q33_406235A7.csv,True,
{F-0035261},03/11/2010 22:08:32,AA0000,PC-1009,Q34_AD0960B7.docx,True,
{F-0035262},03/11/2010 22:08:40,AA0000,PC-1009,Q35_A9C82BA8.xlsx,True,
{F-0035263},03/11/2010 22:08:48,AA0000,PC-1009,Q36_D048614E.pdf,True,
{F-0035264},03/11/2010 22:08:56,AA0000,PC-1009,Q37_C1D2BFF0.zip,True,
{F-0035265},03/11/2010 22:09:04,AA0000,PC-1009,Q38_19520928.csv,True,
{F-0035266},03/11/2010 22:09:12,AA0000,PC-1009,Q39_B61CE28D.docx,True,
{F-0035267},03/11/2010 22:09:20,AA0000,PC-1009,Q40_D3C1A0CD.xlsx,True,
{F-0035268},03/11/2010 22:09:28,AA0000,PC-1009,Q41_ADF79337.pdf,True,
{F-0035269},03/11/2010 22:09:36,AA0000,PC-1009,Q42_EC958B79.zip,True,
{F-0035270},03/11/2010 22:09:44,AA0000,PC-1009,Q43_3035CDAB.csv,True,
{F-0035271},03/11/2010 22:09:52,AA0000,PC-1009,Q44_5219DFEF.docx,True,
