id,date,user,pc,to,cc,bcc,from,size,attachments,content
{E-0028595},07/26/2026 18:58:34,OA0014,PC-1014,U9107@dtaa.com;U2606@dtaa.com;U9818@dtaa.com;U8762@dtaa.com,,,OA0014@dtaa.com,246093,0,
{E-0000042},07/26/2026 20:04:34,AA0000,PC-1000,U3370@dtaa.com;U3441@dtaa.com,,,AA0000@dtaa.com,242618,0,
{E-0028594},07/26/2026 20:45:34,OA0014,PC-1014,U5628@dtaa.com,,,OA0014@dtaa.com,144907,0,
{E-0031146},07/26/2026 21:03:34,PA0015,PC-1015,U3931@dtaa.com;U3428@dtaa.com,,,PA0015@dtaa.com,380168,0,
{E-0018783},07/26/2026 21:20:34,JA0009,PC-1009,U8200@dtaa.com;U4361@dtaa.com;U4800@dtaa.com;U7591@dtaa.com,,,JA0009@dtaa.com,269749,0,
{E-0005115},07/26/2026 21:45:34,CA0002,PC-1002,U3778@dtaa.com,,,CA0002@dtaa.com,399191,0,
{E-0032738},07/26/2026 21:53:34,QA0016,PC-1016,U1595@dtaa.com;U6341@dtaa.com;U7729@dtaa.com;U5719@dtaa.com,,,QA0016@dtaa.com,365602,0,
{E-0005120},07/26/2026 21:55:34,CA0002,PC-1002,U7104@dtaa.com,,,CA0002@dtaa.com,179551,0,
{E-0026884},07/26/2026 21:56:34,NA0013,PC-1013,U7363@dtaa.com;U6849@dtaa.com;U9179@dtaa.com,,,NA0013@dtaa.com,118366,1,
{E-0012343},07/26/2026 22:23:34,FA0005,PC-1005,U4390@dtaa.com,,,FA0005@dtaa.com,84527,0,
{E-0020911},07/26/2026 22:24:34,KA0010,PC-1010,U4944@dtaa.com;U7121@dtaa.com;U6980@dtaa.com;U5517@dtaa.com,,,KA0010@dtaa.com,133355,0,
{E-0020910},07/26/2026 22:31:34,KA0010,PC-1010,U5956@dtaa.com;U7884@dtaa.com,,,KA0010@dtaa.com,229865,0,
{E-0031143},07/26/2026 22:38:34,PA0015,PC-1015,U2890@dtaa.com;U7777@dtaa.com;U2117@dtaa.com;U1993@dtaa.com,,,PA0015@dtaa.com,285006,1,
{E-0011011},07/26/2026 22:44:34,EA0004,PC-1004,U7192@dtaa.com;U1499@dtaa.com;U1734@dtaa.com,,,EA0004@dtaa.com,242745,1,
{E-0026885},07/26/2026 22:47:34,NA0013,PC-1013,U7671@dtaa.com;U1359@dtaa.com;U1872@dtaa.com;U2895@dtaa.com,,,NA0013@dtaa.com,139391,1,
{E-0032735},07/26/2026 22:49:34,QA0016,PC-1016,U8639@dtaa.com;U1245@dtaa.com;U2586@dtaa.com;U2863@dtaa.com,,,QA0016@dtaa.com,266554,1,
{E-0012342},07/26/2026 22:54:34,FA0005,PC-1005,U5886@dtaa.com;U9759@dtaa.com,,,FA0005@dtaa.com,191641,0,
{E-0017129},07/26/2026 23:05:34,IA0008,PC-1008,U5092@dtaa.com;U6151@dtaa.com;U2241@dtaa.com,,,IA0008@dtaa.com,138405,0,
{E-0005113},07/26/2026 23:07:34,CA0002,PC-1002,U7448@dtaa.com;U1961@dtaa.com;U4546@dtaa.com;U6549@dtaa.com,,,CA0002@dtaa.com,278147,0,
{E-0005118},07/26/2026 23:13:34,CA0002,PC-1002,U2125@dtaa.com;U4495@dtaa.com;U6826@dtaa.com;U3552@dtaa.com,,,CA0002@dtaa.com,27420,0,
{E-0005117},07/26/2026 23:16:34,CA0002,PC-1002,U4092@dtaa.com;U5106@dtaa.com;U6307@dtaa.com,,,CA0002@dtaa.com,150889,0,
{E-0005119},07/26/2026 23:22:34,CA0002,PC-1002,U3472@dtaa.com;U6968@dtaa.com;U4962@dtaa.com;U9595@dtaa.com,,,CA0002@dtaa.com,140847,0,
{E-0026888},07/27/2026 00:03:34,NA0013,PC-1013,U1695@dtaa.com;U9157@dtaa.com;U9303@dtaa.com;U2651@dtaa.com,,,NA0013@dtaa.com,59393,1,
{E-0005114},07/27/2026 00:30:34,CA0002,PC-1002,U6814@dtaa.com;U4497@dtaa.com;U6132@dtaa.com,,,CA0002@dtaa.com,282508,1,
{E-0011010},07/27/2026 00:42:34,EA0004,PC-1004,U2349@dtaa.com,,,EA0004@dtaa.com,33229,0,
{E-0031142},07/27/2026 00:50:34,PA0015,PC-1015,U5610@dtaa.com;U6679@dtaa.com;U3636@dtaa.com;U6225@dtaa.com,,,PA0015@dtaa.com,46628,1,
{E-0005116},07/27/2026 00:58:34,CA0002,PC-1002,U4975@dtaa.com;U8569@dtaa.com,,,CA0002@dtaa.com,212627,1,
{E-0026889},07/27/2026 00:58:34,NA0013,PC-1013,U8397@dtaa.com;U7402@dtaa.com;U6945@dtaa.com;U6498@dtaa.com,,,NA0013@dtaa.com,306147,0,
{E-0013797},07/27/2026 01:08:34,GA0006,PC-1006,U5842@dtaa.com;U3587@dtaa.com;U2405@dtaa.com,,,GA0006@dtaa.com,225474,0,
{E-0018782},07/27/2026 01:33:34,JA0009,PC-1009,U1556@dtaa.com;U3028@dtaa.com;U8972@dtaa.com,,,JA0009@dtaa.com,20532,1,
{E-0034137},07/27/2026 01:44:34,RA0017,PC-1017,U4189@dtaa.com;U7481@dtaa.com,,,RA0017@dtaa.com,326126,1,
{E-0016187},07/27/2026 01:48:34,HA0007,PC-1007,U3414@dtaa.com;U5007@dtaa.com;U9700@dtaa.com,,,HA0007@dtaa.com,343948,1,
{E-0032736},07/27/2026 01:59:34,QA0016,PC-1016,U9308@dtaa.com;U4858@dtaa.com,,,QA0016@dtaa.com,41750,0,
{E-0000044},07/27/2026 02:07:34,AA0000,PC-1000,U6551@dtaa.com,,,AA0000@dtaa.com,161721,0,
{E-0020912},07/27/2026 02:17:34,KA0010,PC-1010,U9369@dtaa.com;U4944@dtaa.com;U5100@dtaa.com,,,KA0010@dtaa.com,257944,1,
{E-0032739},07/27/2026 02:28:34,QA0016,PC-1016,U4758@dtaa.com;U4930@dtaa.com;U3258@dtaa.com;U2230@dtaa.com,,,QA0016@dtaa.com,323645,0,
{E-0012344},07/27/2026 02:46:34,FA0005,PC-1005,U4265@dtaa.com;U4346@dtaa.com;U7672@dtaa.com,,,FA0005@dtaa.com,28957,0,
{E-0017130},07/27/2026 02:58:34,IA0008,PC-1008,U8749@dtaa.com;U1051@dtaa.com;U2287@dtaa.com,,,IA0008@dtaa.com,69014,0,
{E-0034138},07/27/2026 03:16:34,RA0017,PC-1017,U5527@dtaa.com,,,RA0017@dtaa.com,318423,1,
{E-0022841},07/27/2026 03:18:34,LA0011,PC-1011,U1675@dtaa.com;U9635@dtaa.com;U9945@dtaa.com,,,LA0011@dtaa.com,197084,0,
{E-0026887},07/27/2026 03:26:34,NA0013,PC-1013,U5917@dtaa.com;U5772@dtaa.com;U5529@dtaa.com;U8952@dtaa.com,,,NA0013@dtaa.com,185922,0,
{E-0032734},07/27/2026 03:30:34,QA0016,PC-1016,U6188@dtaa.com;U4542@dtaa.com,,,QA0016@dtaa.com,178755,0,
{E-0031144},07/27/2026 03:40:34,PA0015,PC-1015,U7780@dtaa.com;U1008@dtaa.com;U4213@dtaa.com,,,PA0015@dtaa.com,318097,0,
{E-0000043},07/27/2026 03:41:34,AA0000,PC-1000,U9725@dtaa.com;U2463@dtaa.com;U3958@dtaa.com;U3856@dtaa.com,,,AA0000@dtaa.com,348195,1,
{E-0034136},07/27/2026 03:45:34,RA0017,PC-1017,U2737@dtaa.com;U5202@dtaa.com;U9274@dtaa.com;U7712@dtaa.com,,,RA0017@dtaa.com,252835,1,
{E-0031145},07/27/2026 03:50:34,PA0015,PC-1015,U1377@dtaa.com;U7773@dtaa.com;U3380@dtaa.com,,,PA0015@dtaa.com,297003,0,
{E-0022842},07/27/2026 03:52:34,LA0011,PC-1011,U4688@dtaa.com,,,LA0011@dtaa.com,388888,0,
{E-0026886},07/27/2026 04:08:34,NA0013,PC-1013,U9533@dtaa.com;U1183@dtaa.com;U2853@dtaa.com;U4484@dtaa.com,,,NA0013@dtaa.com,51562,0,
{E-0031147},07/27/2026 04:27:34,PA0015,PC-1015,U6059@dtaa.com;U7880@dtaa.com,,,PA0015@dtaa.com,66771,0,
{E-0012340},07/27/2026 04:50:34,FA0005,PC-1005,U1232@dtaa.com;U5937@dtaa.com;U3431@dtaa.com,,,FA0005@dtaa.com,332445,1,
{E-0032737},07/27/2026 05:00:34,QA0016,PC-1016,U8635@dtaa.com;U4542@dtaa.com;U6097@dtaa.com,,,QA0016@dtaa.com,166971,0,
{E-0020909},07/27/2026 05:30:34,KA0010,PC-1010,U5725@dtaa.com,,,KA0010@dtaa.com,211886,0,
{E-0012341},07/27/2026 05:40:34,FA0005,PC-1005,U1075@dtaa.com;U9814@dtaa.com,,,FA0005@dtaa.com,282806,0,
{E-0026918},07/27/2026 19:13:34,NA0013,PC-1013,U7769@dtaa.com;U7466@dtaa.com;U8274@dtaa.com,,,NA0013@dtaa.com,308018,0,
{E-0017146},07/27/2026 20:16:34,IA0008,PC-1008,U8810@dtaa.com;U3836@dtaa.com;U2090@dtaa.com;U9252@dtaa.com,,,IA0008@dtaa.com,192905,0,
{E-0018835},07/27/2026 20:16:34,JA0009,PC-1009,U5896@dtaa.com;U2926@dtaa.com;U1855@dtaa.com;U5069@dtaa.com,,,JA0009@dtaa.com,31353,1,
{E-0026919},07/27/2026 20:30:34,NA0013,PC-1013,U8476@dtaa.com;U2057@dtaa.com;U7542@dtaa.com;U7059@dtaa.com,,,NA0013@dtaa.com,117725,1,
{E-0005198},07/27/2026 20:58:34,CA0002,PC-1002,U6064@dtaa.com;U4855@dtaa.com;U6678@dtaa.com;U7185@dtaa.com,,,CA0002@dtaa.com,69785,0,
{E-0034170},07/27/2026 21:18:34,RA0017,PC-1017,U8041@dtaa.com;U2002@dtaa.com;U5770@dtaa.com;U7352@dtaa.com,,,RA0017@dtaa.com,269873,1,
{E-0013871},07/27/2026 21:29:34,GA0006,PC-1006,U4781@dtaa.com;U6942@dtaa.com;U7380@dtaa.com;U5138@dtaa.com,,,GA0006@dtaa.com,98048,0,
{E-0013872},07/27/2026 21:32:34,GA0006,PC-1006,U3013@dtaa.com;U1946@dtaa.com;U2865@dtaa.com,,,GA0006@dtaa.com,189183,0,
{E-0018832},07/27/2026 21:35:34,JA0009,PC-1009,U3390@dtaa.com;U8417@dtaa.com;U8179@dtaa.com;U1275@dtaa.com,,,JA0009@dtaa.com,375157,0,
{E-0022876},07/27/2026 21:41:34,LA0011,PC-1011,U2390@dtaa.com;U5230@dtaa.com;U1232@dtaa.com;U9935@dtaa.com,,,LA0011@dtaa.com,58302,1,
{E-0017148},07/27/2026 21:42:34,IA0008,PC-1008,U5280@dtaa.com;U1483@dtaa.com;U5942@dtaa.com,,,IA0008@dtaa.com,234496,0,
{E-0005197},07/27/2026 21:52:34,CA0002,PC-1002,U2791@dtaa.com,,,CA0002@dtaa.com,223909,1,
{E-0005199},07/27/2026 21:52:34,CA0002,PC-1002,U1329@dtaa.com;U7763@dtaa.com,,,CA0002@dtaa.com,245514,0,
{E-0026920},07/27/2026 21:56:34,NA0013,PC-1013,U6794@dtaa.com;U1687@dtaa.com;U5173@dtaa.com,,,NA0013@dtaa.com,231372,0,
{E-0020945},07/27/2026 22:22:34,KA0010,PC-1010,U1397@dtaa.com;U5249@dtaa.com,,,KA0010@dtaa.com,269998,0,
{E-0017149},07/27/2026 23:24:34,IA0008,PC-1008,U1708@dtaa.com;U1677@dtaa.com;U6941@dtaa.com;U1377@dtaa.com,,,IA0008@dtaa.com,200211,0,
{E-0013873},07/27/2026 23:43:34,GA0006,PC-1006,U7811@dtaa.com;U6938@dtaa.com;U6532@dtaa.com;U6490@dtaa.com,,,GA0006@dtaa.com,50231,1,
{E-0018833},07/27/2026 23:44:34,JA0009,PC-1009,U6670@dtaa.com;U3528@dtaa.com;U5613@dtaa.com,,,JA0009@dtaa.com,396401,0,
{E-0018834},07/27/2026 23:44:34,JA0009,PC-1009,U6085@dtaa.com;U5559@dtaa.com;U4122@dtaa.com,,,JA0009@dtaa.com,396720,0,
{E-0022877},07/27/2026 23:47:34,LA0011,PC-1011,U3233@dtaa.com,,,LA0011@dtaa.com,234864,0,
{E-0022878},07/27/2026 23:58:34,LA0011,PC-1011,U6981@dtaa.com;U5683@dtaa.com,,,LA0011@dtaa.com,254090,0,
{E-0008430},07/28/2026 00:03:34,DA0003,PC-1003,U1284@dtaa.com,,,DA0003@dtaa.com,361167,0,
{E-0031186},07/28/2026 00:20:34,PA0015,PC-1015,U9263@dtaa.com,,,PA0015@dtaa.com,369298,1,
{E-0031187},07/28/2026 00:29:34,PA0015,PC-1015,U7694@dtaa.com,,,PA0015@dtaa.com,183153,0,
{E-0032766},07/28/2026 00:38:34,QA0016,PC-1016,U3614@dtaa.com;U6547@dtaa.com,,,QA0016@dtaa.com,153094,0,
{E-0013874},07/28/2026 00:50:34,GA0006,PC-1006,U8275@dtaa.com;U7663@dtaa.com;U7884@dtaa.com,,,GA0006@dtaa.com,261836,0,
{E-0013870},07/28/2026 01:05:34,GA0006,PC-1006,U8222@dtaa.com,,,GA0006@dtaa.com,381150,0,
{E-0032764},07/28/2026 01:13:34,QA0016,PC-1016,U6561@dtaa.com,,,QA0016@dtaa.com,293048,0,
{E-0028666},07/28/2026 01:25:34,OA0014,PC-1014,U2044@dtaa.com;U4784@dtaa.com;U8282@dtaa.com;U4385@dtaa.com,,,OA0014@dtaa.com,156425,0,
{E-0017147},07/28/2026 01:38:34,IA0008,PC-1008,U7278@dtaa.com;U4634@dtaa.com,,,IA0008@dtaa.com,267841,0,
{E-0000088},07/28/2026 01:43:34,AA0000,PC-1000,U6831@dtaa.com;U7789@dtaa.com,,,AA0000@dtaa.com,64007,1,
{E-0020946},07/28/2026 01:43:34,KA0010,PC-1010,U3314@dtaa.com,,,KA0010@dtaa.com,166157,1,
{E-0034171},07/28/2026 01:43:34,RA0017,PC-1017,U8358@dtaa.com,,,RA0017@dtaa.com,307985,0,
{E-0008429},07/28/2026 02:24:34,DA0003,PC-1003,U7344@dtaa.com;U9054@dtaa.com;U3670@dtaa.com,,,DA0003@dtaa.com,182145,1,
{E-0028667},07/28/2026 02:26:34,OA0014,PC-1014,U3960@dtaa.com;U8777@dtaa.com;U3350@dtaa.com,,,OA0014@dtaa.com,108886,0,
{E-0031185},07/28/2026 02:33:34,PA0015,PC-1015,U4903@dtaa.com,,,PA0015@dtaa.com,182467,0,
{E-0005201},07/28/2026 02:39:34,CA0002,PC-1002,U6239@dtaa.com;U6797@dtaa.com;U8513@dtaa.com;U5253@dtaa.com,,,CA0002@dtaa.com,119544,0,
{E-0011040},07/28/2026 02:49:34,EA0004,PC-1004,U8624@dtaa.com,,,EA0004@dtaa.com,350637,0,
{E-0022879},07/28/2026 03:05:34,LA0011,PC-1011,U3302@dtaa.com;U2411@dtaa.com,,,LA0011@dtaa.com,112481,0,
{E-0005202},07/28/2026 03:10:34,CA0002,PC-1002,U4512@dtaa.com;U4994@dtaa.com,,,CA0002@dtaa.com,246174,1,
{E-0024902},07/28/2026 03:16:34,MA0012,PC-1012,U8150@dtaa.com;U5854@dtaa.com,,,MA0012@dtaa.com,193252,1,
{E-0005200},07/28/2026 03:32:34,CA0002,PC-1002,U2221@dtaa.com;U9451@dtaa.com,,,CA0002@dtaa.com,326904,0,
{E-0024903},07/28/2026 03:32:34,MA0012,PC-1012,U9137@dtaa.com;U4709@dtaa.com;U5683@dtaa.com;U9166@dtaa.com,,,MA0012@dtaa.com,143386,0,
{E-0024904},07/28/2026 03:32:34,MA0012,PC-1012,U4463@dtaa.com;U3606@dtaa.com,,,MA0012@dtaa.com,133781,1,
{E-0020944},07/28/2026 03:39:34,KA0010,PC-1010,U4645@dtaa.com;U4348@dtaa.com,,,KA0010@dtaa.com,89312,1,
{E-0032762},07/28/2026 03:41:34,QA0016,PC-1016,U2605@dtaa.com,,,QA0016@dtaa.com,363335,0,
{E-0024901},07/28/2026 03:45:34,MA0012,PC-1012,U7016@dtaa.com;U6443@dtaa.com;U4614@dtaa.com;U7440@dtaa.com,,,MA0012@dtaa.com,166402,0,
{E-0032763},07/28/2026 05:12:34,QA0016,PC-1016,U9197@dtaa.com;U1363@dtaa.com;U4555@dtaa.com;U8244@dtaa.com,,,QA0016@dtaa.com,372430,0,
{E-0032765},07/28/2026 05:45:34,QA0016,PC-1016,U8032@dtaa.com;U4598@dtaa.com;U1089@dtaa.com;U5599@dtaa.com,,,QA0016@dtaa.com,138138,0,
{E-0018907},07/28/2026 19:41:34,JA0009,PC-1009,U4449@dtaa.com;U1336@dtaa.com;U6687@dtaa.com;U4296@dtaa.com,,,JA0009@dtaa.com,55607,0,
{E-0026949},07/28/2026 19:49:34,NA0013,PC-1013,U6051@dtaa.com;U1416@dtaa.com,,,NA0013@dtaa.com,195392,0,
{E-0026948},07/28/2026 19:51:34,NA0013,PC-1013,U8548@dtaa.com;U8501@dtaa.com,,,NA0013@dtaa.com,399257,0,
{E-0031225},07/28/2026 19:57:34,PA0015,PC-1015,U1022@dtaa.com,,,PA0015@dtaa.com,69950,1,
{E-0028713},07/28/2026 19:58:34,OA0014,PC-1014,U2966@dtaa.com;U6112@dtaa.com,,,OA0014@dtaa.com,125834,0,
{E-0008487},07/28/2026 20:16:34,DA0003,PC-1003,U1048@dtaa.com;U4301@dtaa.com;U1844@dtaa.com;U2741@dtaa.com,,,DA0003@dtaa.com,127994,0,
{E-0011063},07/28/2026 20:21:34,EA0004,PC-1004,U7242@dtaa.com;U8795@dtaa.com,,,EA0004@dtaa.com,310234,0,
{E-0002591},07/28/2026 20:29:34,BA0001,PC-1001,U8456@dtaa.com,,,BA0001@dtaa.com,268408,0,
{E-0026951},07/28/2026 20:47:34,NA0013,PC-1013,U4235@dtaa.com;U2555@dtaa.com;U1527@dtaa.com;U2517@dtaa.com,,,NA0013@dtaa.com,234422,0,
{E-0026950},07/28/2026 20:48:34,NA0013,PC-1013,U4976@dtaa.com;U5574@dtaa.com;U5194@dtaa.com,,,NA0013@dtaa.com,190964,0,
{E-0021005},07/28/2026 20:52:34,KA0010,PC-1010,U6807@dtaa.com;U7972@dtaa.com;U3632@dtaa.com,,,KA0010@dtaa.com,316122,0,
{E-0028711},07/28/2026 20:55:34,OA0014,PC-1014,U2386@dtaa.com;U6762@dtaa.com;U1297@dtaa.com;U7270@dtaa.com,,,OA0014@dtaa.com,115598,1,
{E-0008486},07/28/2026 20:57:34,DA0003,PC-1003,U8070@dtaa.com;U4967@dtaa.com;U9453@dtaa.com;U2123@dtaa.com,,,DA0003@dtaa.com,327069,1,
{E-0028712},07/28/2026 21:00:34,OA0014,PC-1014,U9796@dtaa.com;U5024@dtaa.com,,,OA0014@dtaa.com,62764,1,
{E-0000132},07/28/2026 21:03:34,AA0000,PC-1000,U4832@dtaa.com;U9577@dtaa.com,,,AA0000@dtaa.com,109892,1,
{E-0034196},07/28/2026 21:12:34,RA0017,PC-1017,U2107@dtaa.com;U2502@dtaa.com,,,RA0017@dtaa.com,75543,0,
{E-0011066},07/28/2026 21:37:34,EA0004,PC-1004,U8900@dtaa.com,,,EA0004@dtaa.com,189197,0,
{E-0024949},07/28/2026 21:41:34,MA0012,PC-1012,U8891@dtaa.com,,,MA0012@dtaa.com,98034,0,
{E-0031221},07/28/2026 21:44:34,PA0015,PC-1015,U7105@dtaa.com;U7220@dtaa.com,,,PA0015@dtaa.com,287394,0,
{E-0012377},07/28/2026 21:46:34,FA0005,PC-1005,U9462@dtaa.com,,,FA0005@dtaa.com,139519,0,
{E-0032795},07/28/2026 21:47:34,QA0016,PC-1016,U8436@dtaa.com,,,QA0016@dtaa.com,189045,0,
{E-0016221},07/28/2026 21:55:34,HA0007,PC-1007,U4225@dtaa.com,,,HA0007@dtaa.com,190813,0,
{E-0000133},07/28/2026 22:06:34,AA0000,PC-1000,U4708@dtaa.com;U4371@dtaa.com,,,AA0000@dtaa.com,380915,1,
{E-0032796},07/28/2026 22:14:34,QA0016,PC-1016,U9348@dtaa.com;U8881@dtaa.com;U3682@dtaa.com;U6738@dtaa.com,,,QA0016@dtaa.com,379268,0,
{E-0005273},07/28/2026 22:51:34,CA0002,PC-1002,U6711@dtaa.com;U3153@dtaa.com,,,CA0002@dtaa.com,51746,0,
{E-0031220},07/28/2026 22:58:34,PA0015,PC-1015,U6434@dtaa.com;U7009@dtaa.com;U6565@dtaa.com,,,PA0015@dtaa.com,167064,0,
{E-0017182},07/28/2026 23:01:34,IA0008,PC-1008,U3228@dtaa.com;U9439@dtaa.com,,,IA0008@dtaa.com,383920,0,
{E-0011065},07/28/2026 23:19:34,EA0004,PC-1004,U6436@dtaa.com;U6369@dtaa.com;U4731@dtaa.com,,,EA0004@dtaa.com,350986,0,
{E-0021003},07/28/2026 23:27:34,KA0010,PC-1010,U3032@dtaa.com;U1898@dtaa.com;U1245@dtaa.com,,,KA0010@dtaa.com,232797,0,
{E-0022924},07/28/2026 23:40:34,LA0011,PC-1011,U7698@dtaa.com;U5283@dtaa.com;U2487@dtaa.com,,,LA0011@dtaa.com,313407,0,
{E-0018908},07/28/2026 23:45:34,JA0009,PC-1009,U2634@dtaa.com;U4507@dtaa.com;U2468@dtaa.com;U3590@dtaa.com,,,JA0009@dtaa.com,265843,0,
{E-0031223},07/29/2026 00:13:34,PA0015,PC-1015,U7117@dtaa.com;U6222@dtaa.com,,,PA0015@dtaa.com,31932,0,
{E-0013931},07/29/2026 00:29:34,GA0006,PC-1006,U9276@dtaa.com;U5016@dtaa.com;U7541@dtaa.com,,,GA0006@dtaa.com,143805,0,
{E-0034198},07/29/2026 00:29:34,RA0017,PC-1017,U5181@dtaa.com;U9411@dtaa.com,,,RA0017@dtaa.com,316032,0,
{E-0024950},07/29/2026 00:41:34,MA0012,PC-1012,U2371@dtaa.com;U7764@dtaa.com,,,MA0012@dtaa.com,153523,0,
{E-0000130},07/29/2026 00:42:34,AA0000,PC-1000,U2519@dtaa.com;U1751@dtaa.com;U9281@dtaa.com,,,AA0000@dtaa.com,228162,0,
{E-0013930},07/29/2026 00:43:34,GA0006,PC-1006,U6694@dtaa.com;U7375@dtaa.com;U2904@dtaa.com,,,GA0006@dtaa.com,102292,1,
{E-0018909},07/29/2026 00:59:34,JA0009,PC-1009,U6983@dtaa.com;U4314@dtaa.com;U2147@dtaa.com;U8540@dtaa.com,,,JA0009@dtaa.com,386429,1,
{E-0026947},07/29/2026 00:59:34,NA0013,PC-1013,U8111@dtaa.com,,,NA0013@dtaa.com,242507,0,
{E-0011064},07/29/2026 01:01:34,EA0004,PC-1004,U2786@dtaa.com;U2405@dtaa.com,,,EA0004@dtaa.com,348209,0,
{E-0024948},07/29/2026 01:03:34,MA0012,PC-1012,U7400@dtaa.com;U7196@dtaa.com;U9709@dtaa.com,,,MA0012@dtaa.com,385777,0,
{E-0012378},07/29/2026 01:04:34,FA0005,PC-1005,U4139@dtaa.com;U3132@dtaa.com,,,FA0005@dtaa.com,290554,0,
{E-0002592},07/29/2026 01:17:34,BA0001,PC-1001,U1391@dtaa.com;U6552@dtaa.com;U9780@dtaa.com,,,BA0001@dtaa.com,114641,0,
{E-0021004},07/29/2026 01:35:34,KA0010,PC-1010,U2544@dtaa.com;U1125@dtaa.com;U7280@dtaa.com,,,KA0010@dtaa.com,47893,0,
{E-0031224},07/29/2026 01:38:34,PA0015,PC-1015,U8421@dtaa.com;U1995@dtaa.com,,,PA0015@dtaa.com,207113,0,
{E-0005276},07/29/2026 01:55:34,CA0002,PC-1002,U5423@dtaa.com;U1542@dtaa.com,,,CA0002@dtaa.com,328307,0,
{E-0022923},07/29/2026 01:59:34,LA0011,PC-1011,U9379@dtaa.com;U2106@dtaa.com;U4392@dtaa.com,,,LA0011@dtaa.com,247074,0,
{E-0028714},07/29/2026 02:03:34,OA0014,PC-1014,U4944@dtaa.com,,,OA0014@dtaa.com,308880,0,
{E-0032794},07/29/2026 02:04:34,QA0016,PC-1016,U4805@dtaa.com;U9935@dtaa.com;U5315@dtaa.com;U7313@dtaa.com,,,QA0016@dtaa.com,162635,1,
{E-0031222},07/29/2026 02:08:34,PA0015,PC-1015,U8163@dtaa.com;U3169@dtaa.com,,,PA0015@dtaa.com,269108,0,
{E-0016222},07/29/2026 02:28:34,HA0007,PC-1007,U2162@dtaa.com;U1025@dtaa.com;U6568@dtaa.com,,,HA0007@dtaa.com,365961,0,
{E-0032798},07/29/2026 02:49:34,QA0016,PC-1016,U2894@dtaa.com,,,QA0016@dtaa.com,233289,0,
{E-0034197},07/29/2026 02:53:34,RA0017,PC-1017,U6003@dtaa.com,,,RA0017@dtaa.com,118033,0,
{E-0005274},07/29/2026 03:07:34,CA0002,PC-1002,U4561@dtaa.com;U3277@dtaa.com;U8894@dtaa.com;U2243@dtaa.com,,,CA0002@dtaa.com,281850,0,
{E-0005275},07/29/2026 03:13:34,CA0002,PC-1002,U7817@dtaa.com;U5738@dtaa.com;U6995@dtaa.com;U7051@dtaa.com,,,CA0002@dtaa.com,48366,0,
{E-0000131},07/29/2026 03:18:34,AA0000,PC-1000,U5211@dtaa.com,,,AA0000@dtaa.com,67844,1,
{E-0022922},07/29/2026 03:24:34,LA0011,PC-1011,U7494@dtaa.com;U2448@dtaa.com;U1822@dtaa.com,,,LA0011@dtaa.com,395114,0,
{E-0002593},07/29/2026 03:30:34,BA0001,PC-1001,U5914@dtaa.com;U2256@dtaa.com,,,BA0001@dtaa.com,298259,0,
{E-0021002},07/29/2026 03:36:34,KA0010,PC-1010,U6253@dtaa.com;U9775@dtaa.com;U3704@dtaa.com,,,KA0010@dtaa.com,281997,0,
{E-0024947},07/29/2026 03:37:34,MA0012,PC-1012,U8294@dtaa.com;U2816@dtaa.com;U7898@dtaa.com;U8765@dtaa.com,,,MA0012@dtaa.com,304088,1,
{E-0024952},07/29/2026 03:39:34,MA0012,PC-1012,U3305@dtaa.com;U8107@dtaa.com;U2404@dtaa.com;U4773@dtaa.com,,,MA0012@dtaa.com,125164,0,
{E-0032797},07/29/2026 03:44:34,QA0016,PC-1016,U4262@dtaa.com,,,QA0016@dtaa.com,290103,0,
{E-0016220},07/29/2026 03:49:34,HA0007,PC-1007,U7786@dtaa.com,,,HA0007@dtaa.com,109883,0,
{E-0012379},07/29/2026 04:00:34,FA0005,PC-1005,U1611@dtaa.com;U2955@dtaa.com;U3278@dtaa.com;U4160@dtaa.com,,,FA0005@dtaa.com,136061,0,
{E-0024951},07/29/2026 04:03:34,MA0012,PC-1012,U7850@dtaa.com;U9278@dtaa.com;U1440@dtaa.com;U6571@dtaa.com,,,MA0012@dtaa.com,364946,0,
{E-0005277},07/29/2026 05:17:34,CA0002,PC-1002,U9456@dtaa.com;U3043@dtaa.com;U8017@dtaa.com;U9882@dtaa.com,,,CA0002@dtaa.com,145753,1,
{E-0026988},07/29/2026 18:57:34,NA0013,PC-1013,U8983@dtaa.com;U2945@dtaa.com;U1382@dtaa.com;U6049@dtaa.com,,,NA0013@dtaa.com,296132,0,
{E-0024974},07/29/2026 19:04:34,MA0012,PC-1012,U5396@dtaa.com;U3524@dtaa.com;U7988@dtaa.com,,,MA0012@dtaa.com,79447,1,
{E-0026990},07/29/2026 19:34:34,NA0013,PC-1013,U1051@dtaa.com;U6511@dtaa.com;U9301@dtaa.com,,,NA0013@dtaa.com,360148,0,
{E-0000194},07/29/2026 19:48:34,AA0000,PC-1000,U6504@dtaa.com;U5434@dtaa.com,,,AA0000@dtaa.com,286946,0,
{E-0022965},07/29/2026 19:49:34,LA0011,PC-1011,U1638@dtaa.com;U9558@dtaa.com,,,LA0011@dtaa.com,57810,0,
{E-0032830},07/29/2026 20:11:34,QA0016,PC-1016,U9389@dtaa.com;U8923@dtaa.com,,,QA0016@dtaa.com,196477,1,
{E-0028763},07/29/2026 20:12:34,OA0014,PC-1014,U6776@dtaa.com;U2659@dtaa.com;U1344@dtaa.com,,,OA0014@dtaa.com,344187,1,
{E-0005356},07/29/2026 20:30:34,CA0002,PC-1002,U6224@dtaa.com,,,CA0002@dtaa.com,319332,0,
{E-0011095},07/29/2026 20:32:34,EA0004,PC-1004,U5236@dtaa.com;U6417@dtaa.com;U5468@dtaa.com,,,EA0004@dtaa.com,311463,1,
{E-0011097},07/29/2026 20:35:34,EA0004,PC-1004,U6811@dtaa.com,,,EA0004@dtaa.com,361950,0,
{E-0031261},07/29/2026 20:47:34,PA0015,PC-1015,U2554@dtaa.com;U3990@dtaa.com;U7562@dtaa.com,,,PA0015@dtaa.com,41076,0,
{E-0013981},07/29/2026 20:52:34,GA0006,PC-1006,U2012@dtaa.com;U5389@dtaa.com;U6493@dtaa.com;U8071@dtaa.com,,,GA0006@dtaa.com,29552,1,
{E-0021032},07/29/2026 20:55:34,KA0010,PC-1010,U8427@dtaa.com;U4705@dtaa.com;U1172@dtaa.com,,,KA0010@dtaa.com,209713,1,
{E-0005359},07/29/2026 21:27:34,CA0002,PC-1002,U3574@dtaa.com;U4239@dtaa.com;U6648@dtaa.com,,,CA0002@dtaa.com,327176,0,
{E-0000193},07/29/2026 21:39:34,AA0000,PC-1000,U1409@dtaa.com,,,AA0000@dtaa.com,68866,0,
{E-0016246},07/29/2026 21:44:34,HA0007,PC-1007,U8423@dtaa.com,,,HA0007@dtaa.com,167584,0,
{E-0028767},07/29/2026 21:57:34,OA0014,PC-1014,U4447@dtaa.com;U2355@dtaa.com,,,OA0014@dtaa.com,299623,0,
{E-0016245},07/29/2026 22:01:34,HA0007,PC-1007,U3016@dtaa.com;U4552@dtaa.com,,,HA0007@dtaa.com,183982,1,
{E-0028766},07/29/2026 22:04:34,OA0014,PC-1014,U4278@dtaa.com,,,OA0014@dtaa.com,126558,0,
{E-0017221},07/29/2026 22:11:34,IA0008,PC-1008,U5496@dtaa.com;U4810@dtaa.com,,,IA0008@dtaa.com,261839,1,
{E-0032831},07/29/2026 22:28:34,QA0016,PC-1016,U8901@dtaa.com;U6154@dtaa.com,,,QA0016@dtaa.com,286672,0,
{E-0012410},07/29/2026 22:40:34,FA0005,PC-1005,U1962@dtaa.com;U4727@dtaa.com,,,FA0005@dtaa.com,144013,1,
{E-0026993},07/29/2026 22:49:34,NA0013,PC-1013,U1420@dtaa.com;U6453@dtaa.com,,,NA0013@dtaa.com,215831,0,
{E-0002680},07/29/2026 23:36:34,BA0001,PC-1001,U1625@dtaa.com,,,BA0001@dtaa.com,86152,1,
{E-0022963},07/29/2026 23:36:34,LA0011,PC-1011,U1943@dtaa.com;U1951@dtaa.com,,,LA0011@dtaa.com,266758,1,
{E-0005353},07/29/2026 23:41:34,CA0002,PC-1002,U8760@dtaa.com;U4106@dtaa.com;U1657@dtaa.com;U9609@dtaa.com,,,CA0002@dtaa.com,314080,1,
{E-0022962},07/29/2026 23:43:34,LA0011,PC-1011,U6660@dtaa.com,,,LA0011@dtaa.com,115020,1,
{E-0000191},07/29/2026 23:49:34,AA0000,PC-1000,U4650@dtaa.com;U2273@dtaa.com,,,AA0000@dtaa.com,125500,0,
{E-0005354},07/29/2026 23:50:34,CA0002,PC-1002,U1705@dtaa.com;U3279@dtaa.com;U2823@dtaa.com;U4482@dtaa.com,,,CA0002@dtaa.com,191889,0,
{E-0012411},07/29/2026 23:52:34,FA0005,PC-1005,U1975@dtaa.com;U9158@dtaa.com,,,FA0005@dtaa.com,313844,1,
{E-0000195},07/30/2026 00:21:34,AA0000,PC-1000,U4869@dtaa.com;U5462@dtaa.com;U2253@dtaa.com;U5748@dtaa.com,,,AA0000@dtaa.com,237593,0,
{E-0012412},07/30/2026 00:21:34,FA0005,PC-1005,U5835@dtaa.com;U5509@dtaa.com;U4964@dtaa.com,,,FA0005@dtaa.com,267356,0,
{E-0024975},07/30/2026 00:23:34,MA0012,PC-1012,U6664@dtaa.com;U6048@dtaa.com;U1630@dtaa.com,,,MA0012@dtaa.com,353743,0,
{E-0008542},07/30/2026 00:29:34,DA0003,PC-1003,U2360@dtaa.com;U8219@dtaa.com;U7946@dtaa.com,,,DA0003@dtaa.com,124919,1,
{E-0031263},07/30/2026 00:37:34,PA0015,PC-1015,U6359@dtaa.com;U1187@dtaa.com,,,PA0015@dtaa.com,324087,1,
{E-0031260},07/30/2026 00:41:34,PA0015,PC-1015,U7660@dtaa.com,,,PA0015@dtaa.com,331005,0,
{E-0034218},07/30/2026 00:49:34,RA0017,PC-1017,U7015@dtaa.com,,,RA0017@dtaa.com,374201,0,
{E-0028765},07/30/2026 01:07:34,OA0014,PC-1014,U1755@dtaa.com;U7747@dtaa.com;U3964@dtaa.com;U9949@dtaa.com,,,OA0014@dtaa.com,97928,0,
{E-0028764},07/30/2026 01:15:34,OA0014,PC-1014,U4886@dtaa.com,,,OA0014@dtaa.com,172510,0,
{E-0026991},07/30/2026 01:37:34,NA0013,PC-1013,U6569@dtaa.com;U8235@dtaa.com;U7925@dtaa.com,,,NA0013@dtaa.com,191081,0,
{E-0026989},07/30/2026 01:40:34,NA0013,PC-1013,U5792@dtaa.com;U2533@dtaa.com;U5466@dtaa.com,,,NA0013@dtaa.com,151613,0,
{E-0021030},07/30/2026 01:41:34,KA0010,PC-1010,U2904@dtaa.com;U1146@dtaa.com;U5732@dtaa.com,,,KA0010@dtaa.com,41844,0,
{E-0018965},07/30/2026 02:16:34,JA0009,PC-1009,U1724@dtaa.com;U8836@dtaa.com;U5348@dtaa.com;U7842@dtaa.com,,,JA0009@dtaa.com,363690,0,
{E-0026992},07/30/2026 02:19:34,NA0013,PC-1013,U1396@dtaa.com;U7395@dtaa.com;U7857@dtaa.com,,,NA0013@dtaa.com,55704,1,
{E-0000192},07/30/2026 02:31:34,AA0000,PC-1000,U9239@dtaa.com;U5415@dtaa.com;U8274@dtaa.com,,,AA0000@dtaa.com,53046,1,
{E-0013980},07/30/2026 02:34:34,GA0006,PC-1006,U6656@dtaa.com;U6185@dtaa.com,,,GA0006@dtaa.com,197643,0,
{E-0034217},07/30/2026 02:39:34,RA0017,PC-1017,U8272@dtaa.com;U5340@dtaa.com;U9448@dtaa.com;U5797@dtaa.com,,,RA0017@dtaa.com,337191,0,
{E-0028768},07/30/2026 03:02:34,OA0014,PC-1014,U2222@dtaa.com;U5297@dtaa.com;U4501@dtaa.com;U8879@dtaa.com,,,OA0014@dtaa.com,77083,0,
{E-0011096},07/30/2026 03:08:34,EA0004,PC-1004,U6439@dtaa.com,,,EA0004@dtaa.com,313160,0,
{E-0021031},07/30/2026 03:25:34,KA0010,PC-1010,U1802@dtaa.com;U5398@dtaa.com;U1089@dtaa.com;U6592@dtaa.com,,,KA0010@dtaa.com,187303,0,
{E-0005355},07/30/2026 03:37:34,CA0002,PC-1002,U2550@dtaa.com;U9480@dtaa.com;U8410@dtaa.com,,,CA0002@dtaa.com,274280,0,
{E-0005357},07/30/2026 04:12:34,CA0002,PC-1002,U1183@dtaa.com;U2291@dtaa.com,,,CA0002@dtaa.com,60574,0,
{E-0022966},07/30/2026 04:17:34,LA0011,PC-1011,U2796@dtaa.com;U8752@dtaa.com,,,LA0011@dtaa.com,269211,0,
{E-0018966},07/30/2026 04:20:34,JA0009,PC-1009,U7438@dtaa.com;U4249@dtaa.com,,,JA0009@dtaa.com,349221,0,
{E-0022964},07/30/2026 04:29:34,LA0011,PC-1011,U2747@dtaa.com;U5122@dtaa.com;U7408@dtaa.com;U9124@dtaa.com,,,LA0011@dtaa.com,276864,1,
{E-0031262},07/30/2026 04:46:34,PA0015,PC-1015,U6121@dtaa.com;U4726@dtaa.com;U1349@dtaa.com,,,PA0015@dtaa.com,175724,1,
{E-0005358},07/30/2026 05:37:34,CA0002,PC-1002,U8109@dtaa.com;U4218@dtaa.com,,,CA0002@dtaa.com,238866,1,
{E-0023002},07/30/2026 18:58:34,LA0011,PC-1011,U3753@dtaa.com;U8845@dtaa.com;U5767@dtaa.com,,,LA0011@dtaa.com,250915,0,
{E-0025031},07/30/2026 19:13:34,MA0012,PC-1012,U4599@dtaa.com;U1998@dtaa.com,,,MA0012@dtaa.com,393284,0,
{E-0016258},07/30/2026 19:33:34,HA0007,PC-1007,U3875@dtaa.com;U4124@dtaa.com,,,HA0007@dtaa.com,238227,1,
{E-0025035},07/30/2026 20:03:34,MA0012,PC-1012,U3672@dtaa.com;U8655@dtaa.com,,,MA0012@dtaa.com,229906,1,
{E-0032852},07/30/2026 20:08:34,QA0016,PC-1016,U3147@dtaa.com,,,QA0016@dtaa.com,146343,0,
{E-0008607},07/30/2026 20:16:34,DA0003,PC-1003,U6202@dtaa.com,,,DA0003@dtaa.com,91895,1,
{E-0016257},07/30/2026 20:18:34,HA0007,PC-1007,U7954@dtaa.com;U2043@dtaa.com;U1526@dtaa.com,,,HA0007@dtaa.com,176185,0,
{E-0017252},07/30/2026 20:21:34,IA0008,PC-1008,U5719@dtaa.com;U4134@dtaa.com,,,IA0008@dtaa.com,153107,1,
{E-0025033},07/30/2026 20:42:34,MA0012,PC-1012,U4482@dtaa.com;U5848@dtaa.com;U7750@dtaa.com,,,MA0012@dtaa.com,152201,0,
{E-0017249},07/30/2026 20:44:34,IA0008,PC-1008,U8436@dtaa.com;U9732@dtaa.com;U4574@dtaa.com,,,IA0008@dtaa.com,136797,1,
{E-0011129},07/30/2026 20:56:34,EA0004,PC-1004,U5937@dtaa.com,,,EA0004@dtaa.com,383108,1,
{E-0018999},07/30/2026 21:09:34,JA0009,PC-1009,U4537@dtaa.com;U3817@dtaa.com;U4101@dtaa.com,,,JA0009@dtaa.com,157903,0,
{E-0025036},07/30/2026 21:10:34,MA0012,PC-1012,U9686@dtaa.com;U8352@dtaa.com,,,MA0012@dtaa.com,301559,1,
{E-0016259},07/30/2026 21:11:34,HA0007,PC-1007,U9272@dtaa.com;U5010@dtaa.com;U2510@dtaa.com,,,HA0007@dtaa.com,98781,0,
{E-0027040},07/30/2026 21:27:34,NA0013,PC-1013,U5944@dtaa.com;U9833@dtaa.com,,,NA0013@dtaa.com,262051,0,
{E-0017251},07/30/2026 21:41:34,IA0008,PC-1008,U6128@dtaa.com,,,IA0008@dtaa.com,55807,0,
{E-0025037},07/30/2026 21:43:34,MA0012,PC-1012,U8168@dtaa.com;U9169@dtaa.com;U1687@dtaa.com,,,MA0012@dtaa.com,387279,1,
{E-0005427},07/30/2026 21:45:34,CA0002,PC-1002,U2031@dtaa.com;U2252@dtaa.com,,,CA0002@dtaa.com,359509,0,
{E-0025032},07/30/2026 21:46:34,MA0012,PC-1012,U8223@dtaa.com,,,MA0012@dtaa.com,385586,0,
{E-0008606},07/30/2026 22:02:34,DA0003,PC-1003,U9248@dtaa.com,,,DA0003@dtaa.com,109648,0,
{E-0031302},07/30/2026 22:09:34,PA0015,PC-1015,U6716@dtaa.com,,,PA0015@dtaa.com,325388,0,
{E-0031303},07/30/2026 22:24:34,PA0015,PC-1015,U7306@dtaa.com;U4273@dtaa.com,,,PA0015@dtaa.com,389684,0,
{E-0002743},07/30/2026 22:27:34,BA0001,PC-1001,U8811@dtaa.com,,,BA0001@dtaa.com,236312,0,
{E-0011130},07/30/2026 22:39:34,EA0004,PC-1004,U1965@dtaa.com,,,EA0004@dtaa.com,320523,0,
{E-0011126},07/30/2026 22:40:34,EA0004,PC-1004,U3426@dtaa.com;U2949@dtaa.com;U7656@dtaa.com,,,EA0004@dtaa.com,184200,0,
{E-0017250},07/30/2026 22:48:34,IA0008,PC-1008,U8773@dtaa.com,,,IA0008@dtaa.com,349464,0,
{E-0027037},07/30/2026 23:04:34,NA0013,PC-1013,U8467@dtaa.com;U4154@dtaa.com;U3580@dtaa.com;U6009@dtaa.com,,,NA0013@dtaa.com,219971,1,
{E-0025034},07/30/2026 23:07:34,MA0012,PC-1012,U6731@dtaa.com,,,MA0012@dtaa.com,309652,1,
{E-0034247},07/30/2026 23:12:34,RA0017,PC-1017,U2722@dtaa.com;U9358@dtaa.com;U7441@dtaa.com;U9000@dtaa.com,,,RA0017@dtaa.com,117963,1,
{E-0016256},07/30/2026 23:13:34,HA0007,PC-1007,U8070@dtaa.com,,,HA0007@dtaa.com,95340,0,
{E-0014045},07/30/2026 23:23:34,GA0006,PC-1006,U3365@dtaa.com;U5258@dtaa.com;U2030@dtaa.com;U3765@dtaa.com,,,GA0006@dtaa.com,96889,0,
{E-0031301},07/30/2026 23:46:34,PA0015,PC-1015,U6933@dtaa.com,,,PA0015@dtaa.com,246310,0,
{E-0021069},07/30/2026 23:47:34,KA0010,PC-1010,U2551@dtaa.com;U3476@dtaa.com,,,KA0010@dtaa.com,90893,0,
{E-0027039},07/30/2026 23:54:34,NA0013,PC-1013,U5372@dtaa.com;U9249@dtaa.com,,,NA0013@dtaa.com,48879,1,
{E-0000253},07/30/2026 23:55:34,AA0000,PC-1000,U6642@dtaa.com;U4056@dtaa.com;U3142@dtaa.com;U8201@dtaa.com,,,AA0000@dtaa.com,187412,0,
{E-0005426},07/30/2026 23:55:34,CA0002,PC-1002,U3507@dtaa.com,,,CA0002@dtaa.com,177463,0,
{E-0014046},07/31/2026 00:06:34,GA0006,PC-1006,U3093@dtaa.com;U8126@dtaa.com;U9354@dtaa.com,,,GA0006@dtaa.com,247580,1,
{E-0011127},07/31/2026 00:17:34,EA0004,PC-1004,U1915@dtaa.com;U9371@dtaa.com,,,EA0004@dtaa.com,104099,0,
{E-0027038},07/31/2026 00:17:34,NA0013,PC-1013,U1491@dtaa.com;U5453@dtaa.com;U3729@dtaa.com,,,NA0013@dtaa.com,23838,1,
{E-0027036},07/31/2026 00:18:34,NA0013,PC-1013,U9370@dtaa.com;U7078@dtaa.com,,,NA0013@dtaa.com,324587,0,
{E-0021070},07/31/2026 00:50:34,KA0010,PC-1010,U2733@dtaa.com,,,KA0010@dtaa.com,96582,0,
{E-0014044},07/31/2026 00:54:34,GA0006,PC-1006,U5321@dtaa.com;U4266@dtaa.com,,,GA0006@dtaa.com,219627,1,
{E-0023003},07/31/2026 00:57:34,LA0011,PC-1011,U1515@dtaa.com;U6948@dtaa.com;U1346@dtaa.com;U4523@dtaa.com,,,LA0011@dtaa.com,24552,0,
{E-0025038},07/31/2026 00:59:34,MA0012,PC-1012,U5842@dtaa.com;U7587@dtaa.com;U2145@dtaa.com;U1847@dtaa.com,,,MA0012@dtaa.com,174230,1,
{E-0000250},07/31/2026 01:03:34,AA0000,PC-1000,U2659@dtaa.com;U8506@dtaa.com,,,AA0000@dtaa.com,162752,0,
{E-0000251},07/31/2026 01:10:34,AA0000,PC-1000,U7164@dtaa.com;U9105@dtaa.com,,,AA0000@dtaa.com,134945,0,
{E-0005424},07/31/2026 01:19:34,CA0002,PC-1002,U9542@dtaa.com;U5464@dtaa.com;U1836@dtaa.com;U9660@dtaa.com,,,CA0002@dtaa.com,158235,0,
{E-0021067},07/31/2026 01:22:34,KA0010,PC-1010,U7851@dtaa.com,,,KA0010@dtaa.com,158075,1,
{E-0000252},07/31/2026 01:24:34,AA0000,PC-1000,U7117@dtaa.com,,,AA0000@dtaa.com,100831,0,
{E-0021071},07/31/2026 01:25:34,KA0010,PC-1010,U4759@dtaa.com;U1857@dtaa.com;U1014@dtaa.com,,,KA0010@dtaa.com,379721,0,
{E-0031304},07/31/2026 01:34:34,PA0015,PC-1015,U6317@dtaa.com,,,PA0015@dtaa.com,223117,0,
{E-0032849},07/31/2026 01:38:34,QA0016,PC-1016,U1948@dtaa.com,,,QA0016@dtaa.com,115414,0,
{E-0032850},07/31/2026 01:38:34,QA0016,PC-1016,U3678@dtaa.com;U7515@dtaa.com;U6381@dtaa.com,,,QA0016@dtaa.com,275267,0,
{E-0012457},07/31/2026 01:46:34,FA0005,PC-1005,U1956@dtaa.com;U9117@dtaa.com,,,FA0005@dtaa.com,49062,0,
{E-0021068},07/31/2026 01:50:34,KA0010,PC-1010,U8931@dtaa.com;U3781@dtaa.com;U9368@dtaa.com;U1120@dtaa.com,,,KA0010@dtaa.com,252461,0,
{E-0021072},07/31/2026 01:57:34,KA0010,PC-1010,U1840@dtaa.com;U8337@dtaa.com;U8591@dtaa.com,,,KA0010@dtaa.com,386173,0,
{E-0008608},07/31/2026 02:04:34,DA0003,PC-1003,U4089@dtaa.com;U5189@dtaa.com,,,DA0003@dtaa.com,51422,1,
{E-0034246},07/31/2026 02:21:34,RA0017,PC-1017,U7271@dtaa.com;U2639@dtaa.com,,,RA0017@dtaa.com,190965,0,
{E-0012456},07/31/2026 02:24:34,FA0005,PC-1005,U4002@dtaa.com,,,FA0005@dtaa.com,296893,0,
{E-0012459},07/31/2026 02:35:34,FA0005,PC-1005,U2281@dtaa.com;U7954@dtaa.com,,,FA0005@dtaa.com,38748,0,
{E-0012454},07/31/2026 03:06:34,FA0005,PC-1005,U8004@dtaa.com;U6316@dtaa.com,,,FA0005@dtaa.com,190339,1,
{E-0012455},07/31/2026 03:19:34,FA0005,PC-1005,U2138@dtaa.com;U8635@dtaa.com;U1417@dtaa.com,,,FA0005@dtaa.com,155052,0,
{E-0011128},07/31/2026 03:55:34,EA0004,PC-1004,U9773@dtaa.com;U4829@dtaa.com;U3074@dtaa.com;U9669@dtaa.com,,,EA0004@dtaa.com,320802,0,
{E-0002744},07/31/2026 03:59:34,BA0001,PC-1001,U6795@dtaa.com;U6513@dtaa.com,,,BA0001@dtaa.com,21931,0,
{E-0012458},07/31/2026 04:13:34,FA0005,PC-1005,U3224@dtaa.com;U1117@dtaa.com;U3748@dtaa.com,,,FA0005@dtaa.com,203559,1,
{E-0005423},07/31/2026 04:22:34,CA0002,PC-1002,U4382@dtaa.com;U5900@dtaa.com,,,CA0002@dtaa.com,318539,0,
{E-0028809},07/31/2026 04:22:34,OA0014,PC-1014,U1116@dtaa.com;U3420@dtaa.com,,,OA0014@dtaa.com,233750,0,
{E-0032851},07/31/2026 04:24:34,QA0016,PC-1016,U1996@dtaa.com;U2026@dtaa.com,,,QA0016@dtaa.com,85982,0,
{E-0005428},07/31/2026 05:15:34,CA0002,PC-1002,U2102@dtaa.com;U2300@dtaa.com,,,CA0002@dtaa.com,192942,0,
{E-0005425},07/31/2026 05:20:34,CA0002,PC-1002,U6215@dtaa.com;U7606@dtaa.com;U4021@dtaa.com;U6559@dtaa.com,,,CA0002@dtaa.com,82650,0,
{E-0021066},07/31/2026 05:45:34,KA0010,PC-1010,U8452@dtaa.com;U7734@dtaa.com;U6686@dtaa.com;U2175@dtaa.com,,,KA0010@dtaa.com,384982,0,
{E-0027069},08/02/2026 19:24:34,NA0013,PC-1013,U5511@dtaa.com;U4017@dtaa.com;U8538@dtaa.com,,,NA0013@dtaa.com,89355,0,
{E-0028850},08/02/2026 19:25:34,OA0014,PC-1014,U2631@dtaa.com;U9106@dtaa.com;U4223@dtaa.com,,,OA0014@dtaa.com,349102,0,
{E-0008672},08/02/2026 19:31:34,DA0003,PC-1003,U9461@dtaa.com;U4839@dtaa.com,,,DA0003@dtaa.com,123796,1,
{E-0025064},08/02/2026 19:44:34,MA0012,PC-1012,U9602@dtaa.com;U9011@dtaa.com,,,MA0012@dtaa.com,69489,0,
{E-0002810},08/02/2026 19:46:34,BA0001,PC-1001,U5861@dtaa.com;U6147@dtaa.com;U6152@dtaa.com,,,BA0001@dtaa.com,76129,0,
{E-0008668},08/02/2026 19:47:34,DA0003,PC-1003,U8904@dtaa.com;U3919@dtaa.com,,,DA0003@dtaa.com,350873,1,
{E-0028849},08/02/2026 19:48:34,OA0014,PC-1014,U3540@dtaa.com;U7874@dtaa.com;U2354@dtaa.com,,,OA0014@dtaa.com,209130,1,
{E-0028852},08/02/2026 20:07:34,OA0014,PC-1014,U2833@dtaa.com;U7334@dtaa.com;U2297@dtaa.com,,,OA0014@dtaa.com,241180,0,
{E-0032887},08/02/2026 20:22:34,QA0016,PC-1016,U7275@dtaa.com;U3133@dtaa.com;U3847@dtaa.com;U2091@dtaa.com,,,QA0016@dtaa.com,131283,0,
{E-0027068},08/02/2026 20:26:34,NA0013,PC-1013,U9089@dtaa.com,,,NA0013@dtaa.com,218165,0,
{E-0028853},08/02/2026 20:33:34,OA0014,PC-1014,U2399@dtaa.com;U2491@dtaa.com;U8688@dtaa.com,,,OA0014@dtaa.com,169096,0,
{E-0011159},08/02/2026 20:34:34,EA0004,PC-1004,U8863@dtaa.com,,,EA0004@dtaa.com,68313,1,
{E-0012487},08/02/2026 20:46:34,FA0005,PC-1005,U6011@dtaa.com,,,FA0005@dtaa.com,95440,0,
{E-0025065},08/02/2026 20:52:34,MA0012,PC-1012,U2088@dtaa.com;U9677@dtaa.com;U9422@dtaa.com,,,MA0012@dtaa.com,157124,0,
{E-0034263},08/02/2026 20:57:34,RA0017,PC-1017,U6430@dtaa.com;U8603@dtaa.com,,,RA0017@dtaa.com,47282,0,
{E-0023046},08/02/2026 21:12:34,LA0011,PC-1011,U4422@dtaa.com;U4058@dtaa.com,,,LA0011@dtaa.com,307971,0,
{E-0005501},08/02/2026 21:14:34,CA0002,PC-1002,U2344@dtaa.com,,,CA0002@dtaa.com,303046,1,
{E-0025066},08/02/2026 21:39:34,MA0012,PC-1012,U4545@dtaa.com;U8950@dtaa.com,,,MA0012@dtaa.com,182314,1,
{E-0017289},08/02/2026 21:40:34,IA0008,PC-1008,U1208@dtaa.com;U3964@dtaa.com;U4749@dtaa.com,,,IA0008@dtaa.com,386898,0,
{E-0032886},08/02/2026 21:51:34,QA0016,PC-1016,U9513@dtaa.com;U4378@dtaa.com;U2391@dtaa.com;U8709@dtaa.com,,,QA0016@dtaa.com,187127,0,
{E-0005503},08/02/2026 22:03:34,CA0002,PC-1002,U7669@dtaa.com;U6244@dtaa.com,,,CA0002@dtaa.com,183501,0,
{E-0012486},08/02/2026 22:04:34,FA0005,PC-1005,U3573@dtaa.com,,,FA0005@dtaa.com,155427,0,
{E-0011157},08/02/2026 22:15:34,EA0004,PC-1004,U2408@dtaa.com,,,EA0004@dtaa.com,337045,0,
{E-0019045},08/02/2026 22:15:34,JA0009,PC-1009,U6888@dtaa.com;U2776@dtaa.com;U6616@dtaa.com,,,JA0009@dtaa.com,329447,0,
{E-0008671},08/02/2026 22:22:34,DA0003,PC-1003,U6966@dtaa.com;U8887@dtaa.com,,,DA0003@dtaa.com,31260,0,
{E-0016282},08/02/2026 23:01:34,HA0007,PC-1007,U3981@dtaa.com;U9809@dtaa.com;U7258@dtaa.com;U2138@dtaa.com,,,HA0007@dtaa.com,233261,0,
{E-0016283},08/02/2026 23:22:34,HA0007,PC-1007,U1514@dtaa.com;U4042@dtaa.com,,,HA0007@dtaa.com,280966,0,
{E-0028851},08/02/2026 23:50:34,OA0014,PC-1014,U5085@dtaa.com;U2904@dtaa.com;U5255@dtaa.com,,,OA0014@dtaa.com,208468,0,
{E-0027065},08/03/2026 00:03:34,NA0013,PC-1013,U8535@dtaa.com,,,NA0013@dtaa.com,171291,0,
{E-0025063},08/03/2026 00:16:34,MA0012,PC-1012,U7034@dtaa.com;U6805@dtaa.com;U4705@dtaa.com;U4155@dtaa.com,,,MA0012@dtaa.com,390437,0,
{E-0000303},08/03/2026 00:29:34,AA0000,PC-1000,U1127@dtaa.com;U1044@dtaa.com,,,AA0000@dtaa.com,98796,0,
{E-0008670},08/03/2026 00:29:34,DA0003,PC-1003,U1882@dtaa.com,,,DA0003@dtaa.com,199970,1,
{E-0011158},08/03/2026 00:50:34,EA0004,PC-1004,U6789@dtaa.com;U3697@dtaa.com;U7214@dtaa.com;U8632@dtaa.com,,,EA0004@dtaa.com,252576,0,
{E-0025060},08/03/2026 00:52:34,MA0012,PC-1012,U5024@dtaa.com;U9820@dtaa.com;U8491@dtaa.com,,,MA0012@dtaa.com,309846,0,
{E-0019046},08/03/2026 00:55:34,JA0009,PC-1009,U5505@dtaa.com,,,JA0009@dtaa.com,179352,0,
{E-0005504},08/03/2026 01:00:34,CA0002,PC-1002,U1727@dtaa.com;U1832@dtaa.com;U6871@dtaa.com,,,CA0002@dtaa.com,270924,0,
{E-0002811},08/03/2026 01:03:34,BA0001,PC-1001,U7660@dtaa.com;U6992@dtaa.com,,,BA0001@dtaa.com,315939,0,
{E-0008669},08/03/2026 01:08:34,DA0003,PC-1003,U9009@dtaa.com;U8604@dtaa.com,,,DA0003@dtaa.com,307508,0,
{E-0031344},08/03/2026 01:11:34,PA0015,PC-1015,U2337@dtaa.com;U2708@dtaa.com;U1919@dtaa.com,,,PA0015@dtaa.com,293634,0,
{E-0031345},08/03/2026 01:12:34,PA0015,PC-1015,U2931@dtaa.com;U1810@dtaa.com;U5056@dtaa.com;U7819@dtaa.com,,,PA0015@dtaa.com,397788,0,
{E-0021111},08/03/2026 01:20:34,KA0010,PC-1010,U9386@dtaa.com;U8943@dtaa.com;U4016@dtaa.com;U3350@dtaa.com,,,KA0010@dtaa.com,173863,1,
{E-0025061},08/03/2026 01:21:34,MA0012,PC-1012,U8322@dtaa.com,,,MA0012@dtaa.com,115920,0,
{E-0027071},08/03/2026 01:23:34,NA0013,PC-1013,U4316@dtaa.com;U8229@dtaa.com;U1832@dtaa.com;U8964@dtaa.com,,,NA0013@dtaa.com,368569,1,
{E-0025062},08/03/2026 01:27:34,MA0012,PC-1012,U8715@dtaa.com;U7647@dtaa.com;U1956@dtaa.com,,,MA0012@dtaa.com,64316,1,
{E-0023051},08/03/2026 01:28:34,LA0011,PC-1011,U7991@dtaa.com;U4479@dtaa.com,,,LA0011@dtaa.com,23835,1,
{E-0023050},08/03/2026 01:33:34,LA0011,PC-1011,U7158@dtaa.com,,,LA0011@dtaa.com,263796,0,
{E-0016284},08/03/2026 01:39:34,HA0007,PC-1007,U2419@dtaa.com;U5587@dtaa.com,,,HA0007@dtaa.com,396031,0,
{E-0005502},08/03/2026 01:48:34,CA0002,PC-1002,U7252@dtaa.com;U2597@dtaa.com;U8282@dtaa.com,,,CA0002@dtaa.com,114938,0,
{E-0023048},08/03/2026 01:50:34,LA0011,PC-1011,U8603@dtaa.com;U2235@dtaa.com;U6787@dtaa.com;U2535@dtaa.com,,,LA0011@dtaa.com,361957,0,
{E-0000299},08/03/2026 01:56:34,AA0000,PC-1000,U3267@dtaa.com;U5172@dtaa.com;U9570@dtaa.com,,,AA0000@dtaa.com,25554,0,
{E-0011160},08/03/2026 02:00:34,EA0004,PC-1004,U6312@dtaa.com;U2786@dtaa.com;U4849@dtaa.com,,,EA0004@dtaa.com,290597,0,
{E-0012485},08/03/2026 02:04:34,FA0005,PC-1005,U1937@dtaa.com;U8534@dtaa.com;U9478@dtaa.com,,,FA0005@dtaa.com,114446,0,
{E-0000302},08/03/2026 02:13:34,AA0000,PC-1000,U2913@dtaa.com,,,AA0000@dtaa.com,206012,0,
{E-0023047},08/03/2026 02:16:34,LA0011,PC-1011,U3356@dtaa.com;U2002@dtaa.com;U8940@dtaa.com;U8317@dtaa.com,,,LA0011@dtaa.com,212519,0,
{E-0031342},08/03/2026 02:17:34,PA0015,PC-1015,U5247@dtaa.com;U9268@dtaa.com,,,PA0015@dtaa.com,277612,1,
{E-0027067},08/03/2026 02:23:34,NA0013,PC-1013,U1523@dtaa.com;U9938@dtaa.com;U3001@dtaa.com;U1037@dtaa.com,,,NA0013@dtaa.com,159477,0,
{E-0031341},08/03/2026 02:23:34,PA0015,PC-1015,U5450@dtaa.com;U1666@dtaa.com;U6774@dtaa.com;U9932@dtaa.com,,,PA0015@dtaa.com,166203,1,
{E-0023045},08/03/2026 02:39:34,LA0011,PC-1011,U8345@dtaa.com,,,LA0011@dtaa.com,328157,1,
{E-0017288},08/03/2026 02:50:34,IA0008,PC-1008,U8894@dtaa.com,,,IA0008@dtaa.com,291795,0,
{E-0000300},08/03/2026 02:52:34,AA0000,PC-1000,U6758@dtaa.com,,,AA0000@dtaa.com,128408,0,
{E-0005506},08/03/2026 02:53:34,CA0002,PC-1002,U5204@dtaa.com;U7082@dtaa.com;U6025@dtaa.com,,,CA0002@dtaa.com,395669,1,
{E-0025067},08/03/2026 03:04:34,MA0012,PC-1012,U1630@dtaa.com;U7308@dtaa.com;U2375@dtaa.com,,,MA0012@dtaa.com,197135,0,
{E-0031343},08/03/2026 03:09:34,PA0015,PC-1015,U5982@dtaa.com,,,PA0015@dtaa.com,201645,0,
{E-0027066},08/03/2026 03:18:34,NA0013,PC-1013,U5946@dtaa.com;U1598@dtaa.com;U9245@dtaa.com,,,NA0013@dtaa.com,24113,0,
{E-0016285},08/03/2026 03:20:34,HA0007,PC-1007,U6637@dtaa.com;U3882@dtaa.com,,,HA0007@dtaa.com,178453,1,
{E-0000301},08/03/2026 03:28:34,AA0000,PC-1000,U4002@dtaa.com;U6316@dtaa.com;U6032@dtaa.com,,,AA0000@dtaa.com,208295,0,
{E-0005505},08/03/2026 03:32:34,CA0002,PC-1002,U2540@dtaa.com,,,CA0002@dtaa.com,313769,0,
{E-0005507},08/03/2026 03:32:34,CA0002,PC-1002,U2804@dtaa.com;U4904@dtaa.com;U1253@dtaa.com;U2356@dtaa.com,,,CA0002@dtaa.com,69230,0,
{E-0011156},08/03/2026 04:11:34,EA0004,PC-1004,U3805@dtaa.com;U7311@dtaa.com;U8601@dtaa.com;U4772@dtaa.com,,,EA0004@dtaa.com,143369,0,
{E-0012488},08/03/2026 04:30:34,FA0005,PC-1005,U3222@dtaa.com;U6231@dtaa.com;U2723@dtaa.com;U9459@dtaa.com,,,FA0005@dtaa.com,369079,0,
{E-0027070},08/03/2026 04:37:34,NA0013,PC-1013,U8622@dtaa.com;U1211@dtaa.com;U5944@dtaa.com,,,NA0013@dtaa.com,166312,0,
{E-0023049},08/03/2026 04:43:34,LA0011,PC-1011,U6401@dtaa.com,,,LA0011@dtaa.com,190694,0,
{E-0012489},08/03/2026 05:35:34,FA0005,PC-1005,U7508@dtaa.com;U6924@dtaa.com,,,FA0005@dtaa.com,382261,0,
{E-0008728},08/03/2026 19:07:34,DA0003,PC-1003,U2099@dtaa.com;U6515@dtaa.com;U7020@dtaa.com;U2444@dtaa.com,,,DA0003@dtaa.com,160980,1,
{E-0025107},08/03/2026 19:09:34,MA0012,PC-1012,U1300@dtaa.com;U3073@dtaa.com;U7366@dtaa.com;U5888@dtaa.com,,,MA0012@dtaa.com,34276,0,
{E-0025108},08/03/2026 19:09:34,MA0012,PC-1012,U1063@dtaa.com;U6916@dtaa.com;U8387@dtaa.com,,,MA0012@dtaa.com,186560,0,
{E-0028915},08/03/2026 19:14:34,OA0014,PC-1014,U7133@dtaa.com;U7718@dtaa.com;U7772@dtaa.com,,,OA0014@dtaa.com,289701,1,
{E-0021154},08/03/2026 19:55:34,KA0010,PC-1010,U7668@dtaa.com;U5209@dtaa.com;U4027@dtaa.com,,,KA0010@dtaa.com,305828,1,
{E-0027104},08/03/2026 20:16:34,NA0013,PC-1013,U8282@dtaa.com;U4453@dtaa.com;U7054@dtaa.com,,,NA0013@dtaa.com,120810,0,
{E-0028917},08/03/2026 20:22:34,OA0014,PC-1014,U8697@dtaa.com;U8609@dtaa.com;U5153@dtaa.com;U3637@dtaa.com,,,OA0014@dtaa.com,197900,0,
{E-0008729},08/03/2026 20:23:34,DA0003,PC-1003,U3376@dtaa.com,,,DA0003@dtaa.com,189696,0,
{E-0027103},08/03/2026 20:28:34,NA0013,PC-1013,U7182@dtaa.com;U1128@dtaa.com;U2431@dtaa.com;U1324@dtaa.com,,,NA0013@dtaa.com,185010,0,
{E-0002852},08/03/2026 20:33:34,BA0001,PC-1001,U7707@dtaa.com,,,BA0001@dtaa.com,265913,0,
{E-0025106},08/03/2026 20:48:34,MA0012,PC-1012,U7437@dtaa.com,,,MA0012@dtaa.com,86096,0,
{E-0016305},08/03/2026 20:50:34,HA0007,PC-1007,U1969@dtaa.com;U1653@dtaa.com,,,HA0007@dtaa.com,72332,0,
{E-0021151},08/03/2026 20:59:34,KA0010,PC-1010,U6801@dtaa.com,,,KA0010@dtaa.com,146199,0,
{E-0028918},08/03/2026 21:11:34,OA0014,PC-1014,U7926@dtaa.com;U6648@dtaa.com;U3906@dtaa.com,,,OA0014@dtaa.com,94164,0,
{E-0027100},08/03/2026 21:13:34,NA0013,PC-1013,U3878@dtaa.com;U9719@dtaa.com;U7534@dtaa.com;U7553@dtaa.com,,,NA0013@dtaa.com,94393,1,
{E-0000361},08/03/2026 21:24:34,AA0000,PC-1000,U5742@dtaa.com;U7069@dtaa.com,,,AA0000@dtaa.com,323773,0,
{E-0012527},08/03/2026 21:38:34,FA0005,PC-1005,U7612@dtaa.com;U1622@dtaa.com,,,FA0005@dtaa.com,188096,0,
{E-0005593},08/03/2026 21:50:34,CA0002,PC-1002,U1327@dtaa.com;U6738@dtaa.com;U7314@dtaa.com,,,CA0002@dtaa.com,157044,0,
{E-0005590},08/03/2026 22:06:34,CA0002,PC-1002,U3959@dtaa.com;U4985@dtaa.com,,,CA0002@dtaa.com,43606,0,
{E-0028914},08/03/2026 22:24:34,OA0014,PC-1014,U7809@dtaa.com;U7938@dtaa.com,,,OA0014@dtaa.com,61292,1,
{E-0023088},08/03/2026 22:36:34,LA0011,PC-1011,U4702@dtaa.com;U9954@dtaa.com;U5110@dtaa.com;U4505@dtaa.com,,,LA0011@dtaa.com,351330,0,
{E-0025110},08/03/2026 22:41:34,MA0012,PC-1012,U5408@dtaa.com;U3782@dtaa.com;U7846@dtaa.com,,,MA0012@dtaa.com,365123,1,
{E-0011179},08/03/2026 22:56:34,EA0004,PC-1004,U7651@dtaa.com;U3402@dtaa.com,,,EA0004@dtaa.com,81559,0,
{E-0025109},08/03/2026 23:09:34,MA0012,PC-1012,U9355@dtaa.com,,,MA0012@dtaa.com,221028,1,
{E-0031383},08/03/2026 23:19:34,PA0015,PC-1015,U2592@dtaa.com;U8516@dtaa.com,,,PA0015@dtaa.com,355299,0,
{E-0031384},08/03/2026 23:26:34,PA0015,PC-1015,U5296@dtaa.com;U1862@dtaa.com,,,PA0015@dtaa.com,357495,0,
{E-0021152},08/03/2026 23:27:34,KA0010,PC-1010,U1086@dtaa.com;U9501@dtaa.com;U2697@dtaa.com,,,KA0010@dtaa.com,206546,0,
{E-0021153},08/03/2026 23:27:34,KA0010,PC-1010,U5966@dtaa.com;U1041@dtaa.com;U3724@dtaa.com;U7693@dtaa.com,,,KA0010@dtaa.com,177180,0,
{E-0000360},08/03/2026 23:30:34,AA0000,PC-1000,U3214@dtaa.com;U1281@dtaa.com;U8619@dtaa.com;U8009@dtaa.com,,,AA0000@dtaa.com,302448,0,
{E-0027102},08/03/2026 23:40:34,NA0013,PC-1013,U8139@dtaa.com;U5750@dtaa.com;U1403@dtaa.com,,,NA0013@dtaa.com,153005,0,
{E-0031382},08/03/2026 23:41:34,PA0015,PC-1015,U5607@dtaa.com,,,PA0015@dtaa.com,316740,0,
{E-0000362},08/04/2026 00:00:34,AA0000,PC-1000,U2731@dtaa.com;U9392@dtaa.com;U9513@dtaa.com;U6744@dtaa.com,,,AA0000@dtaa.com,120140,1,
{E-0028916},08/04/2026 00:04:34,OA0014,PC-1014,U9080@dtaa.com;U6392@dtaa.com;U1273@dtaa.com,,,OA0014@dtaa.com,116005,0,
{E-0034291},08/04/2026 00:06:34,RA0017,PC-1017,U8942@dtaa.com;U1996@dtaa.com,,,RA0017@dtaa.com,260574,0,
{E-0023087},08/04/2026 00:22:34,LA0011,PC-1011,U9086@dtaa.com;U3440@dtaa.com,,,LA0011@dtaa.com,115225,0,
{E-0028919},08/04/2026 00:40:34,OA0014,PC-1014,U9594@dtaa.com;U2140@dtaa.com,,,OA0014@dtaa.com,317818,0,
{E-0005595},08/04/2026 00:54:34,CA0002,PC-1002,U6687@dtaa.com;U4697@dtaa.com;U4823@dtaa.com;U5563@dtaa.com,,,CA0002@dtaa.com,333807,0,
{E-0014150},08/04/2026 00:57:34,GA0006,PC-1006,U3955@dtaa.com;U2401@dtaa.com;U3619@dtaa.com;U3777@dtaa.com,,,GA0006@dtaa.com,325708,0,
{E-0005591},08/04/2026 01:01:34,CA0002,PC-1002,U6361@dtaa.com;U1212@dtaa.com,,,CA0002@dtaa.com,176386,0,
{E-0008727},08/04/2026 01:13:34,DA0003,PC-1003,U9825@dtaa.com;U9612@dtaa.com;U9255@dtaa.com,,,DA0003@dtaa.com,267470,0,
{E-0031385},08/04/2026 01:20:34,PA0015,PC-1015,U3194@dtaa.com;U9761@dtaa.com;U8603@dtaa.com;U8617@dtaa.com,,,PA0015@dtaa.com,141411,1,
{E-0023086},08/04/2026 01:30:34,LA0011,PC-1011,U1584@dtaa.com;U6451@dtaa.com;U5627@dtaa.com;U7369@dtaa.com,,,LA0011@dtaa.com,142848,0,
{E-0023090},08/04/2026 01:45:34,LA0011,PC-1011,U4441@dtaa.com;U9069@dtaa.com,,,LA0011@dtaa.com,248916,0,
{E-0028913},08/04/2026 01:50:34,OA0014,PC-1014,U8867@dtaa.com;U1089@dtaa.com;U8634@dtaa.com,,,OA0014@dtaa.com,170185,0,
{E-0031386},08/04/2026 01:59:34,PA0015,PC-1015,U2636@dtaa.com,,,PA0015@dtaa.com,369790,0,
{E-0012526},08/04/2026 02:01:34,FA0005,PC-1005,U1411@dtaa.com;U3677@dtaa.com;U8335@dtaa.com;U4256@dtaa.com,,,FA0005@dtaa.com,395139,0,
{E-0027101},08/04/2026 02:04:34,NA0013,PC-1013,U4679@dtaa.com;U1576@dtaa.com;U4223@dtaa.com;U7794@dtaa.com,,,NA0013@dtaa.com,304992,0,
{E-0005594},08/04/2026 02:11:34,CA0002,PC-1002,U8734@dtaa.com,,,CA0002@dtaa.com,93467,0,
{E-0017339},08/04/2026 02:16:34,IA0008,PC-1008,U8464@dtaa.com;U3257@dtaa.com,,,IA0008@dtaa.com,64770,0,
{E-0014151},08/04/2026 02:17:34,GA0006,PC-1006,U5638@dtaa.com,,,GA0006@dtaa.com,261791,1,
{E-0008726},08/04/2026 02:19:34,DA0003,PC-1003,U4155@dtaa.com;U7617@dtaa.com;U6658@dtaa.com,,,DA0003@dtaa.com,32935,0,
{E-0032917},08/04/2026 02:29:34,QA0016,PC-1016,U9355@dtaa.com;U9057@dtaa.com;U5818@dtaa.com,,,QA0016@dtaa.com,189996,0,
{E-0000359},08/04/2026 02:30:34,AA0000,PC-1000,U2368@dtaa.com;U4631@dtaa.com;U1197@dtaa.com;U2074@dtaa.com,,,AA0000@dtaa.com,31871,0,
{E-0012524},08/04/2026 03:00:34,FA0005,PC-1005,U3900@dtaa.com,,,FA0005@dtaa.com,212969,0,
{E-0019085},08/04/2026 03:06:34,JA0009,PC-1009,U5255@dtaa.com;U7502@dtaa.com;U9298@dtaa.com,,,JA0009@dtaa.com,186471,0,
{E-0016306},08/04/2026 03:10:34,HA0007,PC-1007,U1576@dtaa.com;U8741@dtaa.com,,,HA0007@dtaa.com,305652,1,
{E-0017340},08/04/2026 03:12:34,IA0008,PC-1008,U7045@dtaa.com;U7678@dtaa.com;U9625@dtaa.com;U5569@dtaa.com,,,IA0008@dtaa.com,58591,1,
{E-0032916},08/04/2026 03:22:34,QA0016,PC-1016,U6813@dtaa.com;U3897@dtaa.com;U8205@dtaa.com,,,QA0016@dtaa.com,105814,0,
{E-0016307},08/04/2026 03:25:34,HA0007,PC-1007,U9031@dtaa.com;U3761@dtaa.com;U8285@dtaa.com,,,HA0007@dtaa.com,201609,0,
{E-0005592},08/04/2026 04:00:34,CA0002,PC-1002,U4936@dtaa.com,,,CA0002@dtaa.com,52160,1,
{E-0011178},08/04/2026 04:23:34,EA0004,PC-1004,U1812@dtaa.com;U4816@dtaa.com;U9066@dtaa.com;U2288@dtaa.com,,,EA0004@dtaa.com,24727,1,
{E-0023089},08/04/2026 04:27:34,LA0011,PC-1011,U5079@dtaa.com;U9145@dtaa.com;U7677@dtaa.com;U2439@dtaa.com,,,LA0011@dtaa.com,390895,0,
{E-0032915},08/04/2026 04:38:34,QA0016,PC-1016,U2440@dtaa.com;U8216@dtaa.com;U8721@dtaa.com;U1709@dtaa.com,,,QA0016@dtaa.com,139484,0,
{E-0012523},08/04/2026 05:33:34,FA0005,PC-1005,U8637@dtaa.com;U4484@dtaa.com;U7148@dtaa.com;U4796@dtaa.com,,,FA0005@dtaa.com,297122,0,
{E-0012525},08/04/2026 05:34:34,FA0005,PC-1005,U3800@dtaa.com;U6015@dtaa.com;U8340@dtaa.com,,,FA0005@dtaa.com,53547,0,
{E-0017375},08/04/2026 18:30:34,IA0008,PC-1008,U7462@dtaa.com;U3162@dtaa.com;U6159@dtaa.com,,,IA0008@dtaa.com,140524,0,
{E-0027146},08/04/2026 19:13:34,NA0013,PC-1013,U4190@dtaa.com;U5886@dtaa.com;U8353@dtaa.com;U8362@dtaa.com,,,NA0013@dtaa.com,307710,1,
{E-0025172},08/04/2026 20:05:34,MA0012,PC-1012,U1010@dtaa.com;U6980@dtaa.com,,,MA0012@dtaa.com,41346,1,
{E-0012559},08/04/2026 20:15:34,FA0005,PC-1005,U4098@dtaa.com;U3408@dtaa.com;U5127@dtaa.com;U7806@dtaa.com,,,FA0005@dtaa.com,327922,0,
{E-0034325},08/04/2026 20:17:34,RA0017,PC-1017,U6317@dtaa.com;U4187@dtaa.com,,,RA0017@dtaa.com,39437,0,
{E-0034326},08/04/2026 20:28:34,RA0017,PC-1017,U8680@dtaa.com,,,RA0017@dtaa.com,253802,1,
{E-0012560},08/04/2026 20:31:34,FA0005,PC-1005,U8268@dtaa.com;U8866@dtaa.com;U4784@dtaa.com;U8603@dtaa.com,,,FA0005@dtaa.com,93692,0,
{E-0031416},08/04/2026 20:33:34,PA0015,PC-1015,U4044@dtaa.com;U5909@dtaa.com,,,PA0015@dtaa.com,346425,1,
{E-0014196},08/04/2026 20:45:34,GA0006,PC-1006,U8037@dtaa.com;U1869@dtaa.com;U5526@dtaa.com;U1111@dtaa.com,,,GA0006@dtaa.com,244993,0,
{E-0000413},08/04/2026 20:52:34,AA0000,PC-1000,U4058@dtaa.com,,,AA0000@dtaa.com,218723,0,
{E-0019152},08/04/2026 21:07:34,JA0009,PC-1009,U6427@dtaa.com,,,JA0009@dtaa.com,339570,0,
{E-0027147},08/04/2026 21:19:34,NA0013,PC-1013,U7442@dtaa.com;U3026@dtaa.com,,,NA0013@dtaa.com,260093,0,
{E-0034327},08/04/2026 21:21:34,RA0017,PC-1017,U3441@dtaa.com,,,RA0017@dtaa.com,237496,1,
{E-0011206},08/04/2026 21:23:34,EA0004,PC-1004,U8964@dtaa.com;U2040@dtaa.com;U5175@dtaa.com;U7277@dtaa.com,,,EA0004@dtaa.com,166725,0,
{E-0023139},08/04/2026 21:23:34,LA0011,PC-1011,U2361@dtaa.com;U5639@dtaa.com,,,LA0011@dtaa.com,308012,1,
{E-0012558},08/04/2026 21:35:34,FA0005,PC-1005,U5176@dtaa.com;U8848@dtaa.com,,,FA0005@dtaa.com,121073,1,
{E-0005650},08/04/2026 21:45:34,CA0002,PC-1002,U2800@dtaa.com,,,CA0002@dtaa.com,106099,0,
{E-0031414},08/04/2026 21:45:34,PA0015,PC-1015,U4891@dtaa.com;U8658@dtaa.com;U2686@dtaa.com,,,PA0015@dtaa.com,22176,0,
{E-0027145},08/04/2026 21:47:34,NA0013,PC-1013,U7767@dtaa.com;U9118@dtaa.com;U8339@dtaa.com,,,NA0013@dtaa.com,216141,0,
{E-0031417},08/04/2026 21:50:34,PA0015,PC-1015,U8338@dtaa.com;U4301@dtaa.com;U1288@dtaa.com;U6535@dtaa.com,,,PA0015@dtaa.com,82127,0,
{E-0032949},08/04/2026 21:51:34,QA0016,PC-1016,U4591@dtaa.com;U8734@dtaa.com;U4360@dtaa.com,,,QA0016@dtaa.com,109014,1,
{E-0027144},08/04/2026 21:52:34,NA0013,PC-1013,U9235@dtaa.com;U6407@dtaa.com;U2206@dtaa.com;U2833@dtaa.com,,,NA0013@dtaa.com,164514,1,
{E-0028965},08/04/2026 22:13:34,OA0014,PC-1014,U9709@dtaa.com;U4115@dtaa.com,,,OA0014@dtaa.com,38899,0,
{E-0023143},08/04/2026 22:16:34,LA0011,PC-1011,U4669@dtaa.com,,,LA0011@dtaa.com,47253,0,
{E-0028966},08/04/2026 22:50:34,OA0014,PC-1014,U1923@dtaa.com;U7610@dtaa.com;U6352@dtaa.com,,,OA0014@dtaa.com,290791,0,
{E-0028964},08/04/2026 22:59:34,OA0014,PC-1014,U6056@dtaa.com;U5637@dtaa.com;U9190@dtaa.com;U7994@dtaa.com,,,OA0014@dtaa.com,135577,0,
{E-0008807},08/04/2026 23:13:34,DA0003,PC-1003,U6129@dtaa.com;U9818@dtaa.com;U6870@dtaa.com,,,DA0003@dtaa.com,253809,0,
{E-0017377},08/04/2026 23:33:34,IA0008,PC-1008,U8119@dtaa.com;U9038@dtaa.com,,,IA0008@dtaa.com,122331,0,
{E-0019150},08/04/2026 23:42:34,JA0009,PC-1009,U9566@dtaa.com;U1413@dtaa.com,,,JA0009@dtaa.com,324135,1,
{E-0021205},08/04/2026 23:47:34,KA0010,PC-1010,U9027@dtaa.com;U7245@dtaa.com;U9724@dtaa.com;U8023@dtaa.com,,,KA0010@dtaa.com,105017,0,
{E-0031418},08/04/2026 23:52:34,PA0015,PC-1015,U8738@dtaa.com;U4912@dtaa.com;U8808@dtaa.com,,,PA0015@dtaa.com,224833,0,
{E-0021206},08/05/2026 00:12:34,KA0010,PC-1010,U1245@dtaa.com;U7725@dtaa.com;U9840@dtaa.com;U6173@dtaa.com,,,KA0010@dtaa.com,37835,1,
{E-0011205},08/05/2026 00:23:34,EA0004,PC-1004,U6943@dtaa.com,,,EA0004@dtaa.com,231644,0,
{E-0023138},08/05/2026 00:29:34,LA0011,PC-1011,U6215@dtaa.com;U8728@dtaa.com,,,LA0011@dtaa.com,375019,0,
{E-0021204},08/05/2026 00:36:34,KA0010,PC-1010,U9595@dtaa.com;U5065@dtaa.com,,,KA0010@dtaa.com,213943,0,
{E-0008806},08/05/2026 01:03:34,DA0003,PC-1003,U1967@dtaa.com;U7659@dtaa.com;U7332@dtaa.com,,,DA0003@dtaa.com,118366,0,
{E-0011207},08/05/2026 01:03:34,EA0004,PC-1004,U7124@dtaa.com;U2579@dtaa.com;U3765@dtaa.com;U1993@dtaa.com,,,EA0004@dtaa.com,128412,0,
{E-0017376},08/05/2026 01:04:34,IA0008,PC-1008,U9349@dtaa.com;U3567@dtaa.com;U6880@dtaa.com,,,IA0008@dtaa.com,109053,0,
{E-0019151},08/05/2026 01:05:34,JA0009,PC-1009,U6512@dtaa.com,,,JA0009@dtaa.com,260981,1,
{E-0023142},08/05/2026 01:08:34,LA0011,PC-1011,U4505@dtaa.com;U6787@dtaa.com,,,LA0011@dtaa.com,106593,0,
{E-0032951},08/05/2026 01:19:34,QA0016,PC-1016,U2607@dtaa.com;U4468@dtaa.com,,,QA0016@dtaa.com,329200,0,
{E-0002920},08/05/2026 01:31:34,BA0001,PC-1001,U9628@dtaa.com;U9467@dtaa.com;U7628@dtaa.com;U8480@dtaa.com,,,BA0001@dtaa.com,117491,0,
{E-0023141},08/05/2026 01:31:34,LA0011,PC-1011,U5366@dtaa.com,,,LA0011@dtaa.com,174278,0,
{E-0032950},08/05/2026 01:51:34,QA0016,PC-1016,U4722@dtaa.com;U3091@dtaa.com;U1037@dtaa.com,,,QA0016@dtaa.com,43833,1,
{E-0005646},08/05/2026 01:57:34,CA0002,PC-1002,U7802@dtaa.com,,,CA0002@dtaa.com,101499,0,
{E-0034324},08/05/2026 02:07:34,RA0017,PC-1017,U2506@dtaa.com;U6674@dtaa.com;U4088@dtaa.com;U2148@dtaa.com,,,RA0017@dtaa.com,128984,0,
{E-0005647},08/05/2026 02:25:34,CA0002,PC-1002,U1919@dtaa.com;U5611@dtaa.com,,,CA0002@dtaa.com,314737,0,
{E-0025170},08/05/2026 02:33:34,MA0012,PC-1012,U6488@dtaa.com,,,MA0012@dtaa.com,100566,1,
{E-0027148},08/05/2026 02:40:34,NA0013,PC-1013,U4739@dtaa.com;U1745@dtaa.com,,,NA0013@dtaa.com,293875,0,
{E-0005649},08/05/2026 02:41:34,CA0002,PC-1002,U8519@dtaa.com;U8826@dtaa.com,,,CA0002@dtaa.com,260182,0,
{E-0031415},08/05/2026 02:46:34,PA0015,PC-1015,U6976@dtaa.com;U6968@dtaa.com;U9010@dtaa.com;U4419@dtaa.com,,,PA0015@dtaa.com,322696,0,
{E-0019153},08/05/2026 03:11:34,JA0009,PC-1009,U2985@dtaa.com,,,JA0009@dtaa.com,271593,1,
{E-0021207},08/05/2026 03:11:34,KA0010,PC-1010,U4630@dtaa.com;U8248@dtaa.com;U8110@dtaa.com;U5659@dtaa.com,,,KA0010@dtaa.com,161985,1,
{E-0025171},08/05/2026 03:19:34,MA0012,PC-1012,U3028@dtaa.com,,,MA0012@dtaa.com,213467,1,
{E-0005648},08/05/2026 03:24:34,CA0002,PC-1002,U7980@dtaa.com;U4853@dtaa.com,,,CA0002@dtaa.com,309300,0,
{E-0023140},08/05/2026 04:59:34,LA0011,PC-1011,U4042@dtaa.com;U2760@dtaa.com;U1034@dtaa.com,,,LA0011@dtaa.com,327745,0,
{E-0019192},08/05/2026 19:35:34,JA0009,PC-1009,U5622@dtaa.com;U1150@dtaa.com;U6784@dtaa.com;U7508@dtaa.com,,,JA0009@dtaa.com,255170,0,
{E-0023194},08/05/2026 19:42:34,LA0011,PC-1011,U4778@dtaa.com,,,LA0011@dtaa.com,317222,0,
{E-0003004},08/05/2026 19:46:34,BA0001,PC-1001,U3474@dtaa.com;U2839@dtaa.com;U6615@dtaa.com;U2289@dtaa.com,,,BA0001@dtaa.com,259689,0,
{E-0011234},08/05/2026 19:57:34,EA0004,PC-1004,U5970@dtaa.com;U4159@dtaa.com,,,EA0004@dtaa.com,55271,0,
{E-0016358},08/05/2026 20:09:34,HA0007,PC-1007,U5512@dtaa.com,,,HA0007@dtaa.com,65406,0,
{E-0003003},08/05/2026 20:10:34,BA0001,PC-1001,U9228@dtaa.com;U1600@dtaa.com;U6344@dtaa.com;U8800@dtaa.com,,,BA0001@dtaa.com,352716,0,
{E-0031457},08/05/2026 20:17:34,PA0015,PC-1015,U7843@dtaa.com,,,PA0015@dtaa.com,33973,0,
{E-0027180},08/05/2026 20:45:34,NA0013,PC-1013,U9760@dtaa.com,,,NA0013@dtaa.com,384239,0,
{E-0011235},08/05/2026 20:54:34,EA0004,PC-1004,U1928@dtaa.com;U9446@dtaa.com;U5483@dtaa.com;U3144@dtaa.com,,,EA0004@dtaa.com,114796,0,
{E-0019190},08/05/2026 21:01:34,JA0009,PC-1009,U9503@dtaa.com;U6525@dtaa.com;U5306@dtaa.com;U9937@dtaa.com,,,JA0009@dtaa.com,81021,0,
{E-0031458},08/05/2026 21:05:34,PA0015,PC-1015,U4812@dtaa.com,,,PA0015@dtaa.com,381824,0,
{E-0012597},08/05/2026 21:09:34,FA0005,PC-1005,U9035@dtaa.com;U4132@dtaa.com,,,FA0005@dtaa.com,30614,1,
{E-0012596},08/05/2026 21:38:34,FA0005,PC-1005,U9407@dtaa.com;U6941@dtaa.com,,,FA0005@dtaa.com,311236,0,
{E-0034348},08/05/2026 21:40:34,RA0017,PC-1017,U5523@dtaa.com,,,RA0017@dtaa.com,122043,0,
{E-0000473},08/05/2026 21:42:34,AA0000,PC-1000,U6836@dtaa.com;U3524@dtaa.com;U6580@dtaa.com;U7193@dtaa.com,,,AA0000@dtaa.com,379355,0,
{E-0025221},08/05/2026 21:48:34,MA0012,PC-1012,U2234@dtaa.com;U2192@dtaa.com;U7171@dtaa.com,,,MA0012@dtaa.com,96715,0,
{E-0008845},08/05/2026 21:57:34,DA0003,PC-1003,U3108@dtaa.com;U1432@dtaa.com,,,DA0003@dtaa.com,394653,0,
{E-0000474},08/05/2026 22:01:34,AA0000,PC-1000,U9530@dtaa.com;U3942@dtaa.com;U7108@dtaa.com;U7102@dtaa.com,,,AA0000@dtaa.com,361667,0,
{E-0027179},08/05/2026 22:05:34,NA0013,PC-1013,U6074@dtaa.com;U5456@dtaa.com;U2585@dtaa.com,,,NA0013@dtaa.com,281438,0,
{E-0025224},08/05/2026 22:14:34,MA0012,PC-1012,U3117@dtaa.com,,,MA0012@dtaa.com,143940,1,
{E-0011232},08/05/2026 22:16:34,EA0004,PC-1004,U5933@dtaa.com;U6518@dtaa.com;U7131@dtaa.com;U7776@dtaa.com,,,EA0004@dtaa.com,270667,0,
{E-0014257},08/05/2026 22:17:34,GA0006,PC-1006,U1174@dtaa.com;U5075@dtaa.com;U7669@dtaa.com;U8960@dtaa.com,,,GA0006@dtaa.com,41438,1,
{E-0021244},08/05/2026 22:19:34,KA0010,PC-1010,U2425@dtaa.com;U8539@dtaa.com,,,KA0010@dtaa.com,157933,0,
{E-0021243},08/05/2026 22:29:34,KA0010,PC-1010,U9857@dtaa.com;U2027@dtaa.com,,,KA0010@dtaa.com,106515,1,
{E-0034349},08/05/2026 22:37:34,RA0017,PC-1017,U4091@dtaa.com;U7827@dtaa.com,,,RA0017@dtaa.com,190472,0,
{E-0005712},08/05/2026 23:04:34,CA0002,PC-1002,U8465@dtaa.com;U4215@dtaa.com;U4924@dtaa.com;U2482@dtaa.com,,,CA0002@dtaa.com,396181,0,
{E-0027183},08/05/2026 23:04:34,NA0013,PC-1013,U7214@dtaa.com;U7670@dtaa.com;U6291@dtaa.com;U7675@dtaa.com,,,NA0013@dtaa.com,136167,0,
{E-0027182},08/05/2026 23:05:34,NA0013,PC-1013,U7120@dtaa.com;U9260@dtaa.com;U9712@dtaa.com;U9127@dtaa.com,,,NA0013@dtaa.com,357542,0,
{E-0000475},08/05/2026 23:08:34,AA0000,PC-1000,U2996@dtaa.com;U1117@dtaa.com;U7857@dtaa.com,,,AA0000@dtaa.com,96101,0,
{E-0000476},08/05/2026 23:14:34,AA0000,PC-1000,U8192@dtaa.com;U6222@dtaa.com,,,AA0000@dtaa.com,167209,1,
{E-0021245},08/05/2026 23:14:34,KA0010,PC-1010,U1167@dtaa.com;U5078@dtaa.com;U3260@dtaa.com,,,KA0010@dtaa.com,351943,1,
{E-0029002},08/05/2026 23:14:34,OA0014,PC-1014,U6952@dtaa.com,,,OA0014@dtaa.com,59711,1,
{E-0025218},08/05/2026 23:33:34,MA0012,PC-1012,U5535@dtaa.com;U5690@dtaa.com,,,MA0012@dtaa.com,147202,0,
{E-0031460},08/05/2026 23:33:34,PA0015,PC-1015,U4638@dtaa.com;U1849@dtaa.com,,,PA0015@dtaa.com,348787,0,
{E-0014255},08/05/2026 23:41:34,GA0006,PC-1006,U6162@dtaa.com;U9606@dtaa.com;U6491@dtaa.com;U1416@dtaa.com,,,GA0006@dtaa.com,275737,0,
{E-0019191},08/05/2026 23:42:34,JA0009,PC-1009,U4057@dtaa.com;U7587@dtaa.com;U5495@dtaa.com;U6458@dtaa.com,,,JA0009@dtaa.com,158791,1,
{E-0025219},08/06/2026 00:02:34,MA0012,PC-1012,U4874@dtaa.com;U3366@dtaa.com;U5323@dtaa.com;U7802@dtaa.com,,,MA0012@dtaa.com,281574,1,
{E-0011233},08/06/2026 00:06:34,EA0004,PC-1004,U7402@dtaa.com;U1659@dtaa.com;U6001@dtaa.com,,,EA0004@dtaa.com,185413,1,
{E-0014254},08/06/2026 00:08:34,GA0006,PC-1006,U7818@dtaa.com,,,GA0006@dtaa.com,286390,1,
{E-0031459},08/06/2026 00:28:34,PA0015,PC-1015,U6143@dtaa.com;U5994@dtaa.com;U7490@dtaa.com,,,PA0015@dtaa.com,325319,0,
{E-0032980},08/06/2026 00:28:34,QA0016,PC-1016,U2021@dtaa.com,,,QA0016@dtaa.com,35147,0,
{E-0017417},08/06/2026 00:32:34,IA0008,PC-1008,U7931@dtaa.com;U2223@dtaa.com;U5012@dtaa.com,,,IA0008@dtaa.com,383211,0,
{E-0023195},08/06/2026 00:34:34,LA0011,PC-1011,U9579@dtaa.com;U9274@dtaa.com,,,LA0011@dtaa.com,185061,0,
{E-0032981},08/06/2026 00:44:34,QA0016,PC-1016,U5584@dtaa.com;U5771@dtaa.com;U9909@dtaa.com;U5488@dtaa.com,,,QA0016@dtaa.com,32008,1,
{E-0025220},08/06/2026 00:51:34,MA0012,PC-1012,U1540@dtaa.com;U4296@dtaa.com;U5861@dtaa.com;U3306@dtaa.com,,,MA0012@dtaa.com,70735,0,
{E-0005714},08/06/2026 00:55:34,CA0002,PC-1002,U7360@dtaa.com,,,CA0002@dtaa.com,333335,0,
{E-0029004},08/06/2026 01:11:34,OA0014,PC-1014,U2867@dtaa.com,,,OA0014@dtaa.com,252713,1,
{E-0014258},08/06/2026 01:21:34,GA0006,PC-1006,U5281@dtaa.com;U4739@dtaa.com;U5840@dtaa.com,,,GA0006@dtaa.com,194384,0,
{E-0034347},08/06/2026 01:28:34,RA0017,PC-1017,U7226@dtaa.com;U3118@dtaa.com;U9519@dtaa.com;U6038@dtaa.com,,,RA0017@dtaa.com,299910,1,
{E-0025222},08/06/2026 01:32:34,MA0012,PC-1012,U1711@dtaa.com;U2325@dtaa.com;U5727@dtaa.com,,,MA0012@dtaa.com,356632,0,
{E-0019193},08/06/2026 02:02:34,JA0009,PC-1009,U1332@dtaa.com;U8590@dtaa.com,,,JA0009@dtaa.com,331461,1,
{E-0025223},08/06/2026 02:15:34,MA0012,PC-1012,U6491@dtaa.com;U6929@dtaa.com;U9825@dtaa.com;U6154@dtaa.com,,,MA0012@dtaa.com,338625,1,
{E-0029003},08/06/2026 02:21:34,OA0014,PC-1014,U7520@dtaa.com;U7992@dtaa.com;U2499@dtaa.com;U8585@dtaa.com,,,OA0014@dtaa.com,346061,0,
{E-0021246},08/06/2026 02:23:34,KA0010,PC-1010,U9940@dtaa.com,,,KA0010@dtaa.com,393709,0,
{E-0029001},08/06/2026 02:24:34,OA0014,PC-1014,U6492@dtaa.com;U5531@dtaa.com;U8988@dtaa.com,,,OA0014@dtaa.com,269562,0,
{E-0000472},08/06/2026 02:31:34,AA0000,PC-1000,U7896@dtaa.com;U5201@dtaa.com,,,AA0000@dtaa.com,163291,0,
{E-0023193},08/06/2026 02:51:34,LA0011,PC-1011,U9820@dtaa.com;U5628@dtaa.com;U8489@dtaa.com;U2079@dtaa.com,,,LA0011@dtaa.com,118987,0,
{E-0014256},08/06/2026 02:53:34,GA0006,PC-1006,U5977@dtaa.com,,,GA0006@dtaa.com,324647,0,
{E-0027181},08/06/2026 03:05:34,NA0013,PC-1013,U4321@dtaa.com,,,NA0013@dtaa.com,321176,0,
{E-0017418},08/06/2026 03:20:34,IA0008,PC-1008,U9576@dtaa.com;U7829@dtaa.com;U1165@dtaa.com;U1825@dtaa.com,,,IA0008@dtaa.com,239326,0,
{E-0000471},08/06/2026 03:24:34,AA0000,PC-1000,U9143@dtaa.com;U3139@dtaa.com,,,AA0000@dtaa.com,372073,0,
{E-0032982},08/06/2026 03:40:34,QA0016,PC-1016,U2718@dtaa.com;U5829@dtaa.com,,,QA0016@dtaa.com,223739,1,
{E-0023192},08/06/2026 04:13:34,LA0011,PC-1011,U7971@dtaa.com,,,LA0011@dtaa.com,333958,1,
{E-0005715},08/06/2026 05:23:34,CA0002,PC-1002,U3325@dtaa.com;U6783@dtaa.com,,,CA0002@dtaa.com,342280,1,
{E-0005713},08/06/2026 06:09:34,CA0002,PC-1002,U3143@dtaa.com,,,CA0002@dtaa.com,54030,1,
{E-0027228},08/06/2026 18:38:34,NA0013,PC-1013,U2394@dtaa.com;U9488@dtaa.com,,,NA0013@dtaa.com,170010,0,
{E-0029042},08/06/2026 19:38:34,OA0014,PC-1014,U8160@dtaa.com;U1928@dtaa.com;U4048@dtaa.com;U8317@dtaa.com,,,OA0014@dtaa.com,213175,0,
{E-0021281},08/06/2026 19:40:34,KA0010,PC-1010,U3610@dtaa.com;U2282@dtaa.com;U2627@dtaa.com;U4848@dtaa.com,,,KA0010@dtaa.com,30471,0,
{E-0033009},08/06/2026 19:45:34,QA0016,PC-1016,U9125@dtaa.com,,,QA0016@dtaa.com,153776,0,
{E-0025274},08/06/2026 20:14:34,MA0012,PC-1012,U8916@dtaa.com;U1152@dtaa.com;U4376@dtaa.com,,,MA0012@dtaa.com,220229,0,
{E-0011275},08/06/2026 20:19:34,EA0004,PC-1004,U4241@dtaa.com;U6234@dtaa.com;U5629@dtaa.com,,,EA0004@dtaa.com,87348,0,
{E-0000550},08/06/2026 20:29:34,AA0000,PC-1000,U2322@dtaa.com;U9659@dtaa.com,,,AA0000@dtaa.com,271432,0,
{E-0014334},08/06/2026 20:29:34,GA0006,PC-1006,U7546@dtaa.com,,,GA0006@dtaa.com,268268,1,
{E-0008904},08/06/2026 20:45:34,DA0003,PC-1003,U5812@dtaa.com;U7913@dtaa.com;U2619@dtaa.com,,,DA0003@dtaa.com,155844,0,
{E-0033012},08/06/2026 20:54:34,QA0016,PC-1016,U6011@dtaa.com;U2780@dtaa.com;U3621@dtaa.com;U2774@dtaa.com,,,QA0016@dtaa.com,369727,0,
{E-0031490},08/06/2026 21:09:34,PA0015,PC-1015,U2917@dtaa.com;U9242@dtaa.com;U9419@dtaa.com,,,PA0015@dtaa.com,399503,0,
{E-0029041},08/06/2026 21:10:34,OA0014,PC-1014,U3175@dtaa.com;U3718@dtaa.com;U2641@dtaa.com;U7916@dtaa.com,,,OA0014@dtaa.com,88172,1,
{E-0011279},08/06/2026 21:17:34,EA0004,PC-1004,U2612@dtaa.com;U1301@dtaa.com;U7256@dtaa.com,,,EA0004@dtaa.com,390150,0,
{E-0011272},08/06/2026 21:20:34,EA0004,PC-1004,U8215@dtaa.com;U5266@dtaa.com;U8733@dtaa.com,,,EA0004@dtaa.com,111581,0,
{E-0025273},08/06/2026 21:39:34,MA0012,PC-1012,U9021@dtaa.com;U3261@dtaa.com;U2476@dtaa.com;U8637@dtaa.com,,,MA0012@dtaa.com,185597,0,
{E-0014331},08/06/2026 21:45:34,GA0006,PC-1006,U5448@dtaa.com;U1294@dtaa.com;U5012@dtaa.com,,,GA0006@dtaa.com,364588,0,
{E-0014333},08/06/2026 21:58:34,GA0006,PC-1006,U8803@dtaa.com;U8029@dtaa.com,,,GA0006@dtaa.com,171971,0,
{E-0000551},08/06/2026 22:01:34,AA0000,PC-1000,U3935@dtaa.com,,,AA0000@dtaa.com,98733,0,
{E-0019241},08/06/2026 22:01:34,JA0009,PC-1009,U8224@dtaa.com;U5746@dtaa.com;U4725@dtaa.com,,,JA0009@dtaa.com,81299,0,
{E-0012622},08/06/2026 22:12:34,FA0005,PC-1005,U8411@dtaa.com;U3938@dtaa.com,,,FA0005@dtaa.com,357252,0,
{E-0021282},08/06/2026 22:12:34,KA0010,PC-1010,U4708@dtaa.com;U7113@dtaa.com;U6146@dtaa.com;U2318@dtaa.com,,,KA0010@dtaa.com,266490,1,
{E-0016386},08/06/2026 22:18:34,HA0007,PC-1007,U3930@dtaa.com;U4221@dtaa.com;U7814@dtaa.com;U2730@dtaa.com,,,HA0007@dtaa.com,291745,0,
{E-0021279},08/06/2026 22:18:34,KA0010,PC-1010,U7238@dtaa.com;U6253@dtaa.com;U2263@dtaa.com,,,KA0010@dtaa.com,29380,0,
{E-0023236},08/06/2026 22:18:34,LA0011,PC-1011,U7152@dtaa.com;U2388@dtaa.com;U9698@dtaa.com,,,LA0011@dtaa.com,397530,0,
{E-0029043},08/06/2026 22:18:34,OA0014,PC-1014,U5064@dtaa.com;U1534@dtaa.com;U6232@dtaa.com;U6215@dtaa.com,,,OA0014@dtaa.com,346144,1,
{E-0019240},08/06/2026 22:19:34,JA0009,PC-1009,U2854@dtaa.com;U6248@dtaa.com;U2333@dtaa.com,,,JA0009@dtaa.com,266513,0,
{E-0023235},08/06/2026 22:35:34,LA0011,PC-1011,U1126@dtaa.com;U5723@dtaa.com;U5262@dtaa.com,,,LA0011@dtaa.com,291214,0,
{E-0019239},08/06/2026 22:50:34,JA0009,PC-1009,U7991@dtaa.com;U7192@dtaa.com;U3713@dtaa.com;U8748@dtaa.com,,,JA0009@dtaa.com,288484,0,
{E-0011278},08/06/2026 23:14:34,EA0004,PC-1004,U5574@dtaa.com;U1900@dtaa.com;U4341@dtaa.com,,,EA0004@dtaa.com,296211,0,
{E-0027229},08/06/2026 23:20:34,NA0013,PC-1013,U8818@dtaa.com,,,NA0013@dtaa.com,147007,0,
{E-0025271},08/06/2026 23:30:34,MA0012,PC-1012,U3514@dtaa.com,,,MA0012@dtaa.com,28595,0,
{E-0027227},08/06/2026 23:34:34,NA0013,PC-1013,U9519@dtaa.com;U2455@dtaa.com,,,NA0013@dtaa.com,112310,0,
{E-0031493},08/06/2026 23:40:34,PA0015,PC-1015,U8233@dtaa.com;U7682@dtaa.com;U3194@dtaa.com,,,PA0015@dtaa.com,182044,0,
{E-0027230},08/06/2026 23:41:34,NA0013,PC-1013,U3475@dtaa.com;U6150@dtaa.com,,,NA0013@dtaa.com,121621,1,
{E-0011274},08/06/2026 23:52:34,EA0004,PC-1004,U2366@dtaa.com;U8536@dtaa.com;U7189@dtaa.com;U7833@dtaa.com,,,EA0004@dtaa.com,362407,0,
{E-0011276},08/06/2026 23:56:34,EA0004,PC-1004,U1783@dtaa.com;U9401@dtaa.com,,,EA0004@dtaa.com,148911,0,
{E-0014332},08/07/2026 00:02:34,GA0006,PC-1006,U3039@dtaa.com;U6111@dtaa.com,,,GA0006@dtaa.com,298498,0,
{E-0027231},08/07/2026 00:05:34,NA0013,PC-1013,U1145@dtaa.com,,,NA0013@dtaa.com,317656,0,
{E-0023234},08/07/2026 00:25:34,LA0011,PC-1011,U1173@dtaa.com,,,LA0011@dtaa.com,146041,1,
{E-0031489},08/07/2026 00:27:34,PA0015,PC-1015,U1744@dtaa.com;U8498@dtaa.com;U7608@dtaa.com,,,PA0015@dtaa.com,215576,1,
{E-0017471},08/07/2026 01:08:34,IA0008,PC-1008,U5393@dtaa.com;U3839@dtaa.com;U5775@dtaa.com,,,IA0008@dtaa.com,263379,0,
{E-0031492},08/07/2026 01:20:34,PA0015,PC-1015,U5797@dtaa.com;U1198@dtaa.com,,,PA0015@dtaa.com,149679,1,
{E-0003043},08/07/2026 01:34:34,BA0001,PC-1001,U7293@dtaa.com,,,BA0001@dtaa.com,288268,0,
{E-0033008},08/07/2026 02:00:34,QA0016,PC-1016,U2454@dtaa.com;U7014@dtaa.com;U1660@dtaa.com,,,QA0016@dtaa.com,197950,0,
{E-0033010},08/07/2026 02:01:34,QA0016,PC-1016,U6434@dtaa.com,,,QA0016@dtaa.com,267438,0,
{E-0012624},08/07/2026 02:09:34,FA0005,PC-1005,U1365@dtaa.com;U1066@dtaa.com,,,FA0005@dtaa.com,395713,0,
{E-0017470},08/07/2026 02:16:34,IA0008,PC-1008,U5350@dtaa.com;U7875@dtaa.com,,,IA0008@dtaa.com,147388,0,
{E-0025275},08/07/2026 02:22:34,MA0012,PC-1012,U5704@dtaa.com,,,MA0012@dtaa.com,243454,0,
{E-0025272},08/07/2026 02:32:34,MA0012,PC-1012,U9046@dtaa.com;U8529@dtaa.com;U2207@dtaa.com,,,MA0012@dtaa.com,356005,0,
{E-0005795},08/07/2026 02:39:34,CA0002,PC-1002,U9272@dtaa.com;U5448@dtaa.com;U5920@dtaa.com,,,CA0002@dtaa.com,172094,0,
{E-0027232},08/07/2026 02:49:34,NA0013,PC-1013,U5314@dtaa.com;U1470@dtaa.com;U9982@dtaa.com,,,NA0013@dtaa.com,25151,0,
{E-0021280},08/07/2026 02:51:34,KA0010,PC-1010,U3161@dtaa.com;U6614@dtaa.com;U4426@dtaa.com,,,KA0010@dtaa.com,249806,1,
{E-0011277},08/07/2026 02:52:34,EA0004,PC-1004,U1687@dtaa.com;U2879@dtaa.com;U4020@dtaa.com,,,EA0004@dtaa.com,66124,0,
{E-0033013},08/07/2026 03:21:34,QA0016,PC-1016,U2629@dtaa.com;U5154@dtaa.com,,,QA0016@dtaa.com,332057,1,
{E-0031491},08/07/2026 03:29:34,PA0015,PC-1015,U6757@dtaa.com;U1747@dtaa.com;U7221@dtaa.com,,,PA0015@dtaa.com,56683,1,
{E-0033011},08/07/2026 03:35:34,QA0016,PC-1016,U1889@dtaa.com;U3059@dtaa.com;U9008@dtaa.com,,,QA0016@dtaa.com,330779,1,
{E-0034371},08/07/2026 04:00:34,RA0017,PC-1017,U8974@dtaa.com;U4498@dtaa.com;U5980@dtaa.com,,,RA0017@dtaa.com,162199,1,
{E-0011273},08/07/2026 04:01:34,EA0004,PC-1004,U8311@dtaa.com;U2218@dtaa.com;U8790@dtaa.com;U1521@dtaa.com,,,EA0004@dtaa.com,35325,0,
{E-0005796},08/07/2026 04:08:34,CA0002,PC-1002,U2557@dtaa.com;U7042@dtaa.com;U9710@dtaa.com,,,CA0002@dtaa.com,336863,0,
{E-0021278},08/07/2026 04:24:34,KA0010,PC-1010,U2452@dtaa.com;U3280@dtaa.com,,,KA0010@dtaa.com,108566,0,
{E-0033007},08/07/2026 04:30:34,QA0016,PC-1016,U2540@dtaa.com;U3328@dtaa.com,,,QA0016@dtaa.com,87890,0,
{E-0012623},08/07/2026 04:56:34,FA0005,PC-1005,U1905@dtaa.com,,,FA0005@dtaa.com,185219,0,
{E-0034370},08/07/2026 05:09:34,RA0017,PC-1017,U4313@dtaa.com,,,RA0017@dtaa.com,32712,0,
{E-0012625},08/07/2026 05:47:34,FA0005,PC-1005,U7733@dtaa.com;U5907@dtaa.com;U8568@dtaa.com,,,FA0005@dtaa.com,377173,0,
{E-0005797},08/07/2026 06:23:34,CA0002,PC-1002,U5216@dtaa.com;U8256@dtaa.com;U7723@dtaa.com;U3944@dtaa.com,,,CA0002@dtaa.com,225069,0,
{E-0017515},08/09/2026 19:27:34,IA0008,PC-1008,U8686@dtaa.com,,,IA0008@dtaa.com,342141,0,
{E-0027265},08/09/2026 19:43:34,NA0013,PC-1013,U8928@dtaa.com,,,NA0013@dtaa.com,308137,0,
{E-0000611},08/09/2026 19:55:34,AA0000,PC-1000,U8123@dtaa.com;U3496@dtaa.com;U8308@dtaa.com,,,AA0000@dtaa.com,125502,1,
{E-0019301},08/09/2026 20:10:34,JA0009,PC-1009,U1228@dtaa.com,,,JA0009@dtaa.com,117142,1,
{E-0023272},08/09/2026 20:16:34,LA0011,PC-1011,U3700@dtaa.com;U3733@dtaa.com;U7016@dtaa.com,,,LA0011@dtaa.com,98672,0,
{E-0000609},08/09/2026 20:36:34,AA0000,PC-1000,U2100@dtaa.com;U5357@dtaa.com;U3084@dtaa.com,,,AA0000@dtaa.com,43849,0,
{E-0033053},08/09/2026 20:46:34,QA0016,PC-1016,U4166@dtaa.com;U6644@dtaa.com;U3330@dtaa.com,,,QA0016@dtaa.com,314499,0,
{E-0000607},08/09/2026 20:49:34,AA0000,PC-1000,U9745@dtaa.com;U9727@dtaa.com,,,AA0000@dtaa.com,184773,1,
{E-0000608},08/09/2026 20:58:34,AA0000,PC-1000,U4964@dtaa.com;U7290@dtaa.com,,,AA0000@dtaa.com,90408,0,
{E-0011299},08/09/2026 21:20:34,EA0004,PC-1004,U2706@dtaa.com;U3721@dtaa.com,,,EA0004@dtaa.com,105186,0,
{E-0005867},08/09/2026 21:25:34,CA0002,PC-1002,U9149@dtaa.com;U5296@dtaa.com;U9919@dtaa.com,,,CA0002@dtaa.com,328530,0,
{E-0029116},08/09/2026 21:36:34,OA0014,PC-1014,U2441@dtaa.com;U7440@dtaa.com,,,OA0014@dtaa.com,319906,0,
{E-0025315},08/09/2026 21:42:34,MA0012,PC-1012,U1150@dtaa.com;U7762@dtaa.com,,,MA0012@dtaa.com,158670,1,
{E-0034382},08/09/2026 21:42:34,RA0017,PC-1017,U1392@dtaa.com;U2266@dtaa.com;U5690@dtaa.com,,,RA0017@dtaa.com,271266,0,
{E-0023274},08/09/2026 21:55:34,LA0011,PC-1011,U9220@dtaa.com,,,LA0011@dtaa.com,197752,0,
{E-0014400},08/09/2026 22:01:34,GA0006,PC-1006,U2171@dtaa.com,,,GA0006@dtaa.com,112970,0,
{E-0027263},08/09/2026 22:03:34,NA0013,PC-1013,U3585@dtaa.com;U9358@dtaa.com;U5427@dtaa.com,,,NA0013@dtaa.com,76238,1,
{E-0029119},08/09/2026 22:14:34,OA0014,PC-1014,U4722@dtaa.com;U3508@dtaa.com;U3252@dtaa.com;U9786@dtaa.com,,,OA0014@dtaa.com,43485,0,
{E-0019304},08/09/2026 22:18:34,JA0009,PC-1009,U7404@dtaa.com,,,JA0009@dtaa.com,172618,0,
{E-0021326},08/09/2026 22:21:34,KA0010,PC-1010,U2132@dtaa.com,,,KA0010@dtaa.com,101316,0,
{E-0000610},08/09/2026 22:40:34,AA0000,PC-1000,U1344@dtaa.com;U3602@dtaa.com,,,AA0000@dtaa.com,161895,1,
{E-0005864},08/09/2026 22:51:34,CA0002,PC-1002,U5203@dtaa.com;U2322@dtaa.com;U6082@dtaa.com,,,CA0002@dtaa.com,212493,0,
{E-0029117},08/09/2026 22:55:34,OA0014,PC-1014,U4297@dtaa.com;U7750@dtaa.com,,,OA0014@dtaa.com,298748,0,
{E-0008957},08/09/2026 22:57:34,DA0003,PC-1003,U3190@dtaa.com;U5812@dtaa.com;U6186@dtaa.com,,,DA0003@dtaa.com,350190,1,
{E-0029115},08/09/2026 23:09:34,OA0014,PC-1014,U9862@dtaa.com;U6710@dtaa.com;U6152@dtaa.com,,,OA0014@dtaa.com,26730,0,
{E-0008956},08/09/2026 23:13:34,DA0003,PC-1003,U7454@dtaa.com;U3523@dtaa.com;U3632@dtaa.com;U5315@dtaa.com,,,DA0003@dtaa.com,189596,0,
{E-0031528},08/09/2026 23:20:34,PA0015,PC-1015,U1359@dtaa.com,,,PA0015@dtaa.com,55752,0,
{E-0008955},08/09/2026 23:35:34,DA0003,PC-1003,U8331@dtaa.com;U4282@dtaa.com;U9962@dtaa.com,,,DA0003@dtaa.com,240986,1,
{E-0005866},08/09/2026 23:36:34,CA0002,PC-1002,U4252@dtaa.com;U1541@dtaa.com;U2077@dtaa.com,,,CA0002@dtaa.com,89259,0,
{E-0023276},08/09/2026 23:46:34,LA0011,PC-1011,U3589@dtaa.com;U4228@dtaa.com;U4921@dtaa.com,,,LA0011@dtaa.com,129974,1,
{E-0027264},08/09/2026 23:48:34,NA0013,PC-1013,U1863@dtaa.com;U4643@dtaa.com,,,NA0013@dtaa.com,44352,0,
{E-0011301},08/10/2026 00:26:34,EA0004,PC-1004,U9361@dtaa.com,,,EA0004@dtaa.com,379339,1,
{E-0033049},08/10/2026 00:30:34,QA0016,PC-1016,U7208@dtaa.com;U4934@dtaa.com;U6725@dtaa.com,,,QA0016@dtaa.com,322947,0,
{E-0031526},08/10/2026 00:31:34,PA0015,PC-1015,U9820@dtaa.com;U7154@dtaa.com;U2028@dtaa.com,,,PA0015@dtaa.com,133253,1,
{E-0019305},08/10/2026 00:46:34,JA0009,PC-1009,U6851@dtaa.com;U9551@dtaa.com,,,JA0009@dtaa.com,28433,0,
{E-0023270},08/10/2026 00:49:34,LA0011,PC-1011,U9565@dtaa.com;U7575@dtaa.com;U8027@dtaa.com,,,LA0011@dtaa.com,103388,0,
{E-0025316},08/10/2026 00:55:34,MA0012,PC-1012,U5292@dtaa.com;U8594@dtaa.com;U8884@dtaa.com;U1473@dtaa.com,,,MA0012@dtaa.com,211911,0,
{E-0011300},08/10/2026 01:08:34,EA0004,PC-1004,U5797@dtaa.com;U5591@dtaa.com,,,EA0004@dtaa.com,224764,0,
{E-0017514},08/10/2026 01:12:34,IA0008,PC-1008,U7999@dtaa.com,,,IA0008@dtaa.com,266288,0,
{E-0019303},08/10/2026 02:03:34,JA0009,PC-1009,U6793@dtaa.com;U9452@dtaa.com;U5271@dtaa.com;U4514@dtaa.com,,,JA0009@dtaa.com,320999,1,
{E-0025318},08/10/2026 02:05:34,MA0012,PC-1012,U1355@dtaa.com;U2797@dtaa.com;U6420@dtaa.com;U4100@dtaa.com,,,MA0012@dtaa.com,296549,0,
{E-0019302},08/10/2026 02:06:34,JA0009,PC-1009,U9672@dtaa.com;U4129@dtaa.com;U1684@dtaa.com,,,JA0009@dtaa.com,297712,1,
{E-0031527},08/10/2026 02:13:34,PA0015,PC-1015,U4570@dtaa.com,,,PA0015@dtaa.com,175465,1,
{E-0025317},08/10/2026 02:14:34,MA0012,PC-1012,U8467@dtaa.com;U9032@dtaa.com;U8074@dtaa.com,,,MA0012@dtaa.com,218337,1,
{E-0017513},08/10/2026 02:15:34,IA0008,PC-1008,U6569@dtaa.com,,,IA0008@dtaa.com,104103,0,
{E-0023273},08/10/2026 02:31:34,LA0011,PC-1011,U5871@dtaa.com,,,LA0011@dtaa.com,228540,0,
{E-0029118},08/10/2026 02:35:34,OA0014,PC-1014,U2881@dtaa.com,,,OA0014@dtaa.com,229449,1,
{E-0033051},08/10/2026 03:17:34,QA0016,PC-1016,U1332@dtaa.com;U9060@dtaa.com;U8895@dtaa.com,,,QA0016@dtaa.com,230459,0,
{E-0023275},08/10/2026 03:55:34,LA0011,PC-1011,U2612@dtaa.com,,,LA0011@dtaa.com,312243,0,
{E-0023271},08/10/2026 04:09:34,LA0011,PC-1011,U5782@dtaa.com;U9742@dtaa.com;U8823@dtaa.com,,,LA0011@dtaa.com,118678,0,
{E-0021327},08/10/2026 04:42:34,KA0010,PC-1010,U9159@dtaa.com;U3466@dtaa.com,,,KA0010@dtaa.com,312555,0,
{E-0027266},08/10/2026 04:45:34,NA0013,PC-1013,U9523@dtaa.com,,,NA0013@dtaa.com,203920,0,
{E-0031525},08/10/2026 04:55:34,PA0015,PC-1015,U6156@dtaa.com;U3267@dtaa.com,,,PA0015@dtaa.com,329905,0,
{E-0033050},08/10/2026 05:06:34,QA0016,PC-1016,U2115@dtaa.com;U8342@dtaa.com;U1184@dtaa.com;U9336@dtaa.com,,,QA0016@dtaa.com,313334,0,
{E-0033052},08/10/2026 05:13:34,QA0016,PC-1016,U5006@dtaa.com;U6260@dtaa.com;U6242@dtaa.com,,,QA0016@dtaa.com,254677,0,
{E-0005865},08/10/2026 05:45:34,CA0002,PC-1002,U6758@dtaa.com;U9462@dtaa.com;U2548@dtaa.com,,,CA0002@dtaa.com,186890,0,
{E-0027295},08/10/2026 19:27:34,NA0013,PC-1013,U2578@dtaa.com;U4724@dtaa.com;U7646@dtaa.com;U2052@dtaa.com,,,NA0013@dtaa.com,66479,1,
{E-0017548},08/10/2026 19:38:34,IA0008,PC-1008,U1455@dtaa.com;U7970@dtaa.com;U1501@dtaa.com,,,IA0008@dtaa.com,63200,0,
{E-0023324},08/10/2026 19:38:34,LA0011,PC-1011,U4956@dtaa.com;U5002@dtaa.com;U2318@dtaa.com,,,LA0011@dtaa.com,318094,0,
{E-0031568},08/10/2026 20:49:34,PA0015,PC-1015,U6172@dtaa.com,,,PA0015@dtaa.com,224213,0,
{E-0025367},08/10/2026 20:52:34,MA0012,PC-1012,U4964@dtaa.com;U9863@dtaa.com;U4726@dtaa.com;U5316@dtaa.com,,,MA0012@dtaa.com,346072,0,
{E-0031567},08/10/2026 21:13:34,PA0015,PC-1015,U2679@dtaa.com,,,PA0015@dtaa.com,59529,0,
{E-0029168},08/10/2026 21:19:34,OA0014,PC-1014,U4525@dtaa.com;U5873@dtaa.com;U6061@dtaa.com,,,OA0014@dtaa.com,260242,0,
{E-0031566},08/10/2026 21:20:34,PA0015,PC-1015,U5644@dtaa.com;U2333@dtaa.com;U1162@dtaa.com,,,PA0015@dtaa.com,305912,0,
{E-0025368},08/10/2026 21:30:34,MA0012,PC-1012,U3586@dtaa.com;U7001@dtaa.com;U3574@dtaa.com,,,MA0012@dtaa.com,92978,0,
{E-0031570},08/10/2026 21:44:34,PA0015,PC-1015,U4488@dtaa.com;U9552@dtaa.com;U1172@dtaa.com,,,PA0015@dtaa.com,38214,0,
{E-0005945},08/10/2026 21:55:34,CA0002,PC-1002,U8862@dtaa.com;U3397@dtaa.com;U5409@dtaa.com;U7939@dtaa.com,,,CA0002@dtaa.com,294052,0,
{E-0025371},08/10/2026 21:55:34,MA0012,PC-1012,U2297@dtaa.com;U9968@dtaa.com;U7064@dtaa.com,,,MA0012@dtaa.com,145596,1,
{E-0021374},08/10/2026 22:16:34,KA0010,PC-1010,U2181@dtaa.com;U7492@dtaa.com;U8450@dtaa.com,,,KA0010@dtaa.com,186523,0,
{E-0025370},08/10/2026 22:30:34,MA0012,PC-1012,U6477@dtaa.com;U2178@dtaa.com,,,MA0012@dtaa.com,142013,1,
{E-0005947},08/10/2026 22:31:34,CA0002,PC-1002,U8766@dtaa.com,,,CA0002@dtaa.com,25932,0,
{E-0017549},08/10/2026 22:45:34,IA0008,PC-1008,U2155@dtaa.com;U1355@dtaa.com,,,IA0008@dtaa.com,106342,0,
{E-0027294},08/10/2026 22:48:34,NA0013,PC-1013,U6119@dtaa.com;U6435@dtaa.com;U3709@dtaa.com,,,NA0013@dtaa.com,207552,0,
{E-0000662},08/10/2026 22:52:34,AA0000,PC-1000,U4519@dtaa.com;U4010@dtaa.com,,,AA0000@dtaa.com,103162,1,
{E-0019349},08/10/2026 22:53:34,JA0009,PC-1009,U7909@dtaa.com;U3070@dtaa.com;U2845@dtaa.com;U7911@dtaa.com,,,JA0009@dtaa.com,324297,1,
{E-0029166},08/10/2026 22:53:34,OA0014,PC-1014,U4091@dtaa.com,,,OA0014@dtaa.com,140607,1,
{E-0017551},08/10/2026 23:02:34,IA0008,PC-1008,U9569@dtaa.com;U2614@dtaa.com,,,IA0008@dtaa.com,369591,0,
{E-0012688},08/10/2026 23:04:34,FA0005,PC-1005,U7762@dtaa.com;U7391@dtaa.com,,,FA0005@dtaa.com,397041,0,
{E-0011338},08/10/2026 23:10:34,EA0004,PC-1004,U6197@dtaa.com,,,EA0004@dtaa.com,125697,0,
{E-0017550},08/10/2026 23:39:34,IA0008,PC-1008,U6075@dtaa.com,,,IA0008@dtaa.com,251924,0,
{E-0025369},08/10/2026 23:53:34,MA0012,PC-1012,U3756@dtaa.com;U9442@dtaa.com,,,MA0012@dtaa.com,164304,0,
{E-0021371},08/11/2026 00:02:34,KA0010,PC-1010,U8617@dtaa.com;U5461@dtaa.com;U2472@dtaa.com;U4932@dtaa.com,,,KA0010@dtaa.com,95876,0,
{E-0033085},08/11/2026 00:04:34,QA0016,PC-1016,U1265@dtaa.com;U2034@dtaa.com;U3516@dtaa.com,,,QA0016@dtaa.com,265568,0,
{E-0027293},08/11/2026 00:14:34,NA0013,PC-1013,U4122@dtaa.com;U7699@dtaa.com,,,NA0013@dtaa.com,135413,1,
{E-0005946},08/11/2026 00:39:34,CA0002,PC-1002,U8458@dtaa.com,,,CA0002@dtaa.com,236633,1,
{E-0005949},08/11/2026 00:49:34,CA0002,PC-1002,U5603@dtaa.com;U8191@dtaa.com;U6399@dtaa.com,,,CA0002@dtaa.com,344375,0,
{E-0009005},08/11/2026 01:07:34,DA0003,PC-1003,U4517@dtaa.com,,,DA0003@dtaa.com,57070,0,
{E-0009003},08/11/2026 01:19:34,DA0003,PC-1003,U1452@dtaa.com;U9432@dtaa.com,,,DA0003@dtaa.com,265486,0,
{E-0017552},08/11/2026 01:24:34,IA0008,PC-1008,U8770@dtaa.com;U6035@dtaa.com,,,IA0008@dtaa.com,258641,0,
{E-0005943},08/11/2026 01:35:34,CA0002,PC-1002,U7768@dtaa.com;U7515@dtaa.com,,,CA0002@dtaa.com,173964,0,
{E-0014460},08/11/2026 01:40:34,GA0006,PC-1006,U2120@dtaa.com,,,GA0006@dtaa.com,196679,1,
{E-0000659},08/11/2026 01:50:34,AA0000,PC-1000,U1219@dtaa.com;U7635@dtaa.com;U7754@dtaa.com,,,AA0000@dtaa.com,335716,0,
{E-0003128},08/11/2026 01:50:34,BA0001,PC-1001,U4020@dtaa.com,,,BA0001@dtaa.com,345872,0,
{E-0000661},08/11/2026 01:58:34,AA0000,PC-1000,U7171@dtaa.com,,,AA0000@dtaa.com,299198,0,
{E-0031569},08/11/2026 02:03:34,PA0015,PC-1015,U1482@dtaa.com;U5736@dtaa.com,,,PA0015@dtaa.com,191418,0,
{E-0033086},08/11/2026 02:04:34,QA0016,PC-1016,U5300@dtaa.com,,,QA0016@dtaa.com,281538,1,
{E-0025372},08/11/2026 02:06:34,MA0012,PC-1012,U2855@dtaa.com;U4729@dtaa.com;U8213@dtaa.com;U7050@dtaa.com,,,MA0012@dtaa.com,120482,1,
{E-0021372},08/11/2026 02:13:34,KA0010,PC-1010,U1695@dtaa.com,,,KA0010@dtaa.com,387560,0,
{E-0021375},08/11/2026 03:00:34,KA0010,PC-1010,U6565@dtaa.com,,,KA0010@dtaa.com,171102,0,
{E-0009004},08/11/2026 03:11:34,DA0003,PC-1003,U6127@dtaa.com;U1996@dtaa.com;U3104@dtaa.com,,,DA0003@dtaa.com,178562,0,
{E-0005948},08/11/2026 03:27:34,CA0002,PC-1002,U1183@dtaa.com;U9618@dtaa.com,,,CA0002@dtaa.com,163064,0,
{E-0033089},08/11/2026 03:36:34,QA0016,PC-1016,U8840@dtaa.com,,,QA0016@dtaa.com,340187,0,
{E-0011337},08/11/2026 03:38:34,EA0004,PC-1004,U2356@dtaa.com;U1693@dtaa.com;U9649@dtaa.com;U5932@dtaa.com,,,EA0004@dtaa.com,176258,1,
{E-0021373},08/11/2026 03:40:34,KA0010,PC-1010,U6264@dtaa.com;U6323@dtaa.com;U8809@dtaa.com;U2387@dtaa.com,,,KA0010@dtaa.com,198496,1,
{E-0005944},08/11/2026 03:57:34,CA0002,PC-1002,U7309@dtaa.com;U7222@dtaa.com,,,CA0002@dtaa.com,214931,0,
{E-0029167},08/11/2026 04:16:34,OA0014,PC-1014,U1099@dtaa.com;U4441@dtaa.com;U8517@dtaa.com;U5461@dtaa.com,,,OA0014@dtaa.com,364978,1,
{E-0000660},08/11/2026 04:19:34,AA0000,PC-1000,U7480@dtaa.com;U9915@dtaa.com;U7620@dtaa.com;U4423@dtaa.com,,,AA0000@dtaa.com,170264,0,
{E-0033088},08/11/2026 04:39:34,QA0016,PC-1016,U7806@dtaa.com,,,QA0016@dtaa.com,315013,0,
{E-0012687},08/11/2026 04:55:34,FA0005,PC-1005,U4970@dtaa.com;U6654@dtaa.com;U2473@dtaa.com,,,FA0005@dtaa.com,129261,0,
{E-0005942},08/11/2026 05:05:34,CA0002,PC-1002,U4367@dtaa.com;U3073@dtaa.com;U9703@dtaa.com;U3339@dtaa.com,,,CA0002@dtaa.com,107412,0,
{E-0033087},08/11/2026 05:29:34,QA0016,PC-1016,U1562@dtaa.com;U3874@dtaa.com,,,QA0016@dtaa.com,54834,0,
{E-0012686},08/11/2026 05:42:34,FA0005,PC-1005,U9447@dtaa.com;U6199@dtaa.com,,,FA0005@dtaa.com,265048,1,
{E-0029241},08/11/2026 18:49:34,OA0014,PC-1014,U8446@dtaa.com;U5811@dtaa.com;U9826@dtaa.com;U7593@dtaa.com,,,OA0014@dtaa.com,192233,0,
{E-0027345},08/11/2026 19:31:34,NA0013,PC-1013,U3293@dtaa.com;U9594@dtaa.com;U9229@dtaa.com,,,NA0013@dtaa.com,193235,1,
{E-0000724},08/11/2026 19:39:34,AA0000,PC-1000,U3774@dtaa.com;U5381@dtaa.com;U7390@dtaa.com,,,AA0000@dtaa.com,399041,0,
{E-0025398},08/11/2026 20:14:34,MA0012,PC-1012,U3284@dtaa.com;U7471@dtaa.com,,,MA0012@dtaa.com,57199,0,
{E-0019393},08/11/2026 20:47:34,JA0009,PC-1009,U5573@dtaa.com;U3432@dtaa.com,,,JA0009@dtaa.com,102750,0,
{E-0006056},08/11/2026 20:48:34,CA0002,PC-1002,U1526@dtaa.com;U9307@dtaa.com;U5375@dtaa.com,,,CA0002@dtaa.com,121015,0,
{E-0000725},08/11/2026 20:52:34,AA0000,PC-1000,U7080@dtaa.com;U1309@dtaa.com;U1676@dtaa.com,,,AA0000@dtaa.com,293605,0,
{E-0031594},08/11/2026 20:52:34,PA0015,PC-1015,U2392@dtaa.com;U4694@dtaa.com;U6088@dtaa.com,,,PA0015@dtaa.com,358677,0,
{E-0031596},08/11/2026 20:52:34,PA0015,PC-1015,U4966@dtaa.com;U6006@dtaa.com;U4086@dtaa.com;U9984@dtaa.com,,,PA0015@dtaa.com,306203,1,
{E-0021415},08/11/2026 21:03:34,KA0010,PC-1010,U4175@dtaa.com;U4980@dtaa.com;U4346@dtaa.com;U3701@dtaa.com,,,KA0010@dtaa.com,103977,1,
{E-0012717},08/11/2026 21:11:34,FA0005,PC-1005,U5048@dtaa.com;U8974@dtaa.com;U4483@dtaa.com;U2563@dtaa.com,,,FA0005@dtaa.com,327242,0,
{E-0027344},08/11/2026 21:19:34,NA0013,PC-1013,U2762@dtaa.com,,,NA0013@dtaa.com,249276,1,
{E-0006054},08/11/2026 21:22:34,CA0002,PC-1002,U2766@dtaa.com;U8093@dtaa.com,,,CA0002@dtaa.com,48868,1,
{E-0025403},08/11/2026 21:26:34,MA0012,PC-1012,U6762@dtaa.com;U2525@dtaa.com;U6181@dtaa.com,,,MA0012@dtaa.com,265495,1,
{E-0014483},08/11/2026 21:31:34,GA0006,PC-1006,U3029@dtaa.com;U3874@dtaa.com,,,GA0006@dtaa.com,385637,0,
{E-0027343},08/11/2026 21:34:34,NA0013,PC-1013,U8269@dtaa.com;U1326@dtaa.com,,,NA0013@dtaa.com,56380,0,
{E-0019394},08/11/2026 21:41:34,JA0009,PC-1009,U1974@dtaa.com;U5373@dtaa.com;U3705@dtaa.com,,,JA0009@dtaa.com,188012,1,
{E-0023366},08/11/2026 21:41:34,LA0011,PC-1011,U9250@dtaa.com;U6485@dtaa.com;U2899@dtaa.com,,,LA0011@dtaa.com,48482,0,
{E-0006053},08/11/2026 21:53:34,CA0002,PC-1002,U9277@dtaa.com;U8665@dtaa.com,,,CA0002@dtaa.com,360933,1,
{E-0027341},08/11/2026 22:22:34,NA0013,PC-1013,U9874@dtaa.com;U8656@dtaa.com,,,NA0013@dtaa.com,216673,0,
{E-0029242},08/11/2026 22:39:34,OA0014,PC-1014,U7393@dtaa.com;U8164@dtaa.com;U2204@dtaa.com;U2022@dtaa.com,,,OA0014@dtaa.com,76641,1,
{E-0031597},08/11/2026 23:05:34,PA0015,PC-1015,U5482@dtaa.com;U2588@dtaa.com;U5065@dtaa.com;U5408@dtaa.com,,,PA0015@dtaa.com,27599,0,
{E-0006052},08/11/2026 23:19:34,CA0002,PC-1002,U5692@dtaa.com,,,CA0002@dtaa.com,21168,0,
{E-0012716},08/11/2026 23:27:34,FA0005,PC-1005,U6935@dtaa.com;U1848@dtaa.com,,,FA0005@dtaa.com,140793,0,
{E-0023365},08/11/2026 23:46:34,LA0011,PC-1011,U9030@dtaa.com;U4815@dtaa.com;U7296@dtaa.com;U4648@dtaa.com,,,LA0011@dtaa.com,23552,0,
{E-0000721},08/11/2026 23:58:34,AA0000,PC-1000,U4123@dtaa.com;U3478@dtaa.com;U9492@dtaa.com,,,AA0000@dtaa.com,130214,0,
{E-0029240},08/12/2026 00:01:34,OA0014,PC-1014,U4130@dtaa.com,,,OA0014@dtaa.com,25791,0,
{E-0011368},08/12/2026 00:06:34,EA0004,PC-1004,U3372@dtaa.com;U8196@dtaa.com,,,EA0004@dtaa.com,128734,0,
{E-0000722},08/12/2026 00:13:34,AA0000,PC-1000,U3543@dtaa.com;U8192@dtaa.com;U2536@dtaa.com,,,AA0000@dtaa.com,399320,0,
{E-0000723},08/12/2026 00:15:34,AA0000,PC-1000,U4343@dtaa.com;U8881@dtaa.com;U2477@dtaa.com,,,AA0000@dtaa.com,59949,1,
{E-0025399},08/12/2026 00:16:34,MA0012,PC-1012,U7042@dtaa.com,,,MA0012@dtaa.com,201198,0,
{E-0011369},08/12/2026 00:37:34,EA0004,PC-1004,U7328@dtaa.com;U5949@dtaa.com;U3018@dtaa.com;U9109@dtaa.com,,,EA0004@dtaa.com,56885,0,
{E-0016450},08/12/2026 00:41:34,HA0007,PC-1007,U5442@dtaa.com,,,HA0007@dtaa.com,329368,0,
{E-0011371},08/12/2026 00:56:34,EA0004,PC-1004,U2436@dtaa.com;U1604@dtaa.com;U4517@dtaa.com,,,EA0004@dtaa.com,337053,0,
{E-0027342},08/12/2026 00:57:34,NA0013,PC-1013,U3422@dtaa.com;U2058@dtaa.com;U2508@dtaa.com,,,NA0013@dtaa.com,79473,1,
{E-0021414},08/12/2026 01:16:34,KA0010,PC-1010,U1255@dtaa.com,,,KA0010@dtaa.com,308485,0,
{E-0014481},08/12/2026 01:41:34,GA0006,PC-1006,U1905@dtaa.com;U8013@dtaa.com;U8507@dtaa.com;U3263@dtaa.com,,,GA0006@dtaa.com,105467,0,
{E-0031595},08/12/2026 01:48:34,PA0015,PC-1015,U5334@dtaa.com,,,PA0015@dtaa.com,222031,0,
{E-0025404},08/12/2026 01:59:34,MA0012,PC-1012,U4644@dtaa.com;U2090@dtaa.com,,,MA0012@dtaa.com,287267,0,
{E-0014482},08/12/2026 02:14:34,GA0006,PC-1006,U8681@dtaa.com,,,GA0006@dtaa.com,294489,0,
{E-0023364},08/12/2026 02:27:34,LA0011,PC-1011,U6083@dtaa.com;U2579@dtaa.com;U6062@dtaa.com;U6136@dtaa.com,,,LA0011@dtaa.com,232794,0,
{E-0025402},08/12/2026 02:32:34,MA0012,PC-1012,U4555@dtaa.com;U2361@dtaa.com;U4389@dtaa.com;U9244@dtaa.com,,,MA0012@dtaa.com,159086,1,
{E-0009071},08/12/2026 02:36:34,DA0003,PC-1003,U5158@dtaa.com,,,DA0003@dtaa.com,327125,0,
{E-0006051},08/12/2026 02:42:34,CA0002,PC-1002,U7627@dtaa.com;U3897@dtaa.com;U1104@dtaa.com;U5721@dtaa.com,,,CA0002@dtaa.com,247725,1,
{E-0021417},08/12/2026 02:47:34,KA0010,PC-1010,U2578@dtaa.com;U9534@dtaa.com;U9207@dtaa.com,,,KA0010@dtaa.com,58877,0,
{E-0021416},08/12/2026 02:48:34,KA0010,PC-1010,U9033@dtaa.com;U1385@dtaa.com,,,KA0010@dtaa.com,142019,0,
{E-0011370},08/12/2026 03:00:34,EA0004,PC-1004,U7238@dtaa.com;U7753@dtaa.com,,,EA0004@dtaa.com,227383,0,
{E-0012715},08/12/2026 03:23:34,FA0005,PC-1005,U4918@dtaa.com;U5393@dtaa.com,,,FA0005@dtaa.com,253767,0,
{E-0023367},08/12/2026 03:30:34,LA0011,PC-1011,U2880@dtaa.com;U6462@dtaa.com;U8550@dtaa.com,,,LA0011@dtaa.com,53360,0,
{E-0025400},08/12/2026 04:05:34,MA0012,PC-1012,U8351@dtaa.com;U8725@dtaa.com;U5309@dtaa.com,,,MA0012@dtaa.com,305541,0,
{E-0025401},08/12/2026 04:14:34,MA0012,PC-1012,U4626@dtaa.com;U2957@dtaa.com;U1524@dtaa.com,,,MA0012@dtaa.com,227570,0,
{E-0006055},08/12/2026 04:23:34,CA0002,PC-1002,U4266@dtaa.com;U3308@dtaa.com,,,CA0002@dtaa.com,181009,0,
{E-0006050},08/12/2026 04:30:34,CA0002,PC-1002,U3340@dtaa.com,,,CA0002@dtaa.com,166231,0,
{E-0019445},08/12/2026 18:59:34,JA0009,PC-1009,U4611@dtaa.com;U8780@dtaa.com;U8407@dtaa.com;U1526@dtaa.com,,,JA0009@dtaa.com,161587,0,
{E-0023422},08/12/2026 19:26:34,LA0011,PC-1011,U8827@dtaa.com,,,LA0011@dtaa.com,328353,0,
{E-0027375},08/12/2026 19:41:34,NA0013,PC-1013,U6202@dtaa.com,,,NA0013@dtaa.com,243587,0,
{E-0021457},08/12/2026 19:55:34,KA0010,PC-1010,U1492@dtaa.com;U7857@dtaa.com,,,KA0010@dtaa.com,129465,0,
{E-0016472},08/12/2026 19:56:34,HA0007,PC-1007,U6844@dtaa.com;U5613@dtaa.com;U7926@dtaa.com,,,HA0007@dtaa.com,333292,0,
{E-0023427},08/12/2026 20:20:34,LA0011,PC-1011,U5806@dtaa.com;U2530@dtaa.com;U7547@dtaa.com,,,LA0011@dtaa.com,56108,1,
{E-0019444},08/12/2026 20:23:34,JA0009,PC-1009,U2952@dtaa.com;U5496@dtaa.com,,,JA0009@dtaa.com,219583,0,
{E-0033120},08/12/2026 20:23:34,QA0016,PC-1016,U7550@dtaa.com,,,QA0016@dtaa.com,99443,1,
{E-0027374},08/12/2026 20:35:34,NA0013,PC-1013,U9064@dtaa.com;U7038@dtaa.com,,,NA0013@dtaa.com,102766,0,
{E-0029287},08/12/2026 20:38:34,OA0014,PC-1014,U3763@dtaa.com;U2289@dtaa.com;U9671@dtaa.com,,,OA0014@dtaa.com,256152,1,
{E-0031640},08/12/2026 20:51:34,PA0015,PC-1015,U5842@dtaa.com;U3214@dtaa.com;U5031@dtaa.com,,,PA0015@dtaa.com,314321,0,
{E-0009129},08/12/2026 20:59:34,DA0003,PC-1003,U6997@dtaa.com;U9628@dtaa.com;U7357@dtaa.com,,,DA0003@dtaa.com,269024,0,
{E-0019443},08/12/2026 21:11:34,JA0009,PC-1009,U4894@dtaa.com;U8244@dtaa.com,,,JA0009@dtaa.com,313242,1,
{E-0031641},08/12/2026 21:11:34,PA0015,PC-1015,U6754@dtaa.com;U7622@dtaa.com,,,PA0015@dtaa.com,155886,1,
{E-0011399},08/12/2026 21:14:34,EA0004,PC-1004,U6027@dtaa.com;U8377@dtaa.com;U4133@dtaa.com;U9552@dtaa.com,,,EA0004@dtaa.com,196352,0,
{E-0011398},08/12/2026 21:18:34,EA0004,PC-1004,U5011@dtaa.com;U8616@dtaa.com,,,EA0004@dtaa.com,259050,0,
{E-0006127},08/12/2026 21:20:34,CA0002,PC-1002,U3170@dtaa.com;U7829@dtaa.com,,,CA0002@dtaa.com,357666,0,
{E-0017590},08/12/2026 21:32:34,IA0008,PC-1008,U9852@dtaa.com;U2779@dtaa.com,,,IA0008@dtaa.com,246465,1,
{E-0006128},08/12/2026 21:33:34,CA0002,PC-1002,U4560@dtaa.com;U6542@dtaa.com;U7385@dtaa.com;U3201@dtaa.com,,,CA0002@dtaa.com,252404,1,
{E-0029288},08/12/2026 21:35:34,OA0014,PC-1014,U2796@dtaa.com,,,OA0014@dtaa.com,379617,0,
{E-0006125},08/12/2026 21:39:34,CA0002,PC-1002,U7459@dtaa.com;U7500@dtaa.com;U8156@dtaa.com;U8785@dtaa.com,,,CA0002@dtaa.com,33070,0,
{E-0025444},08/12/2026 21:43:34,MA0012,PC-1012,U9718@dtaa.com;U5160@dtaa.com;U9719@dtaa.com;U2353@dtaa.com,,,MA0012@dtaa.com,397084,1,
{E-0033121},08/12/2026 21:47:34,QA0016,PC-1016,U7574@dtaa.com;U2969@dtaa.com;U4248@dtaa.com;U9252@dtaa.com,,,QA0016@dtaa.com,221047,1,
{E-0033123},08/12/2026 21:52:34,QA0016,PC-1016,U3987@dtaa.com;U8070@dtaa.com,,,QA0016@dtaa.com,138400,0,
{E-0023423},08/12/2026 22:02:34,LA0011,PC-1011,U8408@dtaa.com;U2649@dtaa.com,,,LA0011@dtaa.com,126944,0,
{E-0006129},08/12/2026 22:14:34,CA0002,PC-1002,U7923@dtaa.com,,,CA0002@dtaa.com,24541,0,
{E-0017591},08/12/2026 22:21:34,IA0008,PC-1008,U8147@dtaa.com,,,IA0008@dtaa.com,23341,0,
{E-0009131},08/12/2026 22:23:34,DA0003,PC-1003,U5318@dtaa.com;U4868@dtaa.com,,,DA0003@dtaa.com,43453,1,
{E-0021456},08/12/2026 22:24:34,KA0010,PC-1010,U5835@dtaa.com;U2812@dtaa.com;U5118@dtaa.com,,,KA0010@dtaa.com,87906,0,
{E-0023425},08/12/2026 22:32:34,LA0011,PC-1011,U8753@dtaa.com,,,LA0011@dtaa.com,391808,0,
{E-0019446},08/12/2026 22:37:34,JA0009,PC-1009,U6412@dtaa.com;U9345@dtaa.com,,,JA0009@dtaa.com,262137,1,
{E-0031637},08/12/2026 22:39:34,PA0015,PC-1015,U8175@dtaa.com;U4356@dtaa.com;U9112@dtaa.com,,,PA0015@dtaa.com,237311,0,
{E-0031638},08/12/2026 22:43:34,PA0015,PC-1015,U8499@dtaa.com;U5389@dtaa.com;U9316@dtaa.com;U6578@dtaa.com,,,PA0015@dtaa.com,234995,0,
{E-0009130},08/12/2026 22:50:34,DA0003,PC-1003,U8325@dtaa.com;U4432@dtaa.com;U5629@dtaa.com,,,DA0003@dtaa.com,357443,1,
{E-0021458},08/12/2026 23:02:34,KA0010,PC-1010,U6111@dtaa.com;U4815@dtaa.com;U3471@dtaa.com,,,KA0010@dtaa.com,380838,1,
{E-0000794},08/12/2026 23:10:34,AA0000,PC-1000,U4098@dtaa.com;U3582@dtaa.com;U7509@dtaa.com;U5865@dtaa.com,,,AA0000@dtaa.com,53822,0,
{E-0023424},08/12/2026 23:21:34,LA0011,PC-1011,U9583@dtaa.com;U5406@dtaa.com;U4244@dtaa.com;U1656@dtaa.com,,,LA0011@dtaa.com,46874,0,
{E-0025443},08/12/2026 23:33:34,MA0012,PC-1012,U1794@dtaa.com;U4984@dtaa.com;U9066@dtaa.com;U5700@dtaa.com,,,MA0012@dtaa.com,247694,0,
{E-0014532},08/12/2026 23:35:34,GA0006,PC-1006,U5531@dtaa.com;U3146@dtaa.com,,,GA0006@dtaa.com,124623,0,
{E-0027376},08/12/2026 23:43:34,NA0013,PC-1013,U6171@dtaa.com;U2614@dtaa.com;U6045@dtaa.com;U4294@dtaa.com,,,NA0013@dtaa.com,52811,0,
{E-0012760},08/12/2026 23:47:34,FA0005,PC-1005,U6511@dtaa.com;U4870@dtaa.com,,,FA0005@dtaa.com,122739,0,
{E-0031639},08/13/2026 00:12:34,PA0015,PC-1015,U2707@dtaa.com;U4514@dtaa.com;U4041@dtaa.com;U8889@dtaa.com,,,PA0015@dtaa.com,173036,0,
{E-0012757},08/13/2026 00:16:34,FA0005,PC-1005,U7622@dtaa.com;U2031@dtaa.com,,,FA0005@dtaa.com,167162,0,
{E-0012758},08/13/2026 00:27:34,FA0005,PC-1005,U6038@dtaa.com,,,FA0005@dtaa.com,46636,0,
{E-0006126},08/13/2026 00:44:34,CA0002,PC-1002,U7927@dtaa.com;U5620@dtaa.com;U4666@dtaa.com;U9581@dtaa.com,,,CA0002@dtaa.com,91391,0,
{E-0023426},08/13/2026 00:47:34,LA0011,PC-1011,U3087@dtaa.com;U1522@dtaa.com;U5080@dtaa.com,,,LA0011@dtaa.com,165454,0,
{E-0025442},08/13/2026 01:01:34,MA0012,PC-1012,U6565@dtaa.com,,,MA0012@dtaa.com,101557,0,
{E-0009128},08/13/2026 01:05:34,DA0003,PC-1003,U4666@dtaa.com;U3889@dtaa.com,,,DA0003@dtaa.com,44844,0,
{E-0027373},08/13/2026 01:07:34,NA0013,PC-1013,U4772@dtaa.com;U7884@dtaa.com;U2821@dtaa.com;U2488@dtaa.com,,,NA0013@dtaa.com,388823,0,
{E-0017592},08/13/2026 01:21:34,IA0008,PC-1008,U2959@dtaa.com,,,IA0008@dtaa.com,61275,0,
{E-0031636},08/13/2026 01:48:34,PA0015,PC-1015,U2044@dtaa.com;U1846@dtaa.com,,,PA0015@dtaa.com,198730,0,
{E-0034453},08/13/2026 01:49:34,RA0017,PC-1017,U5287@dtaa.com;U3030@dtaa.com,,,RA0017@dtaa.com,228921,0,
{E-0011400},08/13/2026 02:23:34,EA0004,PC-1004,U6630@dtaa.com;U6915@dtaa.com;U6696@dtaa.com;U8500@dtaa.com,,,EA0004@dtaa.com,336869,1,
{E-0017593},08/13/2026 02:27:34,IA0008,PC-1008,U9571@dtaa.com,,,IA0008@dtaa.com,195598,0,
{E-0000795},08/13/2026 02:42:34,AA0000,PC-1000,U6170@dtaa.com;U9469@dtaa.com;U6498@dtaa.com;U2430@dtaa.com,,,AA0000@dtaa.com,165774,0,
{E-0014531},08/13/2026 02:47:34,GA0006,PC-1006,U4920@dtaa.com;U7405@dtaa.com,,,GA0006@dtaa.com,377780,0,
{E-0006131},08/13/2026 02:49:34,CA0002,PC-1002,U1183@dtaa.com;U5557@dtaa.com,,,CA0002@dtaa.com,368084,1,
{E-0000793},08/13/2026 02:58:34,AA0000,PC-1000,U9040@dtaa.com;U3463@dtaa.com;U1610@dtaa.com;U2020@dtaa.com,,,AA0000@dtaa.com,84771,0,
{E-0003269},08/13/2026 02:58:34,BA0001,PC-1001,U7352@dtaa.com;U7742@dtaa.com;U7884@dtaa.com;U7155@dtaa.com,,,BA0001@dtaa.com,334687,0,
{E-0034454},08/13/2026 03:09:34,RA0017,PC-1017,U2836@dtaa.com,,,RA0017@dtaa.com,389734,0,
{E-0011401},08/13/2026 03:17:34,EA0004,PC-1004,U7912@dtaa.com;U8237@dtaa.com;U6826@dtaa.com,,,EA0004@dtaa.com,308098,0,
{E-0000792},08/13/2026 03:24:34,AA0000,PC-1000,U7862@dtaa.com,,,AA0000@dtaa.com,25974,0,
{E-0033122},08/13/2026 05:08:34,QA0016,PC-1016,U3704@dtaa.com;U3129@dtaa.com;U5656@dtaa.com,,,QA0016@dtaa.com,114399,0,
{E-0006130},08/13/2026 05:36:34,CA0002,PC-1002,U3612@dtaa.com;U6108@dtaa.com;U4734@dtaa.com;U2024@dtaa.com,,,CA0002@dtaa.com,375936,1,
{E-0012759},08/13/2026 06:40:34,FA0005,PC-1005,U7549@dtaa.com;U1825@dtaa.com;U3116@dtaa.com,,,FA0005@dtaa.com,350293,0,
{E-0027412},08/13/2026 18:43:34,NA0013,PC-1013,U8945@dtaa.com,,,NA0013@dtaa.com,362452,0,
{E-0027415},08/13/2026 19:27:34,NA0013,PC-1013,U4088@dtaa.com;U5294@dtaa.com;U4507@dtaa.com,,,NA0013@dtaa.com,89826,0,
{E-0003325},08/13/2026 19:41:34,BA0001,PC-1001,U4199@dtaa.com;U1144@dtaa.com,,,BA0001@dtaa.com,122694,0,
{E-0019514},08/13/2026 19:57:34,JA0009,PC-1009,U8597@dtaa.com;U7934@dtaa.com;U5082@dtaa.com,,,JA0009@dtaa.com,252127,0,
{E-0016491},08/13/2026 20:13:34,HA0007,PC-1007,U7669@dtaa.com;U8557@dtaa.com,,,HA0007@dtaa.com,367461,0,
{E-0000860},08/13/2026 20:18:34,AA0000,PC-1000,U5685@dtaa.com,,,AA0000@dtaa.com,223377,0,
{E-0029341},08/13/2026 20:20:34,OA0014,PC-1014,U5630@dtaa.com;U1037@dtaa.com;U1885@dtaa.com;U5686@dtaa.com,,,OA0014@dtaa.com,64129,0,
{E-0011435},08/13/2026 20:43:34,EA0004,PC-1004,U6360@dtaa.com;U1512@dtaa.com;U3655@dtaa.com;U5940@dtaa.com,,,EA0004@dtaa.com,375189,0,
{E-0011436},08/13/2026 20:55:34,EA0004,PC-1004,U1268@dtaa.com;U6278@dtaa.com;U3142@dtaa.com,,,EA0004@dtaa.com,330052,0,
{E-0034477},08/13/2026 21:12:34,RA0017,PC-1017,U2073@dtaa.com;U5482@dtaa.com;U1839@dtaa.com;U5782@dtaa.com,,,RA0017@dtaa.com,90117,0,
{E-0019513},08/13/2026 21:23:34,JA0009,PC-1009,U5995@dtaa.com;U2805@dtaa.com;U3945@dtaa.com;U5065@dtaa.com,,,JA0009@dtaa.com,92607,0,
{E-0033155},08/13/2026 21:31:34,QA0016,PC-1016,U9541@dtaa.com;U8484@dtaa.com;U1202@dtaa.com;U3367@dtaa.com,,,QA0016@dtaa.com,148351,0,
{E-0003324},08/13/2026 21:53:34,BA0001,PC-1001,U4225@dtaa.com;U2955@dtaa.com;U9875@dtaa.com;U6749@dtaa.com,,,BA0001@dtaa.com,25172,1,
{E-0023481},08/13/2026 21:55:34,LA0011,PC-1011,U9544@dtaa.com,,,LA0011@dtaa.com,140485,0,
{E-0033153},08/13/2026 22:04:34,QA0016,PC-1016,U7448@dtaa.com;U4102@dtaa.com;U9335@dtaa.com,,,QA0016@dtaa.com,162276,0,
{E-0017638},08/13/2026 22:06:34,IA0008,PC-1008,U6316@dtaa.com,,,IA0008@dtaa.com,383971,0,
{E-0027411},08/13/2026 22:07:34,NA0013,PC-1013,U6651@dtaa.com;U2933@dtaa.com,,,NA0013@dtaa.com,184979,0,
{E-0025485},08/13/2026 22:08:34,MA0012,PC-1012,U3924@dtaa.com;U7639@dtaa.com;U1938@dtaa.com;U6467@dtaa.com,,,MA0012@dtaa.com,314666,0,
{E-0033152},08/13/2026 22:11:34,QA0016,PC-1016,U9528@dtaa.com;U3861@dtaa.com;U6290@dtaa.com;U1685@dtaa.com,,,QA0016@dtaa.com,311238,0,
{E-0021493},08/13/2026 22:17:34,KA0010,PC-1010,U7020@dtaa.com;U2302@dtaa.com,,,KA0010@dtaa.com,233309,0,
{E-0019511},08/13/2026 22:33:34,JA0009,PC-1009,U6973@dtaa.com;U9924@dtaa.com;U8373@dtaa.com,,,JA0009@dtaa.com,205700,0,
{E-0027414},08/13/2026 22:34:34,NA0013,PC-1013,U1521@dtaa.com,,,NA0013@dtaa.com,193865,0,
{E-0027416},08/13/2026 22:34:34,NA0013,PC-1013,U4758@dtaa.com,,,NA0013@dtaa.com,131003,0,
{E-0017641},08/13/2026 22:42:34,IA0008,PC-1008,U3057@dtaa.com;U9589@dtaa.com,,,IA0008@dtaa.com,366916,1,
{E-0011434},08/13/2026 22:46:34,EA0004,PC-1004,U6002@dtaa.com;U6885@dtaa.com;U9967@dtaa.com;U6951@dtaa.com,,,EA0004@dtaa.com,340548,0,
{E-0000861},08/13/2026 22:55:34,AA0000,PC-1000,U6920@dtaa.com;U5660@dtaa.com,,,AA0000@dtaa.com,234438,0,
{E-0027413},08/13/2026 22:56:34,NA0013,PC-1013,U3867@dtaa.com;U6643@dtaa.com,,,NA0013@dtaa.com,88930,0,
{E-0006221},08/13/2026 22:58:34,CA0002,PC-1002,U8797@dtaa.com;U2108@dtaa.com;U8996@dtaa.com;U6593@dtaa.com,,,CA0002@dtaa.com,65077,0,
{E-0029340},08/13/2026 22:59:34,OA0014,PC-1014,U2499@dtaa.com;U1853@dtaa.com;U8066@dtaa.com;U2490@dtaa.com,,,OA0014@dtaa.com,27872,1,
{E-0019510},08/13/2026 23:25:34,JA0009,PC-1009,U1624@dtaa.com;U4176@dtaa.com;U8546@dtaa.com,,,JA0009@dtaa.com,392261,0,
{E-0033154},08/13/2026 23:29:34,QA0016,PC-1016,U1066@dtaa.com;U6731@dtaa.com;U7358@dtaa.com;U3430@dtaa.com,,,QA0016@dtaa.com,235374,0,
{E-0023479},08/13/2026 23:34:34,LA0011,PC-1011,U7365@dtaa.com;U4718@dtaa.com,,,LA0011@dtaa.com,140427,0,
{E-0017639},08/13/2026 23:42:34,IA0008,PC-1008,U9969@dtaa.com;U2209@dtaa.com;U5019@dtaa.com,,,IA0008@dtaa.com,218672,1,
{E-0021494},08/13/2026 23:51:34,KA0010,PC-1010,U9966@dtaa.com;U7232@dtaa.com;U4628@dtaa.com;U1377@dtaa.com,,,KA0010@dtaa.com,221052,1,
{E-0021496},08/13/2026 23:58:34,KA0010,PC-1010,U7701@dtaa.com;U9670@dtaa.com;U3600@dtaa.com,,,KA0010@dtaa.com,290794,0,
{E-0034478},08/14/2026 00:02:34,RA0017,PC-1017,U3242@dtaa.com,,,RA0017@dtaa.com,364567,1,
{E-0017640},08/14/2026 00:13:34,IA0008,PC-1008,U5978@dtaa.com;U2485@dtaa.com,,,IA0008@dtaa.com,176599,0,
{E-0009192},08/14/2026 00:14:34,DA0003,PC-1003,U3100@dtaa.com,,,DA0003@dtaa.com,264861,1,
{E-0029344},08/14/2026 00:14:34,OA0014,PC-1014,U4618@dtaa.com,,,OA0014@dtaa.com,295472,0,
{E-0019512},08/14/2026 00:17:34,JA0009,PC-1009,U1242@dtaa.com;U2693@dtaa.com;U7873@dtaa.com;U1797@dtaa.com,,,JA0009@dtaa.com,124188,0,
{E-0029345},08/14/2026 00:40:34,OA0014,PC-1014,U7531@dtaa.com,,,OA0014@dtaa.com,222379,0,
{E-0023483},08/14/2026 00:45:34,LA0011,PC-1011,U1825@dtaa.com;U5539@dtaa.com,,,LA0011@dtaa.com,192015,0,
{E-0025486},08/14/2026 00:58:34,MA0012,PC-1012,U8545@dtaa.com;U9599@dtaa.com,,,MA0012@dtaa.com,302799,0,
{E-0029343},08/14/2026 00:59:34,OA0014,PC-1014,U2546@dtaa.com;U6031@dtaa.com;U5069@dtaa.com,,,OA0014@dtaa.com,44978,0,
{E-0009191},08/14/2026 01:03:34,DA0003,PC-1003,U5078@dtaa.com;U6109@dtaa.com;U3036@dtaa.com;U1827@dtaa.com,,,DA0003@dtaa.com,194386,0,
{E-0016492},08/14/2026 01:04:34,HA0007,PC-1007,U3869@dtaa.com;U2812@dtaa.com,,,HA0007@dtaa.com,262931,0,
{E-0023482},08/14/2026 01:23:34,LA0011,PC-1011,U2666@dtaa.com;U8434@dtaa.com;U9911@dtaa.com,,,LA0011@dtaa.com,125183,0,
{E-0029342},08/14/2026 01:24:34,OA0014,PC-1014,U4040@dtaa.com;U4688@dtaa.com,,,OA0014@dtaa.com,257751,0,
{E-0021495},08/14/2026 01:25:34,KA0010,PC-1010,U8184@dtaa.com;U7664@dtaa.com;U7789@dtaa.com,,,KA0010@dtaa.com,258786,1,
{E-0006220},08/14/2026 01:31:34,CA0002,PC-1002,U6936@dtaa.com;U6190@dtaa.com,,,CA0002@dtaa.com,367224,0,
{E-0023480},08/14/2026 01:33:34,LA0011,PC-1011,U3242@dtaa.com,,,LA0011@dtaa.com,192995,1,
{E-0003326},08/14/2026 01:54:34,BA0001,PC-1001,U8909@dtaa.com;U7112@dtaa.com;U7358@dtaa.com,,,BA0001@dtaa.com,216075,0,
{E-0025487},08/14/2026 01:59:34,MA0012,PC-1012,U9713@dtaa.com,,,MA0012@dtaa.com,301252,0,
{E-0021497},08/14/2026 02:01:34,KA0010,PC-1010,U4388@dtaa.com;U5962@dtaa.com;U5503@dtaa.com,,,KA0010@dtaa.com,41395,0,
{E-0011433},08/14/2026 02:23:34,EA0004,PC-1004,U6515@dtaa.com;U8118@dtaa.com;U6220@dtaa.com,,,EA0004@dtaa.com,63449,0,
{E-0025488},08/14/2026 03:31:34,MA0012,PC-1012,U7733@dtaa.com;U8307@dtaa.com;U3597@dtaa.com;U8189@dtaa.com,,,MA0012@dtaa.com,331928,0,
{E-0006219},08/14/2026 04:15:34,CA0002,PC-1002,U9351@dtaa.com;U6214@dtaa.com;U5287@dtaa.com,,,CA0002@dtaa.com,127234,1,
{E-0006218},08/14/2026 04:38:34,CA0002,PC-1002,U6747@dtaa.com;U8559@dtaa.com,,,CA0002@dtaa.com,193510,1,
{E-0014686},08/16/2026 18:58:34,GA0006,PC-1006,U2860@dtaa.com;U6635@dtaa.com;U8314@dtaa.com;U2947@dtaa.com,,,GA0006@dtaa.com,362198,0,
{E-0000927},08/16/2026 19:25:34,AA0000,PC-1000,U3154@dtaa.com;U8547@dtaa.com;U3780@dtaa.com;U9388@dtaa.com,,,AA0000@dtaa.com,183544,0,
{E-0000929},08/16/2026 20:01:34,AA0000,PC-1000,U9758@dtaa.com;U2887@dtaa.com;U2202@dtaa.com,,,AA0000@dtaa.com,358050,0,
{E-0000925},08/16/2026 20:13:34,AA0000,PC-1000,U2671@dtaa.com,,,AA0000@dtaa.com,174766,0,
{E-0016517},08/16/2026 20:22:34,HA0007,PC-1007,U2035@dtaa.com;U2291@dtaa.com;U4177@dtaa.com,,,HA0007@dtaa.com,273411,0,
{E-0027450},08/16/2026 20:28:34,NA0013,PC-1013,U3250@dtaa.com;U5834@dtaa.com;U5368@dtaa.com,,,NA0013@dtaa.com,28620,0,
{E-0023536},08/16/2026 20:31:34,LA0011,PC-1011,U5790@dtaa.com,,,LA0011@dtaa.com,326116,0,
{E-0003398},08/16/2026 20:40:34,BA0001,PC-1001,U7161@dtaa.com;U1853@dtaa.com;U8008@dtaa.com,,,BA0001@dtaa.com,342428,1,
{E-0023537},08/16/2026 20:53:34,LA0011,PC-1011,U6427@dtaa.com;U6342@dtaa.com;U6137@dtaa.com,,,LA0011@dtaa.com,68232,0,
{E-0009242},08/16/2026 21:05:34,DA0003,PC-1003,U7324@dtaa.com;U9331@dtaa.com;U4297@dtaa.com;U5612@dtaa.com,,,DA0003@dtaa.com,147285,0,
{E-0021540},08/16/2026 21:10:34,KA0010,PC-1010,U8230@dtaa.com;U7685@dtaa.com;U3130@dtaa.com,,,KA0010@dtaa.com,134788,1,
{E-0014688},08/16/2026 21:20:34,GA0006,PC-1006,U3328@dtaa.com,,,GA0006@dtaa.com,196218,0,
{E-0011463},08/16/2026 21:33:34,EA0004,PC-1004,U5468@dtaa.com;U1208@dtaa.com;U9700@dtaa.com,,,EA0004@dtaa.com,209778,0,
{E-0011462},08/16/2026 21:51:34,EA0004,PC-1004,U1732@dtaa.com,,,EA0004@dtaa.com,383876,1,
{E-0011466},08/16/2026 22:02:34,EA0004,PC-1004,U1171@dtaa.com;U9017@dtaa.com,,,EA0004@dtaa.com,338214,1,
{E-0025526},08/16/2026 22:03:34,MA0012,PC-1012,U7378@dtaa.com;U4626@dtaa.com;U6251@dtaa.com;U1647@dtaa.com,,,MA0012@dtaa.com,180411,0,
{E-0031677},08/16/2026 22:03:34,PA0015,PC-1015,U5318@dtaa.com,,,PA0015@dtaa.com,353508,1,
{E-0033201},08/16/2026 22:07:34,QA0016,PC-1016,U2074@dtaa.com,,,QA0016@dtaa.com,119746,1,
{E-0006266},08/16/2026 22:08:34,CA0002,PC-1002,U5724@dtaa.com;U5785@dtaa.com;U9503@dtaa.com;U6459@dtaa.com,,,CA0002@dtaa.com,215404,0,
{E-0021541},08/16/2026 22:23:34,KA0010,PC-1010,U2102@dtaa.com;U1225@dtaa.com;U2980@dtaa.com;U6980@dtaa.com,,,KA0010@dtaa.com,381567,0,
{E-0012801},08/16/2026 22:24:34,FA0005,PC-1005,U8055@dtaa.com,,,FA0005@dtaa.com,240323,1,
{E-0027449},08/16/2026 22:37:34,NA0013,PC-1013,U8155@dtaa.com;U1291@dtaa.com;U1750@dtaa.com;U7920@dtaa.com,,,NA0013@dtaa.com,313324,0,
{E-0009243},08/16/2026 22:50:34,DA0003,PC-1003,U8446@dtaa.com,,,DA0003@dtaa.com,200716,0,
{E-0023534},08/16/2026 23:18:34,LA0011,PC-1011,U9166@dtaa.com;U4729@dtaa.com,,,LA0011@dtaa.com,51753,0,
{E-0031678},08/16/2026 23:19:34,PA0015,PC-1015,U1702@dtaa.com,,,PA0015@dtaa.com,320866,0,
{E-0034494},08/16/2026 23:29:34,RA0017,PC-1017,U3869@dtaa.com;U5913@dtaa.com,,,RA0017@dtaa.com,364175,0,
{E-0016518},08/16/2026 23:37:34,HA0007,PC-1007,U5183@dtaa.com,,,HA0007@dtaa.com,72498,0,
{E-0034491},08/16/2026 23:39:34,RA0017,PC-1017,U6348@dtaa.com;U9580@dtaa.com,,,RA0017@dtaa.com,137410,1,
{E-0033198},08/16/2026 23:49:34,QA0016,PC-1016,U5655@dtaa.com;U7358@dtaa.com,,,QA0016@dtaa.com,114625,1,
{E-0021544},08/16/2026 23:58:34,KA0010,PC-1010,U5885@dtaa.com;U1630@dtaa.com;U4619@dtaa.com,,,KA0010@dtaa.com,384394,0,
{E-0027451},08/17/2026 00:15:34,NA0013,PC-1013,U2025@dtaa.com;U6990@dtaa.com,,,NA0013@dtaa.com,72360,1,
{E-0006268},08/17/2026 00:23:34,CA0002,PC-1002,U1731@dtaa.com;U9791@dtaa.com;U2601@dtaa.com,,,CA0002@dtaa.com,267455,0,
{E-0016516},08/17/2026 00:29:34,HA0007,PC-1007,U4304@dtaa.com;U5941@dtaa.com,,,HA0007@dtaa.com,178628,0,
{E-0029400},08/17/2026 00:34:34,OA0014,PC-1014,U3677@dtaa.com;U1689@dtaa.com;U5923@dtaa.com;U1645@dtaa.com,,,OA0014@dtaa.com,174802,1,
{E-0006270},08/17/2026 00:48:34,CA0002,PC-1002,U3274@dtaa.com;U6837@dtaa.com,,,CA0002@dtaa.com,381836,1,
{E-0019561},08/17/2026 00:48:34,JA0009,PC-1009,U8584@dtaa.com,,,JA0009@dtaa.com,304268,0,
{E-0027455},08/17/2026 00:50:34,NA0013,PC-1013,U3671@dtaa.com,,,NA0013@dtaa.com,190074,0,
{E-0027452},08/17/2026 00:58:34,NA0013,PC-1013,U1724@dtaa.com,,,NA0013@dtaa.com,62371,0,
{E-0029401},08/17/2026 01:01:34,OA0014,PC-1014,U9522@dtaa.com;U5785@dtaa.com;U4772@dtaa.com,,,OA0014@dtaa.com,102259,0,
{E-0000926},08/17/2026 01:02:34,AA0000,PC-1000,U1622@dtaa.com;U4038@dtaa.com;U2925@dtaa.com,,,AA0000@dtaa.com,101088,0,
{E-0033202},08/17/2026 01:17:34,QA0016,PC-1016,U9991@dtaa.com;U4750@dtaa.com;U4546@dtaa.com;U8773@dtaa.com,,,QA0016@dtaa.com,259925,1,
{E-0006265},08/17/2026 01:23:34,CA0002,PC-1002,U4847@dtaa.com,,,CA0002@dtaa.com,343545,0,
{E-0012800},08/17/2026 01:25:34,FA0005,PC-1005,U8444@dtaa.com;U6882@dtaa.com,,,FA0005@dtaa.com,351875,1,
{E-0027454},08/17/2026 01:29:34,NA0013,PC-1013,U9857@dtaa.com;U7548@dtaa.com;U5455@dtaa.com;U3395@dtaa.com,,,NA0013@dtaa.com,305787,0,
{E-0034490},08/17/2026 01:37:34,RA0017,PC-1017,U2049@dtaa.com;U7260@dtaa.com,,,RA0017@dtaa.com,26091,1,
{E-0033199},08/17/2026 01:46:34,QA0016,PC-1016,U4623@dtaa.com;U1291@dtaa.com;U6742@dtaa.com,,,QA0016@dtaa.com,161403,0,
{E-0019560},08/17/2026 01:47:34,JA0009,PC-1009,U6216@dtaa.com;U2128@dtaa.com;U9774@dtaa.com,,,JA0009@dtaa.com,24630,1,
{E-0014687},08/17/2026 01:50:34,GA0006,PC-1006,U2304@dtaa.com;U6287@dtaa.com,,,GA0006@dtaa.com,120265,1,
{E-0006269},08/17/2026 01:57:34,CA0002,PC-1002,U4124@dtaa.com;U6694@dtaa.com,,,CA0002@dtaa.com,116961,0,
{E-0034492},08/17/2026 02:10:34,RA0017,PC-1017,U1209@dtaa.com;U1128@dtaa.com;U7778@dtaa.com;U2366@dtaa.com,,,RA0017@dtaa.com,83223,1,
{E-0027453},08/17/2026 02:14:34,NA0013,PC-1013,U5632@dtaa.com;U5206@dtaa.com;U4750@dtaa.com,,,NA0013@dtaa.com,219115,0,
{E-0014689},08/17/2026 02:19:34,GA0006,PC-1006,U1801@dtaa.com;U7770@dtaa.com;U9968@dtaa.com,,,GA0006@dtaa.com,372938,0,
{E-0006271},08/17/2026 02:20:34,CA0002,PC-1002,U2481@dtaa.com,,,CA0002@dtaa.com,302384,1,
{E-0021545},08/17/2026 02:42:34,KA0010,PC-1010,U9659@dtaa.com;U5432@dtaa.com;U6334@dtaa.com;U9724@dtaa.com,,,KA0010@dtaa.com,150552,0,
{E-0031676},08/17/2026 02:46:34,PA0015,PC-1015,U2868@dtaa.com;U8256@dtaa.com;U4778@dtaa.com;U9089@dtaa.com,,,PA0015@dtaa.com,26013,1,
{E-0031679},08/17/2026 02:47:34,PA0015,PC-1015,U9466@dtaa.com;U9067@dtaa.com,,,PA0015@dtaa.com,348731,0,
{E-0021542},08/17/2026 02:48:34,KA0010,PC-1010,U4866@dtaa.com;U9125@dtaa.com;U3944@dtaa.com,,,KA0010@dtaa.com,294082,1,
{E-0000928},08/17/2026 02:59:34,AA0000,PC-1000,U1094@dtaa.com;U3956@dtaa.com,,,AA0000@dtaa.com,314810,0,
{E-0025525},08/17/2026 03:01:34,MA0012,PC-1012,U4899@dtaa.com;U5431@dtaa.com;U7453@dtaa.com;U4676@dtaa.com,,,MA0012@dtaa.com,200121,0,
{E-0034493},08/17/2026 03:01:34,RA0017,PC-1017,U9057@dtaa.com;U3587@dtaa.com;U1565@dtaa.com;U9696@dtaa.com,,,RA0017@dtaa.com,336107,0,
{E-0011464},08/17/2026 03:17:34,EA0004,PC-1004,U6567@dtaa.com,,,EA0004@dtaa.com,217764,0,
{E-0031680},08/17/2026 03:18:34,PA0015,PC-1015,U1275@dtaa.com;U7681@dtaa.com,,,PA0015@dtaa.com,54718,0,
{E-0023535},08/17/2026 03:36:34,LA0011,PC-1011,U1780@dtaa.com;U9680@dtaa.com;U6096@dtaa.com,,,LA0011@dtaa.com,263773,0,
{E-0021543},08/17/2026 03:56:34,KA0010,PC-1010,U9107@dtaa.com,,,KA0010@dtaa.com,202593,0,
{E-0011465},08/17/2026 04:08:34,EA0004,PC-1004,U8963@dtaa.com;U7549@dtaa.com,,,EA0004@dtaa.com,341290,0,
{E-0033200},08/17/2026 04:33:34,QA0016,PC-1016,U4662@dtaa.com,,,QA0016@dtaa.com,121752,0,
{E-0006267},08/17/2026 05:11:34,CA0002,PC-1002,U9793@dtaa.com;U8887@dtaa.com,,,CA0002@dtaa.com,238825,0,
{E-0012799},08/17/2026 05:40:34,FA0005,PC-1005,U7724@dtaa.com;U4693@dtaa.com;U4088@dtaa.com,,,FA0005@dtaa.com,393667,0,
{E-0025600},08/17/2026 18:57:34,MA0012,PC-1012,U2113@dtaa.com;U4548@dtaa.com;U7318@dtaa.com,,,MA0012@dtaa.com,350719,0,
{E-0025597},08/17/2026 19:09:34,MA0012,PC-1012,U5123@dtaa.com;U8491@dtaa.com;U9387@dtaa.com,,,MA0012@dtaa.com,389306,0,
{E-0016550},08/17/2026 19:31:34,HA0007,PC-1007,U6604@dtaa.com;U6896@dtaa.com;U6545@dtaa.com;U3397@dtaa.com,,,HA0007@dtaa.com,399451,1,
{E-0011491},08/17/2026 20:08:34,EA0004,PC-1004,U1183@dtaa.com;U5860@dtaa.com;U1041@dtaa.com;U9700@dtaa.com,,,EA0004@dtaa.com,274164,0,
{E-0027495},08/17/2026 20:11:34,NA0013,PC-1013,U6016@dtaa.com,,,NA0013@dtaa.com,308026,0,
{E-0029472},08/17/2026 20:13:34,OA0014,PC-1014,U1630@dtaa.com;U6620@dtaa.com;U5512@dtaa.com;U3451@dtaa.com,,,OA0014@dtaa.com,183893,1,
{E-0033231},08/17/2026 20:17:34,QA0016,PC-1016,U5869@dtaa.com,,,QA0016@dtaa.com,57532,0,
{E-0031721},08/17/2026 20:32:34,PA0015,PC-1015,U8549@dtaa.com;U4622@dtaa.com,,,PA0015@dtaa.com,281028,0,
{E-0000991},08/17/2026 20:57:34,AA0000,PC-1000,U5235@dtaa.com;U7755@dtaa.com;U2197@dtaa.com,,,AA0000@dtaa.com,287985,1,
{E-0014734},08/17/2026 21:11:34,GA0006,PC-1006,U7956@dtaa.com;U7277@dtaa.com,,,GA0006@dtaa.com,38431,0,
{E-0000990},08/17/2026 21:22:34,AA0000,PC-1000,U1705@dtaa.com;U8156@dtaa.com;U4687@dtaa.com,,,AA0000@dtaa.com,346211,0,
{E-0000992},08/17/2026 21:28:34,AA0000,PC-1000,U8069@dtaa.com;U8117@dtaa.com;U9197@dtaa.com;U1316@dtaa.com,,,AA0000@dtaa.com,355464,0,
{E-0000989},08/17/2026 21:29:34,AA0000,PC-1000,U2381@dtaa.com;U6936@dtaa.com,,,AA0000@dtaa.com,310370,1,
{E-0021599},08/17/2026 21:34:34,KA0010,PC-1010,U6344@dtaa.com;U6486@dtaa.com;U9812@dtaa.com,,,KA0010@dtaa.com,392970,0,
{E-0023569},08/17/2026 21:44:34,LA0011,PC-1011,U3810@dtaa.com,,,LA0011@dtaa.com,223898,0,
{E-0014735},08/17/2026 21:59:34,GA0006,PC-1006,U3772@dtaa.com;U7447@dtaa.com;U4052@dtaa.com,,,GA0006@dtaa.com,127673,1,
{E-0014736},08/17/2026 22:08:34,GA0006,PC-1006,U4647@dtaa.com;U5939@dtaa.com;U1309@dtaa.com;U8636@dtaa.com,,,GA0006@dtaa.com,238531,0,
{E-0025596},08/17/2026 22:21:34,MA0012,PC-1012,U8964@dtaa.com;U7850@dtaa.com;U6751@dtaa.com,,,MA0012@dtaa.com,49887,0,
{E-0021597},08/17/2026 22:38:34,KA0010,PC-1010,U7085@dtaa.com;U9525@dtaa.com;U6912@dtaa.com;U6903@dtaa.com,,,KA0010@dtaa.com,174018,0,
{E-0019611},08/17/2026 22:47:34,JA0009,PC-1009,U1091@dtaa.com;U2294@dtaa.com,,,JA0009@dtaa.com,316919,0,
{E-0027494},08/17/2026 23:00:34,NA0013,PC-1013,U6472@dtaa.com;U9170@dtaa.com;U6123@dtaa.com,,,NA0013@dtaa.com,132404,0,
{E-0019610},08/17/2026 23:03:34,JA0009,PC-1009,U8791@dtaa.com;U7166@dtaa.com;U6253@dtaa.com,,,JA0009@dtaa.com,316512,0,
{E-0021600},08/17/2026 23:09:34,KA0010,PC-1010,U8834@dtaa.com,,,KA0010@dtaa.com,84104,1,
{E-0012834},08/17/2026 23:34:34,FA0005,PC-1005,U9336@dtaa.com;U1969@dtaa.com,,,FA0005@dtaa.com,62364,1,
{E-0009290},08/17/2026 23:38:34,DA0003,PC-1003,U2354@dtaa.com;U8151@dtaa.com;U7356@dtaa.com;U4377@dtaa.com,,,DA0003@dtaa.com,105143,0,
{E-0025595},08/18/2026 00:07:34,MA0012,PC-1012,U9805@dtaa.com;U9988@dtaa.com,,,MA0012@dtaa.com,209835,0,
{E-0021601},08/18/2026 00:12:34,KA0010,PC-1010,U5321@dtaa.com,,,KA0010@dtaa.com,200297,0,
{E-0014732},08/18/2026 00:15:34,GA0006,PC-1006,U9873@dtaa.com;U6588@dtaa.com;U2685@dtaa.com,,,GA0006@dtaa.com,74163,0,
{E-0029471},08/18/2026 00:23:34,OA0014,PC-1014,U3710@dtaa.com;U6491@dtaa.com;U6782@dtaa.com;U2437@dtaa.com,,,OA0014@dtaa.com,100783,0,
{E-0011494},08/18/2026 00:37:34,EA0004,PC-1004,U9639@dtaa.com,,,EA0004@dtaa.com,106299,0,
{E-0006342},08/18/2026 00:48:34,CA0002,PC-1002,U2065@dtaa.com;U8335@dtaa.com,,,CA0002@dtaa.com,319862,0,
{E-0016549},08/18/2026 00:48:34,HA0007,PC-1007,U4987@dtaa.com,,,HA0007@dtaa.com,213844,0,
{E-0021596},08/18/2026 00:52:34,KA0010,PC-1010,U5944@dtaa.com;U2783@dtaa.com;U9222@dtaa.com;U1574@dtaa.com,,,KA0010@dtaa.com,32160,0,
{E-0006344},08/18/2026 01:12:34,CA0002,PC-1002,U3886@dtaa.com;U9202@dtaa.com;U7799@dtaa.com;U6318@dtaa.com,,,CA0002@dtaa.com,36806,0,
{E-0033230},08/18/2026 01:25:34,QA0016,PC-1016,U7265@dtaa.com,,,QA0016@dtaa.com,53441,1,
{E-0031723},08/18/2026 01:26:34,PA0015,PC-1015,U6226@dtaa.com;U2388@dtaa.com;U1928@dtaa.com;U8603@dtaa.com,,,PA0015@dtaa.com,266953,0,
{E-0021598},08/18/2026 01:34:34,KA0010,PC-1010,U2266@dtaa.com,,,KA0010@dtaa.com,114212,0,
{E-0025598},08/18/2026 01:36:34,MA0012,PC-1012,U5043@dtaa.com;U7494@dtaa.com;U1208@dtaa.com;U5070@dtaa.com,,,MA0012@dtaa.com,179185,0,
{E-0012835},08/18/2026 01:45:34,FA0005,PC-1005,U7551@dtaa.com;U4034@dtaa.com;U1562@dtaa.com;U4492@dtaa.com,,,FA0005@dtaa.com,283783,1,
{E-0014733},08/18/2026 01:59:34,GA0006,PC-1006,U1528@dtaa.com;U7764@dtaa.com;U2559@dtaa.com,,,GA0006@dtaa.com,265779,0,
{E-0023568},08/18/2026 02:12:34,LA0011,PC-1011,U7379@dtaa.com;U3193@dtaa.com;U2838@dtaa.com;U1420@dtaa.com,,,LA0011@dtaa.com,333800,1,
{E-0027492},08/18/2026 02:43:34,NA0013,PC-1013,U1242@dtaa.com;U4034@dtaa.com;U7388@dtaa.com;U5745@dtaa.com,,,NA0013@dtaa.com,355726,0,
{E-0031722},08/18/2026 02:46:34,PA0015,PC-1015,U9215@dtaa.com,,,PA0015@dtaa.com,339863,0,
{E-0006345},08/18/2026 02:53:34,CA0002,PC-1002,U7508@dtaa.com,,,CA0002@dtaa.com,279783,0,
{E-0011493},08/18/2026 03:33:34,EA0004,PC-1004,U3024@dtaa.com,,,EA0004@dtaa.com,323541,0,
{E-0025599},08/18/2026 03:33:34,MA0012,PC-1012,U2995@dtaa.com;U8039@dtaa.com,,,MA0012@dtaa.com,361103,0,
{E-0011492},08/18/2026 03:36:34,EA0004,PC-1004,U1644@dtaa.com;U4293@dtaa.com;U9845@dtaa.com;U2947@dtaa.com,,,EA0004@dtaa.com,202111,0,
{E-0011490},08/18/2026 03:51:34,EA0004,PC-1004,U9483@dtaa.com;U1166@dtaa.com;U2284@dtaa.com,,,EA0004@dtaa.com,211482,1,
{E-0012833},08/18/2026 04:16:34,FA0005,PC-1005,U9512@dtaa.com;U8821@dtaa.com;U3227@dtaa.com;U2467@dtaa.com,,,FA0005@dtaa.com,32196,0,
{E-0006343},08/18/2026 04:19:34,CA0002,PC-1002,U5007@dtaa.com,,,CA0002@dtaa.com,105252,0,
{E-0033229},08/18/2026 04:24:34,QA0016,PC-1016,U8074@dtaa.com;U9458@dtaa.com;U9261@dtaa.com,,,QA0016@dtaa.com,370538,0,
{E-0027493},08/18/2026 04:35:34,NA0013,PC-1013,U7061@dtaa.com,,,NA0013@dtaa.com,247762,0,
{E-0006341},08/18/2026 04:53:34,CA0002,PC-1002,U1259@dtaa.com;U7875@dtaa.com;U5956@dtaa.com,,,CA0002@dtaa.com,170550,0,
{E-0006340},08/18/2026 05:40:34,CA0002,PC-1002,U3639@dtaa.com;U4412@dtaa.com;U6449@dtaa.com,,,CA0002@dtaa.com,46808,0,
{E-0014769},08/18/2026 19:29:34,GA0006,PC-1006,U1285@dtaa.com,,,GA0006@dtaa.com,133817,0,
{E-0016569},08/18/2026 19:37:34,HA0007,PC-1007,U5884@dtaa.com;U6987@dtaa.com,,,HA0007@dtaa.com,94209,0,
{E-0003510},08/18/2026 19:49:34,BA0001,PC-1001,U2362@dtaa.com;U1831@dtaa.com;U5269@dtaa.com;U4761@dtaa.com,,,BA0001@dtaa.com,31795,1,
{E-0011522},08/18/2026 20:00:34,EA0004,PC-1004,U3808@dtaa.com;U2209@dtaa.com;U4940@dtaa.com;U8497@dtaa.com,,,EA0004@dtaa.com,385660,0,
{E-0031748},08/18/2026 20:01:34,PA0015,PC-1015,U8179@dtaa.com,,,PA0015@dtaa.com,373561,0,
{E-0011524},08/18/2026 20:23:34,EA0004,PC-1004,U8419@dtaa.com;U7764@dtaa.com;U7475@dtaa.com,,,EA0004@dtaa.com,318879,0,
{E-0019645},08/18/2026 20:47:34,JA0009,PC-1009,U8744@dtaa.com;U1597@dtaa.com;U9060@dtaa.com,,,JA0009@dtaa.com,287142,1,
{E-0014768},08/18/2026 20:51:34,GA0006,PC-1006,U4398@dtaa.com;U9265@dtaa.com;U7705@dtaa.com,,,GA0006@dtaa.com,20200,0,
{E-0031749},08/18/2026 20:52:34,PA0015,PC-1015,U4771@dtaa.com;U3790@dtaa.com,,,PA0015@dtaa.com,259986,0,
{E-0012857},08/18/2026 20:57:34,FA0005,PC-1005,U6865@dtaa.com,,,FA0005@dtaa.com,309866,0,
{E-0033257},08/18/2026 21:00:34,QA0016,PC-1016,U6843@dtaa.com;U9997@dtaa.com,,,QA0016@dtaa.com,138330,1,
{E-0021637},08/18/2026 21:07:34,KA0010,PC-1010,U4866@dtaa.com;U5213@dtaa.com;U7330@dtaa.com,,,KA0010@dtaa.com,263491,0,
{E-0001035},08/18/2026 21:09:34,AA0000,PC-1000,U9234@dtaa.com,,,AA0000@dtaa.com,105448,0,
{E-0025666},08/18/2026 21:11:34,MA0012,PC-1012,U7290@dtaa.com;U6768@dtaa.com;U8783@dtaa.com;U2183@dtaa.com,,,MA0012@dtaa.com,81802,0,
{E-0019643},08/18/2026 21:12:34,JA0009,PC-1009,U4965@dtaa.com;U5112@dtaa.com;U4473@dtaa.com,,,JA0009@dtaa.com,46644,1,
{E-0006416},08/18/2026 21:23:34,CA0002,PC-1002,U8604@dtaa.com;U6030@dtaa.com;U8380@dtaa.com;U4647@dtaa.com,,,CA0002@dtaa.com,68338,0,
{E-0016570},08/18/2026 21:36:34,HA0007,PC-1007,U3170@dtaa.com;U8632@dtaa.com,,,HA0007@dtaa.com,68800,0,
{E-0029530},08/18/2026 21:40:34,OA0014,PC-1014,U9215@dtaa.com;U2343@dtaa.com;U4510@dtaa.com;U5611@dtaa.com,,,OA0014@dtaa.com,286233,1,
{E-0023620},08/18/2026 21:56:34,LA0011,PC-1011,U8125@dtaa.com;U9436@dtaa.com,,,LA0011@dtaa.com,376745,0,
{E-0025663},08/18/2026 21:57:34,MA0012,PC-1012,U5406@dtaa.com;U2874@dtaa.com;U8128@dtaa.com,,,MA0012@dtaa.com,73401,0,
{E-0025661},08/18/2026 22:01:34,MA0012,PC-1012,U2060@dtaa.com;U3874@dtaa.com,,,MA0012@dtaa.com,161813,0,
{E-0006415},08/18/2026 22:38:34,CA0002,PC-1002,U3464@dtaa.com;U6014@dtaa.com;U3692@dtaa.com,,,CA0002@dtaa.com,78081,0,
{E-0034531},08/18/2026 22:44:34,RA0017,PC-1017,U2214@dtaa.com;U9763@dtaa.com;U6909@dtaa.com;U4888@dtaa.com,,,RA0017@dtaa.com,141744,0,
{E-0009318},08/18/2026 22:54:34,DA0003,PC-1003,U5496@dtaa.com,,,DA0003@dtaa.com,318010,1,
{E-0011525},08/18/2026 22:57:34,EA0004,PC-1004,U9925@dtaa.com;U8084@dtaa.com;U3192@dtaa.com,,,EA0004@dtaa.com,388579,0,
{E-0025664},08/18/2026 22:57:34,MA0012,PC-1012,U2852@dtaa.com;U5320@dtaa.com;U6804@dtaa.com;U4064@dtaa.com,,,MA0012@dtaa.com,383649,0,
{E-0031750},08/18/2026 23:15:34,PA0015,PC-1015,U2738@dtaa.com;U5759@dtaa.com;U5532@dtaa.com;U7899@dtaa.com,,,PA0015@dtaa.com,245248,0,
{E-0001033},08/18/2026 23:17:34,AA0000,PC-1000,U5313@dtaa.com,,,AA0000@dtaa.com,142394,1,
{E-0023617},08/18/2026 23:27:34,LA0011,PC-1011,U6269@dtaa.com;U4700@dtaa.com;U9708@dtaa.com;U3607@dtaa.com,,,LA0011@dtaa.com,83235,1,
{E-0001032},08/18/2026 23:59:34,AA0000,PC-1000,U6788@dtaa.com,,,AA0000@dtaa.com,398345,0,
{E-0029529},08/19/2026 00:31:34,OA0014,PC-1014,U7963@dtaa.com;U9974@dtaa.com,,,OA0014@dtaa.com,76718,0,
{E-0029532},08/19/2026 00:31:34,OA0014,PC-1014,U7472@dtaa.com;U8231@dtaa.com;U7357@dtaa.com,,,OA0014@dtaa.com,345250,1,
{E-0011523},08/19/2026 00:33:34,EA0004,PC-1004,U8574@dtaa.com;U6369@dtaa.com;U3397@dtaa.com,,,EA0004@dtaa.com,332882,0,
{E-0034530},08/19/2026 00:33:34,RA0017,PC-1017,U8736@dtaa.com;U1998@dtaa.com;U2475@dtaa.com,,,RA0017@dtaa.com,28324,1,
{E-0023618},08/19/2026 00:40:34,LA0011,PC-1011,U5961@dtaa.com;U9265@dtaa.com,,,LA0011@dtaa.com,292106,1,
{E-0019646},08/19/2026 01:32:34,JA0009,PC-1009,U6981@dtaa.com,,,JA0009@dtaa.com,175856,0,
{E-0023619},08/19/2026 01:53:34,LA0011,PC-1011,U3373@dtaa.com,,,LA0011@dtaa.com,98095,0,
{E-0025665},08/19/2026 01:58:34,MA0012,PC-1012,U2530@dtaa.com;U5317@dtaa.com;U8353@dtaa.com,,,MA0012@dtaa.com,381696,0,
{E-0006417},08/19/2026 02:06:34,CA0002,PC-1002,U9801@dtaa.com;U7755@dtaa.com;U5390@dtaa.com;U3140@dtaa.com,,,CA0002@dtaa.com,117554,0,
{E-0006420},08/19/2026 02:11:34,CA0002,PC-1002,U3849@dtaa.com,,,CA0002@dtaa.com,219332,0,
{E-0029531},08/19/2026 02:14:34,OA0014,PC-1014,U2008@dtaa.com,,,OA0014@dtaa.com,278856,0,
{E-0034529},08/19/2026 02:14:34,RA0017,PC-1017,U7471@dtaa.com,,,RA0017@dtaa.com,132459,0,
{E-0031752},08/19/2026 02:16:34,PA0015,PC-1015,U1608@dtaa.com;U6961@dtaa.com;U6574@dtaa.com,,,PA0015@dtaa.com,371275,0,
{E-0012856},08/19/2026 02:19:34,FA0005,PC-1005,U2226@dtaa.com;U1195@dtaa.com;U6504@dtaa.com;U2769@dtaa.com,,,FA0005@dtaa.com,34776,0,
{E-0031747},08/19/2026 02:51:34,PA0015,PC-1015,U5493@dtaa.com,,,PA0015@dtaa.com,309508,1,
{E-0019644},08/19/2026 02:52:34,JA0009,PC-1009,U5472@dtaa.com;U3733@dtaa.com,,,JA0009@dtaa.com,131719,0,
{E-0003511},08/19/2026 02:54:34,BA0001,PC-1001,U7813@dtaa.com,,,BA0001@dtaa.com,252830,0,
{E-0031751},08/19/2026 02:57:34,PA0015,PC-1015,U7616@dtaa.com;U5695@dtaa.com,,,PA0015@dtaa.com,286044,0,
{E-0021636},08/19/2026 03:00:34,KA0010,PC-1010,U9820@dtaa.com;U4949@dtaa.com;U2830@dtaa.com,,,KA0010@dtaa.com,114731,1,
{E-0006418},08/19/2026 03:02:34,CA0002,PC-1002,U7457@dtaa.com;U7693@dtaa.com,,,CA0002@dtaa.com,376639,0,
{E-0033256},08/19/2026 03:15:34,QA0016,PC-1016,U7396@dtaa.com;U7817@dtaa.com;U2712@dtaa.com;U5485@dtaa.com,,,QA0016@dtaa.com,118874,1,
{E-0025662},08/19/2026 03:19:34,MA0012,PC-1012,U6554@dtaa.com;U7382@dtaa.com;U7365@dtaa.com,,,MA0012@dtaa.com,112355,0,
{E-0021638},08/19/2026 03:36:34,KA0010,PC-1010,U9421@dtaa.com;U2028@dtaa.com;U8106@dtaa.com;U2651@dtaa.com,,,KA0010@dtaa.com,176172,1,
{E-0029528},08/19/2026 03:45:34,OA0014,PC-1014,U2115@dtaa.com,,,OA0014@dtaa.com,89760,0,
{E-0006419},08/19/2026 04:06:34,CA0002,PC-1002,U7735@dtaa.com;U4771@dtaa.com;U5910@dtaa.com,,,CA0002@dtaa.com,189797,0,
{E-0012858},08/19/2026 04:41:34,FA0005,PC-1005,U5376@dtaa.com,,,FA0005@dtaa.com,361699,0,
{E-0001034},08/19/2026 04:56:34,AA0000,PC-1000,U6840@dtaa.com;U2508@dtaa.com,,,AA0000@dtaa.com,88912,1,
{E-0034528},08/19/2026 05:23:34,RA0017,PC-1017,U2852@dtaa.com;U8778@dtaa.com;U3373@dtaa.com,,,RA0017@dtaa.com,332119,0,
{E-0033258},08/19/2026 05:41:34,QA0016,PC-1016,U1569@dtaa.com;U9600@dtaa.com,,,QA0016@dtaa.com,158953,0,
{E-0027514},08/19/2026 19:10:34,NA0013,PC-1013,U9300@dtaa.com;U9310@dtaa.com;U2361@dtaa.com,,,NA0013@dtaa.com,65746,0,
{E-0029591},08/19/2026 19:40:34,OA0014,PC-1014,U5646@dtaa.com,,,OA0014@dtaa.com,299662,1,
{E-0023667},08/19/2026 19:46:34,LA0011,PC-1011,U7375@dtaa.com;U2850@dtaa.com;U9853@dtaa.com;U8934@dtaa.com,,,LA0011@dtaa.com,312383,0,
{E-0001093},08/19/2026 19:53:34,AA0000,PC-1000,U5069@dtaa.com;U2556@dtaa.com,,,AA0000@dtaa.com,118390,0,
{E-0001090},08/19/2026 20:06:34,AA0000,PC-1000,U7727@dtaa.com,,,AA0000@dtaa.com,98880,0,
{E-0034555},08/19/2026 20:06:34,RA0017,PC-1017,U2979@dtaa.com,,,RA0017@dtaa.com,329334,0,
{E-0019683},08/19/2026 20:14:34,JA0009,PC-1009,U7718@dtaa.com;U7112@dtaa.com,,,JA0009@dtaa.com,217750,0,
{E-0027513},08/19/2026 20:22:34,NA0013,PC-1013,U6719@dtaa.com;U7172@dtaa.com;U2618@dtaa.com,,,NA0013@dtaa.com,310684,1,
{E-0001091},08/19/2026 20:28:34,AA0000,PC-1000,U1729@dtaa.com;U5489@dtaa.com,,,AA0000@dtaa.com,167791,1,
{E-0003574},08/19/2026 20:32:34,BA0001,PC-1001,U4233@dtaa.com;U3629@dtaa.com;U2879@dtaa.com;U6506@dtaa.com,,,BA0001@dtaa.com,87436,1,
{E-0011554},08/19/2026 20:50:34,EA0004,PC-1004,U1727@dtaa.com,,,EA0004@dtaa.com,288331,0,
{E-0021676},08/19/2026 21:15:34,KA0010,PC-1010,U2081@dtaa.com;U7781@dtaa.com;U2220@dtaa.com,,,KA0010@dtaa.com,58235,0,
{E-0019684},08/19/2026 21:40:34,JA0009,PC-1009,U9923@dtaa.com;U1623@dtaa.com;U8330@dtaa.com;U1142@dtaa.com,,,JA0009@dtaa.com,214888,0,
{E-0033290},08/19/2026 21:44:34,QA0016,PC-1016,U9413@dtaa.com;U8505@dtaa.com,,,QA0016@dtaa.com,302245,1,
{E-0029592},08/19/2026 22:08:34,OA0014,PC-1014,U3241@dtaa.com;U2588@dtaa.com;U5693@dtaa.com;U8871@dtaa.com,,,OA0014@dtaa.com,177517,1,
{E-0011551},08/19/2026 22:16:34,EA0004,PC-1004,U4233@dtaa.com,,,EA0004@dtaa.com,64139,1,
{E-0034554},08/19/2026 22:16:34,RA0017,PC-1017,U9115@dtaa.com,,,RA0017@dtaa.com,229674,0,
{E-0029593},08/19/2026 22:19:34,OA0014,PC-1014,U2955@dtaa.com,,,OA0014@dtaa.com,308350,1,
{E-0014834},08/19/2026 22:20:34,GA0006,PC-1006,U1013@dtaa.com;U8913@dtaa.com;U4132@dtaa.com;U5914@dtaa.com,,,GA0006@dtaa.com,280349,0,
{E-0003573},08/19/2026 22:23:34,BA0001,PC-1001,U9773@dtaa.com;U5026@dtaa.com;U4689@dtaa.com,,,BA0001@dtaa.com,301568,0,
{E-0006476},08/19/2026 22:27:34,CA0002,PC-1002,U7895@dtaa.com;U5498@dtaa.com;U9615@dtaa.com,,,CA0002@dtaa.com,68807,0,
{E-0019685},08/19/2026 22:41:34,JA0009,PC-1009,U2494@dtaa.com;U4623@dtaa.com,,,JA0009@dtaa.com,236685,0,
{E-0025709},08/19/2026 22:52:34,MA0012,PC-1012,U4501@dtaa.com;U1655@dtaa.com;U7452@dtaa.com;U2690@dtaa.com,,,MA0012@dtaa.com,103660,0,
{E-0014833},08/19/2026 23:13:34,GA0006,PC-1006,U9247@dtaa.com;U6437@dtaa.com;U2526@dtaa.com;U4114@dtaa.com,,,GA0006@dtaa.com,249712,0,
{E-0016591},08/19/2026 23:14:34,HA0007,PC-1007,U6947@dtaa.com,,,HA0007@dtaa.com,338049,0,
{E-0017757},08/19/2026 23:33:34,IA0008,PC-1008,U8212@dtaa.com;U5767@dtaa.com;U3398@dtaa.com;U8631@dtaa.com,,,IA0008@dtaa.com,251731,0,
{E-0033291},08/19/2026 23:35:34,QA0016,PC-1016,U8193@dtaa.com,,,QA0016@dtaa.com,135652,0,
{E-0027515},08/19/2026 23:37:34,NA0013,PC-1013,U1784@dtaa.com;U6900@dtaa.com;U2595@dtaa.com,,,NA0013@dtaa.com,63808,0,
{E-0033285},08/19/2026 23:38:34,QA0016,PC-1016,U3572@dtaa.com,,,QA0016@dtaa.com,64796,1,
{E-0006477},08/19/2026 23:43:34,CA0002,PC-1002,U5384@dtaa.com;U6771@dtaa.com;U5347@dtaa.com,,,CA0002@dtaa.com,94192,0,
{E-0017756},08/19/2026 23:50:34,IA0008,PC-1008,U6967@dtaa.com,,,IA0008@dtaa.com,86006,1,
{E-0011552},08/19/2026 23:53:34,EA0004,PC-1004,U2046@dtaa.com;U4828@dtaa.com,,,EA0004@dtaa.com,65398,1,
{E-0027512},08/19/2026 23:53:34,NA0013,PC-1013,U3453@dtaa.com;U7456@dtaa.com;U6661@dtaa.com;U7641@dtaa.com,,,NA0013@dtaa.com,375550,0,
{E-0017758},08/19/2026 23:56:34,IA0008,PC-1008,U2524@dtaa.com;U9931@dtaa.com,,,IA0008@dtaa.com,240604,1,
{E-0029594},08/20/2026 00:06:34,OA0014,PC-1014,U1050@dtaa.com;U8329@dtaa.com;U6732@dtaa.com,,,OA0014@dtaa.com,106001,0,
{E-0031776},08/20/2026 00:08:34,PA0015,PC-1015,U8115@dtaa.com;U3614@dtaa.com;U6174@dtaa.com,,,PA0015@dtaa.com,326338,0,
{E-0033287},08/20/2026 00:17:34,QA0016,PC-1016,U3189@dtaa.com,,,QA0016@dtaa.com,329708,0,
{E-0006474},08/20/2026 00:19:34,CA0002,PC-1002,U5996@dtaa.com;U3430@dtaa.com;U8810@dtaa.com,,,CA0002@dtaa.com,21722,0,
{E-0006479},08/20/2026 00:26:34,CA0002,PC-1002,U8049@dtaa.com,,,CA0002@dtaa.com,91424,0,
{E-0009391},08/20/2026 00:31:34,DA0003,PC-1003,U3548@dtaa.com;U6920@dtaa.com;U2111@dtaa.com,,,DA0003@dtaa.com,203907,0,
{E-0027516},08/20/2026 00:33:34,NA0013,PC-1013,U4645@dtaa.com;U9266@dtaa.com;U5947@dtaa.com;U2084@dtaa.com,,,NA0013@dtaa.com,289584,0,
{E-0021675},08/20/2026 00:38:34,KA0010,PC-1010,U1305@dtaa.com,,,KA0010@dtaa.com,279798,0,
{E-0023669},08/20/2026 00:52:34,LA0011,PC-1011,U1482@dtaa.com,,,LA0011@dtaa.com,55465,0,
{E-0014832},08/20/2026 01:04:34,GA0006,PC-1006,U9360@dtaa.com;U8898@dtaa.com;U7597@dtaa.com,,,GA0006@dtaa.com,252780,1,
{E-0025708},08/20/2026 01:13:34,MA0012,PC-1012,U7438@dtaa.com;U8261@dtaa.com,,,MA0012@dtaa.com,398680,1,
{E-0006475},08/20/2026 01:18:34,CA0002,PC-1002,U8193@dtaa.com;U1727@dtaa.com;U8310@dtaa.com,,,CA0002@dtaa.com,316268,0,
{E-0006478},08/20/2026 01:23:34,CA0002,PC-1002,U4673@dtaa.com;U9791@dtaa.com;U6419@dtaa.com;U1932@dtaa.com,,,CA0002@dtaa.com,203078,0,
{E-0033286},08/20/2026 01:31:34,QA0016,PC-1016,U6169@dtaa.com;U5221@dtaa.com;U8716@dtaa.com;U8011@dtaa.com,,,QA0016@dtaa.com,308994,0,
{E-0001094},08/20/2026 01:53:34,AA0000,PC-1000,U1316@dtaa.com;U1360@dtaa.com,,,AA0000@dtaa.com,102972,0,
{E-0011553},08/20/2026 01:59:34,EA0004,PC-1004,U9032@dtaa.com,,,EA0004@dtaa.com,366960,0,
{E-0025707},08/20/2026 02:05:34,MA0012,PC-1012,U1473@dtaa.com,,,MA0012@dtaa.com,244406,1,
{E-0014836},08/20/2026 02:30:34,GA0006,PC-1006,U2128@dtaa.com;U5014@dtaa.com;U3218@dtaa.com,,,GA0006@dtaa.com,51155,0,
{E-0023666},08/20/2026 02:34:34,LA0011,PC-1011,U8006@dtaa.com,,,LA0011@dtaa.com,125429,0,
{E-0012889},08/20/2026 02:46:34,FA0005,PC-1005,U6433@dtaa.com;U4173@dtaa.com;U3209@dtaa.com;U9079@dtaa.com,,,FA0005@dtaa.com,219895,0,
{E-0001092},08/20/2026 02:48:34,AA0000,PC-1000,U6101@dtaa.com;U4713@dtaa.com,,,AA0000@dtaa.com,175578,1,
{E-0014835},08/20/2026 03:11:34,GA0006,PC-1006,U1630@dtaa.com;U6865@dtaa.com;U5932@dtaa.com,,,GA0006@dtaa.com,359289,0,
{E-0031774},08/20/2026 03:11:34,PA0015,PC-1015,U9114@dtaa.com;U6634@dtaa.com,,,PA0015@dtaa.com,176396,0,
{E-0033288},08/20/2026 03:16:34,QA0016,PC-1016,U3845@dtaa.com;U5432@dtaa.com;U7492@dtaa.com;U9101@dtaa.com,,,QA0016@dtaa.com,310531,0,
{E-0011550},08/20/2026 03:21:34,EA0004,PC-1004,U4002@dtaa.com;U8336@dtaa.com;U7242@dtaa.com;U9015@dtaa.com,,,EA0004@dtaa.com,354125,1,
{E-0012891},08/20/2026 03:21:34,FA0005,PC-1005,U9975@dtaa.com;U4769@dtaa.com;U1034@dtaa.com,,,FA0005@dtaa.com,311131,1,
{E-0023668},08/20/2026 03:23:34,LA0011,PC-1011,U6519@dtaa.com;U4973@dtaa.com,,,LA0011@dtaa.com,306692,0,
{E-0025705},08/20/2026 03:30:34,MA0012,PC-1012,U7293@dtaa.com;U7011@dtaa.com;U8260@dtaa.com;U4582@dtaa.com,,,MA0012@dtaa.com,230673,0,
{E-0023670},08/20/2026 03:32:34,LA0011,PC-1011,U2016@dtaa.com;U4612@dtaa.com;U1374@dtaa.com,,,LA0011@dtaa.com,136901,0,
{E-0021674},08/20/2026 03:38:34,KA0010,PC-1010,U9680@dtaa.com;U3360@dtaa.com;U4036@dtaa.com,,,KA0010@dtaa.com,185651,0,
{E-0033289},08/20/2026 03:46:34,QA0016,PC-1016,U6097@dtaa.com;U7064@dtaa.com,,,QA0016@dtaa.com,248960,1,
{E-0021673},08/20/2026 03:51:34,KA0010,PC-1010,U2803@dtaa.com;U1069@dtaa.com;U1631@dtaa.com;U6683@dtaa.com,,,KA0010@dtaa.com,230663,0,
{E-0021677},08/20/2026 03:52:34,KA0010,PC-1010,U4123@dtaa.com;U7269@dtaa.com;U4459@dtaa.com,,,KA0010@dtaa.com,332615,0,
{E-0031775},08/20/2026 03:56:34,PA0015,PC-1015,U7790@dtaa.com;U6493@dtaa.com,,,PA0015@dtaa.com,77836,0,
{E-0025706},08/20/2026 04:23:34,MA0012,PC-1012,U9216@dtaa.com,,,MA0012@dtaa.com,358251,1,
{E-0021672},08/20/2026 05:04:34,KA0010,PC-1010,U1772@dtaa.com,,,KA0010@dtaa.com,107656,0,
{E-0012892},08/20/2026 05:34:34,FA0005,PC-1005,U2274@dtaa.com;U3424@dtaa.com;U3520@dtaa.com,,,FA0005@dtaa.com,143073,0,
{E-0012890},08/20/2026 05:39:34,FA0005,PC-1005,U4103@dtaa.com;U1313@dtaa.com;U6256@dtaa.com,,,FA0005@dtaa.com,264855,0,
{E-0025759},08/20/2026 19:03:34,MA0012,PC-1012,U9842@dtaa.com;U5622@dtaa.com;U6579@dtaa.com;U8356@dtaa.com,,,MA0012@dtaa.com,273541,0,
{E-0029648},08/20/2026 19:04:34,OA0014,PC-1014,U5826@dtaa.com;U7800@dtaa.com;U6573@dtaa.com;U8621@dtaa.com,,,OA0014@dtaa.com,82627,1,
{E-0027551},08/20/2026 19:53:34,NA0013,PC-1013,U4895@dtaa.com;U1221@dtaa.com;U7365@dtaa.com;U5624@dtaa.com,,,NA0013@dtaa.com,225467,0,
{E-0033328},08/20/2026 20:22:34,QA0016,PC-1016,U9729@dtaa.com;U6970@dtaa.com;U7707@dtaa.com;U5937@dtaa.com,,,QA0016@dtaa.com,276248,0,
{E-0009448},08/20/2026 20:30:34,DA0003,PC-1003,U8355@dtaa.com,,,DA0003@dtaa.com,305418,0,
{E-0031817},08/20/2026 20:36:34,PA0015,PC-1015,U2026@dtaa.com;U2570@dtaa.com;U7671@dtaa.com,,,PA0015@dtaa.com,107064,0,
{E-0009447},08/20/2026 20:39:34,DA0003,PC-1003,U3478@dtaa.com,,,DA0003@dtaa.com,101797,0,
{E-0023705},08/20/2026 20:40:34,LA0011,PC-1011,U2375@dtaa.com;U5475@dtaa.com;U4835@dtaa.com;U1011@dtaa.com,,,LA0011@dtaa.com,396750,0,
{E-0021735},08/20/2026 20:42:34,KA0010,PC-1010,U1120@dtaa.com;U1374@dtaa.com;U7418@dtaa.com;U2568@dtaa.com,,,KA0010@dtaa.com,362432,1,
{E-0001142},08/20/2026 20:50:34,AA0000,PC-1000,U4517@dtaa.com;U2394@dtaa.com;U1929@dtaa.com,,,AA0000@dtaa.com,251636,0,
{E-0001143},08/20/2026 21:07:34,AA0000,PC-1000,U7995@dtaa.com;U4465@dtaa.com,,,AA0000@dtaa.com,375162,0,
{E-0029649},08/20/2026 21:09:34,OA0014,PC-1014,U3483@dtaa.com;U3398@dtaa.com;U1415@dtaa.com,,,OA0014@dtaa.com,281535,0,
{E-0025756},08/20/2026 21:23:34,MA0012,PC-1012,U6839@dtaa.com;U5467@dtaa.com,,,MA0012@dtaa.com,211989,0,
{E-0011581},08/20/2026 21:27:34,EA0004,PC-1004,U3897@dtaa.com,,,EA0004@dtaa.com,349535,0,
{E-0001141},08/20/2026 21:46:34,AA0000,PC-1000,U3057@dtaa.com;U7642@dtaa.com;U4711@dtaa.com,,,AA0000@dtaa.com,55776,0,
{E-0009446},08/20/2026 21:48:34,DA0003,PC-1003,U5890@dtaa.com;U6469@dtaa.com;U5309@dtaa.com;U3902@dtaa.com,,,DA0003@dtaa.com,215890,0,
{E-0014874},08/20/2026 21:51:34,GA0006,PC-1006,U6780@dtaa.com;U2655@dtaa.com;U4527@dtaa.com,,,GA0006@dtaa.com,331888,0,
{E-0016617},08/20/2026 22:01:34,HA0007,PC-1007,U3346@dtaa.com;U2959@dtaa.com;U3067@dtaa.com;U6347@dtaa.com,,,HA0007@dtaa.com,138028,0,
{E-0023703},08/20/2026 22:04:34,LA0011,PC-1011,U9633@dtaa.com;U5945@dtaa.com;U4368@dtaa.com;U5808@dtaa.com,,,LA0011@dtaa.com,398174,0,
{E-0031818},08/20/2026 22:04:34,PA0015,PC-1015,U6853@dtaa.com,,,PA0015@dtaa.com,24632,0,
{E-0021736},08/20/2026 22:19:34,KA0010,PC-1010,U5480@dtaa.com;U2559@dtaa.com;U5364@dtaa.com,,,KA0010@dtaa.com,111273,0,
{E-0031819},08/20/2026 22:26:34,PA0015,PC-1015,U1557@dtaa.com;U3731@dtaa.com;U6776@dtaa.com,,,PA0015@dtaa.com,333093,1,
{E-0033327},08/20/2026 22:34:34,QA0016,PC-1016,U7381@dtaa.com;U7934@dtaa.com;U4045@dtaa.com;U1747@dtaa.com,,,QA0016@dtaa.com,224217,0,
{E-0012920},08/20/2026 22:37:34,FA0005,PC-1005,U9810@dtaa.com,,,FA0005@dtaa.com,175850,0,
{E-0029647},08/20/2026 22:43:34,OA0014,PC-1014,U3542@dtaa.com;U4725@dtaa.com;U7073@dtaa.com,,,OA0014@dtaa.com,194583,1,
{E-0027550},08/20/2026 22:49:34,NA0013,PC-1013,U9124@dtaa.com;U9932@dtaa.com,,,NA0013@dtaa.com,348024,1,
{E-0029650},08/20/2026 23:04:34,OA0014,PC-1014,U5013@dtaa.com;U8152@dtaa.com,,,OA0014@dtaa.com,380793,0,
{E-0006542},08/20/2026 23:24:34,CA0002,PC-1002,U2298@dtaa.com;U4423@dtaa.com,,,CA0002@dtaa.com,167094,0,
{E-0006541},08/20/2026 23:40:34,CA0002,PC-1002,U4751@dtaa.com;U1144@dtaa.com;U7126@dtaa.com,,,CA0002@dtaa.com,158146,1,
{E-0027547},08/20/2026 23:46:34,NA0013,PC-1013,U4102@dtaa.com,,,NA0013@dtaa.com,215207,0,
{E-0029646},08/20/2026 23:46:34,OA0014,PC-1014,U3475@dtaa.com;U3513@dtaa.com;U7967@dtaa.com,,,OA0014@dtaa.com,55458,1,
{E-0017800},08/21/2026 00:05:34,IA0008,PC-1008,U5398@dtaa.com;U3487@dtaa.com;U2649@dtaa.com;U5703@dtaa.com,,,IA0008@dtaa.com,183237,0,
{E-0033330},08/21/2026 00:21:34,QA0016,PC-1016,U8525@dtaa.com,,,QA0016@dtaa.com,245836,0,
{E-0006538},08/21/2026 00:22:34,CA0002,PC-1002,U9917@dtaa.com;U2381@dtaa.com;U5328@dtaa.com;U8421@dtaa.com,,,CA0002@dtaa.com,317088,0,
{E-0025760},08/21/2026 00:29:34,MA0012,PC-1012,U4720@dtaa.com;U8681@dtaa.com;U5362@dtaa.com,,,MA0012@dtaa.com,140418,0,
{E-0006540},08/21/2026 00:30:34,CA0002,PC-1002,U6520@dtaa.com;U1193@dtaa.com,,,CA0002@dtaa.com,377161,0,
{E-0023704},08/21/2026 00:31:34,LA0011,PC-1011,U8410@dtaa.com;U6668@dtaa.com;U4001@dtaa.com;U9159@dtaa.com,,,LA0011@dtaa.com,108813,0,
{E-0016618},08/21/2026 00:34:34,HA0007,PC-1007,U7716@dtaa.com,,,HA0007@dtaa.com,287957,1,
{E-0027548},08/21/2026 00:50:34,NA0013,PC-1013,U4391@dtaa.com;U1363@dtaa.com;U1160@dtaa.com;U6396@dtaa.com,,,NA0013@dtaa.com,337645,0,
{E-0006539},08/21/2026 01:18:34,CA0002,PC-1002,U8873@dtaa.com;U5818@dtaa.com;U5998@dtaa.com;U2638@dtaa.com,,,CA0002@dtaa.com,326293,1,
{E-0017801},08/21/2026 01:24:34,IA0008,PC-1008,U6740@dtaa.com,,,IA0008@dtaa.com,257689,0,
{E-0034578},08/21/2026 01:26:34,RA0017,PC-1017,U7732@dtaa.com;U9368@dtaa.com;U7609@dtaa.com,,,RA0017@dtaa.com,112619,0,
{E-0001140},08/21/2026 01:31:34,AA0000,PC-1000,U4620@dtaa.com;U4539@dtaa.com,,,AA0000@dtaa.com,174923,0,
{E-0011579},08/21/2026 01:43:34,EA0004,PC-1004,U3039@dtaa.com;U3253@dtaa.com,,,EA0004@dtaa.com,197950,0,
{E-0009449},08/21/2026 01:47:34,DA0003,PC-1003,U8467@dtaa.com;U3167@dtaa.com;U5413@dtaa.com;U6486@dtaa.com,,,DA0003@dtaa.com,335513,0,
{E-0034577},08/21/2026 01:48:34,RA0017,PC-1017,U8661@dtaa.com;U8335@dtaa.com;U1007@dtaa.com,,,RA0017@dtaa.com,49878,0,
{E-0021734},08/21/2026 01:59:34,KA0010,PC-1010,U8939@dtaa.com;U5393@dtaa.com,,,KA0010@dtaa.com,362245,0,
{E-0012921},08/21/2026 02:14:34,FA0005,PC-1005,U8042@dtaa.com;U1562@dtaa.com,,,FA0005@dtaa.com,381213,0,
{E-0029645},08/21/2026 02:15:34,OA0014,PC-1014,U4900@dtaa.com;U7840@dtaa.com,,,OA0014@dtaa.com,377775,1,
{E-0025757},08/21/2026 02:22:34,MA0012,PC-1012,U3991@dtaa.com,,,MA0012@dtaa.com,113191,0,
{E-0027549},08/21/2026 02:28:34,NA0013,PC-1013,U6476@dtaa.com;U8387@dtaa.com;U3141@dtaa.com;U2922@dtaa.com,,,NA0013@dtaa.com,174268,0,
{E-0014875},08/21/2026 02:33:34,GA0006,PC-1006,U6309@dtaa.com;U5223@dtaa.com;U8602@dtaa.com;U2182@dtaa.com,,,GA0006@dtaa.com,169742,1,
{E-0014876},08/21/2026 02:36:34,GA0006,PC-1006,U2974@dtaa.com;U1843@dtaa.com;U6827@dtaa.com;U6574@dtaa.com,,,GA0006@dtaa.com,297646,1,
{E-0017802},08/21/2026 02:45:34,IA0008,PC-1008,U1409@dtaa.com;U5022@dtaa.com,,,IA0008@dtaa.com,136215,0,
{E-0025758},08/21/2026 02:57:34,MA0012,PC-1012,U6642@dtaa.com;U9414@dtaa.com;U4779@dtaa.com;U8980@dtaa.com,,,MA0012@dtaa.com,111885,1,
{E-0006543},08/21/2026 03:02:34,CA0002,PC-1002,U8679@dtaa.com,,,CA0002@dtaa.com,134676,0,
{E-0023706},08/21/2026 03:07:34,LA0011,PC-1011,U9523@dtaa.com;U1928@dtaa.com;U9822@dtaa.com,,,LA0011@dtaa.com,259408,0,
{E-0003642},08/21/2026 03:12:34,BA0001,PC-1001,U6429@dtaa.com;U1768@dtaa.com;U9735@dtaa.com;U6600@dtaa.com,,,BA0001@dtaa.com,58771,1,
{E-0012919},08/21/2026 03:26:34,FA0005,PC-1005,U2479@dtaa.com,,,FA0005@dtaa.com,57452,0,
{E-0033329},08/21/2026 03:53:34,QA0016,PC-1016,U2032@dtaa.com,,,QA0016@dtaa.com,199251,0,
{E-0027552},08/21/2026 04:26:34,NA0013,PC-1013,U6018@dtaa.com,,,NA0013@dtaa.com,40518,0,
{E-0034576},08/21/2026 04:30:34,RA0017,PC-1017,U5916@dtaa.com;U4927@dtaa.com;U9368@dtaa.com,,,RA0017@dtaa.com,24476,0,
{E-0011580},08/21/2026 04:35:34,EA0004,PC-1004,U7499@dtaa.com,,,EA0004@dtaa.com,188504,1,
{E-0034575},08/21/2026 04:58:34,RA0017,PC-1017,U5198@dtaa.com;U1535@dtaa.com;U8494@dtaa.com;U5201@dtaa.com,,,RA0017@dtaa.com,224996,1,
{E-0029722},08/23/2026 19:04:34,OA0014,PC-1014,U1512@dtaa.com;U1904@dtaa.com;U8840@dtaa.com,,,OA0014@dtaa.com,338936,0,
{E-0017845},08/23/2026 19:09:34,IA0008,PC-1008,U3004@dtaa.com;U6530@dtaa.com;U1347@dtaa.com,,,IA0008@dtaa.com,144160,1,
{E-0014946},08/23/2026 19:21:34,GA0006,PC-1006,U1556@dtaa.com;U1179@dtaa.com,,,GA0006@dtaa.com,260763,0,
{E-0001206},08/23/2026 19:55:34,AA0000,PC-1000,U7910@dtaa.com,,,AA0000@dtaa.com,46507,1,
{E-0023757},08/23/2026 20:23:34,LA0011,PC-1011,U9188@dtaa.com;U4338@dtaa.com,,,LA0011@dtaa.com,205457,1,
{E-0031860},08/23/2026 20:31:34,PA0015,PC-1015,U3327@dtaa.com,,,PA0015@dtaa.com,130952,0,
{E-0019795},08/23/2026 20:50:34,JA0009,PC-1009,U2302@dtaa.com;U8156@dtaa.com;U8623@dtaa.com;U4160@dtaa.com,,,JA0009@dtaa.com,152329,0,
{E-0027585},08/23/2026 20:51:34,NA0013,PC-1013,U2937@dtaa.com,,,NA0013@dtaa.com,170509,1,
{E-0019791},08/23/2026 20:52:34,JA0009,PC-1009,U2826@dtaa.com,,,JA0009@dtaa.com,314438,1,
{E-0003713},08/23/2026 21:13:34,BA0001,PC-1001,U7712@dtaa.com;U8096@dtaa.com;U9372@dtaa.com,,,BA0001@dtaa.com,167527,0,
{E-0029723},08/23/2026 21:17:34,OA0014,PC-1014,U9282@dtaa.com;U7393@dtaa.com;U1894@dtaa.com,,,OA0014@dtaa.com,28335,0,
{E-0027584},08/23/2026 21:25:34,NA0013,PC-1013,U8564@dtaa.com,,,NA0013@dtaa.com,223904,0,
{E-0011607},08/23/2026 21:27:34,EA0004,PC-1004,U9441@dtaa.com;U8170@dtaa.com;U1951@dtaa.com,,,EA0004@dtaa.com,359940,0,
{E-0033365},08/23/2026 21:33:34,QA0016,PC-1016,U8809@dtaa.com,,,QA0016@dtaa.com,170020,0,
{E-0017846},08/23/2026 21:36:34,IA0008,PC-1008,U8086@dtaa.com;U1362@dtaa.com,,,IA0008@dtaa.com,204618,0,
{E-0001205},08/23/2026 21:42:34,AA0000,PC-1000,U3973@dtaa.com;U1418@dtaa.com,,,AA0000@dtaa.com,116811,0,
{E-0016647},08/23/2026 21:47:34,HA0007,PC-1007,U3647@dtaa.com;U1004@dtaa.com;U2212@dtaa.com,,,HA0007@dtaa.com,34433,0,
{E-0034606},08/23/2026 21:48:34,RA0017,PC-1017,U8913@dtaa.com;U2376@dtaa.com;U7576@dtaa.com,,,RA0017@dtaa.com,210801,0,
{E-0034608},08/23/2026 21:49:34,RA0017,PC-1017,U3611@dtaa.com;U3698@dtaa.com;U5890@dtaa.com,,,RA0017@dtaa.com,225598,1,
{E-0016648},08/23/2026 21:54:34,HA0007,PC-1007,U8887@dtaa.com;U3560@dtaa.com;U5701@dtaa.com,,,HA0007@dtaa.com,24468,0,
{E-0029720},08/23/2026 21:56:34,OA0014,PC-1014,U4390@dtaa.com,,,OA0014@dtaa.com,341565,0,
{E-0034607},08/23/2026 22:00:34,RA0017,PC-1017,U7824@dtaa.com;U4533@dtaa.com;U4201@dtaa.com;U4443@dtaa.com,,,RA0017@dtaa.com,129665,1,
{E-0006600},08/23/2026 22:24:34,CA0002,PC-1002,U9648@dtaa.com;U1334@dtaa.com;U3531@dtaa.com;U5291@dtaa.com,,,CA0002@dtaa.com,89546,0,
{E-0027583},08/23/2026 22:25:34,NA0013,PC-1013,U1460@dtaa.com;U4300@dtaa.com;U2453@dtaa.com,,,NA0013@dtaa.com,95335,0,
{E-0031857},08/23/2026 22:51:34,PA0015,PC-1015,U6088@dtaa.com,,,PA0015@dtaa.com,359100,0,
{E-0012951},08/23/2026 23:14:34,FA0005,PC-1005,U7515@dtaa.com;U4638@dtaa.com,,,FA0005@dtaa.com,146754,0,
{E-0012952},08/23/2026 23:39:34,FA0005,PC-1005,U6019@dtaa.com,,,FA0005@dtaa.com,372918,0,
{E-0027586},08/23/2026 23:41:34,NA0013,PC-1013,U7854@dtaa.com,,,NA0013@dtaa.com,27695,1,
{E-0011608},08/23/2026 23:48:34,EA0004,PC-1004,U9566@dtaa.com;U4018@dtaa.com,,,EA0004@dtaa.com,338941,0,
{E-0006601},08/23/2026 23:49:34,CA0002,PC-1002,U6515@dtaa.com,,,CA0002@dtaa.com,53299,1,
{E-0023758},08/23/2026 23:49:34,LA0011,PC-1011,U8950@dtaa.com;U7168@dtaa.com,,,LA0011@dtaa.com,144884,0,
{E-0017844},08/23/2026 23:55:34,IA0008,PC-1008,U2794@dtaa.com;U1256@dtaa.com;U5679@dtaa.com;U3784@dtaa.com,,,IA0008@dtaa.com,153745,0,
{E-0014944},08/23/2026 23:58:34,GA0006,PC-1006,U5951@dtaa.com;U6159@dtaa.com,,,GA0006@dtaa.com,127615,0,
{E-0001207},08/24/2026 00:00:34,AA0000,PC-1000,U8730@dtaa.com,,,AA0000@dtaa.com,39133,0,
{E-0031859},08/24/2026 00:30:34,PA0015,PC-1015,U9714@dtaa.com;U8853@dtaa.com;U5248@dtaa.com;U6726@dtaa.com,,,PA0015@dtaa.com,27042,0,
{E-0019794},08/24/2026 00:34:34,JA0009,PC-1009,U8141@dtaa.com;U2436@dtaa.com;U5252@dtaa.com,,,JA0009@dtaa.com,231226,1,
{E-0033367},08/24/2026 00:38:34,QA0016,PC-1016,U4743@dtaa.com,,,QA0016@dtaa.com,330165,0,
{E-0033368},08/24/2026 00:53:34,QA0016,PC-1016,U7600@dtaa.com;U5309@dtaa.com;U7907@dtaa.com,,,QA0016@dtaa.com,332346,0,
{E-0031855},08/24/2026 01:00:34,PA0015,PC-1015,U2748@dtaa.com;U8187@dtaa.com,,,PA0015@dtaa.com,272189,0,
{E-0031856},08/24/2026 01:05:34,PA0015,PC-1015,U1454@dtaa.com,,,PA0015@dtaa.com,329835,0,
{E-0031858},08/24/2026 01:08:34,PA0015,PC-1015,U1170@dtaa.com;U6990@dtaa.com,,,PA0015@dtaa.com,261389,0,
{E-0019793},08/24/2026 01:26:34,JA0009,PC-1009,U5055@dtaa.com;U7467@dtaa.com;U9016@dtaa.com;U8356@dtaa.com,,,JA0009@dtaa.com,289960,0,
{E-0006604},08/24/2026 01:34:34,CA0002,PC-1002,U8679@dtaa.com,,,CA0002@dtaa.com,41552,0,
{E-0023756},08/24/2026 01:38:34,LA0011,PC-1011,U7996@dtaa.com,,,LA0011@dtaa.com,382423,1,
{E-0021771},08/24/2026 01:42:34,KA0010,PC-1010,U1122@dtaa.com;U8808@dtaa.com;U7688@dtaa.com;U5256@dtaa.com,,,KA0010@dtaa.com,262338,0,
{E-0021772},08/24/2026 01:42:34,KA0010,PC-1010,U3154@dtaa.com;U8680@dtaa.com;U4145@dtaa.com,,,KA0010@dtaa.com,319454,0,
{E-0021773},08/24/2026 01:46:34,KA0010,PC-1010,U4796@dtaa.com;U2949@dtaa.com,,,KA0010@dtaa.com,224889,0,
{E-0029721},08/24/2026 02:00:34,OA0014,PC-1014,U4765@dtaa.com;U1991@dtaa.com;U6183@dtaa.com,,,OA0014@dtaa.com,357020,0,
{E-0009534},08/24/2026 02:34:34,DA0003,PC-1003,U4225@dtaa.com;U2071@dtaa.com,,,DA0003@dtaa.com,311714,0,
{E-0023755},08/24/2026 02:38:34,LA0011,PC-1011,U4873@dtaa.com,,,LA0011@dtaa.com,62889,0,
{E-0033371},08/24/2026 02:40:34,QA0016,PC-1016,U2174@dtaa.com;U6179@dtaa.com,,,QA0016@dtaa.com,137001,1,
{E-0033366},08/24/2026 02:43:34,QA0016,PC-1016,U1401@dtaa.com;U9054@dtaa.com;U3759@dtaa.com;U3679@dtaa.com,,,QA0016@dtaa.com,398842,0,
{E-0001204},08/24/2026 02:51:34,AA0000,PC-1000,U9454@dtaa.com,,,AA0000@dtaa.com,110575,1,
{E-0011606},08/24/2026 03:03:34,EA0004,PC-1004,U2958@dtaa.com;U7222@dtaa.com;U1551@dtaa.com;U9531@dtaa.com,,,EA0004@dtaa.com,215547,1,
{E-0019792},08/24/2026 03:06:34,JA0009,PC-1009,U9052@dtaa.com,,,JA0009@dtaa.com,138095,0,
{E-0012950},08/24/2026 03:18:34,FA0005,PC-1005,U3174@dtaa.com,,,FA0005@dtaa.com,271720,1,
{E-0014945},08/24/2026 03:35:34,GA0006,PC-1006,U6459@dtaa.com;U3606@dtaa.com;U5964@dtaa.com,,,GA0006@dtaa.com,260379,0,
{E-0003714},08/24/2026 03:42:34,BA0001,PC-1001,U7147@dtaa.com;U4365@dtaa.com,,,BA0001@dtaa.com,244626,0,
{E-0033369},08/24/2026 03:53:34,QA0016,PC-1016,U8483@dtaa.com;U3737@dtaa.com,,,QA0016@dtaa.com,288938,1,
{E-0006605},08/24/2026 04:40:34,CA0002,PC-1002,U4595@dtaa.com;U5911@dtaa.com;U6236@dtaa.com,,,CA0002@dtaa.com,310692,0,
{E-0033370},08/24/2026 05:02:34,QA0016,PC-1016,U6439@dtaa.com;U2106@dtaa.com;U1872@dtaa.com;U7889@dtaa.com,,,QA0016@dtaa.com,339530,0,
{E-0006599},08/24/2026 05:49:34,CA0002,PC-1002,U9564@dtaa.com;U9173@dtaa.com;U8512@dtaa.com,,,CA0002@dtaa.com,179356,0,
{E-0006603},08/24/2026 05:57:34,CA0002,PC-1002,U9054@dtaa.com,,,CA0002@dtaa.com,377737,0,
{E-0006602},08/24/2026 06:08:34,CA0002,PC-1002,U9337@dtaa.com;U3622@dtaa.com,,,CA0002@dtaa.com,77641,0,
{E-0017889},08/24/2026 19:18:34,IA0008,PC-1008,U9471@dtaa.com;U3827@dtaa.com;U3536@dtaa.com,,,IA0008@dtaa.com,269436,0,
{E-0021814},08/24/2026 19:42:34,KA0010,PC-1010,U3647@dtaa.com;U7901@dtaa.com;U1378@dtaa.com,,,KA0010@dtaa.com,55325,1,
{E-0033402},08/24/2026 19:49:34,QA0016,PC-1016,U2150@dtaa.com;U2909@dtaa.com;U8923@dtaa.com;U8393@dtaa.com,,,QA0016@dtaa.com,373668,1,
{E-0027620},08/24/2026 20:03:34,NA0013,PC-1013,U4218@dtaa.com;U6605@dtaa.com;U6711@dtaa.com,,,NA0013@dtaa.com,195121,0,
{E-0001264},08/24/2026 20:04:34,AA0000,PC-1000,U4573@dtaa.com;U1227@dtaa.com;U3893@dtaa.com;U2842@dtaa.com,,,AA0000@dtaa.com,99078,0,
{E-0014972},08/24/2026 20:17:34,GA0006,PC-1006,U8380@dtaa.com,,,GA0006@dtaa.com,236622,0,
{E-0021813},08/24/2026 20:25:34,KA0010,PC-1010,U9010@dtaa.com;U8828@dtaa.com,,,KA0010@dtaa.com,106619,0,
{E-0033403},08/24/2026 20:25:34,QA0016,PC-1016,U3063@dtaa.com,,,QA0016@dtaa.com,231182,0,
{E-0025789},08/24/2026 20:34:34,MA0012,PC-1012,U3040@dtaa.com,,,MA0012@dtaa.com,69908,0,
{E-0011630},08/24/2026 20:41:34,EA0004,PC-1004,U6102@dtaa.com;U4115@dtaa.com;U6981@dtaa.com,,,EA0004@dtaa.com,222674,0,
{E-0009595},08/24/2026 20:59:34,DA0003,PC-1003,U3321@dtaa.com,,,DA0003@dtaa.com,218039,1,
{E-0027621},08/24/2026 21:01:34,NA0013,PC-1013,U8327@dtaa.com,,,NA0013@dtaa.com,288309,0,
{E-0019849},08/24/2026 21:13:34,JA0009,PC-1009,U8008@dtaa.com,,,JA0009@dtaa.com,267902,0,
{E-0021816},08/24/2026 21:18:34,KA0010,PC-1010,U8111@dtaa.com;U3743@dtaa.com,,,KA0010@dtaa.com,356982,1,
{E-0029772},08/24/2026 21:32:34,OA0014,PC-1014,U4788@dtaa.com,,,OA0014@dtaa.com,303520,1,
{E-0001265},08/24/2026 21:33:34,AA0000,PC-1000,U2211@dtaa.com,,,AA0000@dtaa.com,288247,0,
{E-0011629},08/24/2026 21:36:34,EA0004,PC-1004,U1516@dtaa.com;U3341@dtaa.com,,,EA0004@dtaa.com,260259,1,
{E-0019851},08/24/2026 21:44:34,JA0009,PC-1009,U6635@dtaa.com;U2152@dtaa.com,,,JA0009@dtaa.com,324626,0,
{E-0031892},08/24/2026 22:23:34,PA0015,PC-1015,U4003@dtaa.com;U3966@dtaa.com;U6148@dtaa.com,,,PA0015@dtaa.com,286571,0,
{E-0031895},08/24/2026 22:26:34,PA0015,PC-1015,U5430@dtaa.com,,,PA0015@dtaa.com,115717,0,
{E-0025788},08/24/2026 22:32:34,MA0012,PC-1012,U7385@dtaa.com,,,MA0012@dtaa.com,63854,1,
{E-0012985},08/24/2026 22:42:34,FA0005,PC-1005,U1627@dtaa.com,,,FA0005@dtaa.com,208327,1,
{E-0006671},08/24/2026 22:51:34,CA0002,PC-1002,U4690@dtaa.com;U4151@dtaa.com;U8845@dtaa.com;U6594@dtaa.com,,,CA0002@dtaa.com,263147,0,
{E-0021815},08/24/2026 22:51:34,KA0010,PC-1010,U2902@dtaa.com;U3521@dtaa.com;U9528@dtaa.com,,,KA0010@dtaa.com,182482,0,
{E-0029771},08/24/2026 22:54:34,OA0014,PC-1014,U4963@dtaa.com;U9121@dtaa.com,,,OA0014@dtaa.com,257403,0,
{E-0001262},08/24/2026 23:06:34,AA0000,PC-1000,U9889@dtaa.com;U7046@dtaa.com;U4937@dtaa.com,,,AA0000@dtaa.com,249259,0,
{E-0012987},08/24/2026 23:36:34,FA0005,PC-1005,U4941@dtaa.com;U6476@dtaa.com,,,FA0005@dtaa.com,302021,0,
{E-0014971},08/24/2026 23:42:34,GA0006,PC-1006,U5959@dtaa.com;U1407@dtaa.com;U7006@dtaa.com,,,GA0006@dtaa.com,159585,0,
{E-0031893},08/25/2026 00:27:34,PA0015,PC-1015,U8005@dtaa.com;U2281@dtaa.com,,,PA0015@dtaa.com,192335,1,
{E-0006673},08/25/2026 00:48:34,CA0002,PC-1002,U6224@dtaa.com,,,CA0002@dtaa.com,154304,0,
{E-0021817},08/25/2026 00:58:34,KA0010,PC-1010,U8758@dtaa.com,,,KA0010@dtaa.com,90841,0,
{E-0031894},08/25/2026 01:09:34,PA0015,PC-1015,U7489@dtaa.com;U9127@dtaa.com;U2933@dtaa.com;U5544@dtaa.com,,,PA0015@dtaa.com,217071,0,
{E-0016675},08/25/2026 01:14:34,HA0007,PC-1007,U7887@dtaa.com;U9674@dtaa.com;U6080@dtaa.com,,,HA0007@dtaa.com,36193,0,
{E-0014970},08/25/2026 01:16:34,GA0006,PC-1006,U6253@dtaa.com;U1285@dtaa.com;U9513@dtaa.com,,,GA0006@dtaa.com,92837,0,
{E-0003781},08/25/2026 01:21:34,BA0001,PC-1001,U4541@dtaa.com;U5785@dtaa.com;U6006@dtaa.com;U8292@dtaa.com,,,BA0001@dtaa.com,312334,1,
{E-0033405},08/25/2026 01:24:34,QA0016,PC-1016,U5394@dtaa.com;U4107@dtaa.com;U3024@dtaa.com,,,QA0016@dtaa.com,357986,1,
{E-0006669},08/25/2026 01:30:34,CA0002,PC-1002,U5207@dtaa.com;U5858@dtaa.com;U5923@dtaa.com,,,CA0002@dtaa.com,288280,0,
{E-0009596},08/25/2026 01:35:34,DA0003,PC-1003,U8981@dtaa.com;U7632@dtaa.com;U1341@dtaa.com;U5472@dtaa.com,,,DA0003@dtaa.com,210746,0,
{E-0009594},08/25/2026 01:38:34,DA0003,PC-1003,U7448@dtaa.com;U8033@dtaa.com,,,DA0003@dtaa.com,119431,0,
{E-0027618},08/25/2026 01:42:34,NA0013,PC-1013,U2139@dtaa.com;U7815@dtaa.com;U2385@dtaa.com;U7971@dtaa.com,,,NA0013@dtaa.com,49363,1,
{E-0006672},08/25/2026 01:44:34,CA0002,PC-1002,U9003@dtaa.com;U8524@dtaa.com;U1690@dtaa.com;U8206@dtaa.com,,,CA0002@dtaa.com,165313,0,
{E-0014973},08/25/2026 02:35:34,GA0006,PC-1006,U7958@dtaa.com;U4032@dtaa.com,,,GA0006@dtaa.com,84255,1,
{E-0027619},08/25/2026 02:46:34,NA0013,PC-1013,U3536@dtaa.com;U6569@dtaa.com;U8893@dtaa.com,,,NA0013@dtaa.com,177064,1,
{E-0012986},08/25/2026 02:54:34,FA0005,PC-1005,U7038@dtaa.com;U8689@dtaa.com;U7783@dtaa.com;U2674@dtaa.com,,,FA0005@dtaa.com,20927,0,
{E-0034633},08/25/2026 03:16:34,RA0017,PC-1017,U4126@dtaa.com;U8475@dtaa.com,,,RA0017@dtaa.com,141990,0,
{E-0019850},08/25/2026 03:32:34,JA0009,PC-1009,U8010@dtaa.com;U8626@dtaa.com,,,JA0009@dtaa.com,104050,0,
{E-0001263},08/25/2026 03:41:34,AA0000,PC-1000,U8473@dtaa.com,,,AA0000@dtaa.com,190216,0,
{E-0033404},08/25/2026 04:18:34,QA0016,PC-1016,U5485@dtaa.com,,,QA0016@dtaa.com,223977,0,
{E-0033401},08/25/2026 04:29:34,QA0016,PC-1016,U9081@dtaa.com;U8936@dtaa.com;U6770@dtaa.com,,,QA0016@dtaa.com,314666,0,
{E-0006670},08/25/2026 04:53:34,CA0002,PC-1002,U1573@dtaa.com;U2074@dtaa.com;U1192@dtaa.com,,,CA0002@dtaa.com,133387,1,
{E-0012988},08/25/2026 05:43:34,FA0005,PC-1005,U1950@dtaa.com;U4617@dtaa.com;U9520@dtaa.com,,,FA0005@dtaa.com,161156,0,
{E-0012989},08/25/2026 06:50:34,FA0005,PC-1005,U1064@dtaa.com;U9234@dtaa.com;U8932@dtaa.com,,,FA0005@dtaa.com,189167,0,
{E-0027668},08/25/2026 18:53:34,NA0013,PC-1013,U9462@dtaa.com;U7721@dtaa.com;U8645@dtaa.com,,,NA0013@dtaa.com,222372,0,
{E-0025824},08/25/2026 19:20:34,MA0012,PC-1012,U4480@dtaa.com;U2801@dtaa.com;U6539@dtaa.com,,,MA0012@dtaa.com,389635,1,
{E-0009669},08/25/2026 19:23:34,DA0003,PC-1003,U2807@dtaa.com,,,DA0003@dtaa.com,103400,0,
{E-0015031},08/25/2026 19:44:34,GA0006,PC-1006,U7807@dtaa.com;U8864@dtaa.com;U5624@dtaa.com,,,GA0006@dtaa.com,393897,1,
{E-0019902},08/25/2026 19:58:34,JA0009,PC-1009,U1976@dtaa.com;U6194@dtaa.com;U4985@dtaa.com;U6333@dtaa.com,,,JA0009@dtaa.com,268006,0,
{E-0023841},08/25/2026 20:27:34,LA0011,PC-1011,U5627@dtaa.com;U8861@dtaa.com;U4896@dtaa.com,,,LA0011@dtaa.com,82392,0,
{E-0011653},08/25/2026 20:32:34,EA0004,PC-1004,U5251@dtaa.com;U3304@dtaa.com,,,EA0004@dtaa.com,349190,0,
{E-0017934},08/25/2026 20:38:34,IA0008,PC-1008,U1400@dtaa.com;U5265@dtaa.com;U2043@dtaa.com,,,IA0008@dtaa.com,40221,0,
{E-0006757},08/25/2026 20:39:34,CA0002,PC-1002,U7618@dtaa.com;U8349@dtaa.com,,,CA0002@dtaa.com,147665,1,
{E-0033429},08/25/2026 20:45:34,QA0016,PC-1016,U4145@dtaa.com,,,QA0016@dtaa.com,341896,0,
{E-0029829},08/25/2026 20:47:34,OA0014,PC-1014,U3931@dtaa.com;U5866@dtaa.com,,,OA0014@dtaa.com,83544,0,
{E-0006760},08/25/2026 21:13:34,CA0002,PC-1002,U6619@dtaa.com;U4844@dtaa.com;U6363@dtaa.com,,,CA0002@dtaa.com,114704,1,
{E-0021863},08/25/2026 21:23:34,KA0010,PC-1010,U5424@dtaa.com;U3278@dtaa.com;U3819@dtaa.com,,,KA0010@dtaa.com,131978,0,
{E-0017936},08/25/2026 21:34:34,IA0008,PC-1008,U2607@dtaa.com;U6429@dtaa.com;U7192@dtaa.com,,,IA0008@dtaa.com,221377,0,
{E-0006759},08/25/2026 21:47:34,CA0002,PC-1002,U7012@dtaa.com;U4352@dtaa.com;U3695@dtaa.com;U8591@dtaa.com,,,CA0002@dtaa.com,206725,0,
{E-0034662},08/25/2026 22:02:34,RA0017,PC-1017,U6195@dtaa.com;U6666@dtaa.com;U4351@dtaa.com,,,RA0017@dtaa.com,291875,1,
{E-0031926},08/25/2026 22:05:34,PA0015,PC-1015,U9460@dtaa.com;U4828@dtaa.com,,,PA0015@dtaa.com,27663,0,
{E-0017937},08/25/2026 22:08:34,IA0008,PC-1008,U2730@dtaa.com,,,IA0008@dtaa.com,311603,1,
{E-0021860},08/25/2026 22:14:34,KA0010,PC-1010,U3405@dtaa.com,,,KA0010@dtaa.com,87223,0,
{E-0034660},08/25/2026 22:23:34,RA0017,PC-1017,U6802@dtaa.com,,,RA0017@dtaa.com,229682,1,
{E-0011650},08/25/2026 22:33:34,EA0004,PC-1004,U8695@dtaa.com;U5271@dtaa.com,,,EA0004@dtaa.com,200465,0,
{E-0033430},08/25/2026 22:38:34,QA0016,PC-1016,U4068@dtaa.com;U1624@dtaa.com;U3721@dtaa.com,,,QA0016@dtaa.com,119747,0,
{E-0033433},08/25/2026 22:44:34,QA0016,PC-1016,U3343@dtaa.com;U5028@dtaa.com,,,QA0016@dtaa.com,351631,0,
{E-0031927},08/25/2026 22:49:34,PA0015,PC-1015,U3693@dtaa.com;U2186@dtaa.com;U2682@dtaa.com;U7581@dtaa.com,,,PA0015@dtaa.com,302209,0,
{E-0016696},08/25/2026 22:51:34,HA0007,PC-1007,U7246@dtaa.com;U7914@dtaa.com;U5644@dtaa.com;U4386@dtaa.com,,,HA0007@dtaa.com,279396,0,
{E-0027666},08/25/2026 22:52:34,NA0013,PC-1013,U7624@dtaa.com;U3475@dtaa.com,,,NA0013@dtaa.com,264485,0,
{E-0016695},08/25/2026 23:07:34,HA0007,PC-1007,U3103@dtaa.com;U1590@dtaa.com;U8998@dtaa.com,,,HA0007@dtaa.com,170893,1,
{E-0033434},08/25/2026 23:12:34,QA0016,PC-1016,U9295@dtaa.com;U9248@dtaa.com;U4472@dtaa.com;U6652@dtaa.com,,,QA0016@dtaa.com,61227,1,
{E-0013026},08/25/2026 23:16:34,FA0005,PC-1005,U6494@dtaa.com,,,FA0005@dtaa.com,304159,0,
{E-0015032},08/25/2026 23:16:34,GA0006,PC-1006,U3445@dtaa.com;U6055@dtaa.com;U9153@dtaa.com;U4402@dtaa.com,,,GA0006@dtaa.com,212176,0,
{E-0011654},08/25/2026 23:26:34,EA0004,PC-1004,U2905@dtaa.com;U4129@dtaa.com,,,EA0004@dtaa.com,150264,0,
{E-0019904},08/25/2026 23:33:34,JA0009,PC-1009,U7093@dtaa.com;U4379@dtaa.com;U6713@dtaa.com,,,JA0009@dtaa.com,270231,1,
{E-0009671},08/25/2026 23:34:34,DA0003,PC-1003,U7166@dtaa.com;U1326@dtaa.com,,,DA0003@dtaa.com,372912,0,
{E-0025825},08/25/2026 23:40:34,MA0012,PC-1012,U5341@dtaa.com;U7372@dtaa.com;U7850@dtaa.com;U7987@dtaa.com,,,MA0012@dtaa.com,80891,0,
{E-0029828},08/25/2026 23:45:34,OA0014,PC-1014,U5783@dtaa.com;U8465@dtaa.com;U3980@dtaa.com,,,OA0014@dtaa.com,136443,0,
{E-0019905},08/25/2026 23:49:34,JA0009,PC-1009,U4130@dtaa.com;U8077@dtaa.com;U5088@dtaa.com;U7508@dtaa.com,,,JA0009@dtaa.com,268780,1,
{E-0034661},08/25/2026 23:55:34,RA0017,PC-1017,U3554@dtaa.com;U4983@dtaa.com;U4021@dtaa.com,,,RA0017@dtaa.com,238606,0,
{E-0011651},08/25/2026 23:56:34,EA0004,PC-1004,U2461@dtaa.com;U6508@dtaa.com;U7877@dtaa.com;U9313@dtaa.com,,,EA0004@dtaa.com,339636,1,
{E-0023842},08/26/2026 00:00:34,LA0011,PC-1011,U4185@dtaa.com;U9558@dtaa.com;U1957@dtaa.com;U1198@dtaa.com,,,LA0011@dtaa.com,99660,1,
{E-0003832},08/26/2026 00:01:34,BA0001,PC-1001,U9310@dtaa.com;U2399@dtaa.com;U4040@dtaa.com,,,BA0001@dtaa.com,385379,0,
{E-0009668},08/26/2026 00:03:34,DA0003,PC-1003,U2636@dtaa.com;U8296@dtaa.com;U8014@dtaa.com;U1449@dtaa.com,,,DA0003@dtaa.com,106105,1,
{E-0006762},08/26/2026 00:06:34,CA0002,PC-1002,U7496@dtaa.com;U2712@dtaa.com;U3882@dtaa.com,,,CA0002@dtaa.com,371378,0,
{E-0011655},08/26/2026 00:08:34,EA0004,PC-1004,U2362@dtaa.com;U1558@dtaa.com;U6085@dtaa.com;U9211@dtaa.com,,,EA0004@dtaa.com,336169,1,
{E-0019906},08/26/2026 00:26:34,JA0009,PC-1009,U7698@dtaa.com,,,JA0009@dtaa.com,293471,0,
{E-0031925},08/26/2026 00:27:34,PA0015,PC-1015,U5826@dtaa.com;U3942@dtaa.com;U3240@dtaa.com,,,PA0015@dtaa.com,78993,1,
{E-0011652},08/26/2026 00:43:34,EA0004,PC-1004,U2236@dtaa.com;U7726@dtaa.com;U9248@dtaa.com,,,EA0004@dtaa.com,137081,0,
{E-0025827},08/26/2026 00:50:34,MA0012,PC-1012,U6136@dtaa.com;U1205@dtaa.com;U1932@dtaa.com,,,MA0012@dtaa.com,339305,0,
{E-0019903},08/26/2026 00:51:34,JA0009,PC-1009,U5839@dtaa.com;U8888@dtaa.com;U6790@dtaa.com;U2286@dtaa.com,,,JA0009@dtaa.com,144812,1,
{E-0023840},08/26/2026 00:58:34,LA0011,PC-1011,U4287@dtaa.com;U2741@dtaa.com,,,LA0011@dtaa.com,321916,1,
{E-0013024},08/26/2026 01:07:34,FA0005,PC-1005,U5915@dtaa.com;U9808@dtaa.com;U7343@dtaa.com;U1206@dtaa.com,,,FA0005@dtaa.com,269019,0,
{E-0025826},08/26/2026 01:11:34,MA0012,PC-1012,U6902@dtaa.com,,,MA0012@dtaa.com,247725,0,
{E-0021862},08/26/2026 01:12:34,KA0010,PC-1010,U1697@dtaa.com;U4431@dtaa.com;U8465@dtaa.com,,,KA0010@dtaa.com,202477,0,
{E-0003835},08/26/2026 01:32:34,BA0001,PC-1001,U9109@dtaa.com;U7097@dtaa.com,,,BA0001@dtaa.com,319760,1,
{E-0006758},08/26/2026 01:53:34,CA0002,PC-1002,U1524@dtaa.com,,,CA0002@dtaa.com,142053,0,
{E-0033432},08/26/2026 01:59:34,QA0016,PC-1016,U1686@dtaa.com;U7875@dtaa.com;U8100@dtaa.com;U9646@dtaa.com,,,QA0016@dtaa.com,220631,0,
{E-0009670},08/26/2026 02:14:34,DA0003,PC-1003,U1898@dtaa.com,,,DA0003@dtaa.com,257930,0,
{E-0006761},08/26/2026 02:41:34,CA0002,PC-1002,U9149@dtaa.com;U1466@dtaa.com;U9895@dtaa.com,,,CA0002@dtaa.com,359123,1,
{E-0001310},08/26/2026 02:42:34,AA0000,PC-1000,U1157@dtaa.com,,,AA0000@dtaa.com,294108,1,
{E-0021861},08/26/2026 02:42:34,KA0010,PC-1010,U9541@dtaa.com;U2824@dtaa.com;U5827@dtaa.com,,,KA0010@dtaa.com,268472,0,
{E-0023843},08/26/2026 03:10:34,LA0011,PC-1011,U5196@dtaa.com,,,LA0011@dtaa.com,226736,0,
{E-0003834},08/26/2026 03:32:34,BA0001,PC-1001,U3732@dtaa.com,,,BA0001@dtaa.com,129306,0,
{E-0017935},08/26/2026 03:32:34,IA0008,PC-1008,U1237@dtaa.com;U4815@dtaa.com,,,IA0008@dtaa.com,316431,1,
{E-0031928},08/26/2026 03:37:34,PA0015,PC-1015,U7773@dtaa.com;U7299@dtaa.com,,,PA0015@dtaa.com,239267,1,
{E-0017933},08/26/2026 03:39:34,IA0008,PC-1008,U3059@dtaa.com,,,IA0008@dtaa.com,102970,0,
{E-0001309},08/26/2026 03:42:34,AA0000,PC-1000,U5946@dtaa.com;U5309@dtaa.com;U9915@dtaa.com;U6121@dtaa.com,,,AA0000@dtaa.com,58163,0,
{E-0027667},08/26/2026 03:50:34,NA0013,PC-1013,U1027@dtaa.com;U6794@dtaa.com;U2611@dtaa.com;U1066@dtaa.com,,,NA0013@dtaa.com,371480,1,
{E-0013027},08/26/2026 04:03:34,FA0005,PC-1005,U1685@dtaa.com;U2718@dtaa.com;U9962@dtaa.com,,,FA0005@dtaa.com,355557,0,
{E-0013025},08/26/2026 04:23:34,FA0005,PC-1005,U6007@dtaa.com;U6324@dtaa.com,,,FA0005@dtaa.com,166455,0,
{E-0003833},08/26/2026 04:42:34,BA0001,PC-1001,U3111@dtaa.com,,,BA0001@dtaa.com,106494,1,
{E-0033435},08/26/2026 06:30:34,QA0016,PC-1016,U3313@dtaa.com,,,QA0016@dtaa.com,365564,0,
{E-0033431},08/26/2026 06:35:34,QA0016,PC-1016,U2664@dtaa.com;U8664@dtaa.com;U2301@dtaa.com;U7299@dtaa.com,,,QA0016@dtaa.com,174757,0,
{E-0017982},08/26/2026 18:57:34,IA0008,PC-1008,U9517@dtaa.com;U2675@dtaa.com;U5179@dtaa.com;U3859@dtaa.com,,,IA0008@dtaa.com,278781,0,
{E-0029879},08/26/2026 19:19:34,OA0014,PC-1014,U4613@dtaa.com,,,OA0014@dtaa.com,350436,0,
{E-0025869},08/26/2026 19:21:34,MA0012,PC-1012,U2189@dtaa.com,,,MA0012@dtaa.com,52049,0,
{E-0033468},08/26/2026 19:34:34,QA0016,PC-1016,U8274@dtaa.com,,,QA0016@dtaa.com,180679,0,
{E-0021898},08/26/2026 20:21:34,KA0010,PC-1010,U3416@dtaa.com;U4090@dtaa.com;U8194@dtaa.com,,,KA0010@dtaa.com,354170,0,
{E-0033467},08/26/2026 20:21:34,QA0016,PC-1016,U2663@dtaa.com;U5293@dtaa.com;U3365@dtaa.com;U8250@dtaa.com,,,QA0016@dtaa.com,73380,0,
{E-0023900},08/26/2026 20:30:34,LA0011,PC-1011,U4864@dtaa.com,,,LA0011@dtaa.com,88120,1,
{E-0034694},08/26/2026 20:35:34,RA0017,PC-1017,U4110@dtaa.com;U4251@dtaa.com,,,RA0017@dtaa.com,32228,1,
{E-0034695},08/26/2026 20:55:34,RA0017,PC-1017,U7497@dtaa.com;U9120@dtaa.com;U4690@dtaa.com;U8246@dtaa.com,,,RA0017@dtaa.com,191607,0,
{E-0015087},08/26/2026 21:09:34,GA0006,PC-1006,U8532@dtaa.com;U2110@dtaa.com;U9031@dtaa.com,,,GA0006@dtaa.com,323868,1,
{E-0023902},08/26/2026 21:17:34,LA0011,PC-1011,U5900@dtaa.com;U2451@dtaa.com;U2668@dtaa.com;U9994@dtaa.com,,,LA0011@dtaa.com,21504,0,
{E-0006842},08/26/2026 21:24:34,CA0002,PC-1002,U5500@dtaa.com;U6443@dtaa.com,,,CA0002@dtaa.com,84919,0,
{E-0023904},08/26/2026 21:24:34,LA0011,PC-1011,U9157@dtaa.com;U5682@dtaa.com;U5481@dtaa.com,,,LA0011@dtaa.com,386785,0,
{E-0021900},08/26/2026 21:34:34,KA0010,PC-1010,U6599@dtaa.com;U4880@dtaa.com;U2461@dtaa.com;U3280@dtaa.com,,,KA0010@dtaa.com,343488,0,
{E-0001361},08/26/2026 21:48:34,AA0000,PC-1000,U6359@dtaa.com;U5705@dtaa.com;U6395@dtaa.com,,,AA0000@dtaa.com,393854,0,
{E-0019949},08/26/2026 21:48:34,JA0009,PC-1009,U6525@dtaa.com,,,JA0009@dtaa.com,365576,0,
{E-0016718},08/26/2026 21:53:34,HA0007,PC-1007,U1126@dtaa.com;U3711@dtaa.com;U6748@dtaa.com;U4353@dtaa.com,,,HA0007@dtaa.com,364374,0,
{E-0019946},08/26/2026 21:53:34,JA0009,PC-1009,U7173@dtaa.com;U4758@dtaa.com,,,JA0009@dtaa.com,376158,1,
{E-0027706},08/26/2026 22:08:34,NA0013,PC-1013,U1925@dtaa.com;U8831@dtaa.com;U1081@dtaa.com;U6178@dtaa.com,,,NA0013@dtaa.com,257228,1,
{E-0009734},08/26/2026 22:09:34,DA0003,PC-1003,U1945@dtaa.com;U8795@dtaa.com;U2152@dtaa.com,,,DA0003@dtaa.com,334794,0,
{E-0019948},08/26/2026 22:13:34,JA0009,PC-1009,U8631@dtaa.com;U3383@dtaa.com,,,JA0009@dtaa.com,325880,1,
{E-0001359},08/26/2026 22:14:34,AA0000,PC-1000,U7388@dtaa.com;U8116@dtaa.com;U3563@dtaa.com,,,AA0000@dtaa.com,182466,0,
{E-0031959},08/26/2026 22:16:34,PA0015,PC-1015,U7059@dtaa.com;U5799@dtaa.com;U5029@dtaa.com,,,PA0015@dtaa.com,267956,0,
{E-0033465},08/26/2026 22:20:34,QA0016,PC-1016,U2450@dtaa.com,,,QA0016@dtaa.com,83734,0,
{E-0021897},08/26/2026 22:28:34,KA0010,PC-1010,U2501@dtaa.com,,,KA0010@dtaa.com,98682,0,
{E-0023903},08/26/2026 23:06:34,LA0011,PC-1011,U6134@dtaa.com;U1859@dtaa.com,,,LA0011@dtaa.com,358222,1,
{E-0009735},08/26/2026 23:10:34,DA0003,PC-1003,U9772@dtaa.com,,,DA0003@dtaa.com,305208,0,
{E-0033471},08/26/2026 23:17:34,QA0016,PC-1016,U5715@dtaa.com,,,QA0016@dtaa.com,293622,0,
{E-0019947},08/26/2026 23:23:34,JA0009,PC-1009,U6580@dtaa.com;U6038@dtaa.com;U4445@dtaa.com,,,JA0009@dtaa.com,164325,0,
{E-0031958},08/26/2026 23:55:34,PA0015,PC-1015,U3221@dtaa.com;U5427@dtaa.com;U6073@dtaa.com;U6347@dtaa.com,,,PA0015@dtaa.com,151022,0,
{E-0017983},08/26/2026 23:57:34,IA0008,PC-1008,U2683@dtaa.com;U6893@dtaa.com;U1414@dtaa.com;U2977@dtaa.com,,,IA0008@dtaa.com,197292,0,
{E-0023905},08/26/2026 23:57:34,LA0011,PC-1011,U7329@dtaa.com;U4933@dtaa.com;U2102@dtaa.com;U5424@dtaa.com,,,LA0011@dtaa.com,59043,0,
{E-0017981},08/27/2026 00:05:34,IA0008,PC-1008,U6456@dtaa.com;U2740@dtaa.com;U6625@dtaa.com,,,IA0008@dtaa.com,116302,1,
{E-0029877},08/27/2026 00:05:34,OA0014,PC-1014,U3580@dtaa.com;U1342@dtaa.com;U8880@dtaa.com,,,OA0014@dtaa.com,22207,0,
{E-0011688},08/27/2026 00:12:34,EA0004,PC-1004,U2540@dtaa.com;U3493@dtaa.com;U4701@dtaa.com,,,EA0004@dtaa.com,374674,0,
{E-0006841},08/27/2026 00:19:34,CA0002,PC-1002,U8481@dtaa.com;U7269@dtaa.com;U1860@dtaa.com,,,CA0002@dtaa.com,193061,0,
{E-0025871},08/27/2026 00:32:34,MA0012,PC-1012,U3867@dtaa.com,,,MA0012@dtaa.com,89467,1,
{E-0031960},08/27/2026 00:46:34,PA0015,PC-1015,U3754@dtaa.com,,,PA0015@dtaa.com,156978,0,
{E-0031962},08/27/2026 00:46:34,PA0015,PC-1015,U6534@dtaa.com;U7405@dtaa.com;U4141@dtaa.com,,,PA0015@dtaa.com,113896,0,
{E-0027705},08/27/2026 01:11:34,NA0013,PC-1013,U8075@dtaa.com;U1798@dtaa.com;U7363@dtaa.com;U4841@dtaa.com,,,NA0013@dtaa.com,155448,0,
{E-0025872},08/27/2026 01:18:34,MA0012,PC-1012,U4795@dtaa.com;U2110@dtaa.com,,,MA0012@dtaa.com,30934,0,
{E-0031961},08/27/2026 01:18:34,PA0015,PC-1015,U1162@dtaa.com;U8218@dtaa.com;U3575@dtaa.com,,,PA0015@dtaa.com,273412,0,
{E-0001360},08/27/2026 01:22:34,AA0000,PC-1000,U8296@dtaa.com;U1089@dtaa.com;U8438@dtaa.com,,,AA0000@dtaa.com,32026,0,
{E-0019950},08/27/2026 01:22:34,JA0009,PC-1009,U2500@dtaa.com;U7392@dtaa.com;U5699@dtaa.com,,,JA0009@dtaa.com,344654,1,
{E-0016720},08/27/2026 01:31:34,HA0007,PC-1007,U6537@dtaa.com;U9782@dtaa.com,,,HA0007@dtaa.com,129344,1,
{E-0029878},08/27/2026 01:34:34,OA0014,PC-1014,U2563@dtaa.com;U9611@dtaa.com;U5904@dtaa.com;U8404@dtaa.com,,,OA0014@dtaa.com,259081,0,
{E-0025868},08/27/2026 01:40:34,MA0012,PC-1012,U2662@dtaa.com;U4333@dtaa.com;U2995@dtaa.com,,,MA0012@dtaa.com,272412,1,
{E-0011685},08/27/2026 01:53:34,EA0004,PC-1004,U8322@dtaa.com;U2189@dtaa.com,,,EA0004@dtaa.com,147473,0,
{E-0033469},08/27/2026 02:02:34,QA0016,PC-1016,U4022@dtaa.com;U2532@dtaa.com,,,QA0016@dtaa.com,220732,0,
{E-0006844},08/27/2026 02:03:34,CA0002,PC-1002,U2096@dtaa.com,,,CA0002@dtaa.com,130706,0,
{E-0011686},08/27/2026 02:10:34,EA0004,PC-1004,U7730@dtaa.com;U9432@dtaa.com;U4573@dtaa.com,,,EA0004@dtaa.com,155483,1,
{E-0027707},08/27/2026 02:17:34,NA0013,PC-1013,U4756@dtaa.com;U3325@dtaa.com;U6671@dtaa.com,,,NA0013@dtaa.com,342358,0,
{E-0011687},08/27/2026 02:19:34,EA0004,PC-1004,U8783@dtaa.com;U3612@dtaa.com;U3734@dtaa.com,,,EA0004@dtaa.com,225925,0,
{E-0009736},08/27/2026 02:28:34,DA0003,PC-1003,U1048@dtaa.com,,,DA0003@dtaa.com,295986,0,
{E-0016719},08/27/2026 02:38:34,HA0007,PC-1007,U7223@dtaa.com;U7202@dtaa.com;U4913@dtaa.com,,,HA0007@dtaa.com,120811,1,
{E-0023901},08/27/2026 02:42:34,LA0011,PC-1011,U8630@dtaa.com;U5775@dtaa.com;U3671@dtaa.com,,,LA0011@dtaa.com,242688,0,
{E-0025870},08/27/2026 03:08:34,MA0012,PC-1012,U6044@dtaa.com;U6305@dtaa.com;U6053@dtaa.com;U8608@dtaa.com,,,MA0012@dtaa.com,316595,0,
{E-0006840},08/27/2026 03:40:34,CA0002,PC-1002,U6216@dtaa.com;U8474@dtaa.com,,,CA0002@dtaa.com,49037,1,
{E-0023906},08/27/2026 03:44:34,LA0011,PC-1011,U7426@dtaa.com;U6691@dtaa.com;U6278@dtaa.com,,,LA0011@dtaa.com,345448,0,
{E-0013058},08/27/2026 03:45:34,FA0005,PC-1005,U8009@dtaa.com;U6639@dtaa.com,,,FA0005@dtaa.com,169656,1,
{E-0033470},08/27/2026 03:53:34,QA0016,PC-1016,U9962@dtaa.com;U6680@dtaa.com;U9790@dtaa.com;U1483@dtaa.com,,,QA0016@dtaa.com,145979,1,
{E-0006843},08/27/2026 04:01:34,CA0002,PC-1002,U2529@dtaa.com;U7566@dtaa.com;U6021@dtaa.com,,,CA0002@dtaa.com,279099,0,
{E-0034693},08/27/2026 04:01:34,RA0017,PC-1017,U4655@dtaa.com,,,RA0017@dtaa.com,151788,1,
{E-0027708},08/27/2026 04:23:34,NA0013,PC-1013,U1960@dtaa.com;U9702@dtaa.com,,,NA0013@dtaa.com,219080,0,
{E-0033466},08/27/2026 04:25:34,QA0016,PC-1016,U1339@dtaa.com;U8169@dtaa.com;U9614@dtaa.com,,,QA0016@dtaa.com,305015,0,
{E-0033472},08/27/2026 04:54:34,QA0016,PC-1016,U5974@dtaa.com;U7621@dtaa.com,,,QA0016@dtaa.com,320768,1,
{E-0021899},08/27/2026 05:44:34,KA0010,PC-1010,U1158@dtaa.com,,,KA0010@dtaa.com,309403,0,
{E-0029969},08/27/2026 19:08:34,OA0014,PC-1014,U1902@dtaa.com;U7026@dtaa.com,,,OA0014@dtaa.com,328643,1,
{E-0015123},08/27/2026 19:14:34,GA0006,PC-1006,U8116@dtaa.com;U6644@dtaa.com,,,GA0006@dtaa.com,54565,0,
{E-0023943},08/27/2026 19:15:34,LA0011,PC-1011,U2575@dtaa.com,,,LA0011@dtaa.com,360122,0,
{E-0023942},08/27/2026 19:40:34,LA0011,PC-1011,U9539@dtaa.com;U6691@dtaa.com;U9849@dtaa.com,,,LA0011@dtaa.com,370666,0,
{E-0033500},08/27/2026 19:55:34,QA0016,PC-1016,U1470@dtaa.com;U6362@dtaa.com;U2264@dtaa.com;U3315@dtaa.com,,,QA0016@dtaa.com,28680,0,
{E-0021945},08/27/2026 20:05:34,KA0010,PC-1010,U2209@dtaa.com;U4239@dtaa.com,,,KA0010@dtaa.com,390521,0,
{E-0011725},08/27/2026 20:08:34,EA0004,PC-1004,U6329@dtaa.com;U8096@dtaa.com;U5316@dtaa.com;U4758@dtaa.com,,,EA0004@dtaa.com,168667,0,
{E-0011721},08/27/2026 20:16:34,EA0004,PC-1004,U1999@dtaa.com;U8549@dtaa.com;U2812@dtaa.com,,,EA0004@dtaa.com,293524,1,
{E-0025919},08/27/2026 20:28:34,MA0012,PC-1012,U8567@dtaa.com,,,MA0012@dtaa.com,354709,1,
{E-0011723},08/27/2026 20:29:34,EA0004,PC-1004,U1188@dtaa.com;U7415@dtaa.com;U2119@dtaa.com,,,EA0004@dtaa.com,374912,0,
{E-0021944},08/27/2026 20:51:34,KA0010,PC-1010,U6118@dtaa.com;U1263@dtaa.com;U8576@dtaa.com,,,KA0010@dtaa.com,361979,0,
{E-0023944},08/27/2026 20:51:34,LA0011,PC-1011,U4873@dtaa.com;U7439@dtaa.com;U6593@dtaa.com,,,LA0011@dtaa.com,320412,0,
{E-0011724},08/27/2026 21:26:34,EA0004,PC-1004,U6056@dtaa.com;U6306@dtaa.com;U8634@dtaa.com,,,EA0004@dtaa.com,186570,0,
{E-0023946},08/27/2026 21:42:34,LA0011,PC-1011,U8549@dtaa.com;U6586@dtaa.com;U5679@dtaa.com,,,LA0011@dtaa.com,226330,0,
{E-0029964},08/27/2026 21:46:34,OA0014,PC-1014,U1875@dtaa.com;U4073@dtaa.com;U3962@dtaa.com,,,OA0014@dtaa.com,324037,0,
{E-0013083},08/27/2026 21:50:34,FA0005,PC-1005,U1251@dtaa.com;U8534@dtaa.com,,,FA0005@dtaa.com,54957,1,
{E-0033502},08/27/2026 21:54:34,QA0016,PC-1016,U7066@dtaa.com;U4548@dtaa.com;U7615@dtaa.com,,,QA0016@dtaa.com,377871,1,
{E-0001411},08/27/2026 21:56:34,AA0000,PC-1000,U4125@dtaa.com,,,AA0000@dtaa.com,107207,0,
{E-0025914},08/27/2026 22:04:34,MA0012,PC-1012,U4455@dtaa.com;U2683@dtaa.com;U5671@dtaa.com,,,MA0012@dtaa.com,63156,0,
{E-0006912},08/27/2026 22:18:34,CA0002,PC-1002,U5001@dtaa.com,,,CA0002@dtaa.com,24305,0,
{E-0025916},08/27/2026 22:38:34,MA0012,PC-1012,U7917@dtaa.com;U3398@dtaa.com,,,MA0012@dtaa.com,139517,0,
{E-0032003},08/27/2026 22:40:34,PA0015,PC-1015,U9468@dtaa.com;U8774@dtaa.com;U8705@dtaa.com;U3396@dtaa.com,,,PA0015@dtaa.com,149567,0,
{E-0029968},08/27/2026 23:14:34,OA0014,PC-1014,U2316@dtaa.com;U3738@dtaa.com;U1821@dtaa.com,,,OA0014@dtaa.com,135952,0,
{E-0023945},08/27/2026 23:25:34,LA0011,PC-1011,U4343@dtaa.com;U9625@dtaa.com;U7764@dtaa.com;U8272@dtaa.com,,,LA0011@dtaa.com,328548,1,
{E-0001410},08/27/2026 23:33:34,AA0000,PC-1000,U2111@dtaa.com;U5306@dtaa.com;U2213@dtaa.com;U4999@dtaa.com,,,AA0000@dtaa.com,48913,0,
{E-0032005},08/27/2026 23:53:34,PA0015,PC-1015,U6874@dtaa.com;U4790@dtaa.com;U9643@dtaa.com,,,PA0015@dtaa.com,65127,0,
{E-0015122},08/28/2026 00:06:34,GA0006,PC-1006,U1017@dtaa.com;U1453@dtaa.com;U1987@dtaa.com,,,GA0006@dtaa.com,368512,0,
{E-0016742},08/28/2026 00:06:34,HA0007,PC-1007,U2625@dtaa.com;U4434@dtaa.com,,,HA0007@dtaa.com,126394,0,
{E-0011722},08/28/2026 00:14:34,EA0004,PC-1004,U7826@dtaa.com;U7823@dtaa.com,,,EA0004@dtaa.com,21623,0,
{E-0006910},08/28/2026 00:15:34,CA0002,PC-1002,U7242@dtaa.com;U5105@dtaa.com;U2440@dtaa.com,,,CA0002@dtaa.com,327758,0,
{E-0009807},08/28/2026 00:16:34,DA0003,PC-1003,U5290@dtaa.com;U7803@dtaa.com;U5655@dtaa.com,,,DA0003@dtaa.com,267678,0,
{E-0025918},08/28/2026 00:24:34,MA0012,PC-1012,U5409@dtaa.com,,,MA0012@dtaa.com,144360,0,
{E-0033504},08/28/2026 00:32:34,QA0016,PC-1016,U6651@dtaa.com;U7355@dtaa.com;U9081@dtaa.com;U6535@dtaa.com,,,QA0016@dtaa.com,364098,0,
{E-0029965},08/28/2026 00:40:34,OA0014,PC-1014,U3424@dtaa.com,,,OA0014@dtaa.com,276411,0,
{E-0029967},08/28/2026 00:54:34,OA0014,PC-1014,U6563@dtaa.com;U8427@dtaa.com;U4829@dtaa.com,,,OA0014@dtaa.com,156652,0,
{E-0025917},08/28/2026 01:03:34,MA0012,PC-1012,U5914@dtaa.com;U1528@dtaa.com;U9969@dtaa.com;U5132@dtaa.com,,,MA0012@dtaa.com,142613,0,
{E-0006911},08/28/2026 01:11:34,CA0002,PC-1002,U8461@dtaa.com;U9158@dtaa.com,,,CA0002@dtaa.com,313013,0,
{E-0029966},08/28/2026 01:26:34,OA0014,PC-1014,U5927@dtaa.com,,,OA0014@dtaa.com,292524,0,
{E-0032006},08/28/2026 01:39:34,PA0015,PC-1015,U3810@dtaa.com,,,PA0015@dtaa.com,162426,0,
{E-0011719},08/28/2026 01:57:34,EA0004,PC-1004,U7111@dtaa.com,,,EA0004@dtaa.com,288571,0,
{E-0021943},08/28/2026 02:02:34,KA0010,PC-1010,U2479@dtaa.com;U5554@dtaa.com;U3963@dtaa.com;U7005@dtaa.com,,,KA0010@dtaa.com,82206,1,
{E-0015124},08/28/2026 02:08:34,GA0006,PC-1006,U2451@dtaa.com,,,GA0006@dtaa.com,249252,0,
{E-0009806},08/28/2026 02:20:34,DA0003,PC-1003,U1700@dtaa.com,,,DA0003@dtaa.com,216076,0,
{E-0032004},08/28/2026 02:42:34,PA0015,PC-1015,U7225@dtaa.com;U5091@dtaa.com;U7113@dtaa.com;U1658@dtaa.com,,,PA0015@dtaa.com,391444,0,
{E-0011720},08/28/2026 03:28:34,EA0004,PC-1004,U8906@dtaa.com,,,EA0004@dtaa.com,314004,0,
{E-0033501},08/28/2026 03:50:34,QA0016,PC-1016,U2457@dtaa.com,,,QA0016@dtaa.com,366277,0,
{E-0006909},08/28/2026 03:53:34,CA0002,PC-1002,U2167@dtaa.com;U9383@dtaa.com,,,CA0002@dtaa.com,147426,0,
{E-0033503},08/28/2026 03:59:34,QA0016,PC-1016,U6386@dtaa.com;U6538@dtaa.com;U4297@dtaa.com,,,QA0016@dtaa.com,396414,0,
{E-0025915},08/28/2026 04:08:34,MA0012,PC-1012,U9269@dtaa.com;U7705@dtaa.com;U8965@dtaa.com;U4524@dtaa.com,,,MA0012@dtaa.com,324894,0,
{E-0013084},08/28/2026 05:03:34,FA0005,PC-1005,U4219@dtaa.com;U7029@dtaa.com;U9033@dtaa.com,,,FA0005@dtaa.com,282938,0,
{E-0027757},08/30/2026 18:58:34,NA0013,PC-1013,U2166@dtaa.com,,,NA0013@dtaa.com,209794,0,
{E-0025970},08/30/2026 19:04:34,MA0012,PC-1012,U9591@dtaa.com;U2085@dtaa.com;U9504@dtaa.com;U9577@dtaa.com,,,MA0012@dtaa.com,337826,1,
{E-0009875},08/30/2026 19:05:34,DA0003,PC-1003,U2791@dtaa.com,,,DA0003@dtaa.com,146890,0,
{E-0020006},08/30/2026 19:06:34,JA0009,PC-1009,U8125@dtaa.com,,,JA0009@dtaa.com,100704,1,
{E-0020007},08/30/2026 19:49:34,JA0009,PC-1009,U1180@dtaa.com;U3289@dtaa.com;U4985@dtaa.com;U8736@dtaa.com,,,JA0009@dtaa.com,253413,1,
{E-0016760},08/30/2026 19:55:34,HA0007,PC-1007,U6956@dtaa.com;U1343@dtaa.com;U1548@dtaa.com;U8664@dtaa.com,,,HA0007@dtaa.com,385388,0,
{E-0011746},08/30/2026 20:24:34,EA0004,PC-1004,U2021@dtaa.com;U5797@dtaa.com;U6137@dtaa.com;U6160@dtaa.com,,,EA0004@dtaa.com,396857,1,
{E-0006995},08/30/2026 20:34:34,CA0002,PC-1002,U7525@dtaa.com;U9661@dtaa.com;U5011@dtaa.com,,,CA0002@dtaa.com,199276,0,
{E-0023975},08/30/2026 20:35:34,LA0011,PC-1011,U4896@dtaa.com;U1946@dtaa.com;U4438@dtaa.com;U6615@dtaa.com,,,LA0011@dtaa.com,173874,0,
{E-0032033},08/30/2026 20:39:34,PA0015,PC-1015,U7689@dtaa.com;U3624@dtaa.com;U3575@dtaa.com,,,PA0015@dtaa.com,225749,0,
{E-0016758},08/30/2026 20:43:34,HA0007,PC-1007,U8104@dtaa.com;U3957@dtaa.com;U3392@dtaa.com,,,HA0007@dtaa.com,358038,0,
{E-0034743},08/30/2026 20:47:34,RA0017,PC-1017,U6683@dtaa.com;U1747@dtaa.com;U9553@dtaa.com,,,RA0017@dtaa.com,221652,0,
{E-0016759},08/30/2026 20:54:34,HA0007,PC-1007,U5406@dtaa.com,,,HA0007@dtaa.com,293366,0,
{E-0033529},08/30/2026 21:04:34,QA0016,PC-1016,U4979@dtaa.com;U7997@dtaa.com;U5897@dtaa.com;U4177@dtaa.com,,,QA0016@dtaa.com,49537,0,
{E-0020004},08/30/2026 21:11:34,JA0009,PC-1009,U4333@dtaa.com;U5733@dtaa.com;U5921@dtaa.com;U5688@dtaa.com,,,JA0009@dtaa.com,179180,1,
{E-0033532},08/30/2026 21:18:34,QA0016,PC-1016,U8520@dtaa.com;U9100@dtaa.com;U1020@dtaa.com,,,QA0016@dtaa.com,212422,0,
{E-0013122},08/30/2026 21:22:34,FA0005,PC-1005,U4616@dtaa.com;U2261@dtaa.com,,,FA0005@dtaa.com,270738,0,
{E-0011745},08/30/2026 21:37:34,EA0004,PC-1004,U9218@dtaa.com;U5140@dtaa.com,,,EA0004@dtaa.com,215680,1,
{E-0011748},08/30/2026 21:56:34,EA0004,PC-1004,U1811@dtaa.com;U9024@dtaa.com;U8199@dtaa.com,,,EA0004@dtaa.com,275057,0,
{E-0013120},08/30/2026 22:00:34,FA0005,PC-1005,U6580@dtaa.com,,,FA0005@dtaa.com,142687,0,
{E-0001475},08/30/2026 22:01:34,AA0000,PC-1000,U1908@dtaa.com;U9983@dtaa.com,,,AA0000@dtaa.com,161330,0,
{E-0033533},08/30/2026 22:15:34,QA0016,PC-1016,U2533@dtaa.com;U7945@dtaa.com,,,QA0016@dtaa.com,162337,0,
{E-0025971},08/30/2026 22:16:34,MA0012,PC-1012,U8171@dtaa.com;U4872@dtaa.com;U5677@dtaa.com,,,MA0012@dtaa.com,198933,1,
{E-0027755},08/30/2026 22:18:34,NA0013,PC-1013,U7904@dtaa.com;U2161@dtaa.com,,,NA0013@dtaa.com,251476,0,
{E-0021974},08/30/2026 22:24:34,KA0010,PC-1010,U8443@dtaa.com;U8052@dtaa.com,,,KA0010@dtaa.com,173102,0,
{E-0016761},08/30/2026 22:27:34,HA0007,PC-1007,U2999@dtaa.com;U5218@dtaa.com;U9649@dtaa.com;U4382@dtaa.com,,,HA0007@dtaa.com,86718,0,
{E-0020008},08/30/2026 22:27:34,JA0009,PC-1009,U6774@dtaa.com,,,JA0009@dtaa.com,309973,0,
{E-0015193},08/30/2026 22:33:34,GA0006,PC-1006,U1389@dtaa.com;U5544@dtaa.com;U7838@dtaa.com;U5388@dtaa.com,,,GA0006@dtaa.com,310766,1,
{E-0011747},08/30/2026 22:40:34,EA0004,PC-1004,U9480@dtaa.com;U3054@dtaa.com,,,EA0004@dtaa.com,247846,0,
{E-0015192},08/30/2026 22:42:34,GA0006,PC-1006,U2873@dtaa.com;U6188@dtaa.com;U2331@dtaa.com;U9734@dtaa.com,,,GA0006@dtaa.com,67370,0,
{E-0030030},08/30/2026 22:42:34,OA0014,PC-1014,U9030@dtaa.com;U9492@dtaa.com,,,OA0014@dtaa.com,83084,0,
{E-0011749},08/30/2026 23:10:34,EA0004,PC-1004,U9575@dtaa.com;U9388@dtaa.com;U9844@dtaa.com,,,EA0004@dtaa.com,173255,0,
{E-0006996},08/30/2026 23:17:34,CA0002,PC-1002,U5256@dtaa.com;U6540@dtaa.com;U8587@dtaa.com,,,CA0002@dtaa.com,68441,0,
{E-0034746},08/30/2026 23:26:34,RA0017,PC-1017,U6151@dtaa.com,,,RA0017@dtaa.com,155287,1,
{E-0001477},08/30/2026 23:34:34,AA0000,PC-1000,U7837@dtaa.com;U3627@dtaa.com;U6263@dtaa.com;U8908@dtaa.com,,,AA0000@dtaa.com,243090,0,
{E-0025973},08/30/2026 23:52:34,MA0012,PC-1012,U1094@dtaa.com;U3559@dtaa.com;U7657@dtaa.com,,,MA0012@dtaa.com,138124,0,
{E-0032035},08/30/2026 23:55:34,PA0015,PC-1015,U2696@dtaa.com;U8346@dtaa.com;U9641@dtaa.com,,,PA0015@dtaa.com,193605,0,
{E-0018059},08/30/2026 23:58:34,IA0008,PC-1008,U8750@dtaa.com;U9021@dtaa.com;U6348@dtaa.com,,,IA0008@dtaa.com,319275,0,
{E-0001476},08/31/2026 00:02:34,AA0000,PC-1000,U1590@dtaa.com,,,AA0000@dtaa.com,227819,0,
{E-0021973},08/31/2026 00:07:34,KA0010,PC-1010,U5092@dtaa.com;U8528@dtaa.com;U6216@dtaa.com,,,KA0010@dtaa.com,289060,0,
{E-0013121},08/31/2026 00:12:34,FA0005,PC-1005,U5424@dtaa.com;U7111@dtaa.com;U4341@dtaa.com,,,FA0005@dtaa.com,36082,0,
{E-0033531},08/31/2026 00:20:34,QA0016,PC-1016,U7898@dtaa.com;U5967@dtaa.com;U2958@dtaa.com,,,QA0016@dtaa.com,379017,0,
{E-0009877},08/31/2026 00:22:34,DA0003,PC-1003,U1422@dtaa.com;U2837@dtaa.com;U7990@dtaa.com,,,DA0003@dtaa.com,103107,0,
{E-0020005},08/31/2026 00:29:34,JA0009,PC-1009,U8080@dtaa.com;U9235@dtaa.com;U8539@dtaa.com,,,JA0009@dtaa.com,146634,0,
{E-0027756},08/31/2026 00:38:34,NA0013,PC-1013,U5623@dtaa.com,,,NA0013@dtaa.com,383542,1,
{E-0018058},08/31/2026 00:52:34,IA0008,PC-1008,U3803@dtaa.com;U2979@dtaa.com;U1663@dtaa.com,,,IA0008@dtaa.com,309385,0,
{E-0034745},08/31/2026 01:11:34,RA0017,PC-1017,U4514@dtaa.com,,,RA0017@dtaa.com,363678,0,
{E-0030031},08/31/2026 01:20:34,OA0014,PC-1014,U4186@dtaa.com;U4934@dtaa.com,,,OA0014@dtaa.com,247417,1,
{E-0033530},08/31/2026 01:25:34,QA0016,PC-1016,U4585@dtaa.com;U3359@dtaa.com;U3836@dtaa.com,,,QA0016@dtaa.com,375786,0,
{E-0015194},08/31/2026 01:40:34,GA0006,PC-1006,U8133@dtaa.com,,,GA0006@dtaa.com,31089,0,
{E-0033534},08/31/2026 01:45:34,QA0016,PC-1016,U6834@dtaa.com;U3986@dtaa.com,,,QA0016@dtaa.com,264419,0,
{E-0033535},08/31/2026 01:47:34,QA0016,PC-1016,U1036@dtaa.com;U9922@dtaa.com,,,QA0016@dtaa.com,222886,1,
{E-0001474},08/31/2026 01:55:34,AA0000,PC-1000,U5320@dtaa.com,,,AA0000@dtaa.com,96516,0,
{E-0009878},08/31/2026 01:58:34,DA0003,PC-1003,U1319@dtaa.com;U6894@dtaa.com;U3190@dtaa.com;U2070@dtaa.com,,,DA0003@dtaa.com,30627,0,
{E-0023974},08/31/2026 01:59:34,LA0011,PC-1011,U1546@dtaa.com;U6312@dtaa.com;U1383@dtaa.com;U8251@dtaa.com,,,LA0011@dtaa.com,289537,0,
{E-0034747},08/31/2026 02:13:34,RA0017,PC-1017,U7610@dtaa.com,,,RA0017@dtaa.com,60201,0,
{E-0009876},08/31/2026 02:19:34,DA0003,PC-1003,U3339@dtaa.com;U5145@dtaa.com;U1483@dtaa.com;U6730@dtaa.com,,,DA0003@dtaa.com,382826,0,
{E-0032036},08/31/2026 02:22:34,PA0015,PC-1015,U5375@dtaa.com,,,PA0015@dtaa.com,119113,1,
{E-0032034},08/31/2026 02:23:34,PA0015,PC-1015,U7280@dtaa.com,,,PA0015@dtaa.com,154016,0,
{E-0006997},08/31/2026 02:40:34,CA0002,PC-1002,U7390@dtaa.com;U4053@dtaa.com;U9830@dtaa.com;U7384@dtaa.com,,,CA0002@dtaa.com,395154,1,
{E-0006998},08/31/2026 02:49:34,CA0002,PC-1002,U9372@dtaa.com,,,CA0002@dtaa.com,216941,0,
{E-0030029},08/31/2026 02:59:34,OA0014,PC-1014,U3896@dtaa.com,,,OA0014@dtaa.com,251134,0,
{E-0025972},08/31/2026 03:18:34,MA0012,PC-1012,U3357@dtaa.com;U4276@dtaa.com;U6560@dtaa.com,,,MA0012@dtaa.com,289744,0,
{E-0034744},08/31/2026 03:57:34,RA0017,PC-1017,U7952@dtaa.com;U5180@dtaa.com;U8277@dtaa.com,,,RA0017@dtaa.com,33973,1,
{E-0030032},08/31/2026 04:06:34,OA0014,PC-1014,U1911@dtaa.com;U6176@dtaa.com,,,OA0014@dtaa.com,261833,0,
{E-0023973},08/31/2026 04:43:34,LA0011,PC-1011,U4367@dtaa.com,,,LA0011@dtaa.com,63648,0,
{E-0013123},08/31/2026 05:06:34,FA0005,PC-1005,U9084@dtaa.com,,,FA0005@dtaa.com,200416,0,
{E-0027796},08/31/2026 18:34:34,NA0013,PC-1013,U8456@dtaa.com,,,NA0013@dtaa.com,154955,0,
{E-0015242},08/31/2026 19:32:34,GA0006,PC-1006,U2967@dtaa.com;U3199@dtaa.com;U4707@dtaa.com;U5909@dtaa.com,,,GA0006@dtaa.com,298518,0,
{E-0001533},08/31/2026 20:00:34,AA0000,PC-1000,U4829@dtaa.com;U5515@dtaa.com,,,AA0000@dtaa.com,253881,0,
{E-0027799},08/31/2026 20:21:34,NA0013,PC-1013,U2770@dtaa.com,,,NA0013@dtaa.com,140998,0,
{E-0018107},08/31/2026 20:28:34,IA0008,PC-1008,U2087@dtaa.com;U4183@dtaa.com;U1928@dtaa.com,,,IA0008@dtaa.com,26601,0,
{E-0018108},08/31/2026 20:39:34,IA0008,PC-1008,U2411@dtaa.com;U4060@dtaa.com,,,IA0008@dtaa.com,83164,0,
{E-0030103},08/31/2026 20:43:34,OA0014,PC-1014,U7513@dtaa.com;U9020@dtaa.com,,,OA0014@dtaa.com,108938,0,
{E-0030102},08/31/2026 20:44:34,OA0014,PC-1014,U3522@dtaa.com;U5108@dtaa.com,,,OA0014@dtaa.com,69625,0,
{E-0032072},08/31/2026 20:56:34,PA0015,PC-1015,U2807@dtaa.com;U1817@dtaa.com,,,PA0015@dtaa.com,375989,1,
{E-0001531},08/31/2026 21:01:34,AA0000,PC-1000,U6641@dtaa.com;U1713@dtaa.com,,,AA0000@dtaa.com,348431,1,
{E-0026014},08/31/2026 21:01:34,MA0012,PC-1012,U7317@dtaa.com;U5556@dtaa.com;U2273@dtaa.com,,,MA0012@dtaa.com,177608,0,
{E-0027795},08/31/2026 21:10:34,NA0013,PC-1013,U4245@dtaa.com;U4515@dtaa.com;U4622@dtaa.com,,,NA0013@dtaa.com,76377,0,
{E-0011767},08/31/2026 21:15:34,EA0004,PC-1004,U8127@dtaa.com;U3238@dtaa.com;U7362@dtaa.com;U4284@dtaa.com,,,EA0004@dtaa.com,244283,0,
{E-0030105},08/31/2026 21:19:34,OA0014,PC-1014,U1427@dtaa.com;U1092@dtaa.com,,,OA0014@dtaa.com,331002,0,
{E-0001534},08/31/2026 21:20:34,AA0000,PC-1000,U9404@dtaa.com,,,AA0000@dtaa.com,138853,1,
{E-0013150},08/31/2026 21:22:34,FA0005,PC-1005,U7331@dtaa.com;U7399@dtaa.com;U8287@dtaa.com;U4585@dtaa.com,,,FA0005@dtaa.com,293406,0,
{E-0032074},08/31/2026 21:31:34,PA0015,PC-1015,U3540@dtaa.com,,,PA0015@dtaa.com,90000,0,
{E-0032073},08/31/2026 21:54:34,PA0015,PC-1015,U3765@dtaa.com;U3697@dtaa.com;U7312@dtaa.com,,,PA0015@dtaa.com,339550,1,
{E-0011768},08/31/2026 22:24:34,EA0004,PC-1004,U9560@dtaa.com;U6020@dtaa.com,,,EA0004@dtaa.com,254559,0,
{E-0030104},08/31/2026 22:35:34,OA0014,PC-1014,U1802@dtaa.com,,,OA0014@dtaa.com,215998,0,
{E-0024023},08/31/2026 22:41:34,LA0011,PC-1011,U8868@dtaa.com;U1987@dtaa.com;U1144@dtaa.com;U8007@dtaa.com,,,LA0011@dtaa.com,89770,0,
{E-0009932},08/31/2026 22:46:34,DA0003,PC-1003,U6004@dtaa.com;U3440@dtaa.com,,,DA0003@dtaa.com,276285,0,
{E-0032071},08/31/2026 22:51:34,PA0015,PC-1015,U3773@dtaa.com;U9734@dtaa.com,,,PA0015@dtaa.com,58850,0,
{E-0033566},08/31/2026 22:53:34,QA0016,PC-1016,U3473@dtaa.com,,,QA0016@dtaa.com,137333,1,
{E-0018110},08/31/2026 22:57:34,IA0008,PC-1008,U2365@dtaa.com,,,IA0008@dtaa.com,37605,0,
{E-0027794},08/31/2026 23:16:34,NA0013,PC-1013,U5775@dtaa.com;U1181@dtaa.com;U4483@dtaa.com,,,NA0013@dtaa.com,377473,0,
{E-0018109},08/31/2026 23:26:34,IA0008,PC-1008,U6327@dtaa.com,,,IA0008@dtaa.com,39589,1,
{E-0033568},08/31/2026 23:28:34,QA0016,PC-1016,U2125@dtaa.com;U9711@dtaa.com;U4845@dtaa.com;U1756@dtaa.com,,,QA0016@dtaa.com,373269,1,
{E-0007093},08/31/2026 23:34:34,CA0002,PC-1002,U2253@dtaa.com;U9872@dtaa.com;U1662@dtaa.com,,,CA0002@dtaa.com,21570,0,
{E-0007092},09/01/2026 00:00:34,CA0002,PC-1002,U2060@dtaa.com;U7586@dtaa.com;U7638@dtaa.com,,,CA0002@dtaa.com,230604,0,
{E-0009931},09/01/2026 00:07:34,DA0003,PC-1003,U7255@dtaa.com;U1155@dtaa.com,,,DA0003@dtaa.com,362889,0,
{E-0033565},09/01/2026 00:09:34,QA0016,PC-1016,U5855@dtaa.com;U7903@dtaa.com;U3680@dtaa.com,,,QA0016@dtaa.com,77190,0,
{E-0022009},09/01/2026 00:38:34,KA0010,PC-1010,U3162@dtaa.com,,,KA0010@dtaa.com,306490,0,
{E-0015243},09/01/2026 00:47:34,GA0006,PC-1006,U3760@dtaa.com;U9214@dtaa.com;U5195@dtaa.com,,,GA0006@dtaa.com,174403,0,
{E-0022011},09/01/2026 01:16:34,KA0010,PC-1010,U8384@dtaa.com;U2052@dtaa.com,,,KA0010@dtaa.com,320441,1,
{E-0011769},09/01/2026 01:22:34,EA0004,PC-1004,U9742@dtaa.com;U9548@dtaa.com;U6962@dtaa.com;U5162@dtaa.com,,,EA0004@dtaa.com,324337,0,
{E-0032075},09/01/2026 01:32:34,PA0015,PC-1015,U9570@dtaa.com;U4957@dtaa.com;U2182@dtaa.com,,,PA0015@dtaa.com,105631,0,
{E-0033567},09/01/2026 01:44:34,QA0016,PC-1016,U2092@dtaa.com,,,QA0016@dtaa.com,346371,0,
{E-0007091},09/01/2026 01:51:34,CA0002,PC-1002,U5443@dtaa.com;U6225@dtaa.com;U5895@dtaa.com;U9106@dtaa.com,,,CA0002@dtaa.com,317601,1,
{E-0024025},09/01/2026 01:54:34,LA0011,PC-1011,U9785@dtaa.com;U6274@dtaa.com,,,LA0011@dtaa.com,264393,0,
{E-0007095},09/01/2026 02:06:34,CA0002,PC-1002,U9859@dtaa.com;U3215@dtaa.com;U3380@dtaa.com,,,CA0002@dtaa.com,175307,0,
{E-0022008},09/01/2026 02:10:34,KA0010,PC-1010,U2294@dtaa.com;U5111@dtaa.com;U9514@dtaa.com;U6872@dtaa.com,,,KA0010@dtaa.com,207086,0,
{E-0027798},09/01/2026 02:12:34,NA0013,PC-1013,U8996@dtaa.com,,,NA0013@dtaa.com,90942,0,
{E-0032070},09/01/2026 02:23:34,PA0015,PC-1015,U6235@dtaa.com;U2135@dtaa.com;U3546@dtaa.com,,,PA0015@dtaa.com,208775,0,
{E-0030101},09/01/2026 02:29:34,OA0014,PC-1014,U6427@dtaa.com;U8504@dtaa.com;U6083@dtaa.com,,,OA0014@dtaa.com,290149,0,
{E-0022010},09/01/2026 02:47:34,KA0010,PC-1010,U6375@dtaa.com;U9029@dtaa.com;U3080@dtaa.com;U7683@dtaa.com,,,KA0010@dtaa.com,234000,0,
{E-0024024},09/01/2026 02:47:34,LA0011,PC-1011,U4987@dtaa.com;U7002@dtaa.com;U2427@dtaa.com;U1521@dtaa.com,,,LA0011@dtaa.com,193649,0,
{E-0013148},09/01/2026 02:50:34,FA0005,PC-1005,U8245@dtaa.com;U6323@dtaa.com;U4087@dtaa.com,,,FA0005@dtaa.com,333605,0,
{E-0003987},09/01/2026 03:03:34,BA0001,PC-1001,U2363@dtaa.com;U6791@dtaa.com;U1393@dtaa.com;U9667@dtaa.com,,,BA0001@dtaa.com,377380,0,
{E-0024026},09/01/2026 03:05:34,LA0011,PC-1011,U2886@dtaa.com,,,LA0011@dtaa.com,147666,0,
{E-0027797},09/01/2026 03:17:34,NA0013,PC-1013,U4783@dtaa.com;U3776@dtaa.com;U6263@dtaa.com;U1886@dtaa.com,,,NA0013@dtaa.com,325440,0,
{E-0016779},09/01/2026 03:20:34,HA0007,PC-1007,U9578@dtaa.com;U1976@dtaa.com;U7571@dtaa.com;U9014@dtaa.com,,,HA0007@dtaa.com,188692,0,
{E-0013149},09/01/2026 03:48:34,FA0005,PC-1005,U7955@dtaa.com;U9372@dtaa.com;U1669@dtaa.com,,,FA0005@dtaa.com,152834,0,
{E-0001532},09/01/2026 03:54:34,AA0000,PC-1000,U6458@dtaa.com;U6659@dtaa.com;U2942@dtaa.com,,,AA0000@dtaa.com,60846,0,
{E-0007094},09/01/2026 05:06:34,CA0002,PC-1002,U9965@dtaa.com;U1216@dtaa.com;U2612@dtaa.com;U9624@dtaa.com,,,CA0002@dtaa.com,20979,0,
{E-0027836},09/01/2026 19:03:34,NA0013,PC-1013,U3966@dtaa.com;U2251@dtaa.com;U7444@dtaa.com;U2638@dtaa.com,,,NA0013@dtaa.com,340122,0,
{E-0024057},09/01/2026 19:27:34,LA0011,PC-1011,U6710@dtaa.com;U3355@dtaa.com;U9840@dtaa.com,,,LA0011@dtaa.com,140279,0,
{E-0020059},09/01/2026 19:32:34,JA0009,PC-1009,U4667@dtaa.com;U8068@dtaa.com;U4338@dtaa.com,,,JA0009@dtaa.com,284616,0,
{E-0009999},09/01/2026 19:35:34,DA0003,PC-1003,U8526@dtaa.com;U6786@dtaa.com,,,DA0003@dtaa.com,42093,0,
{E-0015315},09/01/2026 19:57:34,GA0006,PC-1006,U7268@dtaa.com;U7773@dtaa.com;U2922@dtaa.com;U3879@dtaa.com,,,GA0006@dtaa.com,221167,0,
{E-0015311},09/01/2026 20:13:34,GA0006,PC-1006,U1804@dtaa.com,,,GA0006@dtaa.com,398985,1,
{E-0030151},09/01/2026 20:16:34,OA0014,PC-1014,U7538@dtaa.com,,,OA0014@dtaa.com,394037,1,
{E-0027834},09/01/2026 20:18:34,NA0013,PC-1013,U2280@dtaa.com,,,NA0013@dtaa.com,346586,1,
{E-0001599},09/01/2026 20:38:34,AA0000,PC-1000,U3213@dtaa.com,,,AA0000@dtaa.com,94540,0,
{E-0034780},09/01/2026 20:38:34,RA0017,PC-1017,U1889@dtaa.com;U5801@dtaa.com,,,RA0017@dtaa.com,93444,0,
{E-0007183},09/01/2026 20:46:34,CA0002,PC-1002,U5791@dtaa.com;U2126@dtaa.com;U3389@dtaa.com,,,CA0002@dtaa.com,196256,0,
{E-0022059},09/01/2026 20:47:34,KA0010,PC-1010,U4582@dtaa.com;U9286@dtaa.com;U1311@dtaa.com;U5594@dtaa.com,,,KA0010@dtaa.com,63776,0,
{E-0020060},09/01/2026 20:50:34,JA0009,PC-1009,U1646@dtaa.com;U6105@dtaa.com,,,JA0009@dtaa.com,209671,0,
{E-0033609},09/01/2026 20:54:34,QA0016,PC-1016,U8012@dtaa.com;U2638@dtaa.com,,,QA0016@dtaa.com,258733,0,
{E-0026049},09/01/2026 21:06:34,MA0012,PC-1012,U2756@dtaa.com;U9697@dtaa.com;U6574@dtaa.com;U1666@dtaa.com,,,MA0012@dtaa.com,173335,0,
{E-0033611},09/01/2026 21:31:34,QA0016,PC-1016,U8483@dtaa.com,,,QA0016@dtaa.com,212607,0,
{E-0015314},09/01/2026 21:48:34,GA0006,PC-1006,U7079@dtaa.com;U5063@dtaa.com;U5259@dtaa.com,,,GA0006@dtaa.com,39914,1,
{E-0001602},09/01/2026 21:53:34,AA0000,PC-1000,U6613@dtaa.com;U3409@dtaa.com;U6192@dtaa.com,,,AA0000@dtaa.com,108601,0,
{E-0001600},09/01/2026 22:01:34,AA0000,PC-1000,U2456@dtaa.com;U5277@dtaa.com,,,AA0000@dtaa.com,148209,0,
{E-0020061},09/01/2026 22:01:34,JA0009,PC-1009,U6258@dtaa.com;U6801@dtaa.com;U6222@dtaa.com,,,JA0009@dtaa.com,91567,1,
{E-0018154},09/01/2026 22:06:34,IA0008,PC-1008,U8221@dtaa.com,,,IA0008@dtaa.com,101479,1,
{E-0007182},09/01/2026 22:25:34,CA0002,PC-1002,U5771@dtaa.com;U9511@dtaa.com;U2673@dtaa.com;U2680@dtaa.com,,,CA0002@dtaa.com,178726,1,
{E-0020058},09/01/2026 22:28:34,JA0009,PC-1009,U5773@dtaa.com;U4650@dtaa.com,,,JA0009@dtaa.com,178142,1,
{E-0013190},09/01/2026 22:36:34,FA0005,PC-1005,U1843@dtaa.com;U8302@dtaa.com;U5576@dtaa.com,,,FA0005@dtaa.com,254790,0,
{E-0027833},09/01/2026 22:57:34,NA0013,PC-1013,U4979@dtaa.com;U8724@dtaa.com;U2442@dtaa.com,,,NA0013@dtaa.com,94178,0,
{E-0013189},09/01/2026 23:11:34,FA0005,PC-1005,U9889@dtaa.com;U4945@dtaa.com,,,FA0005@dtaa.com,55639,1,
{E-0020057},09/01/2026 23:21:34,JA0009,PC-1009,U2062@dtaa.com;U5596@dtaa.com,,,JA0009@dtaa.com,366230,0,
{E-0016795},09/01/2026 23:22:34,HA0007,PC-1007,U1572@dtaa.com,,,HA0007@dtaa.com,185022,0,
{E-0026047},09/01/2026 23:31:34,MA0012,PC-1012,U1950@dtaa.com;U2320@dtaa.com;U8882@dtaa.com,,,MA0012@dtaa.com,88843,0,
{E-0033610},09/01/2026 23:31:34,QA0016,PC-1016,U4722@dtaa.com,,,QA0016@dtaa.com,336427,0,
{E-0018153},09/01/2026 23:33:34,IA0008,PC-1008,U7225@dtaa.com;U3814@dtaa.com,,,IA0008@dtaa.com,59342,0,
{E-0015312},09/01/2026 23:41:34,GA0006,PC-1006,U3313@dtaa.com;U4472@dtaa.com;U5914@dtaa.com,,,GA0006@dtaa.com,123739,0,
{E-0033607},09/01/2026 23:43:34,QA0016,PC-1016,U3993@dtaa.com;U1766@dtaa.com,,,QA0016@dtaa.com,42103,1,
{E-0032109},09/01/2026 23:57:34,PA0015,PC-1015,U3216@dtaa.com;U2326@dtaa.com;U8936@dtaa.com,,,PA0015@dtaa.com,78570,0,
{E-0011792},09/02/2026 00:03:34,EA0004,PC-1004,U4287@dtaa.com;U5116@dtaa.com;U3919@dtaa.com;U6014@dtaa.com,,,EA0004@dtaa.com,38200,1,
{E-0016796},09/02/2026 00:11:34,HA0007,PC-1007,U1483@dtaa.com;U9213@dtaa.com;U7444@dtaa.com,,,HA0007@dtaa.com,230019,0,
{E-0027837},09/02/2026 00:32:34,NA0013,PC-1013,U7011@dtaa.com;U5968@dtaa.com;U9174@dtaa.com;U7106@dtaa.com,,,NA0013@dtaa.com,102929,0,
{E-0033603},09/02/2026 00:35:34,QA0016,PC-1016,U3937@dtaa.com;U7520@dtaa.com;U2676@dtaa.com,,,QA0016@dtaa.com,252322,1,
{E-0027835},09/02/2026 00:36:34,NA0013,PC-1013,U4323@dtaa.com;U7357@dtaa.com,,,NA0013@dtaa.com,342939,0,
{E-0033604},09/02/2026 00:40:34,QA0016,PC-1016,U4744@dtaa.com;U5702@dtaa.com;U2502@dtaa.com,,,QA0016@dtaa.com,141875,0,
{E-0001601},09/02/2026 00:46:34,AA0000,PC-1000,U3155@dtaa.com;U1349@dtaa.com;U9351@dtaa.com,,,AA0000@dtaa.com,82793,1,
{E-0015313},09/02/2026 01:33:34,GA0006,PC-1006,U8738@dtaa.com,,,GA0006@dtaa.com,189161,0,
{E-0001597},09/02/2026 01:49:34,AA0000,PC-1000,U5391@dtaa.com;U5755@dtaa.com;U1641@dtaa.com;U6497@dtaa.com,,,AA0000@dtaa.com,331323,0,
{E-0022057},09/02/2026 01:52:34,KA0010,PC-1010,U5562@dtaa.com;U7661@dtaa.com,,,KA0010@dtaa.com,71548,0,
{E-0030152},09/02/2026 01:54:34,OA0014,PC-1014,U6368@dtaa.com,,,OA0014@dtaa.com,191934,0,
{E-0032108},09/02/2026 01:59:34,PA0015,PC-1015,U7843@dtaa.com;U4827@dtaa.com,,,PA0015@dtaa.com,307934,0,
{E-0030153},09/02/2026 02:01:34,OA0014,PC-1014,U3881@dtaa.com;U3432@dtaa.com;U3265@dtaa.com;U5213@dtaa.com,,,OA0014@dtaa.com,246037,0,
{E-0033605},09/02/2026 02:07:34,QA0016,PC-1016,U6638@dtaa.com;U6614@dtaa.com;U6217@dtaa.com,,,QA0016@dtaa.com,110827,1,
{E-0022058},09/02/2026 02:26:34,KA0010,PC-1010,U2877@dtaa.com;U1034@dtaa.com,,,KA0010@dtaa.com,48254,0,
{E-0032107},09/02/2026 02:29:34,PA0015,PC-1015,U8889@dtaa.com;U7665@dtaa.com,,,PA0015@dtaa.com,131909,0,
{E-0027838},09/02/2026 02:35:34,NA0013,PC-1013,U8996@dtaa.com,,,NA0013@dtaa.com,56795,0,
{E-0022056},09/02/2026 02:39:34,KA0010,PC-1010,U7465@dtaa.com;U6376@dtaa.com;U2871@dtaa.com;U9282@dtaa.com,,,KA0010@dtaa.com,314444,1,
{E-0011791},09/02/2026 03:01:34,EA0004,PC-1004,U2973@dtaa.com;U5332@dtaa.com;U3253@dtaa.com;U5787@dtaa.com,,,EA0004@dtaa.com,119657,0,
{E-0033608},09/02/2026 03:01:34,QA0016,PC-1016,U9289@dtaa.com,,,QA0016@dtaa.com,280415,1,
{E-0001596},09/02/2026 03:04:34,AA0000,PC-1000,U9488@dtaa.com;U1229@dtaa.com;U6316@dtaa.com;U3826@dtaa.com,,,AA0000@dtaa.com,350903,0,
{E-0034781},09/02/2026 03:23:34,RA0017,PC-1017,U9822@dtaa.com,,,RA0017@dtaa.com,398119,0,
{E-0001598},09/02/2026 03:39:34,AA0000,PC-1000,U7949@dtaa.com;U2401@dtaa.com;U2951@dtaa.com;U5974@dtaa.com,,,AA0000@dtaa.com,92679,0,
{E-0007185},09/02/2026 03:39:34,CA0002,PC-1002,U9085@dtaa.com;U2579@dtaa.com;U5749@dtaa.com,,,CA0002@dtaa.com,55006,0,
{E-0026048},09/02/2026 04:02:34,MA0012,PC-1012,U6755@dtaa.com;U1879@dtaa.com,,,MA0012@dtaa.com,92989,0,
{E-0024058},09/02/2026 04:31:34,LA0011,PC-1011,U7551@dtaa.com,,,LA0011@dtaa.com,233076,0,
{E-0007184},09/02/2026 05:20:34,CA0002,PC-1002,U3401@dtaa.com;U1148@dtaa.com;U1361@dtaa.com;U6134@dtaa.com,,,CA0002@dtaa.com,116736,0,
{E-0013188},09/02/2026 05:25:34,FA0005,PC-1005,U8662@dtaa.com;U1400@dtaa.com,,,FA0005@dtaa.com,86235,0,
{E-0033606},09/02/2026 05:28:34,QA0016,PC-1016,U3006@dtaa.com;U9865@dtaa.com;U2603@dtaa.com,,,QA0016@dtaa.com,285560,0,
{E-0007186},09/02/2026 05:31:34,CA0002,PC-1002,U7580@dtaa.com;U2234@dtaa.com;U7360@dtaa.com;U9494@dtaa.com,,,CA0002@dtaa.com,74957,0,
{E-0026086},09/02/2026 18:37:34,MA0012,PC-1012,U6260@dtaa.com;U5086@dtaa.com;U9700@dtaa.com,,,MA0012@dtaa.com,267675,0,
{E-0024113},09/02/2026 18:40:34,LA0011,PC-1011,U9837@dtaa.com,,,LA0011@dtaa.com,309588,0,
{E-0027872},09/02/2026 19:36:34,NA0013,PC-1013,U3230@dtaa.com;U8434@dtaa.com,,,NA0013@dtaa.com,338679,0,
{E-0026090},09/02/2026 20:21:34,MA0012,PC-1012,U8186@dtaa.com;U1316@dtaa.com;U6274@dtaa.com,,,MA0012@dtaa.com,92625,1,
{E-0004101},09/02/2026 20:29:34,BA0001,PC-1001,U7195@dtaa.com;U7437@dtaa.com;U6002@dtaa.com;U5230@dtaa.com,,,BA0001@dtaa.com,250000,0,
{E-0024112},09/02/2026 20:32:34,LA0011,PC-1011,U7316@dtaa.com;U2261@dtaa.com,,,LA0011@dtaa.com,123021,0,
{E-0034808},09/02/2026 20:49:34,RA0017,PC-1017,U7556@dtaa.com;U9905@dtaa.com;U6594@dtaa.com,,,RA0017@dtaa.com,82666,0,
{E-0032164},09/02/2026 20:52:34,PA0015,PC-1015,U3155@dtaa.com;U2729@dtaa.com,,,PA0015@dtaa.com,183810,1,
{E-0033627},09/02/2026 21:09:34,QA0016,PC-1016,U9079@dtaa.com,,,QA0016@dtaa.com,306979,0,
{E-0010066},09/02/2026 21:17:34,DA0003,PC-1003,U4220@dtaa.com;U7637@dtaa.com;U1402@dtaa.com,,,DA0003@dtaa.com,156749,1,
{E-0011814},09/02/2026 21:22:34,EA0004,PC-1004,U4734@dtaa.com;U4575@dtaa.com;U8727@dtaa.com;U8446@dtaa.com,,,EA0004@dtaa.com,72159,0,
{E-0027876},09/02/2026 21:24:34,NA0013,PC-1013,U6206@dtaa.com;U4380@dtaa.com,,,NA0013@dtaa.com,62122,0,
{E-0033624},09/02/2026 21:26:34,QA0016,PC-1016,U2483@dtaa.com;U8521@dtaa.com;U5624@dtaa.com;U2984@dtaa.com,,,QA0016@dtaa.com,23890,0,
{E-0018180},09/02/2026 21:34:34,IA0008,PC-1008,U6018@dtaa.com;U3558@dtaa.com;U2843@dtaa.com;U5398@dtaa.com,,,IA0008@dtaa.com,255103,1,
{E-0004102},09/02/2026 21:38:34,BA0001,PC-1001,U9180@dtaa.com;U7480@dtaa.com;U8136@dtaa.com;U6822@dtaa.com,,,BA0001@dtaa.com,185020,0,
{E-0020096},09/02/2026 22:00:34,JA0009,PC-1009,U1124@dtaa.com;U3365@dtaa.com;U7298@dtaa.com;U1845@dtaa.com,,,JA0009@dtaa.com,69014,0,
{E-0032163},09/02/2026 22:19:34,PA0015,PC-1015,U8474@dtaa.com;U5860@dtaa.com;U5980@dtaa.com,,,PA0015@dtaa.com,112645,0,
{E-0004100},09/02/2026 22:22:34,BA0001,PC-1001,U5219@dtaa.com;U1216@dtaa.com,,,BA0001@dtaa.com,201060,1,
{E-0030215},09/02/2026 22:25:34,OA0014,PC-1014,U8116@dtaa.com,,,OA0014@dtaa.com,172485,0,
{E-0024111},09/02/2026 22:26:34,LA0011,PC-1011,U9072@dtaa.com;U1165@dtaa.com;U5372@dtaa.com,,,LA0011@dtaa.com,62333,0,
{E-0027871},09/02/2026 22:26:34,NA0013,PC-1013,U3376@dtaa.com;U2153@dtaa.com;U2786@dtaa.com,,,NA0013@dtaa.com,190427,1,
{E-0033625},09/02/2026 22:28:34,QA0016,PC-1016,U1338@dtaa.com;U8066@dtaa.com;U4124@dtaa.com,,,QA0016@dtaa.com,109222,0,
{E-0010064},09/02/2026 22:31:34,DA0003,PC-1003,U7963@dtaa.com;U3478@dtaa.com;U7541@dtaa.com,,,DA0003@dtaa.com,320599,0,
{E-0033628},09/02/2026 22:41:34,QA0016,PC-1016,U6341@dtaa.com;U6656@dtaa.com;U2833@dtaa.com,,,QA0016@dtaa.com,148042,1,
{E-0026089},09/02/2026 22:52:34,MA0012,PC-1012,U1563@dtaa.com,,,MA0012@dtaa.com,225634,0,
{E-0030216},09/02/2026 23:09:34,OA0014,PC-1014,U9768@dtaa.com;U3463@dtaa.com,,,OA0014@dtaa.com,21416,0,
{E-0007253},09/02/2026 23:23:34,CA0002,PC-1002,U1939@dtaa.com;U4436@dtaa.com;U3633@dtaa.com;U6861@dtaa.com,,,CA0002@dtaa.com,67194,0,
{E-0007254},09/02/2026 23:35:34,CA0002,PC-1002,U9172@dtaa.com,,,CA0002@dtaa.com,225986,0,
{E-0015376},09/02/2026 23:35:34,GA0006,PC-1006,U5898@dtaa.com;U6412@dtaa.com;U5693@dtaa.com;U1165@dtaa.com,,,GA0006@dtaa.com,35523,0,
{E-0010065},09/02/2026 23:44:34,DA0003,PC-1003,U1190@dtaa.com;U1610@dtaa.com,,,DA0003@dtaa.com,64525,0,
{E-0033626},09/03/2026 00:24:34,QA0016,PC-1016,U4121@dtaa.com;U3112@dtaa.com;U1094@dtaa.com,,,QA0016@dtaa.com,359020,0,
{E-0015375},09/03/2026 00:27:34,GA0006,PC-1006,U5942@dtaa.com;U2894@dtaa.com,,,GA0006@dtaa.com,362113,0,
{E-0011812},09/03/2026 00:29:34,EA0004,PC-1004,U8593@dtaa.com;U2552@dtaa.com;U5717@dtaa.com,,,EA0004@dtaa.com,82421,1,
{E-0013217},09/03/2026 00:37:34,FA0005,PC-1005,U6035@dtaa.com,,,FA0005@dtaa.com,122112,0,
{E-0022105},09/03/2026 00:40:34,KA0010,PC-1010,U6499@dtaa.com,,,KA0010@dtaa.com,168306,0,
{E-0018179},09/03/2026 00:54:34,IA0008,PC-1008,U3113@dtaa.com;U2693@dtaa.com,,,IA0008@dtaa.com,47419,1,
{E-0030214},09/03/2026 00:58:34,OA0014,PC-1014,U5906@dtaa.com;U3986@dtaa.com,,,OA0014@dtaa.com,165794,0,
{E-0032160},09/03/2026 00:59:34,PA0015,PC-1015,U2613@dtaa.com;U6191@dtaa.com,,,PA0015@dtaa.com,184814,0,
{E-0015378},09/03/2026 01:01:34,GA0006,PC-1006,U2251@dtaa.com;U8899@dtaa.com,,,GA0006@dtaa.com,166174,0,
{E-0022104},09/03/2026 01:06:34,KA0010,PC-1010,U6102@dtaa.com;U5794@dtaa.com,,,KA0010@dtaa.com,266175,1,
{E-0013218},09/03/2026 01:11:34,FA0005,PC-1005,U9975@dtaa.com,,,FA0005@dtaa.com,399735,0,
{E-0007255},09/03/2026 01:23:34,CA0002,PC-1002,U3914@dtaa.com;U3119@dtaa.com;U5763@dtaa.com;U4523@dtaa.com,,,CA0002@dtaa.com,337360,0,
{E-0030213},09/03/2026 01:25:34,OA0014,PC-1014,U3901@dtaa.com;U7136@dtaa.com;U7649@dtaa.com,,,OA0014@dtaa.com,85570,0,
{E-0018178},09/03/2026 01:46:34,IA0008,PC-1008,U7037@dtaa.com,,,IA0008@dtaa.com,89226,0,
{E-0027873},09/03/2026 01:58:34,NA0013,PC-1013,U9220@dtaa.com;U6636@dtaa.com,,,NA0013@dtaa.com,389866,0,
{E-0022103},09/03/2026 02:06:34,KA0010,PC-1010,U1597@dtaa.com;U9343@dtaa.com,,,KA0010@dtaa.com,25896,0,
{E-0011815},09/03/2026 02:15:34,EA0004,PC-1004,U7586@dtaa.com;U4459@dtaa.com;U8572@dtaa.com;U3966@dtaa.com,,,EA0004@dtaa.com,336969,0,
{E-0034807},09/03/2026 02:21:34,RA0017,PC-1017,U5263@dtaa.com;U9174@dtaa.com,,,RA0017@dtaa.com,250276,0,
{E-0027874},09/03/2026 02:25:34,NA0013,PC-1013,U1836@dtaa.com;U7083@dtaa.com;U5421@dtaa.com;U7458@dtaa.com,,,NA0013@dtaa.com,366374,1,
{E-0024110},09/03/2026 02:39:34,LA0011,PC-1011,U9941@dtaa.com;U7588@dtaa.com;U3441@dtaa.com,,,LA0011@dtaa.com,238592,1,
{E-0011813},09/03/2026 02:41:34,EA0004,PC-1004,U2830@dtaa.com;U4728@dtaa.com;U6505@dtaa.com,,,EA0004@dtaa.com,323882,0,
{E-0015377},09/03/2026 02:48:34,GA0006,PC-1006,U5015@dtaa.com;U6012@dtaa.com;U8583@dtaa.com;U9251@dtaa.com,,,GA0006@dtaa.com,245284,0,
{E-0013216},09/03/2026 02:49:34,FA0005,PC-1005,U2057@dtaa.com;U7232@dtaa.com;U8591@dtaa.com;U5684@dtaa.com,,,FA0005@dtaa.com,242202,1,
{E-0032161},09/03/2026 03:02:34,PA0015,PC-1015,U2635@dtaa.com,,,PA0015@dtaa.com,345769,0,
{E-0027875},09/03/2026 03:11:34,NA0013,PC-1013,U2546@dtaa.com;U8865@dtaa.com,,,NA0013@dtaa.com,313814,0,
{E-0032162},09/03/2026 03:25:34,PA0015,PC-1015,U2196@dtaa.com;U3463@dtaa.com,,,PA0015@dtaa.com,178855,0,
{E-0026087},09/03/2026 03:45:34,MA0012,PC-1012,U1523@dtaa.com,,,MA0012@dtaa.com,141309,0,
{E-0026088},09/03/2026 03:48:34,MA0012,PC-1012,U1863@dtaa.com;U6791@dtaa.com,,,MA0012@dtaa.com,172668,1,
{E-0020095},09/03/2026 03:55:34,JA0009,PC-1009,U1781@dtaa.com;U3618@dtaa.com;U1152@dtaa.com,,,JA0009@dtaa.com,89946,0,
{E-0007252},09/03/2026 04:46:34,CA0002,PC-1002,U6324@dtaa.com;U3265@dtaa.com,,,CA0002@dtaa.com,175827,0,
{E-0007251},09/03/2026 05:04:34,CA0002,PC-1002,U4695@dtaa.com,,,CA0002@dtaa.com,82174,0,
{E-0030281},09/03/2026 19:53:34,OA0014,PC-1014,U1205@dtaa.com;U7673@dtaa.com,,,OA0014@dtaa.com,101204,0,
{E-0024147},09/03/2026 19:57:34,LA0011,PC-1011,U6596@dtaa.com;U1910@dtaa.com;U3670@dtaa.com,,,LA0011@dtaa.com,41918,0,
{E-0001660},09/03/2026 20:18:34,AA0000,PC-1000,U6869@dtaa.com,,,AA0000@dtaa.com,25678,0,
{E-0007337},09/03/2026 20:18:34,CA0002,PC-1002,U2046@dtaa.com,,,CA0002@dtaa.com,392233,0,
{E-0026144},09/03/2026 20:34:34,MA0012,PC-1012,U7592@dtaa.com,,,MA0012@dtaa.com,320543,1,
{E-0034827},09/03/2026 20:41:34,RA0017,PC-1017,U8676@dtaa.com;U4235@dtaa.com,,,RA0017@dtaa.com,56025,0,
{E-0032206},09/03/2026 20:46:34,PA0015,PC-1015,U1898@dtaa.com;U7834@dtaa.com;U6515@dtaa.com,,,PA0015@dtaa.com,338397,0,
{E-0020143},09/03/2026 20:55:34,JA0009,PC-1009,U8072@dtaa.com;U3782@dtaa.com;U1737@dtaa.com,,,JA0009@dtaa.com,388277,0,
{E-0007340},09/03/2026 20:58:34,CA0002,PC-1002,U7516@dtaa.com,,,CA0002@dtaa.com,117792,1,
{E-0033662},09/03/2026 21:02:34,QA0016,PC-1016,U5160@dtaa.com;U2302@dtaa.com,,,QA0016@dtaa.com,290890,1,
{E-0018235},09/03/2026 21:05:34,IA0008,PC-1008,U6716@dtaa.com;U8120@dtaa.com;U4299@dtaa.com;U4539@dtaa.com,,,IA0008@dtaa.com,391342,0,
{E-0015394},09/03/2026 21:09:34,GA0006,PC-1006,U6780@dtaa.com,,,GA0006@dtaa.com,168313,0,
{E-0026145},09/03/2026 21:14:34,MA0012,PC-1012,U9485@dtaa.com,,,MA0012@dtaa.com,163992,0,
{E-0030280},09/03/2026 21:34:34,OA0014,PC-1014,U7247@dtaa.com;U7290@dtaa.com,,,OA0014@dtaa.com,76734,0,
{E-0024144},09/03/2026 21:39:34,LA0011,PC-1011,U3234@dtaa.com;U1747@dtaa.com;U5022@dtaa.com;U4732@dtaa.com,,,LA0011@dtaa.com,366622,1,
{E-0010144},09/03/2026 21:57:34,DA0003,PC-1003,U3470@dtaa.com;U9181@dtaa.com,,,DA0003@dtaa.com,240424,0,
{E-0001658},09/03/2026 21:58:34,AA0000,PC-1000,U5208@dtaa.com;U9920@dtaa.com;U7716@dtaa.com,,,AA0000@dtaa.com,118077,0,
{E-0001656},09/03/2026 22:01:34,AA0000,PC-1000,U2168@dtaa.com;U2071@dtaa.com,,,AA0000@dtaa.com,29319,1,
{E-0027908},09/03/2026 22:10:34,NA0013,PC-1013,U3242@dtaa.com;U8548@dtaa.com,,,NA0013@dtaa.com,153896,0,
{E-0032210},09/03/2026 22:10:34,PA0015,PC-1015,U5461@dtaa.com;U3765@dtaa.com,,,PA0015@dtaa.com,50467,0,
{E-0020144},09/03/2026 22:18:34,JA0009,PC-1009,U8721@dtaa.com;U9712@dtaa.com;U9597@dtaa.com,,,JA0009@dtaa.com,296920,0,
{E-0026142},09/03/2026 22:21:34,MA0012,PC-1012,U3415@dtaa.com;U3461@dtaa.com;U2390@dtaa.com,,,MA0012@dtaa.com,310051,0,
{E-0013263},09/03/2026 22:44:34,FA0005,PC-1005,U4326@dtaa.com;U1410@dtaa.com,,,FA0005@dtaa.com,203663,0,
{E-0026143},09/03/2026 23:01:34,MA0012,PC-1012,U4010@dtaa.com;U1927@dtaa.com;U4899@dtaa.com;U4400@dtaa.com,,,MA0012@dtaa.com,121711,0,
{E-0007341},09/03/2026 23:03:34,CA0002,PC-1002,U2877@dtaa.com;U1482@dtaa.com;U6060@dtaa.com,,,CA0002@dtaa.com,273753,0,
{E-0034828},09/03/2026 23:10:34,RA0017,PC-1017,U1166@dtaa.com;U1745@dtaa.com;U1809@dtaa.com;U1514@dtaa.com,,,RA0017@dtaa.com,141527,0,
{E-0033660},09/03/2026 23:11:34,QA0016,PC-1016,U4693@dtaa.com;U8188@dtaa.com;U8327@dtaa.com;U8120@dtaa.com,,,QA0016@dtaa.com,321920,1,
{E-0024148},09/03/2026 23:23:34,LA0011,PC-1011,U1846@dtaa.com,,,LA0011@dtaa.com,104049,0,
{E-0010145},09/03/2026 23:24:34,DA0003,PC-1003,U1480@dtaa.com;U3393@dtaa.com;U2180@dtaa.com,,,DA0003@dtaa.com,137447,0,
{E-0032208},09/03/2026 23:44:34,PA0015,PC-1015,U2513@dtaa.com;U2843@dtaa.com,,,PA0015@dtaa.com,269417,1,
{E-0015396},09/04/2026 00:11:34,GA0006,PC-1006,U6640@dtaa.com;U4840@dtaa.com;U6196@dtaa.com,,,GA0006@dtaa.com,357871,0,
{E-0027911},09/04/2026 00:18:34,NA0013,PC-1013,U9997@dtaa.com;U7431@dtaa.com;U2860@dtaa.com,,,NA0013@dtaa.com,383744,0,
{E-0032205},09/04/2026 00:28:34,PA0015,PC-1015,U7252@dtaa.com;U2832@dtaa.com;U9328@dtaa.com;U6194@dtaa.com,,,PA0015@dtaa.com,318884,1,
{E-0007339},09/04/2026 00:32:34,CA0002,PC-1002,U4982@dtaa.com;U6534@dtaa.com;U9717@dtaa.com;U5193@dtaa.com,,,CA0002@dtaa.com,155697,1,
{E-0001659},09/04/2026 00:35:34,AA0000,PC-1000,U8741@dtaa.com;U3019@dtaa.com,,,AA0000@dtaa.com,324140,1,
{E-0033661},09/04/2026 00:35:34,QA0016,PC-1016,U5118@dtaa.com;U3357@dtaa.com,,,QA0016@dtaa.com,27445,0,
{E-0004160},09/04/2026 00:43:34,BA0001,PC-1001,U3307@dtaa.com,,,BA0001@dtaa.com,253199,0,
{E-0026148},09/04/2026 00:54:34,MA0012,PC-1012,U8960@dtaa.com;U1686@dtaa.com;U5833@dtaa.com;U1221@dtaa.com,,,MA0012@dtaa.com,227938,0,
{E-0033659},09/04/2026 01:06:34,QA0016,PC-1016,U3572@dtaa.com;U1770@dtaa.com;U9345@dtaa.com;U3501@dtaa.com,,,QA0016@dtaa.com,96114,0,
{E-0027912},09/04/2026 01:09:34,NA0013,PC-1013,U5061@dtaa.com,,,NA0013@dtaa.com,293877,0,
{E-0032204},09/04/2026 01:16:34,PA0015,PC-1015,U3523@dtaa.com;U9420@dtaa.com;U3191@dtaa.com;U1071@dtaa.com,,,PA0015@dtaa.com,381825,0,
{E-0026146},09/04/2026 01:19:34,MA0012,PC-1012,U5235@dtaa.com;U9666@dtaa.com,,,MA0012@dtaa.com,138335,0,
{E-0001657},09/04/2026 01:30:34,AA0000,PC-1000,U8842@dtaa.com,,,AA0000@dtaa.com,44480,1,
{E-0015395},09/04/2026 01:39:34,GA0006,PC-1006,U7499@dtaa.com;U5616@dtaa.com;U5435@dtaa.com;U4054@dtaa.com,,,GA0006@dtaa.com,53478,1,
{E-0024145},09/04/2026 01:52:34,LA0011,PC-1011,U1459@dtaa.com;U2624@dtaa.com;U1195@dtaa.com,,,LA0011@dtaa.com,106804,0,
{E-0032209},09/04/2026 02:13:34,PA0015,PC-1015,U5089@dtaa.com,,,PA0015@dtaa.com,283743,0,
{E-0024146},09/04/2026 02:15:34,LA0011,PC-1011,U7690@dtaa.com;U8277@dtaa.com,,,LA0011@dtaa.com,352967,0,
{E-0030278},09/04/2026 02:15:34,OA0014,PC-1014,U9243@dtaa.com;U7430@dtaa.com;U3271@dtaa.com,,,OA0014@dtaa.com,363254,1,
{E-0027913},09/04/2026 02:17:34,NA0013,PC-1013,U4914@dtaa.com;U6849@dtaa.com;U2791@dtaa.com,,,NA0013@dtaa.com,105131,0,
{E-0030279},09/04/2026 02:18:34,OA0014,PC-1014,U6041@dtaa.com;U2891@dtaa.com;U9792@dtaa.com,,,OA0014@dtaa.com,166186,1,
{E-0027910},09/04/2026 02:22:34,NA0013,PC-1013,U4671@dtaa.com,,,NA0013@dtaa.com,111278,0,
{E-0007338},09/04/2026 02:30:34,CA0002,PC-1002,U8498@dtaa.com;U2415@dtaa.com;U7629@dtaa.com,,,CA0002@dtaa.com,73115,0,
{E-0018236},09/04/2026 02:39:34,IA0008,PC-1008,U8166@dtaa.com;U8001@dtaa.com;U8030@dtaa.com;U5103@dtaa.com,,,IA0008@dtaa.com,304367,0,
{E-0034829},09/04/2026 02:47:34,RA0017,PC-1017,U2877@dtaa.com;U9790@dtaa.com,,,RA0017@dtaa.com,226511,1,
{E-0030277},09/04/2026 03:08:34,OA0014,PC-1014,U1033@dtaa.com;U5643@dtaa.com;U4779@dtaa.com,,,OA0014@dtaa.com,389897,0,
{E-0022147},09/04/2026 03:16:34,KA0010,PC-1010,U4345@dtaa.com;U3402@dtaa.com;U4252@dtaa.com;U2335@dtaa.com,,,KA0010@dtaa.com,313417,0,
{E-0033663},09/04/2026 03:17:34,QA0016,PC-1016,U2670@dtaa.com,,,QA0016@dtaa.com,230759,0,
{E-0026147},09/04/2026 03:22:34,MA0012,PC-1012,U5466@dtaa.com;U3767@dtaa.com;U7470@dtaa.com,,,MA0012@dtaa.com,303952,0,
{E-0013261},09/04/2026 03:34:34,FA0005,PC-1005,U1091@dtaa.com;U2259@dtaa.com;U5257@dtaa.com,,,FA0005@dtaa.com,156388,0,
{E-0013262},09/04/2026 03:34:34,FA0005,PC-1005,U7150@dtaa.com;U5836@dtaa.com;U7202@dtaa.com,,,FA0005@dtaa.com,172438,0,
{E-0013264},09/04/2026 03:39:34,FA0005,PC-1005,U7755@dtaa.com;U6088@dtaa.com,,,FA0005@dtaa.com,39737,0,
{E-0018237},09/04/2026 03:53:34,IA0008,PC-1008,U7240@dtaa.com;U7594@dtaa.com,,,IA0008@dtaa.com,61999,0,
{E-0032207},09/04/2026 04:10:34,PA0015,PC-1015,U8525@dtaa.com;U7567@dtaa.com;U8737@dtaa.com;U7077@dtaa.com,,,PA0015@dtaa.com,32277,0,
{E-0027909},09/04/2026 04:42:34,NA0013,PC-1013,U3764@dtaa.com;U7876@dtaa.com;U7605@dtaa.com;U2686@dtaa.com,,,NA0013@dtaa.com,364056,0,
{E-0022148},09/04/2026 04:43:34,KA0010,PC-1010,U1185@dtaa.com,,,KA0010@dtaa.com,269465,0,
{E-0033658},09/04/2026 04:58:34,QA0016,PC-1016,U6020@dtaa.com;U3785@dtaa.com;U4951@dtaa.com,,,QA0016@dtaa.com,277915,1,
{E-0027951},09/06/2026 18:16:34,NA0013,PC-1013,U4636@dtaa.com;U7746@dtaa.com;U5999@dtaa.com;U2977@dtaa.com,,,NA0013@dtaa.com,46468,1,
{E-0027952},09/06/2026 19:24:34,NA0013,PC-1013,U3113@dtaa.com;U3317@dtaa.com;U5410@dtaa.com;U6631@dtaa.com,,,NA0013@dtaa.com,361088,0,
{E-0020178},09/06/2026 19:48:34,JA0009,PC-1009,U2514@dtaa.com;U3003@dtaa.com;U2382@dtaa.com,,,JA0009@dtaa.com,248563,0,
{E-0034851},09/06/2026 19:57:34,RA0017,PC-1017,U6732@dtaa.com;U9783@dtaa.com;U9781@dtaa.com;U3251@dtaa.com,,,RA0017@dtaa.com,88338,0,
{E-0022195},09/06/2026 20:19:34,KA0010,PC-1010,U7646@dtaa.com;U9527@dtaa.com;U8787@dtaa.com;U2906@dtaa.com,,,KA0010@dtaa.com,152643,0,
{E-0033682},09/06/2026 20:30:34,QA0016,PC-1016,U7106@dtaa.com;U4494@dtaa.com;U7360@dtaa.com;U4432@dtaa.com,,,QA0016@dtaa.com,238093,0,
{E-0032241},09/06/2026 20:31:34,PA0015,PC-1015,U2694@dtaa.com;U8577@dtaa.com;U8234@dtaa.com;U7463@dtaa.com,,,PA0015@dtaa.com,394123,0,
{E-0030336},09/06/2026 20:38:34,OA0014,PC-1014,U3315@dtaa.com;U5205@dtaa.com,,,OA0014@dtaa.com,335228,0,
{E-0032244},09/06/2026 20:58:34,PA0015,PC-1015,U2855@dtaa.com;U1024@dtaa.com,,,PA0015@dtaa.com,371773,0,
{E-0033683},09/06/2026 21:12:34,QA0016,PC-1016,U5050@dtaa.com;U7060@dtaa.com;U9234@dtaa.com,,,QA0016@dtaa.com,54984,0,
{E-0030334},09/06/2026 21:13:34,OA0014,PC-1014,U7053@dtaa.com,,,OA0014@dtaa.com,118792,0,
{E-0026184},09/06/2026 21:16:34,MA0012,PC-1012,U9398@dtaa.com;U4848@dtaa.com;U2024@dtaa.com;U3771@dtaa.com,,,MA0012@dtaa.com,291353,0,
{E-0030332},09/06/2026 21:54:34,OA0014,PC-1014,U4513@dtaa.com,,,OA0014@dtaa.com,262845,1,
{E-0020177},09/06/2026 22:14:34,JA0009,PC-1009,U9805@dtaa.com;U1241@dtaa.com;U4231@dtaa.com;U7555@dtaa.com,,,JA0009@dtaa.com,197271,0,
{E-0032242},09/06/2026 22:19:34,PA0015,PC-1015,U1899@dtaa.com;U4843@dtaa.com,,,PA0015@dtaa.com,166465,0,
{E-0032247},09/06/2026 22:29:34,PA0015,PC-1015,U4436@dtaa.com,,,PA0015@dtaa.com,143775,0,
{E-0022194},09/06/2026 22:36:34,KA0010,PC-1010,U8757@dtaa.com;U6326@dtaa.com,,,KA0010@dtaa.com,305972,1,
{E-0013294},09/06/2026 22:42:34,FA0005,PC-1005,U9777@dtaa.com;U2769@dtaa.com,,,FA0005@dtaa.com,383248,1,
{E-0010208},09/06/2026 22:49:34,DA0003,PC-1003,U4222@dtaa.com;U3587@dtaa.com;U8516@dtaa.com;U3410@dtaa.com,,,DA0003@dtaa.com,164174,0,
{E-0034852},09/06/2026 22:58:34,RA0017,PC-1017,U5614@dtaa.com;U2943@dtaa.com;U5821@dtaa.com,,,RA0017@dtaa.com,374284,0,
{E-0015451},09/06/2026 23:05:34,GA0006,PC-1006,U2601@dtaa.com;U7311@dtaa.com;U8272@dtaa.com,,,GA0006@dtaa.com,96614,0,
{E-0030333},09/06/2026 23:06:34,OA0014,PC-1014,U5681@dtaa.com;U4282@dtaa.com;U7326@dtaa.com,,,OA0014@dtaa.com,117434,0,
{E-0007412},09/06/2026 23:18:34,CA0002,PC-1002,U5516@dtaa.com,,,CA0002@dtaa.com,62829,0,
{E-0032245},09/06/2026 23:48:34,PA0015,PC-1015,U1860@dtaa.com,,,PA0015@dtaa.com,42688,1,
{E-0022191},09/07/2026 00:01:34,KA0010,PC-1010,U7564@dtaa.com;U6042@dtaa.com;U3689@dtaa.com,,,KA0010@dtaa.com,371161,1,
{E-0018263},09/07/2026 00:08:34,IA0008,PC-1008,U1503@dtaa.com;U7481@dtaa.com;U3419@dtaa.com;U2641@dtaa.com,,,IA0008@dtaa.com,134830,1,
{E-0013289},09/07/2026 00:14:34,FA0005,PC-1005,U1904@dtaa.com,,,FA0005@dtaa.com,244100,0,
{E-0022192},09/07/2026 00:14:34,KA0010,PC-1010,U5941@dtaa.com,,,KA0010@dtaa.com,26058,1,
{E-0026185},09/07/2026 00:30:34,MA0012,PC-1012,U4506@dtaa.com;U1457@dtaa.com;U8437@dtaa.com,,,MA0012@dtaa.com,82910,1,
{E-0015452},09/07/2026 00:33:34,GA0006,PC-1006,U6761@dtaa.com,,,GA0006@dtaa.com,255458,1,
{E-0032246},09/07/2026 00:37:34,PA0015,PC-1015,U3569@dtaa.com,,,PA0015@dtaa.com,81403,0,
{E-0022193},09/07/2026 01:01:34,KA0010,PC-1010,U6748@dtaa.com;U6709@dtaa.com,,,KA0010@dtaa.com,96845,0,
{E-0027954},09/07/2026 01:08:34,NA0013,PC-1013,U1423@dtaa.com;U4626@dtaa.com;U1966@dtaa.com;U5070@dtaa.com,,,NA0013@dtaa.com,186216,0,
{E-0011877},09/07/2026 01:11:34,EA0004,PC-1004,U9022@dtaa.com;U2357@dtaa.com;U6464@dtaa.com;U5377@dtaa.com,,,EA0004@dtaa.com,60589,0,
{E-0011876},09/07/2026 01:18:34,EA0004,PC-1004,U1229@dtaa.com;U2864@dtaa.com;U8926@dtaa.com;U3423@dtaa.com,,,EA0004@dtaa.com,200200,0,
{E-0024195},09/07/2026 01:18:34,LA0011,PC-1011,U4644@dtaa.com;U8553@dtaa.com;U1766@dtaa.com;U8449@dtaa.com,,,LA0011@dtaa.com,87300,1,
{E-0027953},09/07/2026 01:20:34,NA0013,PC-1013,U3680@dtaa.com;U7892@dtaa.com;U2389@dtaa.com;U2227@dtaa.com,,,NA0013@dtaa.com,350771,0,
{E-0016859},09/07/2026 01:50:34,HA0007,PC-1007,U9386@dtaa.com;U4889@dtaa.com;U9680@dtaa.com,,,HA0007@dtaa.com,299984,0,
{E-0018264},09/07/2026 01:58:34,IA0008,PC-1008,U3211@dtaa.com,,,IA0008@dtaa.com,253912,0,
{E-0013295},09/07/2026 02:23:34,FA0005,PC-1005,U5682@dtaa.com;U5727@dtaa.com;U3902@dtaa.com,,,FA0005@dtaa.com,226608,0,
{E-0032243},09/07/2026 02:26:34,PA0015,PC-1015,U6496@dtaa.com;U8550@dtaa.com;U9002@dtaa.com;U4518@dtaa.com,,,PA0015@dtaa.com,97852,0,
{E-0033681},09/07/2026 02:43:34,QA0016,PC-1016,U8068@dtaa.com;U3490@dtaa.com,,,QA0016@dtaa.com,130775,0,
{E-0026183},09/07/2026 02:46:34,MA0012,PC-1012,U7229@dtaa.com,,,MA0012@dtaa.com,55144,0,
{E-0013292},09/07/2026 02:57:34,FA0005,PC-1005,U7664@dtaa.com,,,FA0005@dtaa.com,284812,0,
{E-0020179},09/07/2026 03:14:34,JA0009,PC-1009,U2785@dtaa.com;U8801@dtaa.com;U2960@dtaa.com,,,JA0009@dtaa.com,219374,0,
{E-0015453},09/07/2026 03:18:34,GA0006,PC-1006,U9047@dtaa.com;U5953@dtaa.com;U2346@dtaa.com,,,GA0006@dtaa.com,21954,1,
{E-0026186},09/07/2026 03:29:34,MA0012,PC-1012,U4380@dtaa.com;U4562@dtaa.com,,,MA0012@dtaa.com,326073,0,
{E-0034849},09/07/2026 03:30:34,RA0017,PC-1017,U8960@dtaa.com,,,RA0017@dtaa.com,287626,1,
{E-0018265},09/07/2026 03:38:34,IA0008,PC-1008,U3482@dtaa.com;U4052@dtaa.com,,,IA0008@dtaa.com,381534,1,
{E-0013291},09/07/2026 03:47:34,FA0005,PC-1005,U3294@dtaa.com;U2966@dtaa.com;U6861@dtaa.com;U3573@dtaa.com,,,FA0005@dtaa.com,277238,0,
{E-0030335},09/07/2026 03:57:34,OA0014,PC-1014,U8330@dtaa.com;U6781@dtaa.com;U2915@dtaa.com;U5375@dtaa.com,,,OA0014@dtaa.com,387715,0,
{E-0007411},09/07/2026 04:05:34,CA0002,PC-1002,U9126@dtaa.com;U9072@dtaa.com;U3232@dtaa.com,,,CA0002@dtaa.com,229250,0,
{E-0011878},09/07/2026 04:09:34,EA0004,PC-1004,U7805@dtaa.com;U2904@dtaa.com;U9410@dtaa.com;U2542@dtaa.com,,,EA0004@dtaa.com,212492,0,
{E-0011879},09/07/2026 04:12:34,EA0004,PC-1004,U9465@dtaa.com;U5617@dtaa.com;U6011@dtaa.com;U1332@dtaa.com,,,EA0004@dtaa.com,92834,0,
{E-0032248},09/07/2026 04:33:34,PA0015,PC-1015,U2337@dtaa.com;U9326@dtaa.com;U9608@dtaa.com,,,PA0015@dtaa.com,398230,1,
{E-0007409},09/07/2026 04:56:34,CA0002,PC-1002,U1222@dtaa.com;U6996@dtaa.com;U8894@dtaa.com;U8994@dtaa.com,,,CA0002@dtaa.com,238184,0,
{E-0013290},09/07/2026 04:57:34,FA0005,PC-1005,U9204@dtaa.com,,,FA0005@dtaa.com,84314,0,
{E-0013293},09/07/2026 05:07:34,FA0005,PC-1005,U7993@dtaa.com;U7043@dtaa.com,,,FA0005@dtaa.com,75502,0,
{E-0034850},09/07/2026 05:19:34,RA0017,PC-1017,U2377@dtaa.com;U8241@dtaa.com,,,RA0017@dtaa.com,280953,0,
{E-0007410},09/07/2026 05:34:34,CA0002,PC-1002,U8354@dtaa.com;U1145@dtaa.com;U2193@dtaa.com;U7420@dtaa.com,,,CA0002@dtaa.com,142233,1,
{E-0024251},09/07/2026 19:53:34,LA0011,PC-1011,U5242@dtaa.com,,,LA0011@dtaa.com,199606,0,
{E-0022240},09/07/2026 20:16:34,KA0010,PC-1010,U3250@dtaa.com,,,KA0010@dtaa.com,241738,0,
{E-0010293},09/07/2026 20:21:34,DA0003,PC-1003,U2311@dtaa.com;U4653@dtaa.com;U3992@dtaa.com;U2843@dtaa.com,,,DA0003@dtaa.com,232821,1,
{E-0026231},09/07/2026 20:26:34,MA0012,PC-1012,U4062@dtaa.com;U3690@dtaa.com;U6445@dtaa.com;U2270@dtaa.com,,,MA0012@dtaa.com,63446,0,
{E-0027989},09/07/2026 20:27:34,NA0013,PC-1013,U7832@dtaa.com,,,NA0013@dtaa.com,185001,0,
{E-0015496},09/07/2026 20:57:34,GA0006,PC-1006,U6564@dtaa.com;U5427@dtaa.com,,,GA0006@dtaa.com,142338,1,
{E-0024256},09/07/2026 20:58:34,LA0011,PC-1011,U1417@dtaa.com;U1655@dtaa.com;U2619@dtaa.com;U4456@dtaa.com,,,LA0011@dtaa.com,250468,0,
{E-0018297},09/07/2026 21:12:34,IA0008,PC-1008,U6658@dtaa.com;U5431@dtaa.com;U4024@dtaa.com;U3502@dtaa.com,,,IA0008@dtaa.com,250476,0,
{E-0007483},09/07/2026 21:15:34,CA0002,PC-1002,U3820@dtaa.com;U5195@dtaa.com,,,CA0002@dtaa.com,58343,0,
{E-0015494},09/07/2026 21:17:34,GA0006,PC-1006,U2951@dtaa.com;U2194@dtaa.com;U8541@dtaa.com,,,GA0006@dtaa.com,301091,0,
{E-0010291},09/07/2026 21:42:34,DA0003,PC-1003,U9203@dtaa.com;U6030@dtaa.com;U3554@dtaa.com;U1503@dtaa.com,,,DA0003@dtaa.com,201266,0,
{E-0024254},09/07/2026 21:58:34,LA0011,PC-1011,U9134@dtaa.com;U4266@dtaa.com;U6026@dtaa.com;U9144@dtaa.com,,,LA0011@dtaa.com,362238,0,
{E-0020235},09/07/2026 22:02:34,JA0009,PC-1009,U1379@dtaa.com;U5183@dtaa.com;U7179@dtaa.com;U8468@dtaa.com,,,JA0009@dtaa.com,191995,1,
{E-0027990},09/07/2026 22:10:34,NA0013,PC-1013,U7431@dtaa.com;U6402@dtaa.com;U2644@dtaa.com;U6983@dtaa.com,,,NA0013@dtaa.com,304012,0,
{E-0011911},09/07/2026 22:12:34,EA0004,PC-1004,U7044@dtaa.com;U2561@dtaa.com;U6973@dtaa.com;U6575@dtaa.com,,,EA0004@dtaa.com,233151,0,
{E-0007485},09/07/2026 22:18:34,CA0002,PC-1002,U5439@dtaa.com,,,CA0002@dtaa.com,154386,0,
{E-0020236},09/07/2026 22:33:34,JA0009,PC-1009,U4395@dtaa.com;U6288@dtaa.com,,,JA0009@dtaa.com,190983,1,
{E-0010292},09/07/2026 23:06:34,DA0003,PC-1003,U1264@dtaa.com,,,DA0003@dtaa.com,348795,0,
{E-0011912},09/07/2026 23:06:34,EA0004,PC-1004,U1889@dtaa.com;U5317@dtaa.com,,,EA0004@dtaa.com,387245,0,
{E-0030400},09/07/2026 23:10:34,OA0014,PC-1014,U4230@dtaa.com;U4370@dtaa.com,,,OA0014@dtaa.com,362795,1,
{E-0022244},09/07/2026 23:17:34,KA0010,PC-1010,U2459@dtaa.com;U8602@dtaa.com,,,KA0010@dtaa.com,128630,1,
{E-0020237},09/07/2026 23:18:34,JA0009,PC-1009,U2326@dtaa.com;U6415@dtaa.com,,,JA0009@dtaa.com,216828,0,
{E-0027987},09/07/2026 23:25:34,NA0013,PC-1013,U8538@dtaa.com,,,NA0013@dtaa.com,312396,0,
{E-0022243},09/07/2026 23:26:34,KA0010,PC-1010,U5060@dtaa.com,,,KA0010@dtaa.com,395050,0,
{E-0024255},09/07/2026 23:28:34,LA0011,PC-1011,U4491@dtaa.com;U5899@dtaa.com;U4901@dtaa.com,,,LA0011@dtaa.com,398158,0,
{E-0015498},09/07/2026 23:36:34,GA0006,PC-1006,U2427@dtaa.com,,,GA0006@dtaa.com,223411,0,
{E-0015497},09/07/2026 23:44:34,GA0006,PC-1006,U6800@dtaa.com;U1556@dtaa.com;U5027@dtaa.com;U4095@dtaa.com,,,GA0006@dtaa.com,31707,0,
{E-0001729},09/08/2026 00:22:34,AA0000,PC-1000,U4566@dtaa.com;U7019@dtaa.com;U8741@dtaa.com;U3748@dtaa.com,,,AA0000@dtaa.com,337549,0,
{E-0011910},09/08/2026 00:24:34,EA0004,PC-1004,U8326@dtaa.com;U7233@dtaa.com;U8805@dtaa.com,,,EA0004@dtaa.com,345866,1,
{E-0001731},09/08/2026 00:29:34,AA0000,PC-1000,U4395@dtaa.com,,,AA0000@dtaa.com,259483,0,
{E-0030399},09/08/2026 00:29:34,OA0014,PC-1014,U4795@dtaa.com;U6293@dtaa.com,,,OA0014@dtaa.com,291643,0,
{E-0007484},09/08/2026 01:04:34,CA0002,PC-1002,U2251@dtaa.com;U4665@dtaa.com,,,CA0002@dtaa.com,360786,0,
{E-0027986},09/08/2026 01:06:34,NA0013,PC-1013,U7720@dtaa.com,,,NA0013@dtaa.com,323960,0,
{E-0010290},09/08/2026 01:26:34,DA0003,PC-1003,U8271@dtaa.com;U5361@dtaa.com;U7419@dtaa.com,,,DA0003@dtaa.com,230793,0,
{E-0013330},09/08/2026 01:27:34,FA0005,PC-1005,U8244@dtaa.com,,,FA0005@dtaa.com,358431,0,
{E-0020234},09/08/2026 01:30:34,JA0009,PC-1009,U5149@dtaa.com;U5637@dtaa.com;U3915@dtaa.com;U6642@dtaa.com,,,JA0009@dtaa.com,304904,1,
{E-0015499},09/08/2026 01:32:34,GA0006,PC-1006,U2877@dtaa.com;U5675@dtaa.com;U8508@dtaa.com,,,GA0006@dtaa.com,154141,1,
{E-0027991},09/08/2026 01:33:34,NA0013,PC-1013,U7347@dtaa.com,,,NA0013@dtaa.com,343039,0,
{E-0022245},09/08/2026 01:35:34,KA0010,PC-1010,U6185@dtaa.com;U9540@dtaa.com,,,KA0010@dtaa.com,166078,0,
{E-0022241},09/08/2026 01:36:34,KA0010,PC-1010,U2752@dtaa.com;U2511@dtaa.com;U8154@dtaa.com,,,KA0010@dtaa.com,20742,0,
{E-0027985},09/08/2026 01:42:34,NA0013,PC-1013,U7685@dtaa.com,,,NA0013@dtaa.com,195969,1,
{E-0024249},09/08/2026 01:53:34,LA0011,PC-1011,U3966@dtaa.com;U4807@dtaa.com;U4169@dtaa.com;U5137@dtaa.com,,,LA0011@dtaa.com,137706,0,
{E-0027988},09/08/2026 01:54:34,NA0013,PC-1013,U4113@dtaa.com;U6876@dtaa.com;U4350@dtaa.com;U6189@dtaa.com,,,NA0013@dtaa.com,150944,1,
{E-0001730},09/08/2026 02:15:34,AA0000,PC-1000,U6139@dtaa.com;U7935@dtaa.com,,,AA0000@dtaa.com,187552,0,
{E-0015495},09/08/2026 02:21:34,GA0006,PC-1006,U2746@dtaa.com,,,GA0006@dtaa.com,254148,0,
{E-0024253},09/08/2026 02:23:34,LA0011,PC-1011,U9190@dtaa.com;U6386@dtaa.com,,,LA0011@dtaa.com,322490,0,
{E-0024252},09/08/2026 02:35:34,LA0011,PC-1011,U9517@dtaa.com;U7560@dtaa.com;U2673@dtaa.com,,,LA0011@dtaa.com,195245,0,
{E-0030398},09/08/2026 02:35:34,OA0014,PC-1014,U2722@dtaa.com,,,OA0014@dtaa.com,53336,0,
{E-0013332},09/08/2026 03:14:34,FA0005,PC-1005,U9299@dtaa.com;U3370@dtaa.com,,,FA0005@dtaa.com,328453,0,
{E-0013331},09/08/2026 04:03:34,FA0005,PC-1005,U6765@dtaa.com;U8675@dtaa.com;U7667@dtaa.com;U8364@dtaa.com,,,FA0005@dtaa.com,343517,0,
{E-0022242},09/08/2026 04:10:34,KA0010,PC-1010,U1371@dtaa.com;U8790@dtaa.com;U2392@dtaa.com,,,KA0010@dtaa.com,209807,0,
{E-0011909},09/08/2026 04:22:34,EA0004,PC-1004,U8172@dtaa.com;U5980@dtaa.com;U4428@dtaa.com;U3849@dtaa.com,,,EA0004@dtaa.com,301227,0,
{E-0024250},09/08/2026 04:31:34,LA0011,PC-1011,U8823@dtaa.com;U3609@dtaa.com;U6174@dtaa.com;U1712@dtaa.com,,,LA0011@dtaa.com,276928,0,
{E-0013328},09/08/2026 06:01:34,FA0005,PC-1005,U3320@dtaa.com;U8656@dtaa.com,,,FA0005@dtaa.com,282531,0,
{E-0013329},09/08/2026 06:23:34,FA0005,PC-1005,U6834@dtaa.com,,,FA0005@dtaa.com,251834,0,
{E-0028039},09/08/2026 18:33:34,NA0013,PC-1013,U2708@dtaa.com;U2716@dtaa.com;U8249@dtaa.com;U8385@dtaa.com,,,NA0013@dtaa.com,290877,0,
{E-0028037},09/08/2026 18:53:34,NA0013,PC-1013,U4325@dtaa.com;U4813@dtaa.com,,,NA0013@dtaa.com,304508,0,
{E-0030451},09/08/2026 18:54:34,OA0014,PC-1014,U9415@dtaa.com;U1446@dtaa.com,,,OA0014@dtaa.com,298777,1,
{E-0028042},09/08/2026 19:09:34,NA0013,PC-1013,U3066@dtaa.com;U9510@dtaa.com;U7380@dtaa.com;U4495@dtaa.com,,,NA0013@dtaa.com,168654,0,
{E-0018322},09/08/2026 19:14:34,IA0008,PC-1008,U6364@dtaa.com;U7365@dtaa.com;U8579@dtaa.com,,,IA0008@dtaa.com,218111,0,
{E-0010343},09/08/2026 19:36:34,DA0003,PC-1003,U3842@dtaa.com;U5547@dtaa.com,,,DA0003@dtaa.com,136747,1,
{E-0030449},09/08/2026 19:47:34,OA0014,PC-1014,U6845@dtaa.com;U7369@dtaa.com,,,OA0014@dtaa.com,256904,1,
{E-0024299},09/08/2026 20:11:34,LA0011,PC-1011,U6915@dtaa.com,,,LA0011@dtaa.com,90665,0,
{E-0018321},09/08/2026 20:50:34,IA0008,PC-1008,U7883@dtaa.com;U5957@dtaa.com;U7930@dtaa.com;U3101@dtaa.com,,,IA0008@dtaa.com,110093,1,
{E-0028040},09/08/2026 20:52:34,NA0013,PC-1013,U3100@dtaa.com;U6649@dtaa.com;U7506@dtaa.com;U1400@dtaa.com,,,NA0013@dtaa.com,26126,0,
{E-0020276},09/08/2026 21:11:34,JA0009,PC-1009,U6974@dtaa.com;U8294@dtaa.com;U4917@dtaa.com;U7737@dtaa.com,,,JA0009@dtaa.com,81240,0,
{E-0024298},09/08/2026 21:17:34,LA0011,PC-1011,U2511@dtaa.com,,,LA0011@dtaa.com,343318,0,
{E-0004320},09/08/2026 21:27:34,BA0001,PC-1001,U1546@dtaa.com;U5939@dtaa.com,,,BA0001@dtaa.com,289089,0,
{E-0020277},09/08/2026 21:33:34,JA0009,PC-1009,U6672@dtaa.com;U3100@dtaa.com;U4521@dtaa.com,,,JA0009@dtaa.com,164941,0,
{E-0030452},09/08/2026 21:54:34,OA0014,PC-1014,U9873@dtaa.com;U6440@dtaa.com,,,OA0014@dtaa.com,94120,0,
{E-0011938},09/08/2026 22:08:34,EA0004,PC-1004,U1507@dtaa.com;U1076@dtaa.com;U2212@dtaa.com,,,EA0004@dtaa.com,391618,1,
{E-0015544},09/08/2026 22:10:34,GA0006,PC-1006,U4709@dtaa.com,,,GA0006@dtaa.com,373150,0,
{E-0026265},09/08/2026 22:35:34,MA0012,PC-1012,U8863@dtaa.com,,,MA0012@dtaa.com,275344,0,
{E-0015541},09/08/2026 22:39:34,GA0006,PC-1006,U7017@dtaa.com,,,GA0006@dtaa.com,203040,0,
{E-0030450},09/08/2026 22:48:34,OA0014,PC-1014,U2188@dtaa.com;U4798@dtaa.com,,,OA0014@dtaa.com,30892,0,
{E-0020275},09/08/2026 22:49:34,JA0009,PC-1009,U9777@dtaa.com;U6733@dtaa.com,,,JA0009@dtaa.com,286903,1,
{E-0016879},09/08/2026 22:55:34,HA0007,PC-1007,U9285@dtaa.com;U7716@dtaa.com;U9617@dtaa.com,,,HA0007@dtaa.com,283026,0,
{E-0033743},09/08/2026 23:08:34,QA0016,PC-1016,U1751@dtaa.com;U1934@dtaa.com;U3975@dtaa.com;U9635@dtaa.com,,,QA0016@dtaa.com,63573,0,
{E-0024296},09/08/2026 23:37:34,LA0011,PC-1011,U6615@dtaa.com;U7659@dtaa.com;U7566@dtaa.com;U9356@dtaa.com,,,LA0011@dtaa.com,87869,0,
{E-0028038},09/08/2026 23:44:34,NA0013,PC-1013,U2874@dtaa.com;U7466@dtaa.com,,,NA0013@dtaa.com,143106,0,
{E-0010345},09/08/2026 23:59:34,DA0003,PC-1003,U1358@dtaa.com,,,DA0003@dtaa.com,85417,1,
{E-0007550},09/09/2026 00:04:34,CA0002,PC-1002,U8877@dtaa.com;U6601@dtaa.com;U1698@dtaa.com;U5383@dtaa.com,,,CA0002@dtaa.com,138723,0,
{E-0033740},09/09/2026 00:15:34,QA0016,PC-1016,U4524@dtaa.com;U5931@dtaa.com;U9924@dtaa.com,,,QA0016@dtaa.com,287427,1,
{E-0032277},09/09/2026 00:30:34,PA0015,PC-1015,U9882@dtaa.com;U3412@dtaa.com;U8333@dtaa.com;U6599@dtaa.com,,,PA0015@dtaa.com,277184,0,
{E-0020278},09/09/2026 00:53:34,JA0009,PC-1009,U3412@dtaa.com;U1036@dtaa.com,,,JA0009@dtaa.com,325616,1,
{E-0015542},09/09/2026 00:58:34,GA0006,PC-1006,U8495@dtaa.com;U5480@dtaa.com,,,GA0006@dtaa.com,378910,0,
{E-0011937},09/09/2026 01:01:34,EA0004,PC-1004,U3391@dtaa.com;U4459@dtaa.com;U7085@dtaa.com,,,EA0004@dtaa.com,186695,0,
{E-0020279},09/09/2026 01:13:34,JA0009,PC-1009,U1063@dtaa.com;U4102@dtaa.com,,,JA0009@dtaa.com,312129,0,
{E-0032274},09/09/2026 01:24:34,PA0015,PC-1015,U1534@dtaa.com;U7286@dtaa.com;U2625@dtaa.com,,,PA0015@dtaa.com,116648,1,
{E-0010342},09/09/2026 01:31:34,DA0003,PC-1003,U5892@dtaa.com;U4234@dtaa.com;U7582@dtaa.com;U8258@dtaa.com,,,DA0003@dtaa.com,366683,1,
{E-0024295},09/09/2026 01:41:34,LA0011,PC-1011,U5141@dtaa.com;U5382@dtaa.com;U4896@dtaa.com,,,LA0011@dtaa.com,108802,1,
{E-0034885},09/09/2026 01:43:34,RA0017,PC-1017,U2592@dtaa.com,,,RA0017@dtaa.com,29057,0,
{E-0028041},09/09/2026 01:59:34,NA0013,PC-1013,U2242@dtaa.com;U8085@dtaa.com,,,NA0013@dtaa.com,371897,1,
{E-0030453},09/09/2026 02:02:34,OA0014,PC-1014,U6898@dtaa.com;U4706@dtaa.com,,,OA0014@dtaa.com,339604,0,
{E-0013364},09/09/2026 02:05:34,FA0005,PC-1005,U6761@dtaa.com;U5106@dtaa.com;U2649@dtaa.com,,,FA0005@dtaa.com,374838,0,
{E-0007552},09/09/2026 02:08:34,CA0002,PC-1002,U8087@dtaa.com,,,CA0002@dtaa.com,306435,0,
{E-0007549},09/09/2026 02:09:34,CA0002,PC-1002,U1125@dtaa.com,,,CA0002@dtaa.com,151080,0,
{E-0011940},09/09/2026 02:10:34,EA0004,PC-1004,U3437@dtaa.com;U3028@dtaa.com,,,EA0004@dtaa.com,308303,0,
{E-0030448},09/09/2026 02:10:34,OA0014,PC-1014,U1713@dtaa.com,,,OA0014@dtaa.com,111863,0,
{E-0011939},09/09/2026 02:11:34,EA0004,PC-1004,U9497@dtaa.com;U9909@dtaa.com;U7749@dtaa.com,,,EA0004@dtaa.com,41326,0,
{E-0032278},09/09/2026 02:29:34,PA0015,PC-1015,U4364@dtaa.com;U2527@dtaa.com;U1841@dtaa.com;U7661@dtaa.com,,,PA0015@dtaa.com,162621,0,
{E-0026266},09/09/2026 02:30:34,MA0012,PC-1012,U1833@dtaa.com;U2724@dtaa.com;U8338@dtaa.com,,,MA0012@dtaa.com,178210,0,
{E-0015543},09/09/2026 02:55:34,GA0006,PC-1006,U5319@dtaa.com;U8688@dtaa.com,,,GA0006@dtaa.com,224645,1,
{E-0010344},09/09/2026 02:57:34,DA0003,PC-1003,U2446@dtaa.com;U2024@dtaa.com;U7892@dtaa.com;U2615@dtaa.com,,,DA0003@dtaa.com,78094,1,
{E-0013363},09/09/2026 02:57:34,FA0005,PC-1005,U2507@dtaa.com,,,FA0005@dtaa.com,239874,0,
{E-0024297},09/09/2026 02:58:34,LA0011,PC-1011,U1138@dtaa.com;U2816@dtaa.com;U3376@dtaa.com,,,LA0011@dtaa.com,382267,1,
{E-0026267},09/09/2026 03:14:34,MA0012,PC-1012,U2251@dtaa.com;U2073@dtaa.com,,,MA0012@dtaa.com,385067,0,
{E-0026268},09/09/2026 03:19:34,MA0012,PC-1012,U7311@dtaa.com;U4326@dtaa.com;U7984@dtaa.com;U8416@dtaa.com,,,MA0012@dtaa.com,294148,0,
{E-0032275},09/09/2026 03:46:34,PA0015,PC-1015,U1417@dtaa.com;U3465@dtaa.com,,,PA0015@dtaa.com,41985,0,
{E-0007551},09/09/2026 03:50:34,CA0002,PC-1002,U6201@dtaa.com;U5221@dtaa.com;U1621@dtaa.com,,,CA0002@dtaa.com,130862,0,
{E-0032279},09/09/2026 03:53:34,PA0015,PC-1015,U5524@dtaa.com,,,PA0015@dtaa.com,64305,0,
{E-0032276},09/09/2026 03:55:34,PA0015,PC-1015,U3082@dtaa.com,,,PA0015@dtaa.com,348740,1,
{E-0034886},09/09/2026 04:08:34,RA0017,PC-1017,U2774@dtaa.com;U9375@dtaa.com;U3776@dtaa.com,,,RA0017@dtaa.com,393655,0,
{E-0033742},09/09/2026 04:10:34,QA0016,PC-1016,U9884@dtaa.com,,,QA0016@dtaa.com,361592,0,
{E-0033741},09/09/2026 04:19:34,QA0016,PC-1016,U7031@dtaa.com;U9329@dtaa.com;U4093@dtaa.com,,,QA0016@dtaa.com,240101,0,
{E-0007553},09/09/2026 04:34:34,CA0002,PC-1002,U8985@dtaa.com,,,CA0002@dtaa.com,131385,1,
{E-0018372},09/09/2026 18:28:34,IA0008,PC-1008,U5922@dtaa.com;U4912@dtaa.com;U8532@dtaa.com,,,IA0008@dtaa.com,190416,1,
{E-0016901},09/09/2026 19:10:34,HA0007,PC-1007,U3875@dtaa.com;U2369@dtaa.com;U7680@dtaa.com;U3654@dtaa.com,,,HA0007@dtaa.com,323728,0,
{E-0010416},09/09/2026 19:22:34,DA0003,PC-1003,U6462@dtaa.com;U8849@dtaa.com,,,DA0003@dtaa.com,210846,0,
{E-0028087},09/09/2026 19:22:34,NA0013,PC-1013,U1237@dtaa.com;U6400@dtaa.com;U1860@dtaa.com,,,NA0013@dtaa.com,61146,0,
{E-0028091},09/09/2026 19:43:34,NA0013,PC-1013,U2208@dtaa.com;U1307@dtaa.com,,,NA0013@dtaa.com,371420,0,
{E-0020336},09/09/2026 20:04:34,JA0009,PC-1009,U4851@dtaa.com;U1845@dtaa.com;U7755@dtaa.com;U6197@dtaa.com,,,JA0009@dtaa.com,175531,1,
{E-0026315},09/09/2026 20:28:34,MA0012,PC-1012,U2138@dtaa.com;U2279@dtaa.com;U7898@dtaa.com,,,MA0012@dtaa.com,244202,0,
{E-0028086},09/09/2026 20:39:34,NA0013,PC-1013,U4283@dtaa.com;U9847@dtaa.com;U9989@dtaa.com,,,NA0013@dtaa.com,316804,1,
{E-0018370},09/09/2026 20:53:34,IA0008,PC-1008,U2445@dtaa.com;U8755@dtaa.com,,,IA0008@dtaa.com,27121,1,
{E-0024326},09/09/2026 20:54:34,LA0011,PC-1011,U7802@dtaa.com;U8624@dtaa.com;U4978@dtaa.com;U3762@dtaa.com,,,LA0011@dtaa.com,342380,0,
{E-0028088},09/09/2026 20:59:34,NA0013,PC-1013,U6841@dtaa.com;U2091@dtaa.com,,,NA0013@dtaa.com,337676,0,
{E-0011969},09/09/2026 21:04:34,EA0004,PC-1004,U1068@dtaa.com;U5499@dtaa.com;U4440@dtaa.com;U4169@dtaa.com,,,EA0004@dtaa.com,157040,0,
{E-0020337},09/09/2026 21:27:34,JA0009,PC-1009,U2986@dtaa.com;U8261@dtaa.com,,,JA0009@dtaa.com,140549,1,
{E-0015609},09/09/2026 21:31:34,GA0006,PC-1006,U3969@dtaa.com,,,GA0006@dtaa.com,302109,0,
{E-0022294},09/09/2026 21:31:34,KA0010,PC-1010,U4217@dtaa.com;U5017@dtaa.com;U1106@dtaa.com;U5261@dtaa.com,,,KA0010@dtaa.com,96474,1,
{E-0032308},09/09/2026 21:38:34,PA0015,PC-1015,U6856@dtaa.com,,,PA0015@dtaa.com,228422,0,
{E-0032307},09/09/2026 21:49:34,PA0015,PC-1015,U2291@dtaa.com,,,PA0015@dtaa.com,201898,1,
{E-0011968},09/09/2026 21:54:34,EA0004,PC-1004,U8312@dtaa.com;U4095@dtaa.com;U7047@dtaa.com;U7213@dtaa.com,,,EA0004@dtaa.com,101093,1,
{E-0018371},09/09/2026 21:55:34,IA0008,PC-1008,U5194@dtaa.com;U3330@dtaa.com;U9745@dtaa.com;U9208@dtaa.com,,,IA0008@dtaa.com,182020,0,
{E-0007649},09/09/2026 22:02:34,CA0002,PC-1002,U2897@dtaa.com;U1514@dtaa.com,,,CA0002@dtaa.com,210849,0,
{E-0011967},09/09/2026 22:04:34,EA0004,PC-1004,U2332@dtaa.com;U8346@dtaa.com;U4585@dtaa.com;U2108@dtaa.com,,,EA0004@dtaa.com,387974,1,
{E-0001779},09/09/2026 22:07:34,AA0000,PC-1000,U6111@dtaa.com;U4728@dtaa.com;U4621@dtaa.com,,,AA0000@dtaa.com,248389,1,
{E-0024327},09/09/2026 22:36:34,LA0011,PC-1011,U1646@dtaa.com;U2436@dtaa.com,,,LA0011@dtaa.com,270176,1,
{E-0011965},09/09/2026 22:37:34,EA0004,PC-1004,U9495@dtaa.com,,,EA0004@dtaa.com,90437,0,
{E-0015606},09/09/2026 22:47:34,GA0006,PC-1006,U2078@dtaa.com;U9308@dtaa.com;U1119@dtaa.com,,,GA0006@dtaa.com,59561,0,
{E-0028092},09/09/2026 23:02:34,NA0013,PC-1013,U5070@dtaa.com;U8129@dtaa.com;U1873@dtaa.com;U8258@dtaa.com,,,NA0013@dtaa.com,356239,1,
{E-0024325},09/09/2026 23:06:34,LA0011,PC-1011,U6538@dtaa.com;U8091@dtaa.com;U6205@dtaa.com,,,LA0011@dtaa.com,134853,1,
{E-0007652},09/09/2026 23:13:34,CA0002,PC-1002,U9545@dtaa.com;U4607@dtaa.com;U1189@dtaa.com;U2661@dtaa.com,,,CA0002@dtaa.com,177747,0,
{E-0011966},09/09/2026 23:22:34,EA0004,PC-1004,U9977@dtaa.com;U1660@dtaa.com;U7949@dtaa.com,,,EA0004@dtaa.com,255420,0,
{E-0013404},09/09/2026 23:44:34,FA0005,PC-1005,U4260@dtaa.com,,,FA0005@dtaa.com,344626,0,
{E-0020338},09/09/2026 23:56:34,JA0009,PC-1009,U2897@dtaa.com,,,JA0009@dtaa.com,233431,0,
{E-0033765},09/09/2026 23:59:34,QA0016,PC-1016,U9179@dtaa.com;U8164@dtaa.com;U9482@dtaa.com,,,QA0016@dtaa.com,165173,0,
{E-0015607},09/10/2026 00:16:34,GA0006,PC-1006,U7013@dtaa.com,,,GA0006@dtaa.com,204559,0,
{E-0007651},09/10/2026 00:27:34,CA0002,PC-1002,U3663@dtaa.com,,,CA0002@dtaa.com,206585,0,
{E-0007648},09/10/2026 00:31:34,CA0002,PC-1002,U8357@dtaa.com;U8029@dtaa.com,,,CA0002@dtaa.com,81783,0,
{E-0010415},09/10/2026 00:31:34,DA0003,PC-1003,U2213@dtaa.com;U3834@dtaa.com;U8219@dtaa.com;U1808@dtaa.com,,,DA0003@dtaa.com,256644,0,
{E-0034905},09/10/2026 00:40:34,RA0017,PC-1017,U7382@dtaa.com,,,RA0017@dtaa.com,157799,0,
{E-0028089},09/10/2026 00:45:34,NA0013,PC-1013,U1579@dtaa.com;U5251@dtaa.com;U7524@dtaa.com,,,NA0013@dtaa.com,240515,0,
{E-0030499},09/10/2026 00:54:34,OA0014,PC-1014,U7942@dtaa.com;U6908@dtaa.com;U9674@dtaa.com,,,OA0014@dtaa.com,74152,1,
{E-0033761},09/10/2026 01:07:34,QA0016,PC-1016,U3826@dtaa.com;U4281@dtaa.com,,,QA0016@dtaa.com,382342,1,
{E-0032309},09/10/2026 01:19:34,PA0015,PC-1015,U5919@dtaa.com;U4417@dtaa.com,,,PA0015@dtaa.com,282313,0,
{E-0013402},09/10/2026 01:36:34,FA0005,PC-1005,U6812@dtaa.com;U8354@dtaa.com;U8311@dtaa.com,,,FA0005@dtaa.com,376436,0,
{E-0007650},09/10/2026 01:49:34,CA0002,PC-1002,U6774@dtaa.com;U2226@dtaa.com;U4448@dtaa.com;U4200@dtaa.com,,,CA0002@dtaa.com,81994,1,
{E-0010414},09/10/2026 01:59:34,DA0003,PC-1003,U2483@dtaa.com;U4242@dtaa.com;U8692@dtaa.com,,,DA0003@dtaa.com,381845,0,
{E-0004352},09/10/2026 02:02:34,BA0001,PC-1001,U9679@dtaa.com;U3565@dtaa.com,,,BA0001@dtaa.com,225890,0,
{E-0020335},09/10/2026 02:02:34,JA0009,PC-1009,U7293@dtaa.com;U7560@dtaa.com;U9721@dtaa.com;U7607@dtaa.com,,,JA0009@dtaa.com,29193,0,
{E-0030498},09/10/2026 02:08:34,OA0014,PC-1014,U4478@dtaa.com;U2345@dtaa.com,,,OA0014@dtaa.com,248308,0,
{E-0032310},09/10/2026 02:28:34,PA0015,PC-1015,U9640@dtaa.com;U5671@dtaa.com;U1845@dtaa.com;U2033@dtaa.com,,,PA0015@dtaa.com,377267,0,
{E-0022292},09/10/2026 02:37:34,KA0010,PC-1010,U8244@dtaa.com;U5825@dtaa.com;U7083@dtaa.com;U8460@dtaa.com,,,KA0010@dtaa.com,280844,1,
{E-0015608},09/10/2026 02:51:34,GA0006,PC-1006,U8395@dtaa.com;U8261@dtaa.com;U5822@dtaa.com,,,GA0006@dtaa.com,103161,0,
{E-0030500},09/10/2026 02:51:34,OA0014,PC-1014,U3625@dtaa.com;U5068@dtaa.com;U2445@dtaa.com;U7669@dtaa.com,,,OA0014@dtaa.com,295946,0,
{E-0022290},09/10/2026 02:55:34,KA0010,PC-1010,U3900@dtaa.com;U3862@dtaa.com;U7525@dtaa.com,,,KA0010@dtaa.com,215033,0,
{E-0015610},09/10/2026 03:01:34,GA0006,PC-1006,U7762@dtaa.com;U5844@dtaa.com,,,GA0006@dtaa.com,389688,1,
{E-0026314},09/10/2026 03:09:34,MA0012,PC-1012,U9866@dtaa.com;U2151@dtaa.com,,,MA0012@dtaa.com,263689,1,
{E-0022295},09/10/2026 03:10:34,KA0010,PC-1010,U6404@dtaa.com;U9578@dtaa.com;U9871@dtaa.com,,,KA0010@dtaa.com,290511,0,
{E-0022291},09/10/2026 03:15:34,KA0010,PC-1010,U2810@dtaa.com,,,KA0010@dtaa.com,72366,0,
{E-0028090},09/10/2026 03:23:34,NA0013,PC-1013,U1059@dtaa.com;U4116@dtaa.com,,,NA0013@dtaa.com,199701,0,
{E-0022293},09/10/2026 03:33:34,KA0010,PC-1010,U1899@dtaa.com;U6744@dtaa.com;U5261@dtaa.com;U8478@dtaa.com,,,KA0010@dtaa.com,76478,1,
{E-0013403},09/10/2026 03:49:34,FA0005,PC-1005,U7251@dtaa.com;U5444@dtaa.com;U4466@dtaa.com,,,FA0005@dtaa.com,312448,1,
{E-0033763},09/10/2026 04:40:34,QA0016,PC-1016,U1137@dtaa.com,,,QA0016@dtaa.com,40237,1,
{E-0033764},09/10/2026 04:40:34,QA0016,PC-1016,U7708@dtaa.com,,,QA0016@dtaa.com,280403,0,
{E-0033762},09/10/2026 05:47:34,QA0016,PC-1016,U3034@dtaa.com;U1683@dtaa.com;U4109@dtaa.com;U2801@dtaa.com,,,QA0016@dtaa.com,64052,0,
{E-0028121},09/10/2026 19:10:34,NA0013,PC-1013,U5181@dtaa.com,,,NA0013@dtaa.com,193587,1,
{E-0030563},09/10/2026 19:44:34,OA0014,PC-1014,U8884@dtaa.com;U7109@dtaa.com;U3786@dtaa.com;U5323@dtaa.com,,,OA0014@dtaa.com,346601,0,
{E-0010468},09/10/2026 19:59:34,DA0003,PC-1003,U1512@dtaa.com;U2571@dtaa.com;U3986@dtaa.com;U2783@dtaa.com,,,DA0003@dtaa.com,80995,0,
{E-0024363},09/10/2026 20:00:34,LA0011,PC-1011,U9780@dtaa.com,,,LA0011@dtaa.com,274568,0,
{E-0030562},09/10/2026 20:13:34,OA0014,PC-1014,U2188@dtaa.com;U5308@dtaa.com,,,OA0014@dtaa.com,188766,0,
{E-0033806},09/10/2026 20:45:34,QA0016,PC-1016,U6652@dtaa.com;U7974@dtaa.com,,,QA0016@dtaa.com,42874,1,
{E-0028125},09/10/2026 20:47:34,NA0013,PC-1013,U6755@dtaa.com;U3672@dtaa.com;U2567@dtaa.com,,,NA0013@dtaa.com,22113,0,
{E-0026353},09/10/2026 21:09:34,MA0012,PC-1012,U9441@dtaa.com;U3957@dtaa.com,,,MA0012@dtaa.com,91337,0,
{E-0020361},09/10/2026 21:10:34,JA0009,PC-1009,U9468@dtaa.com;U6661@dtaa.com;U5918@dtaa.com,,,JA0009@dtaa.com,227054,0,
{E-0026354},09/10/2026 21:17:34,MA0012,PC-1012,U1757@dtaa.com,,,MA0012@dtaa.com,98526,0,
{E-0030561},09/10/2026 21:29:34,OA0014,PC-1014,U3751@dtaa.com;U5690@dtaa.com;U1015@dtaa.com,,,OA0014@dtaa.com,230675,0,
{E-0010469},09/10/2026 21:58:34,DA0003,PC-1003,U7556@dtaa.com;U7155@dtaa.com;U3075@dtaa.com;U8446@dtaa.com,,,DA0003@dtaa.com,226619,0,
{E-0034923},09/10/2026 22:00:34,RA0017,PC-1017,U8942@dtaa.com;U7532@dtaa.com,,,RA0017@dtaa.com,243093,1,
{E-0015665},09/10/2026 22:11:34,GA0006,PC-1006,U1932@dtaa.com,,,GA0006@dtaa.com,223163,1,
{E-0026352},09/10/2026 22:35:34,MA0012,PC-1012,U7163@dtaa.com;U1232@dtaa.com;U1981@dtaa.com,,,MA0012@dtaa.com,31004,0,
{E-0034924},09/10/2026 23:31:34,RA0017,PC-1017,U6038@dtaa.com;U8414@dtaa.com,,,RA0017@dtaa.com,359379,0,
{E-0001822},09/10/2026 23:56:34,AA0000,PC-1000,U4879@dtaa.com,,,AA0000@dtaa.com,366530,0,
{E-0018391},09/11/2026 00:02:34,IA0008,PC-1008,U1866@dtaa.com,,,IA0008@dtaa.com,367639,0,
{E-0028123},09/11/2026 00:22:34,NA0013,PC-1013,U3174@dtaa.com;U8175@dtaa.com;U4937@dtaa.com,,,NA0013@dtaa.com,41126,0,
{E-0024365},09/11/2026 00:25:34,LA0011,PC-1011,U4272@dtaa.com;U3050@dtaa.com;U8340@dtaa.com,,,LA0011@dtaa.com,247530,0,
{E-0011993},09/11/2026 00:29:34,EA0004,PC-1004,U7282@dtaa.com;U5968@dtaa.com,,,EA0004@dtaa.com,255411,1,
{E-0032340},09/11/2026 00:53:34,PA0015,PC-1015,U1224@dtaa.com;U7127@dtaa.com;U2626@dtaa.com,,,PA0015@dtaa.com,313103,0,
{E-0015662},09/11/2026 00:58:34,GA0006,PC-1006,U6981@dtaa.com;U4245@dtaa.com;U4800@dtaa.com,,,GA0006@dtaa.com,239821,0,
{E-0001821},09/11/2026 01:05:34,AA0000,PC-1000,U5612@dtaa.com;U3089@dtaa.com;U8176@dtaa.com;U3583@dtaa.com,,,AA0000@dtaa.com,57461,0,
{E-0032339},09/11/2026 01:11:34,PA0015,PC-1015,U9345@dtaa.com;U8967@dtaa.com,,,PA0015@dtaa.com,62079,0,
{E-0032341},09/11/2026 01:40:34,PA0015,PC-1015,U4177@dtaa.com;U2987@dtaa.com;U9004@dtaa.com;U7309@dtaa.com,,,PA0015@dtaa.com,346397,0,
{E-0028122},09/11/2026 01:59:34,NA0013,PC-1013,U3626@dtaa.com;U5757@dtaa.com;U4313@dtaa.com;U9749@dtaa.com,,,NA0013@dtaa.com,316365,1,
{E-0013434},09/11/2026 02:31:34,FA0005,PC-1005,U5453@dtaa.com;U4554@dtaa.com,,,FA0005@dtaa.com,108647,1,
{E-0024362},09/11/2026 02:46:34,LA0011,PC-1011,U5534@dtaa.com,,,LA0011@dtaa.com,260003,0,
{E-0033807},09/11/2026 02:46:34,QA0016,PC-1016,U6988@dtaa.com;U2185@dtaa.com;U3498@dtaa.com,,,QA0016@dtaa.com,375392,0,
{E-0001820},09/11/2026 03:02:34,AA0000,PC-1000,U8183@dtaa.com,,,AA0000@dtaa.com,353447,1,
{E-0028124},09/11/2026 03:06:34,NA0013,PC-1013,U9079@dtaa.com;U5908@dtaa.com;U6647@dtaa.com,,,NA0013@dtaa.com,98281,1,
{E-0033809},09/11/2026 03:15:34,QA0016,PC-1016,U2183@dtaa.com;U2523@dtaa.com;U3858@dtaa.com;U7045@dtaa.com,,,QA0016@dtaa.com,124090,0,
{E-0001823},09/11/2026 03:36:34,AA0000,PC-1000,U1842@dtaa.com;U6912@dtaa.com;U4096@dtaa.com,,,AA0000@dtaa.com,48061,0,
{E-0022328},09/11/2026 03:41:34,KA0010,PC-1010,U1212@dtaa.com;U4541@dtaa.com;U7537@dtaa.com;U8132@dtaa.com,,,KA0010@dtaa.com,200004,1,
{E-0015664},09/11/2026 03:44:34,GA0006,PC-1006,U8191@dtaa.com,,,GA0006@dtaa.com,89613,0,
{E-0024364},09/11/2026 03:45:34,LA0011,PC-1011,U6051@dtaa.com;U2926@dtaa.com;U9132@dtaa.com,,,LA0011@dtaa.com,274033,1,
{E-0015663},09/11/2026 03:46:34,GA0006,PC-1006,U2958@dtaa.com;U9013@dtaa.com;U5697@dtaa.com,,,GA0006@dtaa.com,398517,0,
{E-0028120},09/11/2026 04:03:34,NA0013,PC-1013,U7161@dtaa.com,,,NA0013@dtaa.com,338510,0,
{E-0032342},09/11/2026 04:29:34,PA0015,PC-1015,U8837@dtaa.com;U6816@dtaa.com,,,PA0015@dtaa.com,96256,0,
{E-0013433},09/11/2026 04:34:34,FA0005,PC-1005,U7635@dtaa.com;U7430@dtaa.com;U4248@dtaa.com,,,FA0005@dtaa.com,116340,0,
{E-0033808},09/11/2026 04:48:34,QA0016,PC-1016,U3310@dtaa.com;U4823@dtaa.com,,,QA0016@dtaa.com,40581,0,
{E-0022327},09/11/2026 04:59:34,KA0010,PC-1010,U2092@dtaa.com;U8473@dtaa.com,,,KA0010@dtaa.com,240770,0,
{E-0026414},09/13/2026 18:50:34,MA0012,PC-1012,U2567@dtaa.com;U8120@dtaa.com;U9705@dtaa.com,,,MA0012@dtaa.com,113689,0,
{E-0026417},09/13/2026 18:54:34,MA0012,PC-1012,U5573@dtaa.com;U6576@dtaa.com;U8623@dtaa.com;U7900@dtaa.com,,,MA0012@dtaa.com,250916,0,
{E-0028152},09/13/2026 18:56:34,NA0013,PC-1013,U4965@dtaa.com;U2664@dtaa.com;U5547@dtaa.com,,,NA0013@dtaa.com,131454,1,
{E-0024410},09/13/2026 19:09:34,LA0011,PC-1011,U7177@dtaa.com;U4409@dtaa.com;U7701@dtaa.com;U8779@dtaa.com,,,LA0011@dtaa.com,285672,0,
{E-0001906},09/13/2026 19:40:34,AA0000,PC-1000,U3375@dtaa.com;U5832@dtaa.com;U8771@dtaa.com,,,AA0000@dtaa.com,358790,0,
{E-0030603},09/13/2026 19:47:34,OA0014,PC-1014,U4283@dtaa.com;U5980@dtaa.com;U6868@dtaa.com,,,OA0014@dtaa.com,266551,0,
{E-0001901},09/13/2026 19:48:34,AA0000,PC-1000,U3026@dtaa.com;U6340@dtaa.com,,,AA0000@dtaa.com,368980,0,
{E-0015683},09/13/2026 19:57:34,GA0006,PC-1006,U5146@dtaa.com;U1949@dtaa.com;U8316@dtaa.com;U8457@dtaa.com,,,GA0006@dtaa.com,373800,0,
{E-0020412},09/13/2026 20:00:34,JA0009,PC-1009,U7725@dtaa.com;U8044@dtaa.com;U6102@dtaa.com;U8020@dtaa.com,,,JA0009@dtaa.com,399044,0,
{E-0012024},09/13/2026 20:04:34,EA0004,PC-1004,U7417@dtaa.com;U9688@dtaa.com;U6441@dtaa.com;U4353@dtaa.com,,,EA0004@dtaa.com,63218,0,
{E-0028153},09/13/2026 20:31:34,NA0013,PC-1013,U7787@dtaa.com,,,NA0013@dtaa.com,265104,0,
{E-0028151},09/13/2026 20:33:34,NA0013,PC-1013,U4561@dtaa.com;U1118@dtaa.com;U2091@dtaa.com,,,NA0013@dtaa.com,61025,0,
{E-0034948},09/13/2026 20:35:34,RA0017,PC-1017,U4685@dtaa.com;U5978@dtaa.com;U2948@dtaa.com;U5154@dtaa.com,,,RA0017@dtaa.com,235322,0,
{E-0012023},09/13/2026 20:36:34,EA0004,PC-1004,U2388@dtaa.com,,,EA0004@dtaa.com,304067,0,
{E-0032383},09/13/2026 20:37:34,PA0015,PC-1015,U7882@dtaa.com;U9602@dtaa.com;U1490@dtaa.com,,,PA0015@dtaa.com,393298,0,
{E-0030602},09/13/2026 21:08:34,OA0014,PC-1014,U9741@dtaa.com;U7073@dtaa.com;U3140@dtaa.com,,,OA0014@dtaa.com,291474,0,
{E-0012025},09/13/2026 21:23:34,EA0004,PC-1004,U7415@dtaa.com;U4414@dtaa.com,,,EA0004@dtaa.com,176037,0,
{E-0001904},09/13/2026 21:25:34,AA0000,PC-1000,U6569@dtaa.com,,,AA0000@dtaa.com,339884,0,
{E-0018434},09/13/2026 21:48:34,IA0008,PC-1008,U6326@dtaa.com;U2932@dtaa.com,,,IA0008@dtaa.com,356863,0,
{E-0020413},09/13/2026 22:06:34,JA0009,PC-1009,U7769@dtaa.com;U7439@dtaa.com;U1792@dtaa.com;U3108@dtaa.com,,,JA0009@dtaa.com,324457,1,
{E-0012021},09/13/2026 22:21:34,EA0004,PC-1004,U6851@dtaa.com;U9313@dtaa.com;U2848@dtaa.com,,,EA0004@dtaa.com,278688,0,
{E-0013467},09/13/2026 22:27:34,FA0005,PC-1005,U1689@dtaa.com;U2643@dtaa.com,,,FA0005@dtaa.com,242823,0,
{E-0028154},09/13/2026 22:29:34,NA0013,PC-1013,U3216@dtaa.com;U1741@dtaa.com,,,NA0013@dtaa.com,362612,1,
{E-0026416},09/13/2026 22:45:34,MA0012,PC-1012,U3296@dtaa.com,,,MA0012@dtaa.com,179687,1,
{E-0032384},09/13/2026 22:45:34,PA0015,PC-1015,U7964@dtaa.com;U4448@dtaa.com;U6233@dtaa.com;U3048@dtaa.com,,,PA0015@dtaa.com,172865,1,
{E-0026415},09/13/2026 22:51:34,MA0012,PC-1012,U5761@dtaa.com;U8876@dtaa.com;U6984@dtaa.com;U9598@dtaa.com,,,MA0012@dtaa.com,168396,0,
{E-0018431},09/13/2026 22:56:34,IA0008,PC-1008,U9353@dtaa.com;U5873@dtaa.com;U2934@dtaa.com;U9269@dtaa.com,,,IA0008@dtaa.com,204859,0,
{E-0024407},09/13/2026 23:01:34,LA0011,PC-1011,U2477@dtaa.com;U9760@dtaa.com,,,LA0011@dtaa.com,157996,0,
{E-0030605},09/13/2026 23:04:34,OA0014,PC-1014,U8316@dtaa.com,,,OA0014@dtaa.com,167073,1,
{E-0022367},09/13/2026 23:05:34,KA0010,PC-1010,U1234@dtaa.com;U9887@dtaa.com;U5078@dtaa.com;U6941@dtaa.com,,,KA0010@dtaa.com,209979,1,
{E-0024409},09/13/2026 23:15:34,LA0011,PC-1011,U4096@dtaa.com;U8224@dtaa.com;U4009@dtaa.com;U8582@dtaa.com,,,LA0011@dtaa.com,233749,0,
{E-0007744},09/13/2026 23:16:34,CA0002,PC-1002,U4575@dtaa.com;U7399@dtaa.com;U5487@dtaa.com,,,CA0002@dtaa.com,138724,0,
{E-0024408},09/13/2026 23:18:34,LA0011,PC-1011,U7254@dtaa.com;U2997@dtaa.com;U1282@dtaa.com,,,LA0011@dtaa.com,315955,0,
{E-0001903},09/13/2026 23:23:34,AA0000,PC-1000,U7973@dtaa.com;U7269@dtaa.com;U1118@dtaa.com;U9750@dtaa.com,,,AA0000@dtaa.com,319462,0,
{E-0032385},09/13/2026 23:26:34,PA0015,PC-1015,U7990@dtaa.com;U7115@dtaa.com;U5835@dtaa.com,,,PA0015@dtaa.com,274928,0,
{E-0007747},09/13/2026 23:32:34,CA0002,PC-1002,U8736@dtaa.com;U2165@dtaa.com;U1320@dtaa.com,,,CA0002@dtaa.com,130609,0,
{E-0018433},09/13/2026 23:37:34,IA0008,PC-1008,U6273@dtaa.com;U5825@dtaa.com;U7841@dtaa.com;U7413@dtaa.com,,,IA0008@dtaa.com,154906,1,
{E-0030601},09/13/2026 23:45:34,OA0014,PC-1014,U8530@dtaa.com;U8702@dtaa.com;U9096@dtaa.com,,,OA0014@dtaa.com,56995,0,
{E-0034946},09/13/2026 23:59:34,RA0017,PC-1017,U6828@dtaa.com;U7501@dtaa.com,,,RA0017@dtaa.com,170906,1,
{E-0030604},09/14/2026 00:01:34,OA0014,PC-1014,U6171@dtaa.com,,,OA0014@dtaa.com,288092,0,
{E-0018432},09/14/2026 00:45:34,IA0008,PC-1008,U8316@dtaa.com;U8080@dtaa.com;U3734@dtaa.com,,,IA0008@dtaa.com,104649,0,
{E-0010511},09/14/2026 00:52:34,DA0003,PC-1003,U7674@dtaa.com;U3470@dtaa.com;U9768@dtaa.com,,,DA0003@dtaa.com,144712,1,
{E-0015684},09/14/2026 01:12:34,GA0006,PC-1006,U1883@dtaa.com;U4600@dtaa.com,,,GA0006@dtaa.com,244072,1,
{E-0022368},09/14/2026 01:16:34,KA0010,PC-1010,U7233@dtaa.com,,,KA0010@dtaa.com,185642,0,
{E-0032386},09/14/2026 01:27:34,PA0015,PC-1015,U4560@dtaa.com;U6743@dtaa.com,,,PA0015@dtaa.com,29940,0,
{E-0010512},09/14/2026 01:39:34,DA0003,PC-1003,U6327@dtaa.com;U5754@dtaa.com,,,DA0003@dtaa.com,130780,1,
{E-0007745},09/14/2026 01:59:34,CA0002,PC-1002,U7709@dtaa.com;U5958@dtaa.com,,,CA0002@dtaa.com,245466,0,
{E-0033843},09/14/2026 02:17:34,QA0016,PC-1016,U5053@dtaa.com;U6023@dtaa.com,,,QA0016@dtaa.com,64097,0,
{E-0033842},09/14/2026 02:33:34,QA0016,PC-1016,U6575@dtaa.com;U9935@dtaa.com;U5707@dtaa.com;U5062@dtaa.com,,,QA0016@dtaa.com,229308,0,
{E-0012020},09/14/2026 02:37:34,EA0004,PC-1004,U4367@dtaa.com;U3767@dtaa.com,,,EA0004@dtaa.com,308520,1,
{E-0026413},09/14/2026 02:38:34,MA0012,PC-1012,U8687@dtaa.com;U2684@dtaa.com,,,MA0012@dtaa.com,199411,0,
{E-0012022},09/14/2026 02:41:34,EA0004,PC-1004,U8521@dtaa.com;U4917@dtaa.com,,,EA0004@dtaa.com,249011,1,
{E-0001907},09/14/2026 02:52:34,AA0000,PC-1000,U1328@dtaa.com;U5278@dtaa.com;U1026@dtaa.com,,,AA0000@dtaa.com,239479,1,
{E-0024411},09/14/2026 02:54:34,LA0011,PC-1011,U2397@dtaa.com;U8243@dtaa.com;U7603@dtaa.com;U7384@dtaa.com,,,LA0011@dtaa.com,317829,0,
{E-0026418},09/14/2026 02:55:34,MA0012,PC-1012,U3163@dtaa.com;U8086@dtaa.com;U7109@dtaa.com;U2116@dtaa.com,,,MA0012@dtaa.com,206396,0,
{E-0022369},09/14/2026 03:15:34,KA0010,PC-1010,U2561@dtaa.com;U4135@dtaa.com;U8227@dtaa.com;U3921@dtaa.com,,,KA0010@dtaa.com,73771,0,
{E-0001905},09/14/2026 03:19:34,AA0000,PC-1000,U6652@dtaa.com,,,AA0000@dtaa.com,152960,1,
{E-0001902},09/14/2026 03:33:34,AA0000,PC-1000,U8366@dtaa.com;U6187@dtaa.com,,,AA0000@dtaa.com,113239,0,
{E-0013468},09/14/2026 04:18:34,FA0005,PC-1005,U5403@dtaa.com;U8863@dtaa.com,,,FA0005@dtaa.com,190203,0,
{E-0033841},09/14/2026 04:19:34,QA0016,PC-1016,U8664@dtaa.com;U8182@dtaa.com,,,QA0016@dtaa.com,20293,0,
{E-0007746},09/14/2026 04:31:34,CA0002,PC-1002,U8537@dtaa.com;U2800@dtaa.com,,,CA0002@dtaa.com,176937,0,
{E-0034947},09/14/2026 04:38:34,RA0017,PC-1017,U5266@dtaa.com;U5233@dtaa.com;U8175@dtaa.com,,,RA0017@dtaa.com,363211,0,
{E-0033844},09/14/2026 04:54:34,QA0016,PC-1016,U7208@dtaa.com;U1880@dtaa.com;U3693@dtaa.com;U5957@dtaa.com,,,QA0016@dtaa.com,105639,1,
{E-0013466},09/14/2026 05:59:34,FA0005,PC-1005,U9615@dtaa.com;U9965@dtaa.com,,,FA0005@dtaa.com,352465,0,
{E-0026467},09/14/2026 19:38:34,MA0012,PC-1012,U8983@dtaa.com;U7578@dtaa.com,,,MA0012@dtaa.com,73091,1,
{E-0010551},09/14/2026 19:44:34,DA0003,PC-1003,U5079@dtaa.com;U6603@dtaa.com,,,DA0003@dtaa.com,66985,0,
{E-0024468},09/14/2026 19:53:34,LA0011,PC-1011,U1509@dtaa.com,,,LA0011@dtaa.com,152409,0,
{E-0032422},09/14/2026 19:55:34,PA0015,PC-1015,U7560@dtaa.com;U8943@dtaa.com;U6881@dtaa.com,,,PA0015@dtaa.com,221399,0,
{E-0030682},09/14/2026 20:21:34,OA0014,PC-1014,U5137@dtaa.com;U1714@dtaa.com;U1575@dtaa.com,,,OA0014@dtaa.com,47159,0,
{E-0001957},09/14/2026 20:26:34,AA0000,PC-1000,U3699@dtaa.com;U2957@dtaa.com;U5718@dtaa.com,,,AA0000@dtaa.com,331660,0,
{E-0026465},09/14/2026 20:33:34,MA0012,PC-1012,U9213@dtaa.com;U5490@dtaa.com,,,MA0012@dtaa.com,381028,0,
{E-0016966},09/14/2026 20:36:34,HA0007,PC-1007,U2660@dtaa.com;U9781@dtaa.com;U3840@dtaa.com;U6979@dtaa.com,,,HA0007@dtaa.com,241485,1,
{E-0030681},09/14/2026 20:36:34,OA0014,PC-1014,U9260@dtaa.com;U2900@dtaa.com,,,OA0014@dtaa.com,295298,0,
{E-0024466},09/14/2026 20:38:34,LA0011,PC-1011,U7235@dtaa.com;U6633@dtaa.com,,,LA0011@dtaa.com,346401,0,
{E-0026466},09/14/2026 20:44:34,MA0012,PC-1012,U5372@dtaa.com,,,MA0012@dtaa.com,226691,0,
{E-0033878},09/14/2026 20:50:34,QA0016,PC-1016,U9423@dtaa.com,,,QA0016@dtaa.com,64600,0,
{E-0020445},09/14/2026 21:10:34,JA0009,PC-1009,U2743@dtaa.com;U2687@dtaa.com;U5811@dtaa.com;U1127@dtaa.com,,,JA0009@dtaa.com,364628,0,
{E-0020447},09/14/2026 21:12:34,JA0009,PC-1009,U9984@dtaa.com;U6364@dtaa.com,,,JA0009@dtaa.com,284765,0,
{E-0032423},09/14/2026 21:20:34,PA0015,PC-1015,U5247@dtaa.com;U3607@dtaa.com,,,PA0015@dtaa.com,92213,1,
{E-0022404},09/14/2026 21:24:34,KA0010,PC-1010,U7831@dtaa.com;U9235@dtaa.com;U6600@dtaa.com,,,KA0010@dtaa.com,121000,0,
{E-0015723},09/14/2026 21:25:34,GA0006,PC-1006,U7024@dtaa.com,,,GA0006@dtaa.com,336265,0,
{E-0032421},09/14/2026 21:27:34,PA0015,PC-1015,U4166@dtaa.com;U3942@dtaa.com,,,PA0015@dtaa.com,146205,1,
{E-0007796},09/14/2026 21:32:34,CA0002,PC-1002,U8143@dtaa.com;U7079@dtaa.com;U8881@dtaa.com,,,CA0002@dtaa.com,177420,0,
{E-0007797},09/14/2026 21:43:34,CA0002,PC-1002,U9128@dtaa.com,,,CA0002@dtaa.com,92827,0,
{E-0001958},09/14/2026 21:47:34,AA0000,PC-1000,U6628@dtaa.com;U1693@dtaa.com;U4754@dtaa.com;U6789@dtaa.com,,,AA0000@dtaa.com,37538,0,
{E-0026464},09/14/2026 22:06:34,MA0012,PC-1012,U3704@dtaa.com;U8042@dtaa.com,,,MA0012@dtaa.com,125404,0,
{E-0032424},09/14/2026 22:41:34,PA0015,PC-1015,U9182@dtaa.com;U6179@dtaa.com;U7822@dtaa.com;U8035@dtaa.com,,,PA0015@dtaa.com,228615,0,
{E-0022402},09/14/2026 22:55:34,KA0010,PC-1010,U2773@dtaa.com;U2488@dtaa.com;U9795@dtaa.com;U4304@dtaa.com,,,KA0010@dtaa.com,388428,0,
{E-0026469},09/14/2026 23:02:34,MA0012,PC-1012,U1367@dtaa.com;U2045@dtaa.com,,,MA0012@dtaa.com,25120,0,
{E-0012050},09/14/2026 23:12:34,EA0004,PC-1004,U5421@dtaa.com;U1218@dtaa.com;U1389@dtaa.com;U7970@dtaa.com,,,EA0004@dtaa.com,123642,0,
{E-0015722},09/14/2026 23:14:34,GA0006,PC-1006,U3289@dtaa.com;U5894@dtaa.com;U7100@dtaa.com,,,GA0006@dtaa.com,221890,0,
{E-0022401},09/14/2026 23:36:34,KA0010,PC-1010,U1657@dtaa.com;U8265@dtaa.com;U6365@dtaa.com;U2382@dtaa.com,,,KA0010@dtaa.com,335155,0,
{E-0026471},09/14/2026 23:41:34,MA0012,PC-1012,U2476@dtaa.com;U2927@dtaa.com;U9279@dtaa.com,,,MA0012@dtaa.com,43195,0,
{E-0033876},09/14/2026 23:53:34,QA0016,PC-1016,U8926@dtaa.com;U8279@dtaa.com,,,QA0016@dtaa.com,74749,0,
{E-0012051},09/15/2026 00:07:34,EA0004,PC-1004,U1509@dtaa.com;U7788@dtaa.com;U6008@dtaa.com;U9063@dtaa.com,,,EA0004@dtaa.com,154921,1,
{E-0028194},09/15/2026 00:13:34,NA0013,PC-1013,U1455@dtaa.com;U5535@dtaa.com;U7370@dtaa.com;U3471@dtaa.com,,,NA0013@dtaa.com,239873,0,
{E-0034973},09/15/2026 00:13:34,RA0017,PC-1017,U2224@dtaa.com,,,RA0017@dtaa.com,91497,1,
{E-0012049},09/15/2026 00:15:34,EA0004,PC-1004,U4923@dtaa.com;U2188@dtaa.com,,,EA0004@dtaa.com,44367,0,
{E-0007798},09/15/2026 00:21:34,CA0002,PC-1002,U3467@dtaa.com;U3395@dtaa.com,,,CA0002@dtaa.com,321909,1,
{E-0004543},09/15/2026 00:46:34,BA0001,PC-1001,U3190@dtaa.com;U1841@dtaa.com;U8000@dtaa.com;U6022@dtaa.com,,,BA0001@dtaa.com,336427,0,
{E-0001959},09/15/2026 01:00:34,AA0000,PC-1000,U4755@dtaa.com;U3026@dtaa.com;U8017@dtaa.com;U5558@dtaa.com,,,AA0000@dtaa.com,45530,0,
{E-0033875},09/15/2026 01:06:34,QA0016,PC-1016,U4622@dtaa.com,,,QA0016@dtaa.com,299406,0,
{E-0024464},09/15/2026 01:29:34,LA0011,PC-1011,U2030@dtaa.com;U3997@dtaa.com;U4656@dtaa.com;U2388@dtaa.com,,,LA0011@dtaa.com,222596,1,
{E-0015721},09/15/2026 01:41:34,GA0006,PC-1006,U1420@dtaa.com;U5428@dtaa.com;U7735@dtaa.com,,,GA0006@dtaa.com,334475,1,
{E-0015724},09/15/2026 01:41:34,GA0006,PC-1006,U6056@dtaa.com;U7748@dtaa.com;U3236@dtaa.com;U1755@dtaa.com,,,GA0006@dtaa.com,213345,0,
{E-0020446},09/15/2026 01:53:34,JA0009,PC-1009,U6350@dtaa.com,,,JA0009@dtaa.com,397388,1,
{E-0024465},09/15/2026 01:56:34,LA0011,PC-1011,U1784@dtaa.com;U1280@dtaa.com;U5608@dtaa.com,,,LA0011@dtaa.com,308858,0,
{E-0013496},09/15/2026 02:00:34,FA0005,PC-1005,U8861@dtaa.com;U6342@dtaa.com,,,FA0005@dtaa.com,240877,0,
{E-0013498},09/15/2026 02:34:34,FA0005,PC-1005,U9160@dtaa.com;U4682@dtaa.com;U4107@dtaa.com;U3140@dtaa.com,,,FA0005@dtaa.com,131055,1,
{E-0034971},09/15/2026 02:39:34,RA0017,PC-1017,U1901@dtaa.com,,,RA0017@dtaa.com,330519,0,
{E-0034972},09/15/2026 02:50:34,RA0017,PC-1017,U5298@dtaa.com;U4109@dtaa.com;U7690@dtaa.com;U2747@dtaa.com,,,RA0017@dtaa.com,399786,0,
{E-0010552},09/15/2026 02:52:34,DA0003,PC-1003,U6736@dtaa.com;U8166@dtaa.com,,,DA0003@dtaa.com,20312,0,
{E-0026468},09/15/2026 02:52:34,MA0012,PC-1012,U3862@dtaa.com;U6297@dtaa.com,,,MA0012@dtaa.com,246993,0,
{E-0004542},09/15/2026 02:58:34,BA0001,PC-1001,U8047@dtaa.com;U2805@dtaa.com,,,BA0001@dtaa.com,277530,0,
{E-0024467},09/15/2026 03:01:34,LA0011,PC-1011,U8727@dtaa.com,,,LA0011@dtaa.com,222186,0,
{E-0026470},09/15/2026 03:06:34,MA0012,PC-1012,U6733@dtaa.com;U6001@dtaa.com;U7229@dtaa.com,,,MA0012@dtaa.com,134911,1,
{E-0030683},09/15/2026 03:06:34,OA0014,PC-1014,U8987@dtaa.com;U2336@dtaa.com,,,OA0014@dtaa.com,287914,1,
{E-0001960},09/15/2026 03:24:34,AA0000,PC-1000,U1764@dtaa.com;U6630@dtaa.com;U6201@dtaa.com;U7999@dtaa.com,,,AA0000@dtaa.com,247197,1,
{E-0007801},09/15/2026 03:27:34,CA0002,PC-1002,U4016@dtaa.com,,,CA0002@dtaa.com,373877,1,
{E-0001961},09/15/2026 03:33:34,AA0000,PC-1000,U3594@dtaa.com;U2783@dtaa.com,,,AA0000@dtaa.com,253113,0,
{E-0007795},09/15/2026 03:46:34,CA0002,PC-1002,U8583@dtaa.com;U1442@dtaa.com;U1390@dtaa.com;U4559@dtaa.com,,,CA0002@dtaa.com,285718,0,
{E-0022403},09/15/2026 04:11:34,KA0010,PC-1010,U5948@dtaa.com;U8299@dtaa.com;U6576@dtaa.com;U8077@dtaa.com,,,KA0010@dtaa.com,329781,0,
{E-0013497},09/15/2026 04:52:34,FA0005,PC-1005,U7472@dtaa.com,,,FA0005@dtaa.com,212434,0,
{E-0033874},09/15/2026 04:55:34,QA0016,PC-1016,U1065@dtaa.com;U9928@dtaa.com;U6059@dtaa.com,,,QA0016@dtaa.com,53384,1,
{E-0007799},09/15/2026 05:19:34,CA0002,PC-1002,U2163@dtaa.com,,,CA0002@dtaa.com,233241,0,
{E-0007800},09/15/2026 05:26:34,CA0002,PC-1002,U2248@dtaa.com,,,CA0002@dtaa.com,287420,1,
{E-0033877},09/15/2026 05:56:34,QA0016,PC-1016,U4854@dtaa.com;U5353@dtaa.com;U8732@dtaa.com,,,QA0016@dtaa.com,222275,0,
{E-0018478},09/15/2026 18:32:34,IA0008,PC-1008,U5886@dtaa.com,,,IA0008@dtaa.com,104386,0,
{E-0018477},09/15/2026 19:21:34,IA0008,PC-1008,U4362@dtaa.com;U1787@dtaa.com;U5684@dtaa.com,,,IA0008@dtaa.com,192501,0,
{E-0002019},09/15/2026 19:29:34,AA0000,PC-1000,U6471@dtaa.com;U9974@dtaa.com;U3891@dtaa.com;U4273@dtaa.com,,,AA0000@dtaa.com,130078,0,
{E-0020490},09/15/2026 19:35:34,JA0009,PC-1009,U1031@dtaa.com,,,JA0009@dtaa.com,248663,0,
{E-0030742},09/15/2026 20:11:34,OA0014,PC-1014,U4902@dtaa.com;U7321@dtaa.com;U2590@dtaa.com;U4671@dtaa.com,,,OA0014@dtaa.com,154610,0,
{E-0030743},09/15/2026 20:16:34,OA0014,PC-1014,U2637@dtaa.com,,,OA0014@dtaa.com,225514,0,
{E-0032466},09/15/2026 20:20:34,PA0015,PC-1015,U5779@dtaa.com,,,PA0015@dtaa.com,192390,1,
{E-0007857},09/15/2026 20:30:34,CA0002,PC-1002,U5750@dtaa.com;U5386@dtaa.com;U6638@dtaa.com,,,CA0002@dtaa.com,188821,0,
{E-0033901},09/15/2026 20:34:34,QA0016,PC-1016,U7607@dtaa.com,,,QA0016@dtaa.com,242999,0,
{E-0007858},09/15/2026 20:45:34,CA0002,PC-1002,U2669@dtaa.com;U4641@dtaa.com,,,CA0002@dtaa.com,58235,1,
{E-0012077},09/15/2026 20:47:34,EA0004,PC-1004,U9868@dtaa.com,,,EA0004@dtaa.com,55727,0,
{E-0002020},09/15/2026 20:50:34,AA0000,PC-1000,U3625@dtaa.com;U1411@dtaa.com;U9641@dtaa.com;U4678@dtaa.com,,,AA0000@dtaa.com,358065,0,
{E-0007859},09/15/2026 21:12:34,CA0002,PC-1002,U8399@dtaa.com;U7287@dtaa.com,,,CA0002@dtaa.com,79520,0,
{E-0007861},09/15/2026 21:24:34,CA0002,PC-1002,U1167@dtaa.com,,,CA0002@dtaa.com,267295,0,
{E-0030741},09/15/2026 21:41:34,OA0014,PC-1014,U6943@dtaa.com,,,OA0014@dtaa.com,370459,0,
{E-0022463},09/15/2026 22:17:34,KA0010,PC-1010,U7799@dtaa.com,,,KA0010@dtaa.com,392471,0,
{E-0022462},09/15/2026 22:39:34,KA0010,PC-1010,U9856@dtaa.com;U4301@dtaa.com;U3500@dtaa.com,,,KA0010@dtaa.com,150351,0,
{E-0033903},09/15/2026 22:41:34,QA0016,PC-1016,U9886@dtaa.com;U7653@dtaa.com;U5247@dtaa.com;U9150@dtaa.com,,,QA0016@dtaa.com,190354,0,
{E-0012076},09/15/2026 22:42:34,EA0004,PC-1004,U6720@dtaa.com;U7441@dtaa.com;U3555@dtaa.com,,,EA0004@dtaa.com,393548,0,
{E-0007862},09/15/2026 23:02:34,CA0002,PC-1002,U9808@dtaa.com;U5720@dtaa.com,,,CA0002@dtaa.com,30168,0,
{E-0030745},09/15/2026 23:09:34,OA0014,PC-1014,U4393@dtaa.com,,,OA0014@dtaa.com,384729,0,
{E-0033902},09/15/2026 23:14:34,QA0016,PC-1016,U2834@dtaa.com;U4621@dtaa.com;U1140@dtaa.com;U8627@dtaa.com,,,QA0016@dtaa.com,56112,1,
{E-0015774},09/15/2026 23:21:34,GA0006,PC-1006,U4169@dtaa.com;U4459@dtaa.com,,,GA0006@dtaa.com,117080,0,
{E-0004609},09/15/2026 23:23:34,BA0001,PC-1001,U7860@dtaa.com,,,BA0001@dtaa.com,249894,1,
{E-0028216},09/15/2026 23:24:34,NA0013,PC-1013,U9707@dtaa.com;U4104@dtaa.com,,,NA0013@dtaa.com,303005,0,
{E-0026533},09/15/2026 23:33:34,MA0012,PC-1012,U4165@dtaa.com;U1899@dtaa.com;U2620@dtaa.com;U3039@dtaa.com,,,MA0012@dtaa.com,261777,1,
{E-0012078},09/16/2026 00:11:34,EA0004,PC-1004,U9415@dtaa.com,,,EA0004@dtaa.com,339870,0,
{E-0024521},09/16/2026 00:17:34,LA0011,PC-1011,U9832@dtaa.com;U7837@dtaa.com,,,LA0011@dtaa.com,319689,0,
{E-0020489},09/16/2026 00:39:34,JA0009,PC-1009,U5281@dtaa.com;U9506@dtaa.com,,,JA0009@dtaa.com,206631,0,
{E-0032467},09/16/2026 00:43:34,PA0015,PC-1015,U8372@dtaa.com;U3847@dtaa.com;U3535@dtaa.com;U1547@dtaa.com,,,PA0015@dtaa.com,395048,1,
{E-0013531},09/16/2026 00:48:34,FA0005,PC-1005,U2226@dtaa.com;U3865@dtaa.com,,,FA0005@dtaa.com,235590,0,
{E-0015775},09/16/2026 00:57:34,GA0006,PC-1006,U2297@dtaa.com;U4672@dtaa.com;U1444@dtaa.com,,,GA0006@dtaa.com,276859,0,
{E-0030744},09/16/2026 01:00:34,OA0014,PC-1014,U3675@dtaa.com;U7999@dtaa.com,,,OA0014@dtaa.com,325983,0,
{E-0024522},09/16/2026 01:04:34,LA0011,PC-1011,U4659@dtaa.com;U3062@dtaa.com,,,LA0011@dtaa.com,252336,0,
{E-0026532},09/16/2026 01:08:34,MA0012,PC-1012,U5342@dtaa.com;U8857@dtaa.com;U8339@dtaa.com;U6279@dtaa.com,,,MA0012@dtaa.com,242904,1,
{E-0032462},09/16/2026 01:14:34,PA0015,PC-1015,U1244@dtaa.com;U6767@dtaa.com;U5717@dtaa.com;U9688@dtaa.com,,,PA0015@dtaa.com,397230,0,
{E-0026534},09/16/2026 01:23:34,MA0012,PC-1012,U1133@dtaa.com,,,MA0012@dtaa.com,137753,0,
{E-0032464},09/16/2026 01:28:34,PA0015,PC-1015,U7246@dtaa.com,,,PA0015@dtaa.com,269511,0,
{E-0032461},09/16/2026 01:39:34,PA0015,PC-1015,U8653@dtaa.com,,,PA0015@dtaa.com,238113,0,
{E-0024523},09/16/2026 01:41:34,LA0011,PC-1011,U9819@dtaa.com;U8006@dtaa.com;U4993@dtaa.com,,,LA0011@dtaa.com,182204,1,
{E-0015776},09/16/2026 01:57:34,GA0006,PC-1006,U7700@dtaa.com;U2214@dtaa.com;U7851@dtaa.com,,,GA0006@dtaa.com,214062,0,
{E-0032463},09/16/2026 02:08:34,PA0015,PC-1015,U6797@dtaa.com;U5476@dtaa.com;U7043@dtaa.com;U5718@dtaa.com,,,PA0015@dtaa.com,237765,0,
{E-0012079},09/16/2026 02:27:34,EA0004,PC-1004,U7684@dtaa.com,,,EA0004@dtaa.com,129354,0,
{E-0020491},09/16/2026 02:42:34,JA0009,PC-1009,U8877@dtaa.com,,,JA0009@dtaa.com,115595,0,
{E-0024524},09/16/2026 02:59:34,LA0011,PC-1011,U1205@dtaa.com;U5817@dtaa.com;U4345@dtaa.com,,,LA0011@dtaa.com,201057,1,
{E-0032468},09/16/2026 03:02:34,PA0015,PC-1015,U7097@dtaa.com,,,PA0015@dtaa.com,393701,0,
{E-0032465},09/16/2026 03:05:34,PA0015,PC-1015,U1644@dtaa.com;U9886@dtaa.com;U1729@dtaa.com,,,PA0015@dtaa.com,346590,0,
{E-0013530},09/16/2026 03:24:34,FA0005,PC-1005,U4148@dtaa.com,,,FA0005@dtaa.com,257500,1,
{E-0033904},09/16/2026 03:25:34,QA0016,PC-1016,U4471@dtaa.com;U1585@dtaa.com;U5676@dtaa.com,,,QA0016@dtaa.com,117287,0,
{E-0028217},09/16/2026 03:31:34,NA0013,PC-1013,U8788@dtaa.com;U1943@dtaa.com,,,NA0013@dtaa.com,283728,1,
{E-0028218},09/16/2026 03:33:34,NA0013,PC-1013,U6533@dtaa.com;U4214@dtaa.com,,,NA0013@dtaa.com,161244,0,
{E-0022460},09/16/2026 03:45:34,KA0010,PC-1010,U3088@dtaa.com;U6272@dtaa.com;U2713@dtaa.com,,,KA0010@dtaa.com,97562,1,
{E-0028215},09/16/2026 03:54:34,NA0013,PC-1013,U7623@dtaa.com;U2502@dtaa.com;U4044@dtaa.com,,,NA0013@dtaa.com,103230,1,
{E-0013529},09/16/2026 03:58:34,FA0005,PC-1005,U4756@dtaa.com;U1374@dtaa.com;U4185@dtaa.com,,,FA0005@dtaa.com,335163,0,
{E-0022461},09/16/2026 04:09:34,KA0010,PC-1010,U2765@dtaa.com,,,KA0010@dtaa.com,127244,0,
{E-0007860},09/16/2026 04:23:34,CA0002,PC-1002,U5319@dtaa.com;U1666@dtaa.com;U5147@dtaa.com;U3568@dtaa.com,,,CA0002@dtaa.com,378354,0,
{E-0002021},09/16/2026 04:29:34,AA0000,PC-1000,U7777@dtaa.com;U9399@dtaa.com,,,AA0000@dtaa.com,317032,0,
{E-0012080},09/16/2026 04:34:34,EA0004,PC-1004,U1836@dtaa.com,,,EA0004@dtaa.com,161604,0,
{E-0026535},09/16/2026 04:50:34,MA0012,PC-1012,U1051@dtaa.com;U8567@dtaa.com;U6027@dtaa.com,,,MA0012@dtaa.com,217066,0,
{E-0015824},09/16/2026 19:04:34,GA0006,PC-1006,U7680@dtaa.com,,,GA0006@dtaa.com,197567,0,
{E-0033941},09/16/2026 20:03:34,QA0016,PC-1016,U1943@dtaa.com;U8069@dtaa.com;U3938@dtaa.com,,,QA0016@dtaa.com,192850,0,
{E-0020544},09/16/2026 20:05:34,JA0009,PC-1009,U5186@dtaa.com;U1211@dtaa.com;U8924@dtaa.com,,,JA0009@dtaa.com,289769,0,
{E-0002100},09/16/2026 20:07:34,AA0000,PC-1000,U6760@dtaa.com;U4499@dtaa.com,,,AA0000@dtaa.com,159271,0,
{E-0020547},09/16/2026 20:09:34,JA0009,PC-1009,U7821@dtaa.com;U7828@dtaa.com,,,JA0009@dtaa.com,278937,1,
{E-0002097},09/16/2026 20:10:34,AA0000,PC-1000,U7385@dtaa.com;U6902@dtaa.com;U9801@dtaa.com,,,AA0000@dtaa.com,65440,0,
{E-0024563},09/16/2026 20:50:34,LA0011,PC-1011,U2119@dtaa.com;U2390@dtaa.com;U5262@dtaa.com,,,LA0011@dtaa.com,46475,0,
{E-0030799},09/16/2026 20:51:34,OA0014,PC-1014,U9623@dtaa.com,,,OA0014@dtaa.com,321216,0,
{E-0032498},09/16/2026 21:08:34,PA0015,PC-1015,U1784@dtaa.com;U1307@dtaa.com;U5661@dtaa.com;U6205@dtaa.com,,,PA0015@dtaa.com,182447,1,
{E-0017008},09/16/2026 21:18:34,HA0007,PC-1007,U7619@dtaa.com;U8869@dtaa.com;U3709@dtaa.com,,,HA0007@dtaa.com,35941,1,
{E-0024561},09/16/2026 21:18:34,LA0011,PC-1011,U3336@dtaa.com;U6905@dtaa.com;U9360@dtaa.com;U9196@dtaa.com,,,LA0011@dtaa.com,74466,0,
{E-0010616},09/16/2026 21:21:34,DA0003,PC-1003,U4879@dtaa.com,,,DA0003@dtaa.com,254749,0,
{E-0020545},09/16/2026 21:54:34,JA0009,PC-1009,U7080@dtaa.com,,,JA0009@dtaa.com,35014,1,
{E-0007913},09/16/2026 22:01:34,CA0002,PC-1002,U9892@dtaa.com;U3681@dtaa.com,,,CA0002@dtaa.com,203371,0,
{E-0020548},09/16/2026 22:05:34,JA0009,PC-1009,U5327@dtaa.com,,,JA0009@dtaa.com,155697,0,
{E-0020546},09/16/2026 22:07:34,JA0009,PC-1009,U4033@dtaa.com,,,JA0009@dtaa.com,98411,0,
{E-0026590},09/16/2026 22:07:34,MA0012,PC-1012,U8468@dtaa.com,,,MA0012@dtaa.com,37513,0,
{E-0010618},09/16/2026 22:16:34,DA0003,PC-1003,U5701@dtaa.com;U8696@dtaa.com;U8845@dtaa.com;U9924@dtaa.com,,,DA0003@dtaa.com,215811,0,
{E-0013565},09/16/2026 22:22:34,FA0005,PC-1005,U1379@dtaa.com;U3031@dtaa.com;U2811@dtaa.com,,,FA0005@dtaa.com,370997,1,
{E-0030800},09/16/2026 22:27:34,OA0014,PC-1014,U6769@dtaa.com;U8361@dtaa.com;U1949@dtaa.com,,,OA0014@dtaa.com,390586,0,
{E-0028256},09/16/2026 22:50:34,NA0013,PC-1013,U2377@dtaa.com;U4833@dtaa.com;U5142@dtaa.com;U7447@dtaa.com,,,NA0013@dtaa.com,233782,1,
{E-0032497},09/16/2026 22:56:34,PA0015,PC-1015,U2206@dtaa.com;U7784@dtaa.com;U1570@dtaa.com,,,PA0015@dtaa.com,156290,0,
{E-0017009},09/16/2026 23:01:34,HA0007,PC-1007,U6399@dtaa.com,,,HA0007@dtaa.com,265075,1,
{E-0033945},09/16/2026 23:01:34,QA0016,PC-1016,U1653@dtaa.com,,,QA0016@dtaa.com,283465,0,
{E-0002096},09/16/2026 23:05:34,AA0000,PC-1000,U7842@dtaa.com;U5744@dtaa.com,,,AA0000@dtaa.com,307144,0,
{E-0004672},09/16/2026 23:19:34,BA0001,PC-1001,U8101@dtaa.com,,,BA0001@dtaa.com,83247,0,
{E-0018522},09/16/2026 23:28:34,IA0008,PC-1008,U5204@dtaa.com;U5203@dtaa.com;U1719@dtaa.com;U7075@dtaa.com,,,IA0008@dtaa.com,44732,0,
{E-0028257},09/16/2026 23:33:34,NA0013,PC-1013,U6574@dtaa.com;U8919@dtaa.com,,,NA0013@dtaa.com,276077,0,
{E-0015823},09/16/2026 23:42:34,GA0006,PC-1006,U9839@dtaa.com,,,GA0006@dtaa.com,65141,1,
{E-0034996},09/16/2026 23:57:34,RA0017,PC-1017,U6626@dtaa.com;U5642@dtaa.com;U9344@dtaa.com;U6281@dtaa.com,,,RA0017@dtaa.com,24867,1,
{E-0013564},09/17/2026 00:01:34,FA0005,PC-1005,U7430@dtaa.com,,,FA0005@dtaa.com,340737,1,
{E-0022505},09/17/2026 00:32:34,KA0010,PC-1010,U6741@dtaa.com;U9816@dtaa.com;U2877@dtaa.com,,,KA0010@dtaa.com,370782,0,
{E-0026588},09/17/2026 00:32:34,MA0012,PC-1012,U3950@dtaa.com;U8365@dtaa.com;U2626@dtaa.com,,,MA0012@dtaa.com,272266,0,
{E-0002098},09/17/2026 00:35:34,AA0000,PC-1000,U2197@dtaa.com;U1112@dtaa.com;U3164@dtaa.com,,,AA0000@dtaa.com,84412,0,
{E-0017007},09/17/2026 00:37:34,HA0007,PC-1007,U5077@dtaa.com,,,HA0007@dtaa.com,68855,1,
{E-0017006},09/17/2026 00:38:34,HA0007,PC-1007,U4799@dtaa.com,,,HA0007@dtaa.com,86084,1,
{E-0033944},09/17/2026 00:38:34,QA0016,PC-1016,U2267@dtaa.com,,,QA0016@dtaa.com,153356,0,
{E-0028255},09/17/2026 00:43:34,NA0013,PC-1013,U3180@dtaa.com;U3140@dtaa.com;U8174@dtaa.com;U6582@dtaa.com,,,NA0013@dtaa.com,367455,0,
{E-0018523},09/17/2026 00:44:34,IA0008,PC-1008,U4703@dtaa.com;U3082@dtaa.com;U4236@dtaa.com;U1972@dtaa.com,,,IA0008@dtaa.com,191011,1,
{E-0007915},09/17/2026 00:46:34,CA0002,PC-1002,U8315@dtaa.com;U7407@dtaa.com;U7585@dtaa.com,,,CA0002@dtaa.com,40554,0,
{E-0002099},09/17/2026 00:57:34,AA0000,PC-1000,U9078@dtaa.com,,,AA0000@dtaa.com,134767,0,
{E-0017005},09/17/2026 00:59:34,HA0007,PC-1007,U6021@dtaa.com;U7148@dtaa.com;U6753@dtaa.com,,,HA0007@dtaa.com,107613,0,
{E-0030796},09/17/2026 01:08:34,OA0014,PC-1014,U9221@dtaa.com;U5451@dtaa.com;U2667@dtaa.com,,,OA0014@dtaa.com,76971,0,
{E-0024562},09/17/2026 01:24:34,LA0011,PC-1011,U2896@dtaa.com;U3231@dtaa.com;U4746@dtaa.com,,,LA0011@dtaa.com,151981,1,
{E-0026591},09/17/2026 01:29:34,MA0012,PC-1012,U8789@dtaa.com;U1329@dtaa.com,,,MA0012@dtaa.com,387878,1,
{E-0007917},09/17/2026 01:37:34,CA0002,PC-1002,U2344@dtaa.com;U7274@dtaa.com;U9651@dtaa.com,,,CA0002@dtaa.com,52378,0,
{E-0022504},09/17/2026 01:42:34,KA0010,PC-1010,U1194@dtaa.com;U8905@dtaa.com;U6050@dtaa.com;U5784@dtaa.com,,,KA0010@dtaa.com,147280,1,
{E-0030797},09/17/2026 01:43:34,OA0014,PC-1014,U7235@dtaa.com,,,OA0014@dtaa.com,334858,0,
{E-0007912},09/17/2026 01:45:34,CA0002,PC-1002,U2963@dtaa.com;U4298@dtaa.com;U9868@dtaa.com,,,CA0002@dtaa.com,98019,1,
{E-0033942},09/17/2026 01:46:34,QA0016,PC-1016,U3451@dtaa.com;U5872@dtaa.com;U8762@dtaa.com;U8909@dtaa.com,,,QA0016@dtaa.com,327616,0,
{E-0026589},09/17/2026 01:49:34,MA0012,PC-1012,U6250@dtaa.com;U7071@dtaa.com;U7370@dtaa.com,,,MA0012@dtaa.com,387686,0,
{E-0004673},09/17/2026 01:52:34,BA0001,PC-1001,U6351@dtaa.com;U9324@dtaa.com,,,BA0001@dtaa.com,59780,0,
{E-0010617},09/17/2026 01:59:34,DA0003,PC-1003,U8592@dtaa.com;U8163@dtaa.com;U9713@dtaa.com;U2199@dtaa.com,,,DA0003@dtaa.com,93367,0,
{E-0007916},09/17/2026 02:07:34,CA0002,PC-1002,U7571@dtaa.com;U4404@dtaa.com;U1140@dtaa.com;U4098@dtaa.com,,,CA0002@dtaa.com,190425,0,
{E-0015825},09/17/2026 02:13:34,GA0006,PC-1006,U3215@dtaa.com,,,GA0006@dtaa.com,218585,1,
{E-0012114},09/17/2026 02:27:34,EA0004,PC-1004,U5015@dtaa.com;U6940@dtaa.com;U8997@dtaa.com;U9948@dtaa.com,,,EA0004@dtaa.com,210430,0,
{E-0010619},09/17/2026 02:32:34,DA0003,PC-1003,U7240@dtaa.com;U4067@dtaa.com;U5087@dtaa.com;U2307@dtaa.com,,,DA0003@dtaa.com,106015,0,
{E-0033940},09/17/2026 03:06:34,QA0016,PC-1016,U3835@dtaa.com;U8667@dtaa.com;U4906@dtaa.com;U6212@dtaa.com,,,QA0016@dtaa.com,64296,1,
{E-0032499},09/17/2026 03:08:34,PA0015,PC-1015,U8184@dtaa.com,,,PA0015@dtaa.com,222121,0,
{E-0022503},09/17/2026 03:09:34,KA0010,PC-1010,U5584@dtaa.com;U9318@dtaa.com;U5014@dtaa.com;U4778@dtaa.com,,,KA0010@dtaa.com,249624,0,
{E-0030798},09/17/2026 03:22:34,OA0014,PC-1014,U7136@dtaa.com,,,OA0014@dtaa.com,250306,1,
{E-0033943},09/17/2026 03:25:34,QA0016,PC-1016,U1163@dtaa.com;U5106@dtaa.com;U5307@dtaa.com,,,QA0016@dtaa.com,31616,0,
{E-0013563},09/17/2026 03:27:34,FA0005,PC-1005,U1344@dtaa.com;U5898@dtaa.com,,,FA0005@dtaa.com,299445,0,
{E-0007914},09/17/2026 03:52:34,CA0002,PC-1002,U7282@dtaa.com;U9785@dtaa.com;U6987@dtaa.com,,,CA0002@dtaa.com,293032,0,
{E-0032496},09/17/2026 04:25:34,PA0015,PC-1015,U7413@dtaa.com;U1555@dtaa.com;U7259@dtaa.com,,,PA0015@dtaa.com,274497,0,
{E-0012113},09/17/2026 04:29:34,EA0004,PC-1004,U6803@dtaa.com;U4662@dtaa.com;U1860@dtaa.com;U9326@dtaa.com,,,EA0004@dtaa.com,297737,0,
{E-0018553},09/17/2026 18:30:34,IA0008,PC-1008,U8635@dtaa.com;U2426@dtaa.com;U6092@dtaa.com,,,IA0008@dtaa.com,152119,0,
{E-0024614},09/17/2026 19:23:34,LA0011,PC-1011,U5526@dtaa.com;U3466@dtaa.com;U6043@dtaa.com,,,LA0011@dtaa.com,246502,0,
{E-0020618},09/17/2026 19:41:34,JA0009,PC-1009,U1010@dtaa.com;U2186@dtaa.com,,,JA0009@dtaa.com,316990,1,
{E-0030855},09/17/2026 19:41:34,OA0014,PC-1014,U4840@dtaa.com;U4758@dtaa.com,,,OA0014@dtaa.com,350150,0,
{E-0024615},09/17/2026 19:48:34,LA0011,PC-1011,U9806@dtaa.com;U4135@dtaa.com;U4950@dtaa.com,,,LA0011@dtaa.com,382922,0,
{E-0033960},09/17/2026 20:07:34,QA0016,PC-1016,U8539@dtaa.com;U7892@dtaa.com;U1100@dtaa.com;U5858@dtaa.com,,,QA0016@dtaa.com,317417,0,
{E-0026652},09/17/2026 20:08:34,MA0012,PC-1012,U7282@dtaa.com;U1626@dtaa.com,,,MA0012@dtaa.com,319320,0,
{E-0004778},09/17/2026 20:13:34,BA0001,PC-1001,U7464@dtaa.com,,,BA0001@dtaa.com,150050,1,
{E-0028303},09/17/2026 20:27:34,NA0013,PC-1013,U7182@dtaa.com;U4077@dtaa.com;U4323@dtaa.com,,,NA0013@dtaa.com,220635,0,
{E-0024613},09/17/2026 20:43:34,LA0011,PC-1011,U5718@dtaa.com,,,LA0011@dtaa.com,146900,0,
{E-0020616},09/17/2026 21:17:34,JA0009,PC-1009,U3020@dtaa.com;U6804@dtaa.com;U7121@dtaa.com,,,JA0009@dtaa.com,166225,1,
{E-0022551},09/17/2026 21:34:34,KA0010,PC-1010,U6365@dtaa.com,,,KA0010@dtaa.com,231759,1,
{E-0028305},09/17/2026 21:34:34,NA0013,PC-1013,U4810@dtaa.com;U8115@dtaa.com;U1451@dtaa.com;U4369@dtaa.com,,,NA0013@dtaa.com,229778,0,
{E-0013593},09/17/2026 21:37:34,FA0005,PC-1005,U6601@dtaa.com;U1228@dtaa.com;U6659@dtaa.com,,,FA0005@dtaa.com,50455,0,
{E-0010675},09/17/2026 21:48:34,DA0003,PC-1003,U8720@dtaa.com;U1003@dtaa.com,,,DA0003@dtaa.com,252310,0,
{E-0007969},09/17/2026 22:15:34,CA0002,PC-1002,U3696@dtaa.com;U6010@dtaa.com;U6428@dtaa.com,,,CA0002@dtaa.com,30047,0,
{E-0012154},09/17/2026 22:16:34,EA0004,PC-1004,U4286@dtaa.com,,,EA0004@dtaa.com,128567,1,
{E-0004776},09/17/2026 22:22:34,BA0001,PC-1001,U7736@dtaa.com;U9265@dtaa.com;U9366@dtaa.com;U8622@dtaa.com,,,BA0001@dtaa.com,395118,0,
{E-0028304},09/17/2026 22:41:34,NA0013,PC-1013,U4203@dtaa.com;U4383@dtaa.com;U8156@dtaa.com;U5904@dtaa.com,,,NA0013@dtaa.com,69115,0,
{E-0033959},09/17/2026 22:42:34,QA0016,PC-1016,U9011@dtaa.com;U1465@dtaa.com,,,QA0016@dtaa.com,88148,1,
{E-0033961},09/17/2026 22:44:34,QA0016,PC-1016,U3257@dtaa.com,,,QA0016@dtaa.com,259808,0,
{E-0010676},09/17/2026 23:11:34,DA0003,PC-1003,U2801@dtaa.com;U8601@dtaa.com;U8426@dtaa.com,,,DA0003@dtaa.com,41922,0,
{E-0007971},09/17/2026 23:28:34,CA0002,PC-1002,U9734@dtaa.com;U9854@dtaa.com;U7498@dtaa.com,,,CA0002@dtaa.com,69628,1,
{E-0020617},09/17/2026 23:32:34,JA0009,PC-1009,U7666@dtaa.com;U7317@dtaa.com;U4973@dtaa.com,,,JA0009@dtaa.com,329175,0,
{E-0028302},09/17/2026 23:39:34,NA0013,PC-1013,U1404@dtaa.com;U1719@dtaa.com;U7231@dtaa.com;U3226@dtaa.com,,,NA0013@dtaa.com,65582,0,
{E-0004777},09/17/2026 23:47:34,BA0001,PC-1001,U2549@dtaa.com;U7271@dtaa.com,,,BA0001@dtaa.com,357239,1,
{E-0012153},09/17/2026 23:50:34,EA0004,PC-1004,U1584@dtaa.com;U6922@dtaa.com;U1072@dtaa.com;U5882@dtaa.com,,,EA0004@dtaa.com,365540,0,
{E-0022550},09/18/2026 00:13:34,KA0010,PC-1010,U2569@dtaa.com,,,KA0010@dtaa.com,175690,0,
{E-0022552},09/18/2026 00:15:34,KA0010,PC-1010,U3508@dtaa.com;U9342@dtaa.com;U4535@dtaa.com;U6845@dtaa.com,,,KA0010@dtaa.com,81061,0,
{E-0030857},09/18/2026 00:23:34,OA0014,PC-1014,U9458@dtaa.com;U4496@dtaa.com;U3437@dtaa.com;U5550@dtaa.com,,,OA0014@dtaa.com,290816,0,
{E-0032533},09/18/2026 00:25:34,PA0015,PC-1015,U9075@dtaa.com,,,PA0015@dtaa.com,286177,0,
{E-0024616},09/18/2026 00:40:34,LA0011,PC-1011,U5468@dtaa.com;U3809@dtaa.com,,,LA0011@dtaa.com,254605,0,
{E-0032530},09/18/2026 00:43:34,PA0015,PC-1015,U2559@dtaa.com,,,PA0015@dtaa.com,224875,1,
{E-0015884},09/18/2026 00:56:34,GA0006,PC-1006,U6749@dtaa.com;U5776@dtaa.com;U9422@dtaa.com,,,GA0006@dtaa.com,147956,0,
{E-0024617},09/18/2026 00:58:34,LA0011,PC-1011,U6778@dtaa.com;U5750@dtaa.com;U9046@dtaa.com;U7082@dtaa.com,,,LA0011@dtaa.com,65528,0,
{E-0007970},09/18/2026 01:00:34,CA0002,PC-1002,U3656@dtaa.com;U4717@dtaa.com,,,CA0002@dtaa.com,130410,1,
{E-0032532},09/18/2026 01:01:34,PA0015,PC-1015,U5903@dtaa.com;U5606@dtaa.com;U8114@dtaa.com,,,PA0015@dtaa.com,310570,0,
{E-0010678},09/18/2026 01:16:34,DA0003,PC-1003,U6865@dtaa.com;U7582@dtaa.com;U9357@dtaa.com;U6098@dtaa.com,,,DA0003@dtaa.com,24263,0,
{E-0007968},09/18/2026 01:34:34,CA0002,PC-1002,U3368@dtaa.com;U4809@dtaa.com;U2928@dtaa.com,,,CA0002@dtaa.com,258565,0,
{E-0032531},09/18/2026 01:51:34,PA0015,PC-1015,U9882@dtaa.com;U6988@dtaa.com;U6953@dtaa.com,,,PA0015@dtaa.com,82731,0,
{E-0033962},09/18/2026 02:03:34,QA0016,PC-1016,U3364@dtaa.com;U3663@dtaa.com;U4324@dtaa.com;U9772@dtaa.com,,,QA0016@dtaa.com,399791,0,
{E-0015883},09/18/2026 02:15:34,GA0006,PC-1006,U9831@dtaa.com;U1120@dtaa.com;U7900@dtaa.com,,,GA0006@dtaa.com,28635,0,
{E-0030856},09/18/2026 02:28:34,OA0014,PC-1014,U3076@dtaa.com,,,OA0014@dtaa.com,368689,1,
{E-0010677},09/18/2026 03:23:34,DA0003,PC-1003,U8125@dtaa.com;U9954@dtaa.com,,,DA0003@dtaa.com,117235,0,
{E-0026651},09/18/2026 03:29:34,MA0012,PC-1012,U1155@dtaa.com;U1496@dtaa.com;U8965@dtaa.com,,,MA0012@dtaa.com,62794,0,
{E-0007972},09/18/2026 03:34:34,CA0002,PC-1002,U1167@dtaa.com;U6510@dtaa.com;U8867@dtaa.com;U6163@dtaa.com,,,CA0002@dtaa.com,53111,0,
{E-0028306},09/18/2026 03:56:34,NA0013,PC-1013,U2432@dtaa.com;U3476@dtaa.com;U7095@dtaa.com,,,NA0013@dtaa.com,63234,0,
{E-0013591},09/18/2026 05:17:34,FA0005,PC-1005,U9360@dtaa.com;U2914@dtaa.com;U3226@dtaa.com;U1631@dtaa.com,,,FA0005@dtaa.com,196227,0,
{E-0013592},09/18/2026 05:43:34,FA0005,PC-1005,U3737@dtaa.com;U9676@dtaa.com;U4415@dtaa.com;U5611@dtaa.com,,,FA0005@dtaa.com,368732,1,
{E-0024664},09/20/2026 18:22:34,LA0011,PC-1011,U6255@dtaa.com;U3771@dtaa.com;U1132@dtaa.com;U9223@dtaa.com,,,LA0011@dtaa.com,184523,1,
{E-0028339},09/20/2026 20:09:34,NA0013,PC-1013,U7705@dtaa.com;U6241@dtaa.com,,,NA0013@dtaa.com,297861,0,
{E-0024665},09/20/2026 20:15:34,LA0011,PC-1011,U4087@dtaa.com,,,LA0011@dtaa.com,93491,0,
{E-0028343},09/20/2026 20:21:34,NA0013,PC-1013,U4567@dtaa.com;U4564@dtaa.com;U2292@dtaa.com,,,NA0013@dtaa.com,200194,0,
{E-0002174},09/20/2026 20:24:34,AA0000,PC-1000,U7026@dtaa.com;U7327@dtaa.com,,,AA0000@dtaa.com,298558,0,
{E-0013622},09/20/2026 20:27:34,FA0005,PC-1005,U6057@dtaa.com;U2527@dtaa.com;U1795@dtaa.com;U2880@dtaa.com,,,FA0005@dtaa.com,238452,0,
{E-0032565},09/20/2026 20:29:34,PA0015,PC-1015,U3353@dtaa.com;U2546@dtaa.com;U7003@dtaa.com;U1223@dtaa.com,,,PA0015@dtaa.com,300480,0,
{E-0033989},09/20/2026 20:30:34,QA0016,PC-1016,U5585@dtaa.com,,,QA0016@dtaa.com,103916,0,
{E-0024663},09/20/2026 20:40:34,LA0011,PC-1011,U2768@dtaa.com;U6123@dtaa.com;U1044@dtaa.com,,,LA0011@dtaa.com,313190,1,
{E-0026683},09/20/2026 20:43:34,MA0012,PC-1012,U1772@dtaa.com;U4666@dtaa.com;U6881@dtaa.com,,,MA0012@dtaa.com,318329,0,
{E-0028342},09/20/2026 20:46:34,NA0013,PC-1013,U6033@dtaa.com,,,NA0013@dtaa.com,359841,0,
{E-0020669},09/20/2026 20:58:34,JA0009,PC-1009,U2357@dtaa.com;U1708@dtaa.com;U1080@dtaa.com;U1993@dtaa.com,,,JA0009@dtaa.com,63386,1,
{E-0026681},09/20/2026 21:00:34,MA0012,PC-1012,U8409@dtaa.com;U8168@dtaa.com;U3632@dtaa.com,,,MA0012@dtaa.com,111882,0,
{E-0004847},09/20/2026 21:01:34,BA0001,PC-1001,U2186@dtaa.com;U8450@dtaa.com;U1433@dtaa.com,,,BA0001@dtaa.com,349972,0,
{E-0010747},09/20/2026 21:06:34,DA0003,PC-1003,U1103@dtaa.com,,,DA0003@dtaa.com,62071,0,
{E-0032563},09/20/2026 21:12:34,PA0015,PC-1015,U7805@dtaa.com;U7660@dtaa.com,,,PA0015@dtaa.com,216738,1,
{E-0018585},09/20/2026 21:14:34,IA0008,PC-1008,U6546@dtaa.com,,,IA0008@dtaa.com,205253,0,
{E-0022601},09/20/2026 21:15:34,KA0010,PC-1010,U9932@dtaa.com;U8924@dtaa.com;U9012@dtaa.com,,,KA0010@dtaa.com,48643,0,
{E-0013621},09/20/2026 21:45:34,FA0005,PC-1005,U8066@dtaa.com,,,FA0005@dtaa.com,73162,0,
{E-0035049},09/20/2026 21:46:34,RA0017,PC-1017,U6987@dtaa.com;U5694@dtaa.com;U4717@dtaa.com,,,RA0017@dtaa.com,160526,0,
{E-0024662},09/20/2026 22:08:34,LA0011,PC-1011,U2849@dtaa.com;U5463@dtaa.com,,,LA0011@dtaa.com,115269,0,
{E-0026682},09/20/2026 22:10:34,MA0012,PC-1012,U8943@dtaa.com,,,MA0012@dtaa.com,275217,0,
{E-0032562},09/20/2026 22:14:34,PA0015,PC-1015,U5409@dtaa.com;U7247@dtaa.com;U1096@dtaa.com;U9318@dtaa.com,,,PA0015@dtaa.com,198851,0,
{E-0015943},09/20/2026 22:27:34,GA0006,PC-1006,U3699@dtaa.com;U7749@dtaa.com,,,GA0006@dtaa.com,207005,0,
{E-0018583},09/20/2026 22:37:34,IA0008,PC-1008,U7693@dtaa.com,,,IA0008@dtaa.com,397661,0,
{E-0030900},09/20/2026 22:48:34,OA0014,PC-1014,U8933@dtaa.com,,,OA0014@dtaa.com,94353,0,
{E-0026685},09/20/2026 22:51:34,MA0012,PC-1012,U9663@dtaa.com;U2170@dtaa.com,,,MA0012@dtaa.com,153243,1,
{E-0010746},09/20/2026 23:00:34,DA0003,PC-1003,U7634@dtaa.com,,,DA0003@dtaa.com,188169,0,
{E-0028341},09/20/2026 23:02:34,NA0013,PC-1013,U5455@dtaa.com;U5659@dtaa.com;U1012@dtaa.com,,,NA0013@dtaa.com,392116,0,
{E-0030901},09/20/2026 23:09:34,OA0014,PC-1014,U8251@dtaa.com,,,OA0014@dtaa.com,307338,0,
{E-0032564},09/20/2026 23:11:34,PA0015,PC-1015,U2868@dtaa.com;U2502@dtaa.com,,,PA0015@dtaa.com,194648,0,
{E-0008012},09/20/2026 23:18:34,CA0002,PC-1002,U7699@dtaa.com;U9809@dtaa.com,,,CA0002@dtaa.com,56355,0,
{E-0033988},09/20/2026 23:24:34,QA0016,PC-1016,U4440@dtaa.com;U5659@dtaa.com,,,QA0016@dtaa.com,54109,0,
{E-0015941},09/20/2026 23:29:34,GA0006,PC-1006,U4434@dtaa.com;U3831@dtaa.com;U6656@dtaa.com;U7175@dtaa.com,,,GA0006@dtaa.com,43002,0,
{E-0008013},09/20/2026 23:41:34,CA0002,PC-1002,U2260@dtaa.com,,,CA0002@dtaa.com,385740,1,
{E-0018586},09/21/2026 00:09:34,IA0008,PC-1008,U7567@dtaa.com;U3902@dtaa.com;U2500@dtaa.com,,,IA0008@dtaa.com,258300,0,
{E-0030904},09/21/2026 00:18:34,OA0014,PC-1014,U1216@dtaa.com;U6517@dtaa.com;U6930@dtaa.com,,,OA0014@dtaa.com,192221,0,
{E-0008009},09/21/2026 00:20:34,CA0002,PC-1002,U7956@dtaa.com,,,CA0002@dtaa.com,139571,1,
{E-0018584},09/21/2026 00:24:34,IA0008,PC-1008,U5703@dtaa.com;U1261@dtaa.com,,,IA0008@dtaa.com,243654,0,
{E-0024666},09/21/2026 00:24:34,LA0011,PC-1011,U3796@dtaa.com;U6270@dtaa.com;U2282@dtaa.com,,,LA0011@dtaa.com,211214,0,
{E-0030903},09/21/2026 00:32:34,OA0014,PC-1014,U7279@dtaa.com;U2309@dtaa.com;U2285@dtaa.com;U1116@dtaa.com,,,OA0014@dtaa.com,190656,0,
{E-0033990},09/21/2026 00:48:34,QA0016,PC-1016,U4598@dtaa.com,,,QA0016@dtaa.com,101324,1,
{E-0035050},09/21/2026 00:49:34,RA0017,PC-1017,U8250@dtaa.com;U9455@dtaa.com;U7611@dtaa.com;U4688@dtaa.com,,,RA0017@dtaa.com,220627,0,
{E-0015942},09/21/2026 00:51:34,GA0006,PC-1006,U2718@dtaa.com;U4081@dtaa.com,,,GA0006@dtaa.com,21964,1,
{E-0002175},09/21/2026 01:01:34,AA0000,PC-1000,U1888@dtaa.com;U5422@dtaa.com;U8420@dtaa.com;U1114@dtaa.com,,,AA0000@dtaa.com,347077,1,
{E-0008010},09/21/2026 01:09:34,CA0002,PC-1002,U4788@dtaa.com;U7092@dtaa.com,,,CA0002@dtaa.com,362205,0,
{E-0028340},09/21/2026 01:12:34,NA0013,PC-1013,U7268@dtaa.com;U5273@dtaa.com;U6477@dtaa.com;U4807@dtaa.com,,,NA0013@dtaa.com,371836,0,
{E-0008008},09/21/2026 01:24:34,CA0002,PC-1002,U2957@dtaa.com,,,CA0002@dtaa.com,103901,0,
{E-0002176},09/21/2026 01:53:34,AA0000,PC-1000,U5637@dtaa.com;U1297@dtaa.com;U2569@dtaa.com,,,AA0000@dtaa.com,220115,0,
{E-0008014},09/21/2026 02:18:34,CA0002,PC-1002,U3904@dtaa.com,,,CA0002@dtaa.com,249981,1,
{E-0033986},09/21/2026 02:43:34,QA0016,PC-1016,U2686@dtaa.com;U6894@dtaa.com,,,QA0016@dtaa.com,21625,0,
{E-0026684},09/21/2026 02:47:34,MA0012,PC-1012,U1271@dtaa.com;U8058@dtaa.com,,,MA0012@dtaa.com,371388,1,
{E-0013620},09/21/2026 02:58:34,FA0005,PC-1005,U2283@dtaa.com;U7877@dtaa.com;U9939@dtaa.com;U9937@dtaa.com,,,FA0005@dtaa.com,274134,0,
{E-0002177},09/21/2026 03:16:34,AA0000,PC-1000,U3102@dtaa.com;U1186@dtaa.com;U7978@dtaa.com;U8543@dtaa.com,,,AA0000@dtaa.com,305242,1,
{E-0026686},09/21/2026 03:16:34,MA0012,PC-1012,U8502@dtaa.com;U8537@dtaa.com,,,MA0012@dtaa.com,43833,0,
{E-0030902},09/21/2026 03:19:34,OA0014,PC-1014,U5089@dtaa.com;U9872@dtaa.com;U7063@dtaa.com,,,OA0014@dtaa.com,186608,0,
{E-0035048},09/21/2026 03:36:34,RA0017,PC-1017,U9578@dtaa.com;U1654@dtaa.com;U1732@dtaa.com,,,RA0017@dtaa.com,388556,0,
{E-0033987},09/21/2026 04:02:34,QA0016,PC-1016,U9004@dtaa.com;U1791@dtaa.com,,,QA0016@dtaa.com,57811,0,
{E-0012188},09/21/2026 04:06:34,EA0004,PC-1004,U4593@dtaa.com;U2350@dtaa.com;U5946@dtaa.com,,,EA0004@dtaa.com,57708,0,
{E-0013619},09/21/2026 04:48:34,FA0005,PC-1005,U3679@dtaa.com;U8221@dtaa.com;U6007@dtaa.com;U4180@dtaa.com,,,FA0005@dtaa.com,187302,0,
{E-0008011},09/21/2026 04:59:34,CA0002,PC-1002,U2378@dtaa.com,,,CA0002@dtaa.com,190302,0,
{E-0024713},09/21/2026 18:52:34,LA0011,PC-1011,U5093@dtaa.com;U6015@dtaa.com;U7440@dtaa.com,,,LA0011@dtaa.com,331236,1,
{E-0030954},09/21/2026 19:26:34,OA0014,PC-1014,U7380@dtaa.com;U7436@dtaa.com;U7832@dtaa.com;U6952@dtaa.com,,,OA0014@dtaa.com,128634,0,
{E-0002232},09/21/2026 19:34:34,AA0000,PC-1000,U2645@dtaa.com;U2054@dtaa.com;U2456@dtaa.com;U9730@dtaa.com,,,AA0000@dtaa.com,31046,0,
{E-0020722},09/21/2026 20:22:34,JA0009,PC-1009,U8033@dtaa.com;U5884@dtaa.com;U4465@dtaa.com,,,JA0009@dtaa.com,379845,0,
{E-0002231},09/21/2026 20:31:34,AA0000,PC-1000,U3190@dtaa.com;U8479@dtaa.com;U6296@dtaa.com;U6569@dtaa.com,,,AA0000@dtaa.com,351005,0,
{E-0015991},09/21/2026 20:36:34,GA0006,PC-1006,U5176@dtaa.com;U3923@dtaa.com;U1810@dtaa.com;U3823@dtaa.com,,,GA0006@dtaa.com,287463,0,
{E-0030953},09/21/2026 20:39:34,OA0014,PC-1014,U9200@dtaa.com;U8197@dtaa.com;U1356@dtaa.com,,,OA0014@dtaa.com,86427,0,
{E-0018619},09/21/2026 20:52:34,IA0008,PC-1008,U9395@dtaa.com;U2851@dtaa.com,,,IA0008@dtaa.com,266099,0,
{E-0030952},09/21/2026 21:06:34,OA0014,PC-1014,U5425@dtaa.com;U8357@dtaa.com,,,OA0014@dtaa.com,144843,0,
{E-0034013},09/21/2026 21:10:34,QA0016,PC-1016,U3788@dtaa.com;U8917@dtaa.com,,,QA0016@dtaa.com,262986,0,
{E-0013652},09/21/2026 21:28:34,FA0005,PC-1005,U9395@dtaa.com;U9542@dtaa.com;U6874@dtaa.com;U2180@dtaa.com,,,FA0005@dtaa.com,222089,0,
{E-0020721},09/21/2026 21:37:34,JA0009,PC-1009,U3894@dtaa.com;U6023@dtaa.com;U2453@dtaa.com;U7706@dtaa.com,,,JA0009@dtaa.com,220737,0,
{E-0032609},09/21/2026 21:42:34,PA0015,PC-1015,U1546@dtaa.com;U3180@dtaa.com;U6036@dtaa.com,,,PA0015@dtaa.com,287191,0,
{E-0008084},09/21/2026 21:58:34,CA0002,PC-1002,U7607@dtaa.com;U3852@dtaa.com,,,CA0002@dtaa.com,91017,1,
{E-0028379},09/21/2026 22:06:34,NA0013,PC-1013,U7731@dtaa.com;U5728@dtaa.com,,,NA0013@dtaa.com,311615,0,
{E-0024712},09/21/2026 22:08:34,LA0011,PC-1011,U6168@dtaa.com;U6653@dtaa.com,,,LA0011@dtaa.com,97670,0,
{E-0024709},09/21/2026 22:12:34,LA0011,PC-1011,U3462@dtaa.com;U6119@dtaa.com;U3235@dtaa.com;U2806@dtaa.com,,,LA0011@dtaa.com,164082,0,
{E-0012207},09/21/2026 22:25:34,EA0004,PC-1004,U5013@dtaa.com;U9356@dtaa.com;U4865@dtaa.com;U2027@dtaa.com,,,EA0004@dtaa.com,375062,1,
{E-0034011},09/21/2026 22:28:34,QA0016,PC-1016,U2028@dtaa.com;U2701@dtaa.com,,,QA0016@dtaa.com,28022,0,
{E-0032608},09/21/2026 22:59:34,PA0015,PC-1015,U1482@dtaa.com;U5053@dtaa.com;U3455@dtaa.com,,,PA0015@dtaa.com,396727,1,
{E-0008083},09/21/2026 23:01:34,CA0002,PC-1002,U5284@dtaa.com;U8710@dtaa.com,,,CA0002@dtaa.com,281034,0,
{E-0015989},09/21/2026 23:07:34,GA0006,PC-1006,U4914@dtaa.com;U7765@dtaa.com;U1587@dtaa.com,,,GA0006@dtaa.com,322294,0,
{E-0035072},09/21/2026 23:09:34,RA0017,PC-1017,U7696@dtaa.com;U2454@dtaa.com;U6056@dtaa.com;U1665@dtaa.com,,,RA0017@dtaa.com,377441,0,
{E-0034012},09/21/2026 23:19:34,QA0016,PC-1016,U7564@dtaa.com;U7156@dtaa.com;U7390@dtaa.com;U4025@dtaa.com,,,QA0016@dtaa.com,107584,1,
{E-0008080},09/21/2026 23:22:34,CA0002,PC-1002,U7920@dtaa.com;U2098@dtaa.com,,,CA0002@dtaa.com,307223,0,
{E-0035071},09/21/2026 23:37:34,RA0017,PC-1017,U8483@dtaa.com;U7957@dtaa.com;U2012@dtaa.com;U5369@dtaa.com,,,RA0017@dtaa.com,73775,1,
{E-0012209},09/21/2026 23:39:34,EA0004,PC-1004,U2784@dtaa.com;U3471@dtaa.com;U7330@dtaa.com;U6892@dtaa.com,,,EA0004@dtaa.com,319330,1,
{E-0008086},09/21/2026 23:48:34,CA0002,PC-1002,U1717@dtaa.com;U2920@dtaa.com;U6579@dtaa.com;U6761@dtaa.com,,,CA0002@dtaa.com,39119,1,
{E-0035070},09/21/2026 23:55:34,RA0017,PC-1017,U5383@dtaa.com;U4935@dtaa.com;U2836@dtaa.com;U5402@dtaa.com,,,RA0017@dtaa.com,307827,0,
{E-0028377},09/21/2026 23:56:34,NA0013,PC-1013,U2868@dtaa.com;U9573@dtaa.com;U6701@dtaa.com;U3362@dtaa.com,,,NA0013@dtaa.com,67640,0,
{E-0030951},09/21/2026 23:56:34,OA0014,PC-1014,U4762@dtaa.com;U7116@dtaa.com;U8319@dtaa.com;U5285@dtaa.com,,,OA0014@dtaa.com,62469,0,
{E-0012208},09/22/2026 00:09:34,EA0004,PC-1004,U8926@dtaa.com;U6670@dtaa.com,,,EA0004@dtaa.com,84669,1,
{E-0012210},09/22/2026 00:23:34,EA0004,PC-1004,U1650@dtaa.com,,,EA0004@dtaa.com,88023,0,
{E-0024711},09/22/2026 00:30:34,LA0011,PC-1011,U9750@dtaa.com;U1708@dtaa.com,,,LA0011@dtaa.com,116344,0,
{E-0008082},09/22/2026 01:26:34,CA0002,PC-1002,U5259@dtaa.com,,,CA0002@dtaa.com,184399,0,
{E-0034010},09/22/2026 01:33:34,QA0016,PC-1016,U1014@dtaa.com;U5224@dtaa.com;U7919@dtaa.com,,,QA0016@dtaa.com,160563,0,
{E-0008085},09/22/2026 01:48:34,CA0002,PC-1002,U3279@dtaa.com;U8549@dtaa.com;U9416@dtaa.com,,,CA0002@dtaa.com,396841,0,
{E-0002230},09/22/2026 01:51:34,AA0000,PC-1000,U8851@dtaa.com;U4077@dtaa.com,,,AA0000@dtaa.com,342619,0,
{E-0008081},09/22/2026 01:53:34,CA0002,PC-1002,U5122@dtaa.com,,,CA0002@dtaa.com,327293,0,
{E-0030950},09/22/2026 01:59:34,OA0014,PC-1014,U2730@dtaa.com,,,OA0014@dtaa.com,363413,0,
{E-0032612},09/22/2026 02:00:34,PA0015,PC-1015,U8154@dtaa.com;U4371@dtaa.com;U4655@dtaa.com;U7796@dtaa.com,,,PA0015@dtaa.com,36791,0,
{E-0018621},09/22/2026 02:12:34,IA0008,PC-1008,U8252@dtaa.com;U1308@dtaa.com;U4031@dtaa.com,,,IA0008@dtaa.com,339007,1,
{E-0008079},09/22/2026 02:14:34,CA0002,PC-1002,U6803@dtaa.com;U8604@dtaa.com;U6614@dtaa.com;U7589@dtaa.com,,,CA0002@dtaa.com,306596,0,
{E-0013653},09/22/2026 02:14:34,FA0005,PC-1005,U1458@dtaa.com;U8023@dtaa.com;U3750@dtaa.com;U9648@dtaa.com,,,FA0005@dtaa.com,291154,0,
{E-0018620},09/22/2026 02:47:34,IA0008,PC-1008,U3759@dtaa.com;U2185@dtaa.com;U1232@dtaa.com;U7324@dtaa.com,,,IA0008@dtaa.com,341393,0,
{E-0035069},09/22/2026 02:57:34,RA0017,PC-1017,U8400@dtaa.com,,,RA0017@dtaa.com,31650,1,
{E-0032610},09/22/2026 03:04:34,PA0015,PC-1015,U1956@dtaa.com;U7070@dtaa.com,,,PA0015@dtaa.com,398571,0,
{E-0024710},09/22/2026 03:06:34,LA0011,PC-1011,U1924@dtaa.com,,,LA0011@dtaa.com,325855,0,
{E-0013654},09/22/2026 03:26:34,FA0005,PC-1005,U7585@dtaa.com;U4363@dtaa.com;U6885@dtaa.com,,,FA0005@dtaa.com,137574,0,
{E-0015990},09/22/2026 03:31:34,GA0006,PC-1006,U2315@dtaa.com,,,GA0006@dtaa.com,109866,0,
{E-0032611},09/22/2026 03:32:34,PA0015,PC-1015,U1183@dtaa.com;U1789@dtaa.com,,,PA0015@dtaa.com,339179,1,
{E-0034009},09/22/2026 03:35:34,QA0016,PC-1016,U9449@dtaa.com,,,QA0016@dtaa.com,116838,0,
{E-0013655},09/22/2026 04:18:34,FA0005,PC-1005,U7474@dtaa.com;U6982@dtaa.com;U8781@dtaa.com;U9555@dtaa.com,,,FA0005@dtaa.com,99446,0,
{E-0028378},09/22/2026 04:36:34,NA0013,PC-1013,U6702@dtaa.com,,,NA0013@dtaa.com,116947,0,
{E-0022654},09/22/2026 04:38:34,KA0010,PC-1010,U4275@dtaa.com;U8882@dtaa.com;U5916@dtaa.com,,,KA0010@dtaa.com,169702,0,
{E-0032639},09/22/2026 20:34:34,PA0015,PC-1015,U9903@dtaa.com;U1303@dtaa.com;U6615@dtaa.com;U1489@dtaa.com,,,PA0015@dtaa.com,63592,1,
{E-0010882},09/22/2026 20:40:34,DA0003,PC-1003,U8363@dtaa.com;U2541@dtaa.com,,,DA0003@dtaa.com,386565,0,
{E-0017059},09/22/2026 20:41:34,HA0007,PC-1007,U8318@dtaa.com;U6872@dtaa.com;U2468@dtaa.com;U1299@dtaa.com,,,HA0007@dtaa.com,391468,0,
{E-0022694},09/22/2026 20:57:34,KA0010,PC-1010,U7995@dtaa.com;U4653@dtaa.com,,,KA0010@dtaa.com,76924,0,
{E-0034053},09/22/2026 21:02:34,QA0016,PC-1016,U2598@dtaa.com;U9774@dtaa.com;U4030@dtaa.com;U4829@dtaa.com,,,QA0016@dtaa.com,185762,1,
{E-0032638},09/22/2026 21:20:34,PA0015,PC-1015,U5774@dtaa.com;U1327@dtaa.com;U4878@dtaa.com;U9938@dtaa.com,,,PA0015@dtaa.com,271361,0,
{E-0008173},09/22/2026 21:40:34,CA0002,PC-1002,U6382@dtaa.com,,,CA0002@dtaa.com,118875,1,
{E-0026719},09/22/2026 21:49:34,MA0012,PC-1012,U8553@dtaa.com;U8586@dtaa.com;U6438@dtaa.com,,,MA0012@dtaa.com,298438,0,
{E-0010881},09/22/2026 21:52:34,DA0003,PC-1003,U3637@dtaa.com;U7429@dtaa.com,,,DA0003@dtaa.com,247323,0,
{E-0012246},09/22/2026 21:58:34,EA0004,PC-1004,U6102@dtaa.com;U1952@dtaa.com,,,EA0004@dtaa.com,229583,0,
{E-0018654},09/22/2026 22:00:34,IA0008,PC-1008,U3867@dtaa.com,,,IA0008@dtaa.com,265917,0,
{E-0024746},09/22/2026 22:04:34,LA0011,PC-1011,U6475@dtaa.com;U8870@dtaa.com;U8037@dtaa.com,,,LA0011@dtaa.com,301429,0,
{E-0028425},09/22/2026 22:11:34,NA0013,PC-1013,U2320@dtaa.com;U1206@dtaa.com;U6585@dtaa.com;U7842@dtaa.com,,,NA0013@dtaa.com,122328,0,
{E-0031008},09/22/2026 22:14:34,OA0014,PC-1014,U6266@dtaa.com,,,OA0014@dtaa.com,317739,0,
{E-0028423},09/22/2026 22:20:34,NA0013,PC-1013,U5002@dtaa.com;U6973@dtaa.com;U8191@dtaa.com,,,NA0013@dtaa.com,302052,0,
{E-0035104},09/22/2026 22:26:34,RA0017,PC-1017,U2812@dtaa.com;U3176@dtaa.com,,,RA0017@dtaa.com,105068,0,
{E-0002291},09/22/2026 22:45:34,AA0000,PC-1000,U3341@dtaa.com;U4024@dtaa.com;U5923@dtaa.com,,,AA0000@dtaa.com,66840,1,
{E-0035106},09/22/2026 23:11:34,RA0017,PC-1017,U7236@dtaa.com,,,RA0017@dtaa.com,327722,0,
{E-0028422},09/22/2026 23:13:34,NA0013,PC-1013,U5265@dtaa.com,,,NA0013@dtaa.com,159762,0,
{E-0004953},09/22/2026 23:18:34,BA0001,PC-1001,U1469@dtaa.com;U4167@dtaa.com;U5430@dtaa.com;U9010@dtaa.com,,,BA0001@dtaa.com,305910,0,
{E-0031007},09/22/2026 23:23:34,OA0014,PC-1014,U1752@dtaa.com,,,OA0014@dtaa.com,379284,0,
{E-0031005},09/22/2026 23:33:34,OA0014,PC-1014,U1391@dtaa.com;U5469@dtaa.com;U1346@dtaa.com;U6752@dtaa.com,,,OA0014@dtaa.com,95346,0,
{E-0002290},09/22/2026 23:34:34,AA0000,PC-1000,U6314@dtaa.com;U3154@dtaa.com;U8216@dtaa.com,,,AA0000@dtaa.com,88487,0,
{E-0034054},09/22/2026 23:46:34,QA0016,PC-1016,U8815@dtaa.com,,,QA0016@dtaa.com,68768,1,
{E-0032636},09/22/2026 23:58:34,PA0015,PC-1015,U4380@dtaa.com;U6312@dtaa.com;U9435@dtaa.com;U5240@dtaa.com,,,PA0015@dtaa.com,152041,0,
{E-0016046},09/23/2026 00:05:34,GA0006,PC-1006,U4078@dtaa.com;U5212@dtaa.com,,,GA0006@dtaa.com,292818,0,
{E-0022697},09/23/2026 00:15:34,KA0010,PC-1010,U1521@dtaa.com;U8444@dtaa.com,,,KA0010@dtaa.com,124606,1,
{E-0013690},09/23/2026 00:31:34,FA0005,PC-1005,U7316@dtaa.com;U2597@dtaa.com;U8916@dtaa.com,,,FA0005@dtaa.com,163287,0,
{E-0004954},09/23/2026 00:32:34,BA0001,PC-1001,U8454@dtaa.com,,,BA0001@dtaa.com,373103,0,
{E-0018653},09/23/2026 00:32:34,IA0008,PC-1008,U6426@dtaa.com;U6516@dtaa.com;U7896@dtaa.com,,,IA0008@dtaa.com,58237,0,
{E-0016045},09/23/2026 00:34:34,GA0006,PC-1006,U2382@dtaa.com;U3308@dtaa.com;U9561@dtaa.com;U9289@dtaa.com,,,GA0006@dtaa.com,62065,0,
{E-0008174},09/23/2026 00:59:34,CA0002,PC-1002,U3409@dtaa.com;U2175@dtaa.com;U5137@dtaa.com;U5626@dtaa.com,,,CA0002@dtaa.com,31921,1,
{E-0026720},09/23/2026 01:29:34,MA0012,PC-1012,U9028@dtaa.com;U4037@dtaa.com,,,MA0012@dtaa.com,258164,0,
{E-0016044},09/23/2026 01:36:34,GA0006,PC-1006,U4798@dtaa.com;U6766@dtaa.com;U3799@dtaa.com;U6021@dtaa.com,,,GA0006@dtaa.com,388231,0,
{E-0018655},09/23/2026 01:49:34,IA0008,PC-1008,U8863@dtaa.com,,,IA0008@dtaa.com,194271,1,
{E-0028421},09/23/2026 01:51:34,NA0013,PC-1013,U3737@dtaa.com;U7903@dtaa.com;U3761@dtaa.com,,,NA0013@dtaa.com,177577,0,
{E-0008172},09/23/2026 02:04:34,CA0002,PC-1002,U4915@dtaa.com;U1777@dtaa.com;U7103@dtaa.com;U3192@dtaa.com,,,CA0002@dtaa.com,106643,0,
{E-0018652},09/23/2026 02:07:34,IA0008,PC-1008,U3325@dtaa.com,,,IA0008@dtaa.com,81600,0,
{E-0022696},09/23/2026 02:08:34,KA0010,PC-1010,U8376@dtaa.com;U4135@dtaa.com;U2906@dtaa.com,,,KA0010@dtaa.com,186250,0,
{E-0012244},09/23/2026 02:44:34,EA0004,PC-1004,U7132@dtaa.com;U6886@dtaa.com;U5132@dtaa.com,,,EA0004@dtaa.com,264938,1,
{E-0032640},09/23/2026 02:49:34,PA0015,PC-1015,U3565@dtaa.com;U7041@dtaa.com;U6619@dtaa.com;U7642@dtaa.com,,,PA0015@dtaa.com,180940,0,
{E-0032635},09/23/2026 02:57:34,PA0015,PC-1015,U2928@dtaa.com;U2910@dtaa.com;U3693@dtaa.com,,,PA0015@dtaa.com,287970,0,
{E-0028424},09/23/2026 03:17:34,NA0013,PC-1013,U6670@dtaa.com;U4599@dtaa.com;U8388@dtaa.com,,,NA0013@dtaa.com,365144,1,
{E-0012245},09/23/2026 03:20:34,EA0004,PC-1004,U5785@dtaa.com,,,EA0004@dtaa.com,95705,0,
{E-0010883},09/23/2026 03:24:34,DA0003,PC-1003,U9096@dtaa.com;U3391@dtaa.com;U5650@dtaa.com;U7616@dtaa.com,,,DA0003@dtaa.com,224591,0,
{E-0002289},09/23/2026 03:46:34,AA0000,PC-1000,U2264@dtaa.com;U9295@dtaa.com;U7248@dtaa.com;U1739@dtaa.com,,,AA0000@dtaa.com,322671,0,
{E-0026718},09/23/2026 03:58:34,MA0012,PC-1012,U6764@dtaa.com;U8633@dtaa.com,,,MA0012@dtaa.com,393732,1,
{E-0028419},09/23/2026 04:03:34,NA0013,PC-1013,U3365@dtaa.com;U2409@dtaa.com;U7664@dtaa.com,,,NA0013@dtaa.com,56180,0,
{E-0028420},09/23/2026 04:15:34,NA0013,PC-1013,U9417@dtaa.com;U5410@dtaa.com,,,NA0013@dtaa.com,300526,1,
{E-0032637},09/23/2026 04:15:34,PA0015,PC-1015,U6099@dtaa.com;U4679@dtaa.com,,,PA0015@dtaa.com,213548,0,
{E-0031006},09/23/2026 04:17:34,OA0014,PC-1014,U6590@dtaa.com;U8805@dtaa.com;U5234@dtaa.com,,,OA0014@dtaa.com,222172,0,
{E-0022695},09/23/2026 04:24:34,KA0010,PC-1010,U9098@dtaa.com;U1377@dtaa.com,,,KA0010@dtaa.com,166253,0,
{E-0035105},09/23/2026 04:26:34,RA0017,PC-1017,U6833@dtaa.com;U2088@dtaa.com;U2137@dtaa.com,,,RA0017@dtaa.com,399973,1,
{E-0024747},09/23/2026 05:00:34,LA0011,PC-1011,U7345@dtaa.com;U1820@dtaa.com,,,LA0011@dtaa.com,224439,0,
{E-0034051},09/23/2026 05:24:34,QA0016,PC-1016,U4191@dtaa.com,,,QA0016@dtaa.com,153362,0,
{E-0034052},09/23/2026 05:45:34,QA0016,PC-1016,U5080@dtaa.com;U4246@dtaa.com,,,QA0016@dtaa.com,229685,0,
{E-0008175},09/23/2026 06:07:34,CA0002,PC-1002,U4188@dtaa.com;U9142@dtaa.com;U6545@dtaa.com,,,CA0002@dtaa.com,341172,0,
{E-0026769},09/23/2026 19:19:34,MA0012,PC-1012,U2061@dtaa.com,,,MA0012@dtaa.com,101374,0,
{E-0016097},09/23/2026 19:32:34,GA0006,PC-1006,U1614@dtaa.com;U9127@dtaa.com;U5562@dtaa.com;U1411@dtaa.com,,,GA0006@dtaa.com,93954,1,
{E-0016095},09/23/2026 20:02:34,GA0006,PC-1006,U1416@dtaa.com;U6275@dtaa.com,,,GA0006@dtaa.com,339215,0,
{E-0031054},09/23/2026 20:03:34,OA0014,PC-1014,U2432@dtaa.com;U6904@dtaa.com;U9692@dtaa.com;U8655@dtaa.com,,,OA0014@dtaa.com,322409,0,
{E-0018695},09/23/2026 20:07:34,IA0008,PC-1008,U2024@dtaa.com;U6129@dtaa.com,,,IA0008@dtaa.com,31515,0,
{E-0012275},09/23/2026 20:28:34,EA0004,PC-1004,U2834@dtaa.com;U6102@dtaa.com;U4327@dtaa.com,,,EA0004@dtaa.com,56990,1,
{E-0034077},09/23/2026 20:34:34,QA0016,PC-1016,U9909@dtaa.com;U4202@dtaa.com;U9058@dtaa.com,,,QA0016@dtaa.com,35147,0,
{E-0018693},09/23/2026 21:17:34,IA0008,PC-1008,U5041@dtaa.com;U5729@dtaa.com;U1367@dtaa.com;U5711@dtaa.com,,,IA0008@dtaa.com,73612,0,
{E-0034076},09/23/2026 21:23:34,QA0016,PC-1016,U1556@dtaa.com,,,QA0016@dtaa.com,260495,1,
{E-0002334},09/23/2026 21:24:34,AA0000,PC-1000,U2489@dtaa.com;U6402@dtaa.com,,,AA0000@dtaa.com,356478,0,
{E-0024796},09/23/2026 21:26:34,LA0011,PC-1011,U5920@dtaa.com;U7659@dtaa.com;U5474@dtaa.com,,,LA0011@dtaa.com,78484,0,
{E-0008248},09/23/2026 21:28:34,CA0002,PC-1002,U1034@dtaa.com;U1472@dtaa.com,,,CA0002@dtaa.com,303133,0,
{E-0024793},09/23/2026 21:28:34,LA0011,PC-1011,U1890@dtaa.com;U3306@dtaa.com;U6965@dtaa.com,,,LA0011@dtaa.com,96846,0,
{E-0013721},09/23/2026 21:49:34,FA0005,PC-1005,U4813@dtaa.com,,,FA0005@dtaa.com,156990,0,
{E-0020816},09/23/2026 21:58:34,JA0009,PC-1009,U2952@dtaa.com;U3966@dtaa.com,,,JA0009@dtaa.com,164378,0,
{E-0012272},09/23/2026 22:06:34,EA0004,PC-1004,U7972@dtaa.com;U7790@dtaa.com;U2688@dtaa.com;U1741@dtaa.com,,,EA0004@dtaa.com,125079,1,
{E-0024794},09/23/2026 22:12:34,LA0011,PC-1011,U3946@dtaa.com,,,LA0011@dtaa.com,97066,0,
{E-0031052},09/23/2026 22:33:34,OA0014,PC-1014,U3211@dtaa.com,,,OA0014@dtaa.com,268341,0,
{E-0028466},09/23/2026 22:36:34,NA0013,PC-1013,U6526@dtaa.com;U8936@dtaa.com;U2050@dtaa.com,,,NA0013@dtaa.com,169049,0,
{E-0031050},09/23/2026 22:36:34,OA0014,PC-1014,U1423@dtaa.com,,,OA0014@dtaa.com,364588,0,
{E-0016093},09/23/2026 22:43:34,GA0006,PC-1006,U2443@dtaa.com;U4396@dtaa.com;U3136@dtaa.com;U7236@dtaa.com,,,GA0006@dtaa.com,397593,1,
{E-0002333},09/23/2026 22:52:34,AA0000,PC-1000,U3236@dtaa.com;U8691@dtaa.com;U9013@dtaa.com,,,AA0000@dtaa.com,169801,0,
{E-0018694},09/23/2026 22:53:34,IA0008,PC-1008,U2071@dtaa.com;U8993@dtaa.com;U3448@dtaa.com,,,IA0008@dtaa.com,269509,0,
{E-0016096},09/23/2026 22:54:34,GA0006,PC-1006,U6042@dtaa.com;U9203@dtaa.com;U8913@dtaa.com,,,GA0006@dtaa.com,336346,1,
{E-0024795},09/23/2026 23:09:34,LA0011,PC-1011,U3154@dtaa.com;U8941@dtaa.com;U2904@dtaa.com,,,LA0011@dtaa.com,89356,0,
{E-0008247},09/23/2026 23:29:34,CA0002,PC-1002,U5356@dtaa.com;U6964@dtaa.com;U2238@dtaa.com,,,CA0002@dtaa.com,43591,0,
{E-0034074},09/23/2026 23:39:34,QA0016,PC-1016,U1408@dtaa.com;U5343@dtaa.com;U1374@dtaa.com;U2462@dtaa.com,,,QA0016@dtaa.com,123148,0,
{E-0031051},09/23/2026 23:45:34,OA0014,PC-1014,U8618@dtaa.com;U7958@dtaa.com;U4973@dtaa.com,,,OA0014@dtaa.com,368688,0,
{E-0032673},09/24/2026 00:17:34,PA0015,PC-1015,U8145@dtaa.com;U7033@dtaa.com,,,PA0015@dtaa.com,180293,0,
{E-0022742},09/24/2026 00:21:34,KA0010,PC-1010,U1049@dtaa.com;U1194@dtaa.com;U6937@dtaa.com;U8613@dtaa.com,,,KA0010@dtaa.com,373556,0,
{E-0034075},09/24/2026 00:24:34,QA0016,PC-1016,U8891@dtaa.com;U6322@dtaa.com;U3966@dtaa.com;U2743@dtaa.com,,,QA0016@dtaa.com,144103,0,
{E-0008245},09/24/2026 00:28:34,CA0002,PC-1002,U2978@dtaa.com;U9798@dtaa.com;U5685@dtaa.com;U6603@dtaa.com,,,CA0002@dtaa.com,247462,0,
{E-0012276},09/24/2026 00:38:34,EA0004,PC-1004,U9956@dtaa.com,,,EA0004@dtaa.com,50093,1,
{E-0026772},09/24/2026 00:40:34,MA0012,PC-1012,U7629@dtaa.com,,,MA0012@dtaa.com,116818,0,
{E-0013718},09/24/2026 01:01:34,FA0005,PC-1005,U7940@dtaa.com,,,FA0005@dtaa.com,198771,0,
{E-0026768},09/24/2026 01:10:34,MA0012,PC-1012,U3594@dtaa.com;U1399@dtaa.com;U3047@dtaa.com,,,MA0012@dtaa.com,229447,0,
{E-0012273},09/24/2026 01:17:34,EA0004,PC-1004,U9934@dtaa.com;U9109@dtaa.com;U8648@dtaa.com,,,EA0004@dtaa.com,68221,1,
{E-0032672},09/24/2026 01:41:34,PA0015,PC-1015,U9812@dtaa.com;U9984@dtaa.com;U1987@dtaa.com;U9635@dtaa.com,,,PA0015@dtaa.com,49532,0,
{E-0032675},09/24/2026 01:42:34,PA0015,PC-1015,U6695@dtaa.com;U4737@dtaa.com,,,PA0015@dtaa.com,303792,0,
{E-0020817},09/24/2026 01:43:34,JA0009,PC-1009,U1133@dtaa.com;U3788@dtaa.com,,,JA0009@dtaa.com,86614,0,
{E-0016094},09/24/2026 01:44:34,GA0006,PC-1006,U3415@dtaa.com;U2020@dtaa.com;U9739@dtaa.com;U9546@dtaa.com,,,GA0006@dtaa.com,144973,0,
{E-0031049},09/24/2026 01:46:34,OA0014,PC-1014,U4649@dtaa.com,,,OA0014@dtaa.com,343728,1,
{E-0024792},09/24/2026 01:50:34,LA0011,PC-1011,U4145@dtaa.com;U1158@dtaa.com;U1416@dtaa.com;U1256@dtaa.com,,,LA0011@dtaa.com,325929,0,
{E-0022745},09/24/2026 01:58:34,KA0010,PC-1010,U8233@dtaa.com;U7404@dtaa.com;U8376@dtaa.com;U3392@dtaa.com,,,KA0010@dtaa.com,202374,0,
{E-0026770},09/24/2026 02:04:34,MA0012,PC-1012,U3832@dtaa.com;U3365@dtaa.com;U7209@dtaa.com;U9149@dtaa.com,,,MA0012@dtaa.com,25999,0,
{E-0013722},09/24/2026 02:09:34,FA0005,PC-1005,U4620@dtaa.com;U9490@dtaa.com;U6905@dtaa.com,,,FA0005@dtaa.com,204275,0,
{E-0026773},09/24/2026 02:10:34,MA0012,PC-1012,U7913@dtaa.com,,,MA0012@dtaa.com,255177,0,
{E-0026767},09/24/2026 02:18:34,MA0012,PC-1012,U1577@dtaa.com,,,MA0012@dtaa.com,93659,0,
{E-0012274},09/24/2026 02:28:34,EA0004,PC-1004,U2604@dtaa.com;U2620@dtaa.com;U1744@dtaa.com,,,EA0004@dtaa.com,373306,0,
{E-0012277},09/24/2026 02:51:34,EA0004,PC-1004,U4957@dtaa.com;U6866@dtaa.com;U3893@dtaa.com,,,EA0004@dtaa.com,148257,0,
{E-0022744},09/24/2026 02:57:34,KA0010,PC-1010,U2686@dtaa.com;U7503@dtaa.com,,,KA0010@dtaa.com,39907,0,
{E-0031053},09/24/2026 02:58:34,OA0014,PC-1014,U2652@dtaa.com;U2693@dtaa.com;U3600@dtaa.com,,,OA0014@dtaa.com,397715,1,
{E-0026771},09/24/2026 03:05:34,MA0012,PC-1012,U2231@dtaa.com;U5512@dtaa.com;U4149@dtaa.com,,,MA0012@dtaa.com,206887,1,
{E-0032674},09/24/2026 03:38:34,PA0015,PC-1015,U6667@dtaa.com;U3326@dtaa.com,,,PA0015@dtaa.com,128378,1,
{E-0008246},09/24/2026 04:06:34,CA0002,PC-1002,U8036@dtaa.com;U3220@dtaa.com,,,CA0002@dtaa.com,40330,0,
{E-0002335},09/24/2026 04:08:34,AA0000,PC-1000,U8098@dtaa.com;U9181@dtaa.com;U2502@dtaa.com,,,AA0000@dtaa.com,395085,1,
{E-0022743},09/24/2026 04:08:34,KA0010,PC-1010,U9353@dtaa.com;U4544@dtaa.com;U9845@dtaa.com;U8654@dtaa.com,,,KA0010@dtaa.com,334138,0,
{E-0013717},09/24/2026 04:40:34,FA0005,PC-1005,U2170@dtaa.com;U6104@dtaa.com;U3213@dtaa.com;U9973@dtaa.com,,,FA0005@dtaa.com,191393,0,
{E-0013720},09/24/2026 05:01:34,FA0005,PC-1005,U4013@dtaa.com;U1232@dtaa.com;U6318@dtaa.com,,,FA0005@dtaa.com,186048,0,
{E-0013719},09/24/2026 05:15:34,FA0005,PC-1005,U2470@dtaa.com,,,FA0005@dtaa.com,40933,0,
{E-0028503},09/24/2026 18:56:34,NA0013,PC-1013,U1650@dtaa.com;U7865@dtaa.com;U8372@dtaa.com,,,NA0013@dtaa.com,137012,0,
{E-0026845},09/24/2026 19:05:34,MA0012,PC-1012,U3934@dtaa.com;U3681@dtaa.com;U2539@dtaa.com,,,MA0012@dtaa.com,230810,1,
{E-0024853},09/24/2026 19:08:34,LA0011,PC-1011,U8411@dtaa.com;U7593@dtaa.com,,,LA0011@dtaa.com,314019,0,
{E-0026843},09/24/2026 19:17:34,MA0012,PC-1012,U6571@dtaa.com;U8159@dtaa.com;U9956@dtaa.com,,,MA0012@dtaa.com,145587,0,
{E-0016160},09/24/2026 19:22:34,GA0006,PC-1006,U3760@dtaa.com;U7740@dtaa.com;U7080@dtaa.com,,,GA0006@dtaa.com,141308,0,
{E-0002381},09/24/2026 19:44:34,AA0000,PC-1000,U5877@dtaa.com;U5125@dtaa.com,,,AA0000@dtaa.com,63786,1,
{E-0008302},09/24/2026 20:07:34,CA0002,PC-1002,U9726@dtaa.com;U9641@dtaa.com;U2759@dtaa.com,,,CA0002@dtaa.com,181196,1,
{E-0005043},09/24/2026 20:12:34,BA0001,PC-1001,U6232@dtaa.com;U1268@dtaa.com,,,BA0001@dtaa.com,23204,0,
{E-0010984},09/24/2026 20:26:34,DA0003,PC-1003,U9869@dtaa.com;U7539@dtaa.com;U6938@dtaa.com;U7909@dtaa.com,,,DA0003@dtaa.com,97443,0,
{E-0034113},09/24/2026 20:52:34,QA0016,PC-1016,U7705@dtaa.com;U7435@dtaa.com,,,QA0016@dtaa.com,35647,1,
{E-0002382},09/24/2026 21:28:34,AA0000,PC-1000,U7175@dtaa.com;U1611@dtaa.com;U2205@dtaa.com,,,AA0000@dtaa.com,279480,1,
{E-0017095},09/24/2026 21:29:34,HA0007,PC-1007,U8126@dtaa.com;U4223@dtaa.com,,,HA0007@dtaa.com,315459,0,
{E-0012297},09/24/2026 21:42:34,EA0004,PC-1004,U6364@dtaa.com;U3091@dtaa.com,,,EA0004@dtaa.com,40333,0,
{E-0020865},09/24/2026 21:42:34,JA0009,PC-1009,U2289@dtaa.com,,,JA0009@dtaa.com,378908,0,
{E-0016163},09/24/2026 21:54:34,GA0006,PC-1006,U4427@dtaa.com;U7574@dtaa.com;U2130@dtaa.com,,,GA0006@dtaa.com,363962,0,
{E-0020864},09/24/2026 21:55:34,JA0009,PC-1009,U1569@dtaa.com,,,JA0009@dtaa.com,320225,0,
{E-0022787},09/24/2026 22:19:34,KA0010,PC-1010,U3765@dtaa.com;U8590@dtaa.com;U8897@dtaa.com;U7850@dtaa.com,,,KA0010@dtaa.com,298169,0,
{E-0031101},09/24/2026 22:44:34,OA0014,PC-1014,U5306@dtaa.com;U3238@dtaa.com,,,OA0014@dtaa.com,70499,0,
{E-0028508},09/24/2026 22:46:34,NA0013,PC-1013,U8987@dtaa.com,,,NA0013@dtaa.com,325105,0,
{E-0035160},09/24/2026 22:51:34,RA0017,PC-1017,U1563@dtaa.com;U9122@dtaa.com;U8912@dtaa.com,,,RA0017@dtaa.com,160632,0,
{E-0010985},09/24/2026 23:04:34,DA0003,PC-1003,U2716@dtaa.com;U2741@dtaa.com,,,DA0003@dtaa.com,398933,0,
{E-0026847},09/24/2026 23:15:34,MA0012,PC-1012,U7651@dtaa.com;U6856@dtaa.com;U4260@dtaa.com;U5312@dtaa.com,,,MA0012@dtaa.com,379052,0,
{E-0013744},09/24/2026 23:27:34,FA0005,PC-1005,U2112@dtaa.com;U1859@dtaa.com;U9003@dtaa.com;U3818@dtaa.com,,,FA0005@dtaa.com,41148,0,
{E-0022786},09/24/2026 23:29:34,KA0010,PC-1010,U3966@dtaa.com;U5717@dtaa.com,,,KA0010@dtaa.com,67376,0,
{E-0017096},09/24/2026 23:31:34,HA0007,PC-1007,U3193@dtaa.com;U4492@dtaa.com;U3611@dtaa.com,,,HA0007@dtaa.com,371925,0,
{E-0008304},09/24/2026 23:32:34,CA0002,PC-1002,U1469@dtaa.com;U6626@dtaa.com,,,CA0002@dtaa.com,375382,0,
{E-0032705},09/24/2026 23:44:34,PA0015,PC-1015,U4043@dtaa.com;U9530@dtaa.com,,,PA0015@dtaa.com,47252,0,
{E-0008303},09/24/2026 23:46:34,CA0002,PC-1002,U7837@dtaa.com,,,CA0002@dtaa.com,195666,0,
{E-0028505},09/24/2026 23:55:34,NA0013,PC-1013,U9248@dtaa.com;U4971@dtaa.com;U3496@dtaa.com;U2755@dtaa.com,,,NA0013@dtaa.com,299067,0,
{E-0035161},09/24/2026 23:56:34,RA0017,PC-1017,U6321@dtaa.com;U2576@dtaa.com,,,RA0017@dtaa.com,144428,0,
{E-0032706},09/24/2026 23:59:34,PA0015,PC-1015,U2992@dtaa.com;U7027@dtaa.com;U8785@dtaa.com;U7267@dtaa.com,,,PA0015@dtaa.com,164836,0,
{E-0016162},09/25/2026 00:09:34,GA0006,PC-1006,U6381@dtaa.com;U1133@dtaa.com;U2093@dtaa.com;U3613@dtaa.com,,,GA0006@dtaa.com,130989,0,
{E-0028506},09/25/2026 00:09:34,NA0013,PC-1013,U8071@dtaa.com,,,NA0013@dtaa.com,152059,0,
{E-0012298},09/25/2026 00:25:34,EA0004,PC-1004,U4106@dtaa.com;U1241@dtaa.com;U4004@dtaa.com;U4316@dtaa.com,,,EA0004@dtaa.com,253189,0,
{E-0028504},09/25/2026 00:27:34,NA0013,PC-1013,U2474@dtaa.com;U6571@dtaa.com,,,NA0013@dtaa.com,132099,1,
{E-0016159},09/25/2026 00:35:34,GA0006,PC-1006,U4753@dtaa.com;U4645@dtaa.com;U3078@dtaa.com;U5032@dtaa.com,,,GA0006@dtaa.com,387431,0,
{E-0016161},09/25/2026 00:48:34,GA0006,PC-1006,U7497@dtaa.com,,,GA0006@dtaa.com,387380,0,
{E-0018729},09/25/2026 00:52:34,IA0008,PC-1008,U9000@dtaa.com;U1614@dtaa.com;U5972@dtaa.com;U4192@dtaa.com,,,IA0008@dtaa.com,77179,0,
{E-0031100},09/25/2026 01:06:34,OA0014,PC-1014,U6733@dtaa.com,,,OA0014@dtaa.com,345516,1,
{E-0022785},09/25/2026 01:09:34,KA0010,PC-1010,U6049@dtaa.com,,,KA0010@dtaa.com,76399,0,
{E-0034114},09/25/2026 01:10:34,QA0016,PC-1016,U3710@dtaa.com;U7266@dtaa.com;U6973@dtaa.com,,,QA0016@dtaa.com,293519,0,
{E-0013743},09/25/2026 01:17:34,FA0005,PC-1005,U6317@dtaa.com,,,FA0005@dtaa.com,75673,0,
{E-0002380},09/25/2026 01:18:34,AA0000,PC-1000,U9440@dtaa.com;U2879@dtaa.com;U7973@dtaa.com,,,AA0000@dtaa.com,183731,0,
{E-0013746},09/25/2026 01:22:34,FA0005,PC-1005,U3686@dtaa.com;U2905@dtaa.com,,,FA0005@dtaa.com,35636,0,
{E-0032707},09/25/2026 01:23:34,PA0015,PC-1015,U5239@dtaa.com;U5476@dtaa.com;U7322@dtaa.com,,,PA0015@dtaa.com,243257,0,
{E-0002383},09/25/2026 01:27:34,AA0000,PC-1000,U7871@dtaa.com;U7816@dtaa.com,,,AA0000@dtaa.com,373409,0,
{E-0008305},09/25/2026 01:46:34,CA0002,PC-1002,U5818@dtaa.com;U7680@dtaa.com;U9194@dtaa.com;U1782@dtaa.com,,,CA0002@dtaa.com,246350,1,
{E-0012299},09/25/2026 01:47:34,EA0004,PC-1004,U6685@dtaa.com;U1809@dtaa.com;U4392@dtaa.com,,,EA0004@dtaa.com,358416,0,
{E-0010983},09/25/2026 01:57:34,DA0003,PC-1003,U9336@dtaa.com;U1097@dtaa.com;U7454@dtaa.com,,,DA0003@dtaa.com,39680,0,
{E-0028509},09/25/2026 02:05:34,NA0013,PC-1013,U3867@dtaa.com;U1806@dtaa.com,,,NA0013@dtaa.com,225282,1,
{E-0032704},09/25/2026 02:13:34,PA0015,PC-1015,U6433@dtaa.com;U8359@dtaa.com;U4502@dtaa.com;U4409@dtaa.com,,,PA0015@dtaa.com,313846,0,
{E-0022788},09/25/2026 02:16:34,KA0010,PC-1010,U3036@dtaa.com;U6269@dtaa.com;U2835@dtaa.com;U5974@dtaa.com,,,KA0010@dtaa.com,340840,0,
{E-0034116},09/25/2026 02:19:34,QA0016,PC-1016,U3840@dtaa.com;U6550@dtaa.com;U2961@dtaa.com,,,QA0016@dtaa.com,73923,0,
{E-0005044},09/25/2026 02:37:34,BA0001,PC-1001,U1305@dtaa.com;U1360@dtaa.com;U9271@dtaa.com,,,BA0001@dtaa.com,312881,0,
{E-0013747},09/25/2026 02:47:34,FA0005,PC-1005,U5952@dtaa.com;U9154@dtaa.com;U7853@dtaa.com,,,FA0005@dtaa.com,272974,0,
{E-0013745},09/25/2026 02:54:34,FA0005,PC-1005,U5033@dtaa.com;U4224@dtaa.com;U4745@dtaa.com,,,FA0005@dtaa.com,244132,0,
{E-0031102},09/25/2026 02:58:34,OA0014,PC-1014,U6410@dtaa.com;U3406@dtaa.com,,,OA0014@dtaa.com,89044,0,
{E-0026846},09/25/2026 03:06:34,MA0012,PC-1012,U5635@dtaa.com;U4231@dtaa.com;U1114@dtaa.com;U2025@dtaa.com,,,MA0012@dtaa.com,24183,1,
{E-0034115},09/25/2026 03:09:34,QA0016,PC-1016,U4508@dtaa.com,,,QA0016@dtaa.com,375953,1,
{E-0028507},09/25/2026 03:10:34,NA0013,PC-1013,U7936@dtaa.com;U8124@dtaa.com;U2098@dtaa.com,,,NA0013@dtaa.com,37302,0,
{E-0026844},09/25/2026 03:20:34,MA0012,PC-1012,U6717@dtaa.com,,,MA0012@dtaa.com,204266,0,
{E-0034112},09/25/2026 04:19:34,QA0016,PC-1016,U4367@dtaa.com,,,QA0016@dtaa.com,122200,0,
{E-0022789},09/25/2026 04:20:34,KA0010,PC-1010,U4219@dtaa.com;U9169@dtaa.com;U8833@dtaa.com;U9286@dtaa.com,,,KA0010@dtaa.com,291291,1,
{E-0035159},09/25/2026 04:24:34,RA0017,PC-1017,U3050@dtaa.com;U6880@dtaa.com;U6234@dtaa.com,,,RA0017@dtaa.com,172302,1,
{E-0024852},09/25/2026 04:26:34,LA0011,PC-1011,U4096@dtaa.com;U1707@dtaa.com;U9759@dtaa.com,,,LA0011@dtaa.com,213585,1,
{E-0008301},09/25/2026 05:14:34,CA0002,PC-1002,U2508@dtaa.com;U5638@dtaa.com;U3723@dtaa.com;U8127@dtaa.com,,,CA0002@dtaa.com,258831,1,
{E-0013742},09/25/2026 05:33:34,FA0005,PC-1005,U5056@dtaa.com;U4193@dtaa.com,,,FA0005@dtaa.com,317184,0,
{E-0008306},09/25/2026 05:46:34,CA0002,PC-1002,U4769@dtaa.com;U3443@dtaa.com;U4621@dtaa.com;U4856@dtaa.com,,,CA0002@dtaa.com,208359,0,
