id,date,user,pc,filename,to_removable_media,content
{F-0017110},07/26/2026 19:09:34,IA0008,PC-1008,1BF0DC20.xlsx,False,
{F-0022814},07/26/2026 19:25:34,LA0011,PC-1011,A3F04ABC.txt,False,
{F-0017108},07/26/2026 19:27:34,IA0008,PC-1008,3EB231A0.doc,False,
{F-0022800},07/26/2026 19:30:34,LA0011,PC-1011,370C962A.txt,False,
{F-0022813},07/26/2026 19:33:34,LA0011,PC-1011,08E961F3.doc,False,
{F-0026864},07/26/2026 19:41:34,NA0013,PC-1013,3CB8496C.doc,False,
{F-0008322},07/26/2026 19:42:34,DA0003,PC-1003,6F619D30.xls,False,
{F-0018743},07/26/2026 19:47:34,JA0009,PC-1009,0BCB4870.txt,False,
{F-0022803},07/26/2026 19:48:34,LA0011,PC-1011,F474C579.doc,False,
{F-0017103},07/26/2026 19:49:34,IA0008,PC-1008,3ED0E8D4.doc,False,
{F-0026863},07/26/2026 19:49:34,NA0013,PC-1013,E8E173CD.txt,False,
{F-0008321},07/26/2026 19:52:34,DA0003,PC-1003,69A752CA.doc,False,
{F-0013750},07/26/2026 19:58:34,GA0006,PC-1006,50D1B310.doc,False,
{F-0022818},07/26/2026 20:00:34,LA0011,PC-1011,F5D75753.doc,False,
{F-0017111},07/26/2026 20:02:34,IA0008,PC-1008,3DA6D12A.doc,False,
{F-0017104},07/26/2026 20:03:34,IA0008,PC-1008,99EA5835.xlsx,False,
{F-0018745},07/26/2026 20:06:34,JA0009,PC-1009,8DFBC3CF.doc,False,
{F-0028521},07/26/2026 20:06:34,OA0014,PC-1014,078E8396.pdf,False,
{F-0008318},07/26/2026 20:07:34,DA0003,PC-1003,CE860E90.xls,False,
{F-0022793},07/26/2026 20:08:34,LA0011,PC-1011,76E305E5.doc,False,
{F-0026856},07/26/2026 20:08:34,NA0013,PC-1013,7DF86007.txt,False,
{F-0002396},07/26/2026 20:11:34,BA0001,PC-1001,CCF8421D.pdf,False,
{F-0022806},07/26/2026 20:17:34,LA0011,PC-1011,83DA3E29.txt,False,
{F-0032711},07/26/2026 20:17:34,QA0016,PC-1016,CEDBFAA0.txt,False,
{F-0010993},07/26/2026 20:18:34,EA0004,PC-1004,7F9BF57C.txt,False,
{F-0026860},07/26/2026 20:18:34,NA0013,PC-1013,008B143E.xls,False,
{F-0008310},07/26/2026 20:20:34,DA0003,PC-1003,EF8E7793.xlsx,False,
{F-0022799},07/26/2026 20:23:34,LA0011,PC-1011,B9388724.txt,False,
{F-0028519},07/26/2026 20:27:34,OA0014,PC-1014,3FB3C6B7.pdf,False,
{F-0022796},07/26/2026 20:29:34,LA0011,PC-1011,C788B22B.jpg,False,
{F-0018741},07/26/2026 20:31:34,JA0009,PC-1009,CA481B36.txt,False,
{F-0031106},07/26/2026 20:31:34,PA0015,PC-1015,3229F99E.pdf,False,
{F-0018754},07/26/2026 20:33:34,JA0009,PC-1009,DE41D1CC.pdf,False,
{F-0000017},07/26/2026 20:38:34,AA0000,PC-1000,ECB37EE6.doc,False,
{F-0018752},07/26/2026 20:40:34,JA0009,PC-1009,0FD82D88.doc,False,
{F-0005052},07/26/2026 20:41:34,CA0002,PC-1002,B216F0D6.xlsx,False,
{F-0017102},07/26/2026 20:53:34,IA0008,PC-1008,B3998D3E.txt,False,
{F-0018749},07/26/2026 20:54:34,JA0009,PC-1009,F69FAD86.doc,False,
{F-0000020},07/26/2026 20:56:34,AA0000,PC-1000,CF288DA6.doc,False,
{F-0005069},07/26/2026 21:01:34,CA0002,PC-1002,9F35A0C1.pdf,False,
{F-0000005},07/26/2026 21:02:34,AA0000,PC-1000,CACF2C95.xls,False,
{F-0010989},07/26/2026 21:03:34,EA0004,PC-1004,A6BCD493.xls,False,
{F-0020873},07/26/2026 21:06:34,KA0010,PC-1010,B17BD241.pdf,False,
{F-0031109},07/26/2026 21:06:34,PA0015,PC-1015,D15873B9.txt,False,
{F-0008311},07/26/2026 21:10:34,DA0003,PC-1003,0AEF0297.jpg,False,
{F-0020872},07/26/2026 21:11:34,KA0010,PC-1010,26A97F9A.txt,False,
{F-0013761},07/26/2026 21:14:34,GA0006,PC-1006,C1686118.pdf,False,
{F-0031105},07/26/2026 21:17:34,PA0015,PC-1015,6E6FBEEB.doc,False,
{F-0032717},07/26/2026 21:17:34,QA0016,PC-1016,01B6B76E.doc,False,
{F-0005048},07/26/2026 21:23:34,CA0002,PC-1002,C6130D8D.jpg,False,
{F-0028520},07/26/2026 21:24:34,OA0014,PC-1014,0001DB2F.jpg,False,
{F-0031110},07/26/2026 21:25:34,PA0015,PC-1015,FA558937.xlsx,False,
{F-0002412},07/26/2026 21:26:34,BA0001,PC-1001,6F7A94A2.doc,False,
{F-0018748},07/26/2026 21:29:34,JA0009,PC-1009,F5A3584C.txt,False,
{F-0016172},07/26/2026 21:30:34,HA0007,PC-1007,B7D6FBF9.jpg,False,
{F-0018739},07/26/2026 21:31:34,JA0009,PC-1009,2F21ED1E.xlsx,False,
{F-0008316},07/26/2026 21:34:34,DA0003,PC-1003,62895652.doc,False,
{F-0002411},07/26/2026 21:36:34,BA0001,PC-1001,BB8CF38A.doc,False,
{F-0010995},07/26/2026 21:36:34,EA0004,PC-1004,3C4B5C99.xlsx,False,
{F-0011000},07/26/2026 21:36:34,EA0004,PC-1004,A2D4F7E9.txt,False,
{F-0010988},07/26/2026 21:42:34,EA0004,PC-1004,EE09C1A4.jpg,False,
{F-0012309},07/26/2026 21:44:34,FA0005,PC-1005,C699D2DC.pdf,False,
{F-0002399},07/26/2026 21:45:34,BA0001,PC-1001,2539B868.xlsx,False,
{F-0031114},07/26/2026 21:46:34,PA0015,PC-1015,F578B63A.doc,False,
{F-0022794},07/26/2026 21:48:34,LA0011,PC-1011,D75CD45D.jpg,False,
{F-0022807},07/26/2026 21:50:34,LA0011,PC-1011,391D5C2D.jpg,False,
{F-0026857},07/26/2026 21:50:34,NA0013,PC-1013,99F28748.xls,False,
{F-0010990},07/26/2026 21:52:34,EA0004,PC-1004,4114C02B.xlsx,False,
{F-0005073},07/26/2026 21:55:34,CA0002,PC-1002,D70FB417.txt,False,
{F-0022805},07/26/2026 21:55:34,LA0011,PC-1011,A5102ADB.xlsx,False,
{F-0022798},07/26/2026 21:56:34,LA0011,PC-1011,EAFA6725.doc,False,
{F-0013753},07/26/2026 21:57:34,GA0006,PC-1006,1FD03A27.jpg,False,
{F-0002410},07/26/2026 22:00:34,BA0001,PC-1001,CC50DAD3.xlsx,False,
{F-0008320},07/26/2026 22:05:34,DA0003,PC-1003,80CF0FFE.doc,False,
{F-0031107},07/26/2026 22:06:34,PA0015,PC-1015,7EAB5CA4.pdf,False,
{F-0013757},07/26/2026 22:11:34,GA0006,PC-1006,D21CF9A1.xls,False,
{F-0018740},07/26/2026 22:13:34,JA0009,PC-1009,6700CE0C.doc,False,
{F-0005059},07/26/2026 22:14:34,CA0002,PC-1002,52ED0AEA.doc,False,
{F-0031119},07/26/2026 22:14:34,PA0015,PC-1015,99C52622.xls,False,
{F-0000012},07/26/2026 22:15:34,AA0000,PC-1000,05945BB3.pdf,False,
{F-0002392},07/26/2026 22:18:34,BA0001,PC-1001,F970FCC1.txt,False,
{F-0018746},07/26/2026 22:18:34,JA0009,PC-1009,67C772B2.xls,False,
{F-0026858},07/26/2026 22:22:34,NA0013,PC-1013,807E2EBA.doc,False,
{F-0005060},07/26/2026 22:24:34,CA0002,PC-1002,D5BB8FDE.xlsx,False,
{F-0018744},07/26/2026 22:25:34,JA0009,PC-1009,A61F865D.xls,False,
{F-0028514},07/26/2026 22:29:34,OA0014,PC-1014,F25BB6DB.pdf,False,
{F-0005074},07/26/2026 22:31:34,CA0002,PC-1002,0211D98A.xls,False,
{F-0026862},07/26/2026 22:33:34,NA0013,PC-1013,AC387B9C.txt,False,
{F-0032710},07/26/2026 22:33:34,QA0016,PC-1016,3D4352B7.jpg,False,
{F-0000013},07/26/2026 22:36:34,AA0000,PC-1000,7BBB8294.pdf,False,
{F-0012302},07/26/2026 22:36:34,FA0005,PC-1005,F67FFD20.doc,False,
{F-0013752},07/26/2026 22:37:34,GA0006,PC-1006,2204E654.txt,False,
{F-0012307},07/26/2026 22:40:34,FA0005,PC-1005,D2220D37.doc,False,
{F-0034120},07/26/2026 22:41:34,RA0017,PC-1017,9218703E.xls,False,
{F-0020877},07/26/2026 22:42:34,KA0010,PC-1010,06E34DF2.pdf,False,
{F-0005067},07/26/2026 22:46:34,CA0002,PC-1002,8155661C.xlsx,False,
{F-0018737},07/26/2026 22:46:34,JA0009,PC-1009,66DE3F3B.xlsx,False,
{F-0034122},07/26/2026 22:48:34,RA0017,PC-1017,06545DF5.xlsx,False,
{F-0005064},07/26/2026 22:50:34,CA0002,PC-1002,3048B01F.txt,False,
{F-0012318},07/26/2026 22:50:34,FA0005,PC-1005,D03BD4F4.xls,False,
{F-0002404},07/26/2026 22:51:34,BA0001,PC-1001,06B7F5C8.doc,False,
{F-0000006},07/26/2026 22:54:34,AA0000,PC-1000,7D8497C0.xls,False,
{F-0031112},07/26/2026 22:55:34,PA0015,PC-1015,A80CE24F.pdf,False,
{F-0018738},07/26/2026 22:56:34,JA0009,PC-1009,E26891DF.doc,False,
{F-0022815},07/26/2026 23:02:34,LA0011,PC-1011,C278F3B2.jpg,False,
{F-0022816},07/26/2026 23:02:34,LA0011,PC-1011,0C83BE5C.jpg,False,
{F-0022811},07/26/2026 23:04:34,LA0011,PC-1011,7E37A9AA.txt,False,
{F-0013765},07/26/2026 23:06:34,GA0006,PC-1006,03133F4A.pdf,False,
{F-0002406},07/26/2026 23:07:34,BA0001,PC-1001,A411EB69.txt,False,
{F-0018736},07/26/2026 23:08:34,JA0009,PC-1009,4D0A6CB7.doc,False,
{F-0016169},07/26/2026 23:09:34,HA0007,PC-1007,8FFFD6D7.xlsx,False,
{F-0016170},07/26/2026 23:13:34,HA0007,PC-1007,01C97C8A.doc,False,
{F-0020871},07/26/2026 23:13:34,KA0010,PC-1010,E536CF5C.doc,False,
{F-0031117},07/26/2026 23:13:34,PA0015,PC-1015,C1885CD1.doc,False,
{F-0032713},07/26/2026 23:13:34,QA0016,PC-1016,58F69501.pdf,False,
{F-0028517},07/26/2026 23:14:34,OA0014,PC-1014,7BD792A2.pdf,False,
{F-0002387},07/26/2026 23:16:34,BA0001,PC-1001,F27B16EB.doc,False,
{F-0026859},07/26/2026 23:18:34,NA0013,PC-1013,E1293F43.txt,False,
{F-0002397},07/26/2026 23:21:34,BA0001,PC-1001,864BBC92.pdf,False,
{F-0008319},07/26/2026 23:30:34,DA0003,PC-1003,68BF6B60.doc,False,
{F-0005070},07/26/2026 23:32:34,CA0002,PC-1002,F831ED26.jpg,False,
{F-0016168},07/26/2026 23:37:34,HA0007,PC-1007,49B76444.doc,False,
{F-0031108},07/26/2026 23:37:34,PA0015,PC-1015,BBCFCC19.txt,False,
{F-0031121},07/26/2026 23:37:34,PA0015,PC-1015,E2665AA3.doc,False,
{F-0026853},07/26/2026 23:39:34,NA0013,PC-1013,E76A2CBB.jpg,False,
{F-0026854},07/26/2026 23:40:34,NA0013,PC-1013,ACEDD9B1.jpg,False,
{F-0022810},07/26/2026 23:42:34,LA0011,PC-1011,F7F4427A.doc,False,
{F-0016173},07/26/2026 23:45:34,HA0007,PC-1007,A4779F18.xlsx,False,
{F-0005065},07/26/2026 23:46:34,CA0002,PC-1002,ED68BEF1.jpg,False,
{F-0010999},07/26/2026 23:50:34,EA0004,PC-1004,7ECA99E7.xlsx,False,
{F-0013766},07/26/2026 23:55:34,GA0006,PC-1006,AD6F786C.doc,False,
{F-0010998},07/26/2026 23:58:34,EA0004,PC-1004,715F8C0A.jpg,False,
{F-0032715},07/26/2026 23:58:34,QA0016,PC-1016,0065F160.jpg,False,
{F-0010992},07/27/2026 00:00:34,EA0004,PC-1004,8F00A6A0.pdf,False,
{F-0031113},07/27/2026 00:05:34,PA0015,PC-1015,383EEF0F.doc,False,
{F-0013758},07/27/2026 00:07:34,GA0006,PC-1006,32B11BF9.xls,False,
{F-0005077},07/27/2026 00:08:34,CA0002,PC-1002,12930538.pdf,False,
{F-0016167},07/27/2026 00:09:34,HA0007,PC-1007,D232B151.xlsx,False,
{F-0017101},07/27/2026 00:09:34,IA0008,PC-1008,65C83C57.pdf,False,
{F-0005056},07/27/2026 00:10:34,CA0002,PC-1002,869CB996.jpg,False,
{F-0005080},07/27/2026 00:10:34,CA0002,PC-1002,CC2DBC19.doc,False,
{F-0017109},07/27/2026 00:11:34,IA0008,PC-1008,90907F61.txt,False,
{F-0005082},07/27/2026 00:12:34,CA0002,PC-1002,7C4C7288.pdf,False,
{F-0018734},07/27/2026 00:12:34,JA0009,PC-1009,247DCC27.jpg,False,
{F-0013751},07/27/2026 00:13:34,GA0006,PC-1006,97728E14.xlsx,False,
{F-0008323},07/27/2026 00:17:34,DA0003,PC-1003,B4202EB5.txt,False,
{F-0022819},07/27/2026 00:18:34,LA0011,PC-1011,824E4EBF.doc,False,
{F-0008317},07/27/2026 00:21:34,DA0003,PC-1003,9DBEF15C.xls,False,
{F-0020874},07/27/2026 00:22:34,KA0010,PC-1010,D1E3A3B4.doc,False,
{F-0005076},07/27/2026 00:23:34,CA0002,PC-1002,624B13FD.pdf,False,
{F-0022801},07/27/2026 00:25:34,LA0011,PC-1011,519F14A4.pdf,False,
{F-0000010},07/27/2026 00:29:34,AA0000,PC-1000,FDD59FFC.doc,False,
{F-0008315},07/27/2026 00:29:34,DA0003,PC-1003,91036DDE.xls,False,
{F-0012324},07/27/2026 00:29:34,FA0005,PC-1005,A15F539E.txt,False,
{F-0018750},07/27/2026 00:30:34,JA0009,PC-1009,07D63140.xlsx,False,
{F-0034119},07/27/2026 00:30:34,RA0017,PC-1017,E65E5E78.doc,False,
{F-0005078},07/27/2026 00:31:34,CA0002,PC-1002,77964504.xls,False,
{F-0002398},07/27/2026 00:36:34,BA0001,PC-1001,7D0AAD64.doc,False,
{F-0000007},07/27/2026 00:39:34,AA0000,PC-1000,7F64A182.pdf,False,
{F-0022808},07/27/2026 00:41:34,LA0011,PC-1011,C40C03F9.txt,False,
{F-0002408},07/27/2026 00:47:34,BA0001,PC-1001,874708FC.txt,False,
{F-0013762},07/27/2026 00:48:34,GA0006,PC-1006,1EAA4263.doc,False,
{F-0016174},07/27/2026 00:51:34,HA0007,PC-1007,3501C808.jpg,False,
{F-0005068},07/27/2026 00:55:34,CA0002,PC-1002,FCED9B1E.doc,False,
{F-0008313},07/27/2026 00:57:34,DA0003,PC-1003,87A25A03.txt,False,
{F-0020876},07/27/2026 00:57:34,KA0010,PC-1010,FCAF0EDB.doc,False,
{F-0005055},07/27/2026 00:58:34,CA0002,PC-1002,F5ED5464.doc,False,
{F-0002395},07/27/2026 01:00:34,BA0001,PC-1001,9E85F69A.doc,False,
{F-0010997},07/27/2026 01:06:34,EA0004,PC-1004,47C85908.xls,False,
{F-0018755},07/27/2026 01:06:34,JA0009,PC-1009,23E792D7.pdf,False,
{F-0013759},07/27/2026 01:07:34,GA0006,PC-1006,02D3CA27.doc,False,
{F-0022792},07/27/2026 01:07:34,LA0011,PC-1011,D0244FB0.doc,False,
{F-0002394},07/27/2026 01:09:34,BA0001,PC-1001,95FB59F5.pdf,False,
{F-0008314},07/27/2026 01:12:34,DA0003,PC-1003,B4D08344.pdf,False,
{F-0013756},07/27/2026 01:13:34,GA0006,PC-1006,A89F3491.xlsx,False,
{F-0016166},07/27/2026 01:16:34,HA0007,PC-1007,D7616592.doc,False,
{F-0034121},07/27/2026 01:16:34,RA0017,PC-1017,EBCA6D8A.txt,False,
{F-0017100},07/27/2026 01:19:34,IA0008,PC-1008,C516C2EA.jpg,False,
{F-0031111},07/27/2026 01:19:34,PA0015,PC-1015,80B3C743.doc,False,
{F-0005072},07/27/2026 01:25:34,CA0002,PC-1002,F15CC888.doc,False,
{F-0000008},07/27/2026 01:26:34,AA0000,PC-1000,EA43E4FF.xlsx,False,
{F-0000019},07/27/2026 01:26:34,AA0000,PC-1000,293D857D.doc,False,
{F-0020878},07/27/2026 01:27:34,KA0010,PC-1010,DCCE1196.jpg,False,
{F-0000004},07/27/2026 01:29:34,AA0000,PC-1000,0736228A.doc,False,
{F-0031118},07/27/2026 01:30:34,PA0015,PC-1015,F4EABE92.xls,False,
{F-0012316},07/27/2026 01:34:34,FA0005,PC-1005,47E7EA64.xls,False,
{F-0017099},07/27/2026 01:34:34,IA0008,PC-1008,7DCD27AB.doc,False,
{F-0022795},07/27/2026 01:36:34,LA0011,PC-1011,18C8540C.txt,False,
{F-0032714},07/27/2026 01:36:34,QA0016,PC-1016,00257DE5.xlsx,False,
{F-0002388},07/27/2026 01:37:34,BA0001,PC-1001,D366528D.jpg,False,
{F-0013760},07/27/2026 01:40:34,GA0006,PC-1006,3F33E96A.xlsx,False,
{F-0000015},07/27/2026 01:49:34,AA0000,PC-1000,44F45BEF.jpg,False,
{F-0020880},07/27/2026 01:49:34,KA0010,PC-1010,68015301.jpg,False,
{F-0028512},07/27/2026 01:54:34,OA0014,PC-1014,EE995782.jpg,False,
{F-0002402},07/27/2026 01:55:34,BA0001,PC-1001,458ACE89.xlsx,False,
{F-0013755},07/27/2026 01:58:34,GA0006,PC-1006,2D42FABB.txt,False,
{F-0005061},07/27/2026 02:00:34,CA0002,PC-1002,FAB7128C.doc,False,
{F-0002390},07/27/2026 02:03:34,BA0001,PC-1001,A79ADE7F.xlsx,False,
{F-0005066},07/27/2026 02:06:34,CA0002,PC-1002,2761EBB4.doc,False,
{F-0012310},07/27/2026 02:08:34,FA0005,PC-1005,2B36F9CC.xls,False,
{F-0005054},07/27/2026 02:11:34,CA0002,PC-1002,2F46A772.jpg,False,
{F-0005071},07/27/2026 02:18:34,CA0002,PC-1002,F91F4573.doc,False,
{F-0002409},07/27/2026 02:19:34,BA0001,PC-1001,BCC74DE8.xlsx,False,
{F-0016171},07/27/2026 02:19:34,HA0007,PC-1007,00B85B4A.doc,False,
{F-0022797},07/27/2026 02:21:34,LA0011,PC-1011,A36963B2.xlsx,False,
{F-0005050},07/27/2026 02:22:34,CA0002,PC-1002,280D80FD.pdf,False,
{F-0018753},07/27/2026 02:24:34,JA0009,PC-1009,0F6FDC1E.pdf,False,
{F-0012317},07/27/2026 02:25:34,FA0005,PC-1005,535B03AB.txt,False,
{F-0017106},07/27/2026 02:26:34,IA0008,PC-1008,08480D92.txt,False,
{F-0000011},07/27/2026 02:27:34,AA0000,PC-1000,4A8CB566.jpg,False,
{F-0012314},07/27/2026 02:27:34,FA0005,PC-1005,5AD2C4D3.doc,False,
{F-0034123},07/27/2026 02:29:34,RA0017,PC-1017,81F9A01D.xlsx,False,
{F-0012319},07/27/2026 02:30:34,FA0005,PC-1005,D6E82F3E.doc,False,
{F-0017112},07/27/2026 02:30:34,IA0008,PC-1008,3174B827.txt,False,
{F-0022804},07/27/2026 02:30:34,LA0011,PC-1011,C562B504.txt,False,
{F-0013763},07/27/2026 02:31:34,GA0006,PC-1006,61FC1105.xls,False,
{F-0002386},07/27/2026 02:33:34,BA0001,PC-1001,37024F26.xls,False,
{F-0000018},07/27/2026 02:34:34,AA0000,PC-1000,569EABDA.txt,False,
{F-0000014},07/27/2026 02:35:34,AA0000,PC-1000,116EB1EC.xls,False,
{F-0002393},07/27/2026 02:35:34,BA0001,PC-1001,F65D0D30.doc,False,
{F-0020875},07/27/2026 02:35:34,KA0010,PC-1010,2C3796A0.xls,False,
{F-0005062},07/27/2026 02:37:34,CA0002,PC-1002,0FA46EA0.xlsx,False,
{F-0012315},07/27/2026 02:41:34,FA0005,PC-1005,BD69A87F.xlsx,False,
{F-0010994},07/27/2026 02:42:34,EA0004,PC-1004,B3CD87A1.txt,False,
{F-0018742},07/27/2026 02:44:34,JA0009,PC-1009,137E68C4.doc,False,
{F-0013754},07/27/2026 02:47:34,GA0006,PC-1006,7941C11D.xlsx,False,
{F-0012320},07/27/2026 02:48:34,FA0005,PC-1005,86F7AB23.doc,False,
{F-0026852},07/27/2026 02:51:34,NA0013,PC-1013,0D5AEDFD.xls,False,
{F-0000016},07/27/2026 02:53:34,AA0000,PC-1000,6ADD74BE.xls,False,
{F-0013764},07/27/2026 02:54:34,GA0006,PC-1006,B7F9F953.jpg,False,
{F-0017107},07/27/2026 02:54:34,IA0008,PC-1008,CF35AC82.xlsx,False,
{F-0028518},07/27/2026 02:54:34,OA0014,PC-1014,95F0EF75.xls,False,
{F-0002401},07/27/2026 02:55:34,BA0001,PC-1001,E7C219A2.txt,False,
{F-0002405},07/27/2026 02:55:34,BA0001,PC-1001,325428B3.jpg,False,
{F-0000003},07/27/2026 02:56:34,AA0000,PC-1000,780702DF.doc,False,
{F-0002391},07/27/2026 02:56:34,BA0001,PC-1001,2F43C979.xls,False,
{F-0031115},07/27/2026 02:56:34,PA0015,PC-1015,03F4AE74.txt,False,
{F-0008309},07/27/2026 02:58:34,DA0003,PC-1003,A50CBD8A.doc,False,
{F-0020869},07/27/2026 02:59:34,KA0010,PC-1010,D9ADBCE2.pdf,False,
{F-0020879},07/27/2026 03:01:34,KA0010,PC-1010,68E6EC69.doc,False,
{F-0017105},07/27/2026 03:06:34,IA0008,PC-1008,F22BC282.pdf,False,
{F-0022809},07/27/2026 03:06:34,LA0011,PC-1011,E774641A.xls,False,
{F-0020868},07/27/2026 03:07:34,KA0010,PC-1010,C22A98E0.doc,False,
{F-0022817},07/27/2026 03:07:34,LA0011,PC-1011,B68CFB44.xls,False,
{F-0008312},07/27/2026 03:09:34,DA0003,PC-1003,EDC805B4.doc,False,
{F-0012306},07/27/2026 03:09:34,FA0005,PC-1005,EC484259.doc,False,
{F-0031120},07/27/2026 03:11:34,PA0015,PC-1015,BAF2402C.txt,False,
{F-0005083},07/27/2026 03:13:34,CA0002,PC-1002,FA1AE7B5.xls,False,
{F-0022812},07/27/2026 03:13:34,LA0011,PC-1011,44EC8F51.jpg,False,
{F-0031116},07/27/2026 03:16:34,PA0015,PC-1015,4DD2B737.txt,False,
{F-0028515},07/27/2026 03:18:34,OA0014,PC-1014,3420E077.doc,False,
{F-0018747},07/27/2026 03:19:34,JA0009,PC-1009,257C4CDC.doc,False,
{F-0018751},07/27/2026 03:24:34,JA0009,PC-1009,A9A8ED63.txt,False,
{F-0028513},07/27/2026 03:24:34,OA0014,PC-1014,E52466A6.xls,False,
{F-0002400},07/27/2026 03:25:34,BA0001,PC-1001,CB7B00F2.doc,False,
{F-0018735},07/27/2026 03:25:34,JA0009,PC-1009,E582212B.xlsx,False,
{F-0022802},07/27/2026 03:33:34,LA0011,PC-1011,2E9D8FBC.xls,False,
{F-0031122},07/27/2026 03:33:34,PA0015,PC-1015,919D9C10.xls,False,
{F-0002403},07/27/2026 03:34:34,BA0001,PC-1001,113C0A55.txt,False,
{F-0010991},07/27/2026 03:34:34,EA0004,PC-1004,990C3339.txt,False,
{F-0010996},07/27/2026 03:34:34,EA0004,PC-1004,50F601FC.jpg,False,
{F-0026861},07/27/2026 03:36:34,NA0013,PC-1013,625B4B54.txt,False,
{F-0000009},07/27/2026 03:37:34,AA0000,PC-1000,375248F0.doc,False,
{F-0028516},07/27/2026 03:39:34,OA0014,PC-1014,86939C21.txt,False,
{F-0005063},07/27/2026 03:54:34,CA0002,PC-1002,4A0D774B.jpg,False,
{F-0026850},07/27/2026 03:56:34,NA0013,PC-1013,7E8DC913.doc,False,
{F-0012323},07/27/2026 03:58:34,FA0005,PC-1005,566468F9.xls,False,
{F-0002407},07/27/2026 04:01:34,BA0001,PC-1001,05E47187.xls,False,
{F-0026851},07/27/2026 04:10:34,NA0013,PC-1013,230FBC0D.pdf,False,
{F-0012304},07/27/2026 04:19:34,FA0005,PC-1005,32B1A806.txt,False,
{F-0026855},07/27/2026 04:26:34,NA0013,PC-1013,D0A46B19.txt,False,
{F-0005053},07/27/2026 04:28:34,CA0002,PC-1002,0FBB4F22.xlsx,False,
{F-0032712},07/27/2026 04:35:34,QA0016,PC-1016,0D522A46.doc,False,
{F-0012326},07/27/2026 04:41:34,FA0005,PC-1005,B57B67BF.doc,False,
{F-0002389},07/27/2026 04:42:34,BA0001,PC-1001,B592C194.txt,False,
{F-0032716},07/27/2026 04:46:34,QA0016,PC-1016,3938A738.xls,False,
{F-0005051},07/27/2026 04:49:34,CA0002,PC-1002,857BBBA6.doc,False,
{F-0005057},07/27/2026 04:56:34,CA0002,PC-1002,6E85A754.xls,False,
{F-0020870},07/27/2026 04:58:34,KA0010,PC-1010,13599962.doc,False,
{F-0005079},07/27/2026 05:06:34,CA0002,PC-1002,5BACBEFA.doc,False,
{F-0005047},07/27/2026 05:24:34,CA0002,PC-1002,7E50CA73.pdf,False,
{F-0005049},07/27/2026 05:29:34,CA0002,PC-1002,6A45C017.xls,False,
{F-0012322},07/27/2026 05:33:34,FA0005,PC-1005,F4FD1DC4.jpg,False,
{F-0012312},07/27/2026 05:35:34,FA0005,PC-1005,A0E28523.txt,False,
{F-0005058},07/27/2026 05:36:34,CA0002,PC-1002,A579CE66.doc,False,
{F-0005081},07/27/2026 05:37:34,CA0002,PC-1002,178BAD82.doc,False,
{F-0005075},07/27/2026 05:48:34,CA0002,PC-1002,A1603AD0.txt,False,
{F-0012311},07/27/2026 05:48:34,FA0005,PC-1005,B8A1D531.pdf,False,
{F-0012308},07/27/2026 06:05:34,FA0005,PC-1005,3AACC706.txt,False,
{F-0012305},07/27/2026 06:28:34,FA0005,PC-1005,76C75C78.pdf,False,
{F-0012321},07/27/2026 06:36:34,FA0005,PC-1005,518E0648.jpg,False,
{F-0012325},07/27/2026 06:46:34,FA0005,PC-1005,8D92453E.doc,False,
{F-0012313},07/27/2026 06:53:34,FA0005,PC-1005,231D2307.doc,False,
{F-0012303},07/27/2026 06:54:34,FA0005,PC-1005,71C04F06.txt,False,
{F-0022852},07/27/2026 18:37:34,LA0011,PC-1011,9E358FEC.txt,False,
{F-0022853},07/27/2026 19:09:34,LA0011,PC-1011,24031222.doc,False,
{F-0026895},07/27/2026 19:27:34,NA0013,PC-1013,B8DD6A40.pdf,False,
{F-0018799},07/27/2026 19:28:34,JA0009,PC-1009,7C8FD717.pdf,False,
{F-0018803},07/27/2026 19:38:34,JA0009,PC-1009,82490E85.xls,False,
{F-0013804},07/27/2026 19:49:34,GA0006,PC-1006,7E3D6462.xls,False,
{F-0018789},07/27/2026 19:55:34,JA0009,PC-1009,F3FE8475.jpg,False,
{F-0018801},07/27/2026 20:00:34,JA0009,PC-1009,9F693DF9.jpg,False,
{F-0022847},07/27/2026 20:00:34,LA0011,PC-1011,F493C42E.xls,False,
{F-0022851},07/27/2026 20:02:34,LA0011,PC-1011,8702B221.pdf,False,
{F-0011022},07/27/2026 20:04:34,EA0004,PC-1004,3A000D52.doc,False,
{F-0000053},07/27/2026 20:05:34,AA0000,PC-1000,307466DE.doc,False,
{F-0008378},07/27/2026 20:13:34,DA0003,PC-1003,7293E834.xls,False,
{F-0008371},07/27/2026 20:15:34,DA0003,PC-1003,841516AD.xls,False,
{F-0008386},07/27/2026 20:20:34,DA0003,PC-1003,69E28DE0.jpg,False,
{F-0008384},07/27/2026 20:23:34,DA0003,PC-1003,ECAF3110.doc,False,
{F-0018804},07/27/2026 20:24:34,JA0009,PC-1009,BB9399E2.doc,False,
{F-0026893},07/27/2026 20:25:34,NA0013,PC-1013,5134722E.jpg,False,
{F-0032746},07/27/2026 20:25:34,QA0016,PC-1016,9D3D0F41.xlsx,False,
{F-0031152},07/27/2026 20:29:34,PA0015,PC-1015,A73536BE.jpg,False,
{F-0026901},07/27/2026 20:31:34,NA0013,PC-1013,9F91D7F7.doc,False,
{F-0028603},07/27/2026 20:32:34,OA0014,PC-1014,C1789C70.xlsx,False,
{F-0000055},07/27/2026 20:36:34,AA0000,PC-1000,B704FB6B.pdf,False,
{F-0020921},07/27/2026 20:37:34,KA0010,PC-1010,20E83DBD.jpg,False,
{F-0011026},07/27/2026 20:38:34,EA0004,PC-1004,CA0A404B.xls,False,
{F-0000051},07/27/2026 20:39:34,AA0000,PC-1000,816856C6.doc,False,
{F-0018795},07/27/2026 20:39:34,JA0009,PC-1009,8F442443.doc,False,
{F-0018796},07/27/2026 20:41:34,JA0009,PC-1009,2452C0EB.txt,False,
{F-0026897},07/27/2026 20:42:34,NA0013,PC-1013,1CEB19BF.doc,False,
{F-0032743},07/27/2026 20:43:34,QA0016,PC-1016,FBB70B54.txt,False,
{F-0005144},07/27/2026 20:44:34,CA0002,PC-1002,F34B85D3.xlsx,False,
{F-0011016},07/27/2026 20:45:34,EA0004,PC-1004,84F8AD11.pdf,False,
{F-0013802},07/27/2026 20:45:34,GA0006,PC-1006,A6485C00.xls,False,
{F-0020916},07/27/2026 20:45:34,KA0010,PC-1010,555AB5C5.jpg,False,
{F-0002458},07/27/2026 20:48:34,BA0001,PC-1001,08D042F6.txt,False,
{F-0020932},07/27/2026 20:52:34,KA0010,PC-1010,3AEAFF23.pdf,False,
{F-0022849},07/27/2026 20:53:34,LA0011,PC-1011,8665A478.doc,False,
{F-0002455},07/27/2026 20:55:34,BA0001,PC-1001,F5DA92E2.xls,False,
{F-0005149},07/27/2026 20:58:34,CA0002,PC-1002,CC3467A8.txt,False,
{F-0018798},07/27/2026 21:05:34,JA0009,PC-1009,8B3A7A89.xlsx,False,
{F-0031159},07/27/2026 21:15:34,PA0015,PC-1015,58DF6EC7.doc,False,
{F-0018809},07/27/2026 21:16:34,JA0009,PC-1009,7E583E89.doc,False,
{F-0020927},07/27/2026 21:17:34,KA0010,PC-1010,83000E78.xlsx,False,
{F-0024862},07/27/2026 21:20:34,MA0012,PC-1012,08DFAD2D.pdf,False,
{F-0002467},07/27/2026 21:23:34,BA0001,PC-1001,758C1CD1.doc,False,
{F-0005128},07/27/2026 21:23:34,CA0002,PC-1002,AFB95AA1.txt,False,
{F-0018797},07/27/2026 21:24:34,JA0009,PC-1009,624DA8C5.jpg,False,
{F-0028605},07/27/2026 21:26:34,OA0014,PC-1014,D84A1C91.doc,False,
{F-0022850},07/27/2026 21:27:34,LA0011,PC-1011,0E2B30DB.txt,False,
{F-0011020},07/27/2026 21:28:34,EA0004,PC-1004,47B582B9.doc,False,
{F-0008391},07/27/2026 21:30:34,DA0003,PC-1003,A3893A66.txt,False,
{F-0022848},07/27/2026 21:33:34,LA0011,PC-1011,38FF9AA5.xls,False,
{F-0031157},07/27/2026 21:33:34,PA0015,PC-1015,3A65FF14.pdf,False,
{F-0008389},07/27/2026 21:35:34,DA0003,PC-1003,6A394BC7.jpg,False,
{F-0024858},07/27/2026 21:38:34,MA0012,PC-1012,7917703C.pdf,False,
{F-0013809},07/27/2026 21:43:34,GA0006,PC-1006,E50B68B2.xls,False,
{F-0008373},07/27/2026 21:44:34,DA0003,PC-1003,9BC00F61.xlsx,False,
{F-0008374},07/27/2026 21:44:34,DA0003,PC-1003,79052275.doc,False,
{F-0005124},07/27/2026 21:45:34,CA0002,PC-1002,4666337E.doc,False,
{F-0002456},07/27/2026 21:47:34,BA0001,PC-1001,9340B010.jpg,False,
{F-0013807},07/27/2026 21:49:34,GA0006,PC-1006,338E3C13.pdf,False,
{F-0018802},07/27/2026 21:50:34,JA0009,PC-1009,AAA6676F.xlsx,False,
{F-0005147},07/27/2026 21:51:34,CA0002,PC-1002,6231D62C.jpg,False,
{F-0000048},07/27/2026 21:52:34,AA0000,PC-1000,A7F3F00D.doc,False,
{F-0031155},07/27/2026 21:59:34,PA0015,PC-1015,3FF2C69C.pdf,False,
{F-0028601},07/27/2026 22:03:34,OA0014,PC-1014,01E22CA8.xlsx,False,
{F-0013810},07/27/2026 22:06:34,GA0006,PC-1006,A7E8BB7B.pdf,False,
{F-0024863},07/27/2026 22:10:34,MA0012,PC-1012,64B6CDAF.xls,False,
{F-0005131},07/27/2026 22:11:34,CA0002,PC-1002,0056432B.pdf,False,
{F-0028611},07/27/2026 22:11:34,OA0014,PC-1014,87E11889.doc,False,
{F-0018786},07/27/2026 22:13:34,JA0009,PC-1009,C0A38BDE.txt,False,
{F-0018792},07/27/2026 22:23:34,JA0009,PC-1009,1CC42865.pdf,False,
{F-0000059},07/27/2026 22:26:34,AA0000,PC-1000,05554BB1.pdf,False,
{F-0008387},07/27/2026 22:27:34,DA0003,PC-1003,F307CDD9.txt,False,
{F-0020915},07/27/2026 22:27:34,KA0010,PC-1010,EA29730A.txt,False,
{F-0018791},07/27/2026 22:29:34,JA0009,PC-1009,925D420B.pdf,False,
{F-0011015},07/27/2026 22:31:34,EA0004,PC-1004,3E22E7E2.jpg,False,
{F-0018793},07/27/2026 22:31:34,JA0009,PC-1009,46A6D934.doc,False,
{F-0020931},07/27/2026 22:32:34,KA0010,PC-1010,9E4FC943.xls,False,
{F-0008375},07/27/2026 22:33:34,DA0003,PC-1003,E18A55B4.pdf,False,
{F-0008372},07/27/2026 22:34:34,DA0003,PC-1003,AB0D2E88.jpg,False,
{F-0028607},07/27/2026 22:34:34,OA0014,PC-1014,732099A6.xls,False,
{F-0031150},07/27/2026 22:35:34,PA0015,PC-1015,EF4248C6.xls,False,
{F-0031151},07/27/2026 22:35:34,PA0015,PC-1015,F3A51C44.doc,False,
{F-0032745},07/27/2026 22:36:34,QA0016,PC-1016,EA1999BF.doc,False,
{F-0034143},07/27/2026 22:38:34,RA0017,PC-1017,0116065F.jpg,False,
{F-0008382},07/27/2026 22:40:34,DA0003,PC-1003,E70AD54D.doc,False,
{F-0011024},07/27/2026 22:41:34,EA0004,PC-1004,BF406E02.jpg,False,
{F-0005141},07/27/2026 22:48:34,CA0002,PC-1002,BAEF637B.txt,False,
{F-0002462},07/27/2026 22:50:34,BA0001,PC-1001,8E159CF9.doc,False,
{F-0011017},07/27/2026 22:50:34,EA0004,PC-1004,D57B7980.xlsx,False,
{F-0018794},07/27/2026 22:51:34,JA0009,PC-1009,6385BB91.jpg,False,
{F-0026894},07/27/2026 22:53:34,NA0013,PC-1013,8BB94024.jpg,False,
{F-0032747},07/27/2026 22:53:34,QA0016,PC-1016,F6551736.txt,False,
{F-0018787},07/27/2026 22:55:34,JA0009,PC-1009,7DB16909.xlsx,False,
{F-0028614},07/27/2026 22:57:34,OA0014,PC-1014,E2754AD5.jpg,False,
{F-0005142},07/27/2026 23:03:34,CA0002,PC-1002,F0B77102.jpg,False,
{F-0013803},07/27/2026 23:05:34,GA0006,PC-1006,EAA13CA0.doc,False,
{F-0002464},07/27/2026 23:06:34,BA0001,PC-1001,EE9594DF.xlsx,False,
{F-0018806},07/27/2026 23:11:34,JA0009,PC-1009,95314D48.doc,False,
{F-0028602},07/27/2026 23:11:34,OA0014,PC-1014,5E4D3EDA.doc,False,
{F-0005137},07/27/2026 23:16:34,CA0002,PC-1002,BF34FFB0.doc,False,
{F-0011021},07/27/2026 23:18:34,EA0004,PC-1004,13F9399A.xls,False,
{F-0005130},07/27/2026 23:20:34,CA0002,PC-1002,AA7510C9.doc,False,
{F-0008379},07/27/2026 23:21:34,DA0003,PC-1003,C96E0DF5.pdf,False,
{F-0000050},07/27/2026 23:22:34,AA0000,PC-1000,D6C66678.doc,False,
{F-0016192},07/27/2026 23:27:34,HA0007,PC-1007,06275FB3.doc,False,
{F-0028613},07/27/2026 23:27:34,OA0014,PC-1014,18E78337.pdf,False,
{F-0026898},07/27/2026 23:32:34,NA0013,PC-1013,AED26B29.xls,False,
{F-0031158},07/27/2026 23:33:34,PA0015,PC-1015,F62B1590.jpg,False,
{F-0028612},07/27/2026 23:37:34,OA0014,PC-1014,B69B437D.pdf,False,
{F-0005123},07/27/2026 23:40:34,CA0002,PC-1002,50DE36A6.jpg,False,
{F-0024857},07/27/2026 23:43:34,MA0012,PC-1012,58E973F3.doc,False,
{F-0008383},07/27/2026 23:47:34,DA0003,PC-1003,2A2A52D7.txt,False,
{F-0013811},07/27/2026 23:48:34,GA0006,PC-1006,DA08AA76.xls,False,
{F-0005136},07/27/2026 23:50:34,CA0002,PC-1002,37C3341B.xls,False,
{F-0024861},07/27/2026 23:51:34,MA0012,PC-1012,A204A835.xls,False,
{F-0000058},07/27/2026 23:53:34,AA0000,PC-1000,BB5630A7.doc,False,
{F-0018805},07/27/2026 23:57:34,JA0009,PC-1009,0FBF0CF0.xlsx,False,
{F-0024859},07/27/2026 23:57:34,MA0012,PC-1012,5DCAFB2B.doc,False,
{F-0013815},07/27/2026 23:59:34,GA0006,PC-1006,2D7B72CE.xls,False,
{F-0013814},07/28/2026 00:04:34,GA0006,PC-1006,FD51D6A4.pdf,False,
{F-0016191},07/28/2026 00:04:34,HA0007,PC-1007,21696157.jpg,False,
{F-0028606},07/28/2026 00:06:34,OA0014,PC-1014,7361451A.doc,False,
{F-0022856},07/28/2026 00:07:34,LA0011,PC-1011,49D707F2.doc,False,
{F-0022858},07/28/2026 00:08:34,LA0011,PC-1011,9AEFD448.doc,False,
{F-0018790},07/28/2026 00:10:34,JA0009,PC-1009,67C4A7BD.doc,False,
{F-0005132},07/28/2026 00:12:34,CA0002,PC-1002,7A5F7B09.doc,False,
{F-0013806},07/28/2026 00:14:34,GA0006,PC-1006,F2B1C1A5.xlsx,False,
{F-0013813},07/28/2026 00:19:34,GA0006,PC-1006,869C6BCF.doc,False,
{F-0005140},07/28/2026 00:21:34,CA0002,PC-1002,02445A02.pdf,False,
{F-0034141},07/28/2026 00:22:34,RA0017,PC-1017,B18E4B0F.doc,False,
{F-0002461},07/28/2026 00:23:34,BA0001,PC-1001,E6B885E0.pdf,False,
{F-0020928},07/28/2026 00:26:34,KA0010,PC-1010,B644C6B5.jpg,False,
{F-0028609},07/28/2026 00:28:34,OA0014,PC-1014,58129B31.xlsx,False,
{F-0026892},07/28/2026 00:30:34,NA0013,PC-1013,A7B891E6.pdf,False,
{F-0011018},07/28/2026 00:31:34,EA0004,PC-1004,C53CF0D5.pdf,False,
{F-0005126},07/28/2026 00:37:34,CA0002,PC-1002,743E216D.pdf,False,
{F-0005148},07/28/2026 00:37:34,CA0002,PC-1002,522D5DC3.jpg,False,
{F-0031153},07/28/2026 00:38:34,PA0015,PC-1015,F96F00BE.xls,False,
{F-0016190},07/28/2026 00:47:34,HA0007,PC-1007,666283E3.pdf,False,
{F-0020926},07/28/2026 01:05:34,KA0010,PC-1010,EF4F602F.xls,False,
{F-0008385},07/28/2026 01:07:34,DA0003,PC-1003,F405A568.xls,False,
{F-0008369},07/28/2026 01:08:34,DA0003,PC-1003,46C3D271.doc,False,
{F-0022845},07/28/2026 01:11:34,LA0011,PC-1011,04512305.jpg,False,
{F-0028599},07/28/2026 01:13:34,OA0014,PC-1014,8B308DC5.pdf,False,
{F-0022846},07/28/2026 01:19:34,LA0011,PC-1011,18FAA5EE.xls,False,
{F-0008390},07/28/2026 01:21:34,DA0003,PC-1003,EE6BA094.jpg,False,
{F-0005138},07/28/2026 01:22:34,CA0002,PC-1002,9AF620D0.xls,False,
{F-0000047},07/28/2026 01:24:34,AA0000,PC-1000,17F3D595.pdf,False,
{F-0002460},07/28/2026 01:26:34,BA0001,PC-1001,29048EB1.jpg,False,
{F-0005139},07/28/2026 01:26:34,CA0002,PC-1002,AADF36B5.pdf,False,
{F-0013808},07/28/2026 01:26:34,GA0006,PC-1006,A9941DE5.xls,False,
{F-0031154},07/28/2026 01:27:34,PA0015,PC-1015,A3C6DC1F.txt,False,
{F-0024856},07/28/2026 01:38:34,MA0012,PC-1012,392EFC0B.xls,False,
{F-0005134},07/28/2026 01:40:34,CA0002,PC-1002,62DDBEFB.doc,False,
{F-0002459},07/28/2026 01:41:34,BA0001,PC-1001,B1435251.jpg,False,
{F-0018807},07/28/2026 01:41:34,JA0009,PC-1009,3D5A53F7.txt,False,
{F-0026896},07/28/2026 01:42:34,NA0013,PC-1013,67F9F71F.jpg,False,
{F-0002465},07/28/2026 01:43:34,BA0001,PC-1001,2DCD6489.xlsx,False,
{F-0000049},07/28/2026 01:48:34,AA0000,PC-1000,CAA2A58E.pdf,False,
{F-0024860},07/28/2026 01:48:34,MA0012,PC-1012,4B51A76F.txt,False,
{F-0008370},07/28/2026 01:49:34,DA0003,PC-1003,E46E1D6F.doc,False,
{F-0022854},07/28/2026 01:50:34,LA0011,PC-1011,703DDA29.xls,False,
{F-0028600},07/28/2026 01:52:34,OA0014,PC-1014,520D8F22.xlsx,False,
{F-0008388},07/28/2026 01:54:34,DA0003,PC-1003,68DF6D96.pdf,False,
{F-0028610},07/28/2026 01:55:34,OA0014,PC-1014,852D0135.doc,False,
{F-0008381},07/28/2026 01:57:34,DA0003,PC-1003,B7775201.doc,False,
{F-0008377},07/28/2026 02:00:34,DA0003,PC-1003,562A3C9A.txt,False,
{F-0011019},07/28/2026 02:00:34,EA0004,PC-1004,D866394E.doc,False,
{F-0002466},07/28/2026 02:02:34,BA0001,PC-1001,6E970494.jpg,False,
{F-0020923},07/28/2026 02:02:34,KA0010,PC-1010,52B4D905.jpg,False,
{F-0020930},07/28/2026 02:02:34,KA0010,PC-1010,EF637837.jpg,False,
{F-0020918},07/28/2026 02:05:34,KA0010,PC-1010,AA077689.doc,False,
{F-0000052},07/28/2026 02:06:34,AA0000,PC-1000,86821F8F.jpg,False,
{F-0022857},07/28/2026 02:09:34,LA0011,PC-1011,4439C555.jpg,False,
{F-0000056},07/28/2026 02:11:34,AA0000,PC-1000,BA6D8904.xlsx,False,
{F-0002463},07/28/2026 02:14:34,BA0001,PC-1001,A5EADBF3.pdf,False,
{F-0031160},07/28/2026 02:16:34,PA0015,PC-1015,A9254F86.txt,False,
{F-0005135},07/28/2026 02:17:34,CA0002,PC-1002,CEBA3AE2.jpg,False,
{F-0005127},07/28/2026 02:26:34,CA0002,PC-1002,953F4C60.doc,False,
{F-0020917},07/28/2026 02:26:34,KA0010,PC-1010,C839D6B6.doc,False,
{F-0032742},07/28/2026 02:26:34,QA0016,PC-1016,92AAF171.pdf,False,
{F-0013805},07/28/2026 02:30:34,GA0006,PC-1006,6F9B0F23.doc,False,
{F-0018800},07/28/2026 02:34:34,JA0009,PC-1009,DCBAE11C.xlsx,False,
{F-0018788},07/28/2026 02:41:34,JA0009,PC-1009,9F90828D.xlsx,False,
{F-0000060},07/28/2026 02:42:34,AA0000,PC-1000,5C16DBAA.xlsx,False,
{F-0020922},07/28/2026 02:42:34,KA0010,PC-1010,01FED097.doc,False,
{F-0011023},07/28/2026 02:46:34,EA0004,PC-1004,09F84EAA.xls,False,
{F-0018808},07/28/2026 02:51:34,JA0009,PC-1009,197F55E9.doc,False,
{F-0028598},07/28/2026 02:52:34,OA0014,PC-1014,3FFAF880.pdf,False,
{F-0026900},07/28/2026 03:01:34,NA0013,PC-1013,8F670943.doc,False,
{F-0013812},07/28/2026 03:04:34,GA0006,PC-1006,6F75DC6D.doc,False,
{F-0011014},07/28/2026 03:05:34,EA0004,PC-1004,F53B2933.doc,False,
{F-0005129},07/28/2026 03:06:34,CA0002,PC-1002,5FE0B0BC.jpg,False,
{F-0008380},07/28/2026 03:07:34,DA0003,PC-1003,68C796D2.pdf,False,
{F-0032744},07/28/2026 03:12:34,QA0016,PC-1016,AE97A148.xlsx,False,
{F-0000054},07/28/2026 03:14:34,AA0000,PC-1000,B182C9B3.doc,False,
{F-0002457},07/28/2026 03:16:34,BA0001,PC-1001,C9152D47.pdf,False,
{F-0000057},07/28/2026 03:19:34,AA0000,PC-1000,468FCA3C.pdf,False,
{F-0011025},07/28/2026 03:35:34,EA0004,PC-1004,0C910773.txt,False,
{F-0020929},07/28/2026 03:38:34,KA0010,PC-1010,DEA04EA0.xlsx,False,
{F-0028604},07/28/2026 03:39:34,OA0014,PC-1014,74C10BD4.pdf,False,
{F-0034142},07/28/2026 03:39:34,RA0017,PC-1017,A524B87D.doc,False,
{F-0008376},07/28/2026 03:45:34,DA0003,PC-1003,A0DA13A9.txt,False,
{F-0026899},07/28/2026 03:48:34,NA0013,PC-1013,8F3EA1D6.txt,False,
{F-0005145},07/28/2026 03:54:34,CA0002,PC-1002,3F477971.doc,False,
{F-0022855},07/28/2026 03:55:34,LA0011,PC-1011,B8001F27.xlsx,False,
{F-0028608},07/28/2026 03:55:34,OA0014,PC-1014,26EA17C4.xlsx,False,
{F-0020919},07/28/2026 03:58:34,KA0010,PC-1010,6CE309CA.doc,False,
{F-0005143},07/28/2026 03:59:34,CA0002,PC-1002,7FE1747D.xlsx,False,
{F-0031156},07/28/2026 04:05:34,PA0015,PC-1015,430720DC.xlsx,False,
{F-0020920},07/28/2026 04:12:34,KA0010,PC-1010,5C1A223A.doc,False,
{F-0024865},07/28/2026 04:14:34,MA0012,PC-1012,6C819A80.pdf,False,
{F-0005125},07/28/2026 04:40:34,CA0002,PC-1002,C63EC407.jpg,False,
{F-0024864},07/28/2026 04:47:34,MA0012,PC-1012,A36D5827.jpg,False,
{F-0005146},07/28/2026 04:55:34,CA0002,PC-1002,9061B8D5.jpg,False,
{F-0005133},07/28/2026 04:58:34,CA0002,PC-1002,2211E37C.txt,False,
{F-0020925},07/28/2026 05:09:34,KA0010,PC-1010,0C2D4FC6.txt,False,
{F-0020924},07/28/2026 05:14:34,KA0010,PC-1010,D939643F.jpg,False,
{F-0017152},07/28/2026 18:51:34,IA0008,PC-1008,89A54A4A.jpg,False,
{F-0024911},07/28/2026 18:51:34,MA0012,PC-1012,3C88FC60.xlsx,False,
{F-0026923},07/28/2026 18:51:34,NA0013,PC-1013,CE9F4A84.xls,False,
{F-0024912},07/28/2026 19:07:34,MA0012,PC-1012,CB5958DD.xls,False,
{F-0018858},07/28/2026 19:09:34,JA0009,PC-1009,F636D14C.xls,False,
{F-0024915},07/28/2026 19:20:34,MA0012,PC-1012,60CE7E53.xlsx,False,
{F-0008445},07/28/2026 19:22:34,DA0003,PC-1003,F81E55B2.xlsx,False,
{F-0028681},07/28/2026 19:23:34,OA0014,PC-1014,1CC197AE.xls,False,
{F-0018853},07/28/2026 19:25:34,JA0009,PC-1009,00449B30.doc,False,
{F-0018860},07/28/2026 19:27:34,JA0009,PC-1009,1F08C406.xls,False,
{F-0008443},07/28/2026 19:29:34,DA0003,PC-1003,71507EAF.txt,False,
{F-0024917},07/28/2026 19:37:34,MA0012,PC-1012,264FD5C1.jpg,False,
{F-0018838},07/28/2026 19:41:34,JA0009,PC-1009,F227CEA6.txt,False,
{F-0028675},07/28/2026 19:49:34,OA0014,PC-1014,396FD1D2.xlsx,False,
{F-0026925},07/28/2026 19:51:34,NA0013,PC-1013,B448AB4A.pdf,False,
{F-0013887},07/28/2026 19:53:34,GA0006,PC-1006,053D2B73.xls,False,
{F-0031193},07/28/2026 19:59:34,PA0015,PC-1015,E2530AC4.xlsx,False,
{F-0008438},07/28/2026 20:03:34,DA0003,PC-1003,11D17B50.doc,False,
{F-0016218},07/28/2026 20:04:34,HA0007,PC-1007,F6787B82.doc,False,
{F-0005216},07/28/2026 20:08:34,CA0002,PC-1002,96099837.pdf,False,
{F-0032769},07/28/2026 20:09:34,QA0016,PC-1016,5CF8AFE3.txt,False,
{F-0005215},07/28/2026 20:11:34,CA0002,PC-1002,20970B95.txt,False,
{F-0032775},07/28/2026 20:12:34,QA0016,PC-1016,7F23C6E7.doc,False,
{F-0002528},07/28/2026 20:16:34,BA0001,PC-1001,0FE7E716.jpg,False,
{F-0005232},07/28/2026 20:23:34,CA0002,PC-1002,D64D4032.doc,False,
{F-0017158},07/28/2026 20:23:34,IA0008,PC-1008,CC4D4F87.txt,False,
{F-0005224},07/28/2026 20:27:34,CA0002,PC-1002,207D96CC.xls,False,
{F-0020958},07/28/2026 20:27:34,KA0010,PC-1010,3A4C8695.jpg,False,
{F-0000093},07/28/2026 20:30:34,AA0000,PC-1000,B43F2F2E.xls,False,
{F-0022890},07/28/2026 20:31:34,LA0011,PC-1011,455C156A.pdf,False,
{F-0005229},07/28/2026 20:36:34,CA0002,PC-1002,578D2CBC.xls,False,
{F-0000100},07/28/2026 20:38:34,AA0000,PC-1000,3FF17449.jpg,False,
{F-0008444},07/28/2026 20:38:34,DA0003,PC-1003,DF866341.pdf,False,
{F-0018855},07/28/2026 20:39:34,JA0009,PC-1009,826D6A2F.xls,False,
{F-0022896},07/28/2026 20:40:34,LA0011,PC-1011,6F03EB16.xlsx,False,
{F-0017155},07/28/2026 20:42:34,IA0008,PC-1008,0EA38152.xls,False,
{F-0024908},07/28/2026 20:43:34,MA0012,PC-1012,A285412D.txt,False,
{F-0008435},07/28/2026 20:44:34,DA0003,PC-1003,84D8F44A.jpg,False,
{F-0016212},07/28/2026 20:44:34,HA0007,PC-1007,16B560A9.jpg,False,
{F-0018843},07/28/2026 20:44:34,JA0009,PC-1009,56344B3C.xls,False,
{F-0022883},07/28/2026 20:45:34,LA0011,PC-1011,8849D0F1.doc,False,
{F-0031202},07/28/2026 20:47:34,PA0015,PC-1015,AEE40131.doc,False,
{F-0026927},07/28/2026 20:51:34,NA0013,PC-1013,3AACCB3C.jpg,False,
{F-0031192},07/28/2026 20:52:34,PA0015,PC-1015,316BC439.xlsx,False,
{F-0018839},07/28/2026 21:04:34,JA0009,PC-1009,032F14F2.xls,False,
{F-0020954},07/28/2026 21:05:34,KA0010,PC-1010,89AE8111.xls,False,
{F-0002522},07/28/2026 21:06:34,BA0001,PC-1001,2233B533.xls,False,
{F-0017157},07/28/2026 21:08:34,IA0008,PC-1008,F6E8A467.jpg,False,
{F-0022894},07/28/2026 21:08:34,LA0011,PC-1011,25D788AD.xls,False,
{F-0020951},07/28/2026 21:13:34,KA0010,PC-1010,1C066D38.doc,False,
{F-0032772},07/28/2026 21:18:34,QA0016,PC-1016,6896411B.doc,False,
{F-0002534},07/28/2026 21:20:34,BA0001,PC-1001,D937ED10.pdf,False,
{F-0011050},07/28/2026 21:20:34,EA0004,PC-1004,ADC41BA7.jpg,False,
{F-0017161},07/28/2026 21:22:34,IA0008,PC-1008,C41061F1.xlsx,False,
{F-0018846},07/28/2026 21:22:34,JA0009,PC-1009,E1F0C46E.doc,False,
{F-0005226},07/28/2026 21:25:34,CA0002,PC-1002,AC2D7B0D.doc,False,
{F-0013886},07/28/2026 21:32:34,GA0006,PC-1006,90E60D15.xlsx,False,
{F-0022889},07/28/2026 21:33:34,LA0011,PC-1011,8156A6DB.jpg,False,
{F-0020969},07/28/2026 21:35:34,KA0010,PC-1010,32B43E01.txt,False,
{F-0005227},07/28/2026 21:38:34,CA0002,PC-1002,68A006F1.doc,False,
{F-0022897},07/28/2026 21:38:34,LA0011,PC-1011,5E645253.doc,False,
{F-0028671},07/28/2026 21:43:34,OA0014,PC-1014,D4DE5639.doc,False,
{F-0018854},07/28/2026 21:46:34,JA0009,PC-1009,E45883F4.txt,False,
{F-0002516},07/28/2026 21:50:34,BA0001,PC-1001,DDD8E577.doc,False,
{F-0028673},07/28/2026 21:55:34,OA0014,PC-1014,DA27CAD6.txt,False,
{F-0026924},07/28/2026 21:57:34,NA0013,PC-1013,C1AA48ED.pdf,False,
{F-0000099},07/28/2026 21:58:34,AA0000,PC-1000,89723209.xls,False,
{F-0031194},07/28/2026 22:03:34,PA0015,PC-1015,937A26B4.xlsx,False,
{F-0005205},07/28/2026 22:07:34,CA0002,PC-1002,5C10C707.txt,False,
{F-0032777},07/28/2026 22:07:34,QA0016,PC-1016,ACFC92CE.doc,False,
{F-0013889},07/28/2026 22:08:34,GA0006,PC-1006,DDCC3586.doc,False,
{F-0028672},07/28/2026 22:08:34,OA0014,PC-1014,6CFEF1BD.doc,False,
{F-0000091},07/28/2026 22:09:34,AA0000,PC-1000,3E05B0C9.xls,False,
{F-0008436},07/28/2026 22:09:34,DA0003,PC-1003,3883DB54.jpg,False,
{F-0012360},07/28/2026 22:14:34,FA0005,PC-1005,9309CF49.jpg,False,
{F-0018849},07/28/2026 22:14:34,JA0009,PC-1009,A262CA41.jpg,False,
{F-0012347},07/28/2026 22:16:34,FA0005,PC-1005,44699C1B.doc,False,
{F-0016209},07/28/2026 22:16:34,HA0007,PC-1007,96B478D8.doc,False,
{F-0005207},07/28/2026 22:27:34,CA0002,PC-1002,FC998DA2.doc,False,
{F-0028679},07/28/2026 22:28:34,OA0014,PC-1014,82B752C3.doc,False,
{F-0012362},07/28/2026 22:29:34,FA0005,PC-1005,F4578708.txt,False,
{F-0002525},07/28/2026 22:32:34,BA0001,PC-1001,E1E5F89C.txt,False,
{F-0028678},07/28/2026 22:33:34,OA0014,PC-1014,FD9528B0.txt,False,
{F-0024909},07/28/2026 22:34:34,MA0012,PC-1012,D87D7CA5.doc,False,
{F-0018848},07/28/2026 22:40:34,JA0009,PC-1009,0A2DD39B.doc,False,
{F-0028670},07/28/2026 22:42:34,OA0014,PC-1014,15434C7E.txt,False,
{F-0013883},07/28/2026 22:43:34,GA0006,PC-1006,65BE704A.doc,False,
{F-0032776},07/28/2026 22:44:34,QA0016,PC-1016,F4B5601D.doc,False,
{F-0028680},07/28/2026 22:46:34,OA0014,PC-1014,8971D7A2.xlsx,False,
{F-0011049},07/28/2026 22:50:34,EA0004,PC-1004,CB8D74A9.txt,False,
{F-0020967},07/28/2026 22:51:34,KA0010,PC-1010,96759E02.xlsx,False,
{F-0012364},07/28/2026 22:52:34,FA0005,PC-1005,F57DE7FA.xlsx,False,
{F-0022891},07/28/2026 22:54:34,LA0011,PC-1011,4FB582C3.jpg,False,
{F-0011051},07/28/2026 22:55:34,EA0004,PC-1004,4632D3E1.xls,False,
{F-0018857},07/28/2026 22:56:34,JA0009,PC-1009,7A4DA9AB.doc,False,
{F-0016216},07/28/2026 23:01:34,HA0007,PC-1007,47F39F6D.xls,False,
{F-0024918},07/28/2026 23:02:34,MA0012,PC-1012,4D90EF64.xls,False,
{F-0008446},07/28/2026 23:08:34,DA0003,PC-1003,32B5079E.jpg,False,
{F-0017160},07/28/2026 23:08:34,IA0008,PC-1008,4E4A8257.doc,False,
{F-0002533},07/28/2026 23:10:34,BA0001,PC-1001,CE3C585E.xls,False,
{F-0002518},07/28/2026 23:11:34,BA0001,PC-1001,88677E75.pdf,False,
{F-0024914},07/28/2026 23:12:34,MA0012,PC-1012,B58F3CA0.doc,False,
{F-0002530},07/28/2026 23:13:34,BA0001,PC-1001,2FB17465.txt,False,
{F-0005223},07/28/2026 23:13:34,CA0002,PC-1002,9886E517.xlsx,False,
{F-0028674},07/28/2026 23:13:34,OA0014,PC-1014,6C517143.doc,False,
{F-0016214},07/28/2026 23:15:34,HA0007,PC-1007,58F271EC.txt,False,
{F-0020966},07/28/2026 23:20:34,KA0010,PC-1010,E5360701.pdf,False,
{F-0017154},07/28/2026 23:21:34,IA0008,PC-1008,0AC206D2.xlsx,False,
{F-0020968},07/28/2026 23:21:34,KA0010,PC-1010,B6159339.pdf,False,
{F-0016217},07/28/2026 23:23:34,HA0007,PC-1007,B01AF9A5.xls,False,
{F-0005209},07/28/2026 23:24:34,CA0002,PC-1002,230952A5.txt,False,
{F-0020957},07/28/2026 23:24:34,KA0010,PC-1010,FC630D4F.doc,False,
{F-0017159},07/28/2026 23:33:34,IA0008,PC-1008,8C222171.txt,False,
{F-0020963},07/28/2026 23:40:34,KA0010,PC-1010,4D564C60.jpg,False,
{F-0008439},07/28/2026 23:42:34,DA0003,PC-1003,97D4A856.doc,False,
{F-0032771},07/28/2026 23:43:34,QA0016,PC-1016,55C871FF.xlsx,False,
{F-0032773},07/28/2026 23:43:34,QA0016,PC-1016,85AC5EF7.txt,False,
{F-0018841},07/28/2026 23:44:34,JA0009,PC-1009,D8567ACF.txt,False,
{F-0000097},07/28/2026 23:45:34,AA0000,PC-1000,51E39B83.txt,False,
{F-0020965},07/28/2026 23:49:34,KA0010,PC-1010,2C44BA44.doc,False,
{F-0020962},07/28/2026 23:50:34,KA0010,PC-1010,3BDF2FA5.jpg,False,
{F-0017162},07/28/2026 23:51:34,IA0008,PC-1008,325010E8.doc,False,
{F-0005231},07/28/2026 23:54:34,CA0002,PC-1002,35001373.pdf,False,
{F-0022887},07/28/2026 23:58:34,LA0011,PC-1011,1DF58C95.xlsx,False,
{F-0005233},07/29/2026 00:01:34,CA0002,PC-1002,6E5F7A46.jpg,False,
{F-0018847},07/29/2026 00:06:34,JA0009,PC-1009,9DA4D783.xls,False,
{F-0008441},07/29/2026 00:07:34,DA0003,PC-1003,ECE4F85F.txt,False,
{F-0002521},07/29/2026 00:08:34,BA0001,PC-1001,D84DE2DF.pdf,False,
{F-0022892},07/29/2026 00:08:34,LA0011,PC-1011,BCD9F448.xls,False,
{F-0008442},07/29/2026 00:12:34,DA0003,PC-1003,98308620.doc,False,
{F-0028683},07/29/2026 00:13:34,OA0014,PC-1014,A8D02D46.txt,False,
{F-0031201},07/29/2026 00:13:34,PA0015,PC-1015,2BF3BCB4.xlsx,False,
{F-0002526},07/29/2026 00:15:34,BA0001,PC-1001,6EE4E8D6.doc,False,
{F-0022888},07/29/2026 00:17:34,LA0011,PC-1011,3223852E.pdf,False,
{F-0018859},07/29/2026 00:19:34,JA0009,PC-1009,46BF4F56.doc,False,
{F-0002524},07/29/2026 00:22:34,BA0001,PC-1001,973F2EB5.xlsx,False,
{F-0018851},07/29/2026 00:22:34,JA0009,PC-1009,5C81AE16.xlsx,False,
{F-0026928},07/29/2026 00:23:34,NA0013,PC-1013,FE56260D.doc,False,
{F-0013880},07/29/2026 00:26:34,GA0006,PC-1006,055D9A8E.xls,False,
{F-0031191},07/29/2026 00:28:34,PA0015,PC-1015,F0160D43.jpg,False,
{F-0005234},07/29/2026 00:29:34,CA0002,PC-1002,284C738C.doc,False,
{F-0005230},07/29/2026 00:31:34,CA0002,PC-1002,DFDE392C.xls,False,
{F-0002517},07/29/2026 00:32:34,BA0001,PC-1001,A559D737.doc,False,
{F-0012356},07/29/2026 00:32:34,FA0005,PC-1005,50519F64.xlsx,False,
{F-0017164},07/29/2026 00:33:34,IA0008,PC-1008,5BAD7B14.jpg,False,
{F-0020961},07/29/2026 00:33:34,KA0010,PC-1010,4E8D20A4.pdf,False,
{F-0005219},07/29/2026 00:35:34,CA0002,PC-1002,F8D47DCD.xlsx,False,
{F-0013878},07/29/2026 00:35:34,GA0006,PC-1006,2866C769.pdf,False,
{F-0022898},07/29/2026 00:35:34,LA0011,PC-1011,C2CB2FDD.xls,False,
{F-0005217},07/29/2026 00:36:34,CA0002,PC-1002,5482DBBA.txt,False,
{F-0020952},07/29/2026 00:36:34,KA0010,PC-1010,0D7CE7B2.pdf,False,
{F-0024913},07/29/2026 00:36:34,MA0012,PC-1012,540F550E.doc,False,
{F-0032774},07/29/2026 00:41:34,QA0016,PC-1016,503CEC9C.doc,False,
{F-0002529},07/29/2026 00:42:34,BA0001,PC-1001,E77EF7F7.pdf,False,
{F-0018844},07/29/2026 00:42:34,JA0009,PC-1009,153052C1.xls,False,
{F-0031199},07/29/2026 00:45:34,PA0015,PC-1015,2FFC4C8F.doc,False,
{F-0013879},07/29/2026 00:46:34,GA0006,PC-1006,8DC8EDB9.txt,False,
{F-0028676},07/29/2026 00:49:34,OA0014,PC-1014,E095BD3D.xlsx,False,
{F-0011048},07/29/2026 01:01:34,EA0004,PC-1004,AF6EEAC8.doc,False,
{F-0018852},07/29/2026 01:09:34,JA0009,PC-1009,973A2CB0.txt,False,
{F-0002531},07/29/2026 01:10:34,BA0001,PC-1001,63016244.txt,False,
{F-0020949},07/29/2026 01:13:34,KA0010,PC-1010,C9F211C9.doc,False,
{F-0018850},07/29/2026 01:16:34,JA0009,PC-1009,789A2AC6.doc,False,
{F-0031190},07/29/2026 01:16:34,PA0015,PC-1015,DF9FD9FF.xlsx,False,
{F-0002523},07/29/2026 01:18:34,BA0001,PC-1001,E9E12310.xls,False,
{F-0011047},07/29/2026 01:20:34,EA0004,PC-1004,3DAC357F.doc,False,
{F-0008437},07/29/2026 01:21:34,DA0003,PC-1003,B421C023.pdf,False,
{F-0005221},07/29/2026 01:24:34,CA0002,PC-1002,A4B3837B.txt,False,
{F-0020955},07/29/2026 01:25:34,KA0010,PC-1010,29BF15E8.pdf,False,
{F-0022884},07/29/2026 01:25:34,LA0011,PC-1011,6A296F61.pdf,False,
{F-0000098},07/29/2026 01:26:34,AA0000,PC-1000,1E46F0F8.xlsx,False,
{F-0028677},07/29/2026 01:28:34,OA0014,PC-1014,DFD77F91.pdf,False,
{F-0031196},07/29/2026 01:40:34,PA0015,PC-1015,6E47153A.doc,False,
{F-0002515},07/29/2026 01:45:34,BA0001,PC-1001,60A86A6F.doc,False,
{F-0018842},07/29/2026 01:45:34,JA0009,PC-1009,9E5F7D62.jpg,False,
{F-0028682},07/29/2026 01:46:34,OA0014,PC-1014,57561B42.doc,False,
{F-0020953},07/29/2026 01:48:34,KA0010,PC-1010,477427AB.doc,False,
{F-0005210},07/29/2026 01:52:34,CA0002,PC-1002,0D723B1A.xlsx,False,
{F-0013885},07/29/2026 01:53:34,GA0006,PC-1006,6DE8E426.jpg,False,
{F-0017156},07/29/2026 01:57:34,IA0008,PC-1008,86967350.txt,False,
{F-0031197},07/29/2026 01:57:34,PA0015,PC-1015,A8EE1EEB.doc,False,
{F-0012348},07/29/2026 01:59:34,FA0005,PC-1005,FF20CBD7.jpg,False,
{F-0012354},07/29/2026 01:59:34,FA0005,PC-1005,BF368BFF.xlsx,False,
{F-0005235},07/29/2026 02:04:34,CA0002,PC-1002,82B06EDD.xlsx,False,
{F-0016215},07/29/2026 02:05:34,HA0007,PC-1007,31177B02.xlsx,False,
{F-0002535},07/29/2026 02:06:34,BA0001,PC-1001,9FC630CD.doc,False,
{F-0000092},07/29/2026 02:10:34,AA0000,PC-1000,5FC99A2F.jpg,False,
{F-0013881},07/29/2026 02:10:34,GA0006,PC-1006,88B5A17E.jpg,False,
{F-0011045},07/29/2026 02:12:34,EA0004,PC-1004,75917DA1.txt,False,
{F-0018845},07/29/2026 02:13:34,JA0009,PC-1009,1A64B58A.pdf,False,
{F-0018856},07/29/2026 02:14:34,JA0009,PC-1009,CD24C0F7.doc,False,
{F-0012357},07/29/2026 02:16:34,FA0005,PC-1005,BF9DDE41.doc,False,
{F-0005220},07/29/2026 02:18:34,CA0002,PC-1002,DF754DD3.jpg,False,
{F-0002520},07/29/2026 02:20:34,BA0001,PC-1001,48D90448.jpg,False,
{F-0017153},07/29/2026 02:25:34,IA0008,PC-1008,8FC57D61.pdf,False,
{F-0012363},07/29/2026 02:26:34,FA0005,PC-1005,DD7183B6.doc,False,
{F-0018840},07/29/2026 02:26:34,JA0009,PC-1009,E8F0EB38.xls,False,
{F-0005213},07/29/2026 02:30:34,CA0002,PC-1002,E8F1BACE.jpg,False,
{F-0017163},07/29/2026 02:30:34,IA0008,PC-1008,F7CA03BA.doc,False,
{F-0000095},07/29/2026 02:34:34,AA0000,PC-1000,EFCFE862.pdf,False,
{F-0031195},07/29/2026 02:36:34,PA0015,PC-1015,935E6FB4.jpg,False,
{F-0012359},07/29/2026 02:40:34,FA0005,PC-1005,66ED5279.xls,False,
{F-0024910},07/29/2026 02:40:34,MA0012,PC-1012,CFD4E0A3.xls,False,
{F-0020950},07/29/2026 02:42:34,KA0010,PC-1010,72DC4DCC.xls,False,
{F-0031200},07/29/2026 02:47:34,PA0015,PC-1015,429DC9AE.xls,False,
{F-0020960},07/29/2026 02:48:34,KA0010,PC-1010,1954D21F.xlsx,False,
{F-0000094},07/29/2026 02:54:34,AA0000,PC-1000,10C326D8.xls,False,
{F-0011046},07/29/2026 02:57:34,EA0004,PC-1004,9E984BA2.doc,False,
{F-0013884},07/29/2026 02:59:34,GA0006,PC-1006,CD7CEA83.doc,False,
{F-0016213},07/29/2026 03:01:34,HA0007,PC-1007,9DE6392C.doc,False,
{F-0034174},07/29/2026 03:01:34,RA0017,PC-1017,1ED459B4.xlsx,False,
{F-0002527},07/29/2026 03:08:34,BA0001,PC-1001,E7FB4B7A.xlsx,False,
{F-0031198},07/29/2026 03:09:34,PA0015,PC-1015,49277A1A.jpg,False,
{F-0012350},07/29/2026 03:20:34,FA0005,PC-1005,66BE934E.jpg,False,
{F-0013888},07/29/2026 03:20:34,GA0006,PC-1006,87C7E9D7.jpg,False,
{F-0020956},07/29/2026 03:20:34,KA0010,PC-1010,E83BCC65.txt,False,
{F-0008440},07/29/2026 03:22:34,DA0003,PC-1003,8C3FE175.doc,False,
{F-0011044},07/29/2026 03:23:34,EA0004,PC-1004,17D0F2D7.xls,False,
{F-0022886},07/29/2026 03:24:34,LA0011,PC-1011,FC2D770B.xls,False,
{F-0012355},07/29/2026 03:30:34,FA0005,PC-1005,A250C3F6.pdf,False,
{F-0013877},07/29/2026 03:30:34,GA0006,PC-1006,19426A93.txt,False,
{F-0016210},07/29/2026 03:32:34,HA0007,PC-1007,313A9933.pdf,False,
{F-0012358},07/29/2026 03:40:34,FA0005,PC-1005,5AD92BE5.doc,False,
{F-0024916},07/29/2026 03:41:34,MA0012,PC-1012,D90D6BF8.doc,False,
{F-0005214},07/29/2026 03:42:34,CA0002,PC-1002,46F83B89.doc,False,
{F-0020959},07/29/2026 03:42:34,KA0010,PC-1010,01D3A394.doc,False,
{F-0002532},07/29/2026 03:45:34,BA0001,PC-1001,542FCCD2.txt,False,
{F-0000096},07/29/2026 03:46:34,AA0000,PC-1000,651B4A0C.jpg,False,
{F-0024907},07/29/2026 03:47:34,MA0012,PC-1012,BF4CEEF6.doc,False,
{F-0032770},07/29/2026 03:47:34,QA0016,PC-1016,C46D182C.txt,False,
{F-0011043},07/29/2026 03:49:34,EA0004,PC-1004,7EE21060.txt,False,
{F-0026926},07/29/2026 03:49:34,NA0013,PC-1013,FD751557.jpg,False,
{F-0005212},07/29/2026 03:52:34,CA0002,PC-1002,8E7C64D9.txt,False,
{F-0013882},07/29/2026 03:52:34,GA0006,PC-1006,2D55616C.doc,False,
{F-0005218},07/29/2026 04:01:34,CA0002,PC-1002,552A98FD.pdf,False,
{F-0022885},07/29/2026 04:01:34,LA0011,PC-1011,D7248C7A.xls,False,
{F-0024919},07/29/2026 04:01:34,MA0012,PC-1012,AA0F03DA.doc,False,
{F-0016211},07/29/2026 04:06:34,HA0007,PC-1007,9CA27E12.pdf,False,
{F-0002519},07/29/2026 04:11:34,BA0001,PC-1001,DE9CED73.jpg,False,
{F-0005225},07/29/2026 04:11:34,CA0002,PC-1002,6EAEB4C5.xls,False,
{F-0020964},07/29/2026 04:18:34,KA0010,PC-1010,955530D0.doc,False,
{F-0012351},07/29/2026 04:23:34,FA0005,PC-1005,4E81B12D.xls,False,
{F-0005208},07/29/2026 04:26:34,CA0002,PC-1002,FA834B97.pdf,False,
{F-0034175},07/29/2026 04:28:34,RA0017,PC-1017,7891828A.doc,False,
{F-0022882},07/29/2026 04:39:34,LA0011,PC-1011,34D61F33.xlsx,False,
{F-0022893},07/29/2026 04:39:34,LA0011,PC-1011,D0AB7EBC.jpg,False,
{F-0022895},07/29/2026 04:45:34,LA0011,PC-1011,80686742.jpg,False,
{F-0005211},07/29/2026 04:48:34,CA0002,PC-1002,0D362EA6.jpg,False,
{F-0005222},07/29/2026 04:54:34,CA0002,PC-1002,EBADE322.jpg,False,
{F-0012353},07/29/2026 05:03:34,FA0005,PC-1005,59311FCD.xlsx,False,
{F-0012352},07/29/2026 05:09:34,FA0005,PC-1005,667A43ED.jpg,False,
{F-0005206},07/29/2026 05:15:34,CA0002,PC-1002,3496245F.doc,False,
{F-0005228},07/29/2026 05:20:34,CA0002,PC-1002,EBE89207.txt,False,
{F-0012349},07/29/2026 05:50:34,FA0005,PC-1005,CBF4602E.xlsx,False,
{F-0012361},07/29/2026 05:59:34,FA0005,PC-1005,31E163ED.jpg,False,
{F-0024955},07/29/2026 18:32:34,MA0012,PC-1012,5B8D656F.xlsx,False,
{F-0013943},07/29/2026 19:11:34,GA0006,PC-1006,7B7E7C53.xlsx,False,
{F-0017191},07/29/2026 19:14:34,IA0008,PC-1008,80C05EBB.jpg,False,
{F-0008501},07/29/2026 19:16:34,DA0003,PC-1003,ED171C43.xlsx,False,
{F-0016228},07/29/2026 19:25:34,HA0007,PC-1007,952050B6.xls,False,
{F-0017192},07/29/2026 19:25:34,IA0008,PC-1008,FA0C28DB.xlsx,False,
{F-0008490},07/29/2026 19:28:34,DA0003,PC-1003,D79E0794.jpg,False,
{F-0028728},07/29/2026 19:31:34,OA0014,PC-1014,6D29CA1E.doc,False,
{F-0013948},07/29/2026 19:49:34,GA0006,PC-1006,99DF6F72.pdf,False,
{F-0002603},07/29/2026 19:54:34,BA0001,PC-1001,A188C4E0.txt,False,
{F-0028719},07/29/2026 19:54:34,OA0014,PC-1014,05B5AD50.xlsx,False,
{F-0022942},07/29/2026 19:58:34,LA0011,PC-1011,2AC54EBA.doc,False,
{F-0018921},07/29/2026 19:59:34,JA0009,PC-1009,9AD67DE9.jpg,False,
{F-0018933},07/29/2026 20:01:34,JA0009,PC-1009,036FA4F0.doc,False,
{F-0000142},07/29/2026 20:05:34,AA0000,PC-1000,757CD3CB.jpg,False,
{F-0017193},07/29/2026 20:06:34,IA0008,PC-1008,C811F367.txt,False,
{F-0002622},07/29/2026 20:12:34,BA0001,PC-1001,272B451B.pdf,False,
{F-0017189},07/29/2026 20:14:34,IA0008,PC-1008,F015F789.xlsx,False,
{F-0002605},07/29/2026 20:17:34,BA0001,PC-1001,4E855B87.txt,False,
{F-0008494},07/29/2026 20:17:34,DA0003,PC-1003,C3413D58.doc,False,
{F-0002608},07/29/2026 20:18:34,BA0001,PC-1001,93F7054F.xls,False,
{F-0013938},07/29/2026 20:19:34,GA0006,PC-1006,8A100D84.jpg,False,
{F-0012384},07/29/2026 20:22:34,FA0005,PC-1005,5F496084.doc,False,
{F-0011071},07/29/2026 20:26:34,EA0004,PC-1004,FFF39E5E.doc,False,
{F-0005290},07/29/2026 20:27:34,CA0002,PC-1002,2B84F834.txt,False,
{F-0002596},07/29/2026 20:28:34,BA0001,PC-1001,CF595099.xlsx,False,
{F-0005294},07/29/2026 20:29:34,CA0002,PC-1002,A4DE44B1.doc,False,
{F-0012385},07/29/2026 20:29:34,FA0005,PC-1005,81E365AD.doc,False,
{F-0000138},07/29/2026 20:32:34,AA0000,PC-1000,33093A94.xls,False,
{F-0005296},07/29/2026 20:34:34,CA0002,PC-1002,440BEE8A.jpg,False,
{F-0026954},07/29/2026 20:35:34,NA0013,PC-1013,17C617D0.xlsx,False,
{F-0026959},07/29/2026 20:37:34,NA0013,PC-1013,C8F5DC11.doc,False,
{F-0002612},07/29/2026 20:40:34,BA0001,PC-1001,7A3A7CD4.jpg,False,
{F-0016230},07/29/2026 20:40:34,HA0007,PC-1007,07B4AE44.xls,False,
{F-0000139},07/29/2026 20:42:34,AA0000,PC-1000,AAB77799.doc,False,
{F-0018915},07/29/2026 20:43:34,JA0009,PC-1009,EBCB32C1.doc,False,
{F-0008493},07/29/2026 20:45:34,DA0003,PC-1003,BFD74B1E.doc,False,
{F-0013946},07/29/2026 20:45:34,GA0006,PC-1006,38A14244.txt,False,
{F-0011075},07/29/2026 20:48:34,EA0004,PC-1004,B2AE5953.xlsx,False,
{F-0016227},07/29/2026 20:48:34,HA0007,PC-1007,4461CF57.pdf,False,
{F-0005280},07/29/2026 20:49:34,CA0002,PC-1002,E5F8E8E3.doc,False,
{F-0008505},07/29/2026 20:51:34,DA0003,PC-1003,19B4F6BA.xls,False,
{F-0018918},07/29/2026 21:04:34,JA0009,PC-1009,1480577D.xls,False,
{F-0017190},07/29/2026 21:05:34,IA0008,PC-1008,3931596C.pdf,False,
{F-0018925},07/29/2026 21:06:34,JA0009,PC-1009,6B1D1ECA.pdf,False,
{F-0018916},07/29/2026 21:08:34,JA0009,PC-1009,C8BC9C5A.pdf,False,
{F-0011069},07/29/2026 21:09:34,EA0004,PC-1004,5A30C56F.pdf,False,
{F-0008498},07/29/2026 21:11:34,DA0003,PC-1003,99431F3A.pdf,False,
{F-0013944},07/29/2026 21:11:34,GA0006,PC-1006,E339C28C.txt,False,
{F-0022930},07/29/2026 21:12:34,LA0011,PC-1011,AD48BC1C.txt,False,
{F-0022933},07/29/2026 21:13:34,LA0011,PC-1011,3E3E633C.txt,False,
{F-0026956},07/29/2026 21:13:34,NA0013,PC-1013,DCF7BA17.doc,False,
{F-0008506},07/29/2026 21:25:34,DA0003,PC-1003,591A3EF0.doc,False,
{F-0002606},07/29/2026 21:26:34,BA0001,PC-1001,1ABEB7F2.txt,False,
{F-0012386},07/29/2026 21:26:34,FA0005,PC-1005,4A77A655.txt,False,
{F-0022944},07/29/2026 21:26:34,LA0011,PC-1011,8A28F819.jpg,False,
{F-0028718},07/29/2026 21:27:34,OA0014,PC-1014,3707580B.jpg,False,
{F-0002621},07/29/2026 21:28:34,BA0001,PC-1001,7486339A.txt,False,
{F-0022945},07/29/2026 21:30:34,LA0011,PC-1011,E02981E8.xls,False,
{F-0017198},07/29/2026 21:31:34,IA0008,PC-1008,64DA2C70.xlsx,False,
{F-0017197},07/29/2026 21:32:34,IA0008,PC-1008,A014BCD1.txt,False,
{F-0005283},07/29/2026 21:34:34,CA0002,PC-1002,A4B27CEE.xls,False,
{F-0002597},07/29/2026 21:35:34,BA0001,PC-1001,41ABC82A.doc,False,
{F-0017194},07/29/2026 21:35:34,IA0008,PC-1008,30AC53EF.pdf,False,
{F-0013942},07/29/2026 21:37:34,GA0006,PC-1006,16F827C9.xls,False,
{F-0028721},07/29/2026 21:37:34,OA0014,PC-1014,F22724A9.doc,False,
{F-0012390},07/29/2026 21:42:34,FA0005,PC-1005,B50BDB82.pdf,False,
{F-0008495},07/29/2026 21:43:34,DA0003,PC-1003,46FFD54A.txt,False,
{F-0032807},07/29/2026 21:45:34,QA0016,PC-1016,2062F862.jpg,False,
{F-0018923},07/29/2026 21:47:34,JA0009,PC-1009,FE6B3C93.doc,False,
{F-0031231},07/29/2026 21:47:34,PA0015,PC-1015,0F1C5A1B.pdf,False,
{F-0024957},07/29/2026 21:51:34,MA0012,PC-1012,43615FD6.jpg,False,
{F-0022941},07/29/2026 21:55:34,LA0011,PC-1011,E27CF9E3.xlsx,False,
{F-0012391},07/29/2026 21:56:34,FA0005,PC-1005,6D284655.jpg,False,
{F-0005297},07/29/2026 22:01:34,CA0002,PC-1002,1B122D1C.doc,False,
{F-0008500},07/29/2026 22:02:34,DA0003,PC-1003,BB83AEDA.xlsx,False,
{F-0028717},07/29/2026 22:09:34,OA0014,PC-1014,CAB9EAB2.doc,False,
{F-0002623},07/29/2026 22:16:34,BA0001,PC-1001,8AC3D6AE.jpg,False,
{F-0032803},07/29/2026 22:22:34,QA0016,PC-1016,C6C92B71.pdf,False,
{F-0008492},07/29/2026 22:24:34,DA0003,PC-1003,59793116.xlsx,False,
{F-0018928},07/29/2026 22:26:34,JA0009,PC-1009,F304FC24.jpg,False,
{F-0022940},07/29/2026 22:29:34,LA0011,PC-1011,510E3392.xlsx,False,
{F-0013939},07/29/2026 22:30:34,GA0006,PC-1006,885AE9E0.xls,False,
{F-0018914},07/29/2026 22:31:34,JA0009,PC-1009,8FE68E54.xls,False,
{F-0002604},07/29/2026 22:34:34,BA0001,PC-1001,FCDE0AD5.pdf,False,
{F-0002602},07/29/2026 22:39:34,BA0001,PC-1001,1DEB7FE9.doc,False,
{F-0017187},07/29/2026 22:39:34,IA0008,PC-1008,ECB657CE.jpg,False,
{F-0008497},07/29/2026 22:44:34,DA0003,PC-1003,C07E36EE.jpg,False,
{F-0008507},07/29/2026 22:44:34,DA0003,PC-1003,129F193C.pdf,False,
{F-0031229},07/29/2026 22:44:34,PA0015,PC-1015,1798C57D.txt,False,
{F-0005310},07/29/2026 22:46:34,CA0002,PC-1002,B0A02B1E.doc,False,
{F-0005299},07/29/2026 22:48:34,CA0002,PC-1002,C25B04C0.txt,False,
{F-0002618},07/29/2026 22:53:34,BA0001,PC-1001,E653E8AF.doc,False,
{F-0005306},07/29/2026 22:56:34,CA0002,PC-1002,18735953.txt,False,
{F-0017199},07/29/2026 22:57:34,IA0008,PC-1008,DC21E159.xlsx,False,
{F-0021014},07/29/2026 23:00:34,KA0010,PC-1010,B4096433.xlsx,False,
{F-0013936},07/29/2026 23:04:34,GA0006,PC-1006,F44AA9E7.xls,False,
{F-0002609},07/29/2026 23:08:34,BA0001,PC-1001,E2CF3D01.xlsx,False,
{F-0005285},07/29/2026 23:08:34,CA0002,PC-1002,213B8DFB.xls,False,
{F-0002619},07/29/2026 23:12:34,BA0001,PC-1001,7B46DCF3.doc,False,
{F-0011077},07/29/2026 23:13:34,EA0004,PC-1004,CA84321E.doc,False,
{F-0005300},07/29/2026 23:14:34,CA0002,PC-1002,5942F2C2.xls,False,
{F-0024959},07/29/2026 23:14:34,MA0012,PC-1012,E15A0703.txt,False,
{F-0031228},07/29/2026 23:18:34,PA0015,PC-1015,FEDE143D.txt,False,
{F-0012387},07/29/2026 23:25:34,FA0005,PC-1005,90B251B6.doc,False,
{F-0034203},07/29/2026 23:25:34,RA0017,PC-1017,63D3A252.jpg,False,
{F-0026958},07/29/2026 23:26:34,NA0013,PC-1013,027882AB.txt,False,
{F-0013947},07/29/2026 23:27:34,GA0006,PC-1006,1A61AA4F.txt,False,
{F-0012395},07/29/2026 23:28:34,FA0005,PC-1005,97E7E226.xls,False,
{F-0008503},07/29/2026 23:29:34,DA0003,PC-1003,F1FEC4D1.xlsx,False,
{F-0002610},07/29/2026 23:30:34,BA0001,PC-1001,9E0804A4.txt,False,
{F-0000143},07/29/2026 23:31:34,AA0000,PC-1000,48380328.doc,False,
{F-0005293},07/29/2026 23:33:34,CA0002,PC-1002,167457F9.pdf,False,
{F-0032802},07/29/2026 23:35:34,QA0016,PC-1016,BAF2A023.doc,False,
{F-0000137},07/29/2026 23:36:34,AA0000,PC-1000,EF86584F.doc,False,
{F-0011070},07/29/2026 23:40:34,EA0004,PC-1004,734C53D8.pdf,False,
{F-0024960},07/29/2026 23:40:34,MA0012,PC-1012,E8D0A940.xlsx,False,
{F-0031232},07/29/2026 23:41:34,PA0015,PC-1015,E2F65B2B.xls,False,
{F-0017195},07/29/2026 23:42:34,IA0008,PC-1008,33C0E07E.xls,False,
{F-0018938},07/29/2026 23:46:34,JA0009,PC-1009,3CE77BF9.doc,False,
{F-0028720},07/29/2026 23:47:34,OA0014,PC-1014,BCA0D83F.txt,False,
{F-0002620},07/29/2026 23:48:34,BA0001,PC-1001,8EBF041C.xls,False,
{F-0018913},07/29/2026 23:48:34,JA0009,PC-1009,8D4B10A6.xlsx,False,
{F-0013941},07/29/2026 23:49:34,GA0006,PC-1006,7F174909.doc,False,
{F-0022936},07/29/2026 23:49:34,LA0011,PC-1011,5EADF5F7.xlsx,False,
{F-0008499},07/29/2026 23:51:34,DA0003,PC-1003,1E3EDB6D.xlsx,False,
{F-0005304},07/29/2026 23:53:34,CA0002,PC-1002,6D66F8E2.pdf,False,
{F-0008502},07/29/2026 23:56:34,DA0003,PC-1003,3DB59EF4.pdf,False,
{F-0012393},07/29/2026 23:57:34,FA0005,PC-1005,81E07D87.doc,False,
{F-0022937},07/29/2026 23:58:34,LA0011,PC-1011,0625A933.xlsx,False,
{F-0011074},07/29/2026 23:59:34,EA0004,PC-1004,60F2DF42.xlsx,False,
{F-0022938},07/30/2026 00:00:34,LA0011,PC-1011,568C3D4B.doc,False,
{F-0018926},07/30/2026 00:01:34,JA0009,PC-1009,AAA78A43.txt,False,
{F-0024958},07/30/2026 00:02:34,MA0012,PC-1012,88BFAE7C.jpg,False,
{F-0028724},07/30/2026 00:02:34,OA0014,PC-1014,D6AA86A8.xls,False,
{F-0012383},07/30/2026 00:04:34,FA0005,PC-1005,1FEED0C2.doc,False,
{F-0024956},07/30/2026 00:05:34,MA0012,PC-1012,FBB69B9C.doc,False,
{F-0002613},07/30/2026 00:08:34,BA0001,PC-1001,6E45F202.jpg,False,
{F-0016226},07/30/2026 00:08:34,HA0007,PC-1007,4EDC4925.doc,False,
{F-0002607},07/30/2026 00:13:34,BA0001,PC-1001,48A0E5D0.pdf,False,
{F-0018930},07/30/2026 00:14:34,JA0009,PC-1009,A37AD9AE.xlsx,False,
{F-0022946},07/30/2026 00:19:34,LA0011,PC-1011,782E09B7.doc,False,
{F-0000140},07/30/2026 00:20:34,AA0000,PC-1000,140F9AD4.doc,False,
{F-0002624},07/30/2026 00:24:34,BA0001,PC-1001,56765661.jpg,False,
{F-0005292},07/30/2026 00:25:34,CA0002,PC-1002,2976E312.pdf,False,
{F-0013937},07/30/2026 00:28:34,GA0006,PC-1006,7D5B4B4C.doc,False,
{F-0022929},07/30/2026 00:29:34,LA0011,PC-1011,E1CA53C8.doc,False,
{F-0013940},07/30/2026 00:39:34,GA0006,PC-1006,4942E557.xlsx,False,
{F-0028722},07/30/2026 00:42:34,OA0014,PC-1014,CA721539.doc,False,
{F-0018931},07/30/2026 00:45:34,JA0009,PC-1009,6DDAEEA3.doc,False,
{F-0005302},07/30/2026 00:46:34,CA0002,PC-1002,322EAE5E.doc,False,
{F-0002601},07/30/2026 00:48:34,BA0001,PC-1001,D69A86C2.xls,False,
{F-0005286},07/30/2026 00:48:34,CA0002,PC-1002,AB0E4AB7.jpg,False,
{F-0017200},07/30/2026 00:49:34,IA0008,PC-1008,894CAF16.txt,False,
{F-0018922},07/30/2026 00:49:34,JA0009,PC-1009,96E86460.doc,False,
{F-0026957},07/30/2026 00:49:34,NA0013,PC-1013,7291C6A7.xls,False,
{F-0013945},07/30/2026 00:53:34,GA0006,PC-1006,D584ED1C.xlsx,False,
{F-0022943},07/30/2026 01:03:34,LA0011,PC-1011,749CA1D9.xls,False,
{F-0017196},07/30/2026 01:04:34,IA0008,PC-1008,809621C6.pdf,False,
{F-0018937},07/30/2026 01:06:34,JA0009,PC-1009,792EF0C2.jpg,False,
{F-0008504},07/30/2026 01:07:34,DA0003,PC-1003,BB0054E2.jpg,False,
{F-0005308},07/30/2026 01:09:34,CA0002,PC-1002,08B25B36.jpg,False,
{F-0002599},07/30/2026 01:21:34,BA0001,PC-1001,BBE1581B.txt,False,
{F-0005282},07/30/2026 01:22:34,CA0002,PC-1002,984AAC5F.pdf,False,
{F-0018936},07/30/2026 01:23:34,JA0009,PC-1009,1F5A69DD.txt,False,
{F-0032804},07/30/2026 01:24:34,QA0016,PC-1016,2E71982B.xlsx,False,
{F-0028723},07/30/2026 01:25:34,OA0014,PC-1014,28B798F0.doc,False,
{F-0016229},07/30/2026 01:26:34,HA0007,PC-1007,D2411A8C.pdf,False,
{F-0022928},07/30/2026 01:27:34,LA0011,PC-1011,1C5C237B.jpg,False,
{F-0028727},07/30/2026 01:27:34,OA0014,PC-1014,21C570EE.xls,False,
{F-0018932},07/30/2026 01:29:34,JA0009,PC-1009,B36D6C3B.doc,False,
{F-0016232},07/30/2026 01:33:34,HA0007,PC-1007,0242B161.pdf,False,
{F-0028725},07/30/2026 01:34:34,OA0014,PC-1014,7C61E22E.pdf,False,
{F-0034201},07/30/2026 01:38:34,RA0017,PC-1017,0F810759.xlsx,False,
{F-0022935},07/30/2026 01:39:34,LA0011,PC-1011,D03478BB.txt,False,
{F-0005287},07/30/2026 01:40:34,CA0002,PC-1002,8A49538C.jpg,False,
{F-0011072},07/30/2026 01:43:34,EA0004,PC-1004,9A48961F.doc,False,
{F-0022932},07/30/2026 01:47:34,LA0011,PC-1011,B673872B.xlsx,False,
{F-0018924},07/30/2026 01:49:34,JA0009,PC-1009,2D19A8E9.doc,False,
{F-0016225},07/30/2026 01:53:34,HA0007,PC-1007,EE1B67EB.xls,False,
{F-0021010},07/30/2026 01:53:34,KA0010,PC-1010,0DB1F84B.doc,False,
{F-0031230},07/30/2026 01:55:34,PA0015,PC-1015,5B05322A.xls,False,
{F-0005309},07/30/2026 01:59:34,CA0002,PC-1002,38158CC8.doc,False,
{F-0011073},07/30/2026 01:59:34,EA0004,PC-1004,0762496D.doc,False,
{F-0017188},07/30/2026 01:59:34,IA0008,PC-1008,F5643996.jpg,False,
{F-0000141},07/30/2026 02:05:34,AA0000,PC-1000,E58C98DD.pdf,False,
{F-0005307},07/30/2026 02:06:34,CA0002,PC-1002,B5C4E6F4.txt,False,
{F-0018919},07/30/2026 02:06:34,JA0009,PC-1009,70F870A2.doc,False,
{F-0012389},07/30/2026 02:07:34,FA0005,PC-1005,36F3BA3C.doc,False,
{F-0034202},07/30/2026 02:09:34,RA0017,PC-1017,9268F8EA.doc,False,
{F-0000136},07/30/2026 02:13:34,AA0000,PC-1000,8A6990AC.xls,False,
{F-0002616},07/30/2026 02:20:34,BA0001,PC-1001,EFDFE5BF.txt,False,
{F-0021008},07/30/2026 02:20:34,KA0010,PC-1010,22036B88.doc,False,
{F-0021012},07/30/2026 02:25:34,KA0010,PC-1010,DDFED070.xls,False,
{F-0032808},07/30/2026 02:28:34,QA0016,PC-1016,1B866170.jpg,False,
{F-0018912},07/30/2026 02:29:34,JA0009,PC-1009,177F59A5.xlsx,False,
{F-0021011},07/30/2026 02:30:34,KA0010,PC-1010,EF02DC33.jpg,False,
{F-0005298},07/30/2026 02:33:34,CA0002,PC-1002,C1E0278D.txt,False,
{F-0012388},07/30/2026 02:34:34,FA0005,PC-1005,46AE75BF.txt,False,
{F-0028726},07/30/2026 02:40:34,OA0014,PC-1014,23B4D99E.pdf,False,
{F-0011076},07/30/2026 02:48:34,EA0004,PC-1004,E07A0053.doc,False,
{F-0008496},07/30/2026 02:51:34,DA0003,PC-1003,97ACF7A8.jpg,False,
{F-0008491},07/30/2026 02:53:34,DA0003,PC-1003,64E790F2.xls,False,
{F-0028729},07/30/2026 02:58:34,OA0014,PC-1014,68985149.xls,False,
{F-0005281},07/30/2026 03:02:34,CA0002,PC-1002,F0A6ED08.pdf,False,
{F-0018935},07/30/2026 03:07:34,JA0009,PC-1009,29094622.pdf,False,
{F-0016231},07/30/2026 03:10:34,HA0007,PC-1007,661B03EC.jpg,False,
{F-0022931},07/30/2026 03:11:34,LA0011,PC-1011,1A08BA55.xls,False,
{F-0002600},07/30/2026 03:15:34,BA0001,PC-1001,04600130.txt,False,
{F-0018927},07/30/2026 03:19:34,JA0009,PC-1009,0FF861A8.doc,False,
{F-0018929},07/30/2026 03:21:34,JA0009,PC-1009,E3700E9E.pdf,False,
{F-0005284},07/30/2026 03:22:34,CA0002,PC-1002,143F8E79.doc,False,
{F-0013949},07/30/2026 03:22:34,GA0006,PC-1006,49671271.pdf,False,
{F-0028730},07/30/2026 03:23:34,OA0014,PC-1014,600C0CB0.txt,False,
{F-0022927},07/30/2026 03:24:34,LA0011,PC-1011,4ABF8109.jpg,False,
{F-0005291},07/30/2026 03:25:34,CA0002,PC-1002,6C8E1D35.xls,False,
{F-0018920},07/30/2026 03:25:34,JA0009,PC-1009,9BAE157C.doc,False,
{F-0002614},07/30/2026 03:27:34,BA0001,PC-1001,7ADAE81D.jpg,False,
{F-0011078},07/30/2026 03:28:34,EA0004,PC-1004,E3F841C5.xls,False,
{F-0018917},07/30/2026 03:29:34,JA0009,PC-1009,85CF34D0.doc,False,
{F-0026955},07/30/2026 03:38:34,NA0013,PC-1013,B58B6334.txt,False,
{F-0028731},07/30/2026 03:39:34,OA0014,PC-1014,4656693D.xls,False,
{F-0028732},07/30/2026 03:39:34,OA0014,PC-1014,084380BF.jpg,False,
{F-0021009},07/30/2026 03:43:34,KA0010,PC-1010,C3773FA2.xls,False,
{F-0032805},07/30/2026 03:49:34,QA0016,PC-1016,79BC1540.doc,False,
{F-0005289},07/30/2026 03:53:34,CA0002,PC-1002,64707DFE.doc,False,
{F-0005301},07/30/2026 03:57:34,CA0002,PC-1002,C9F2DF8D.txt,False,
{F-0012396},07/30/2026 03:58:34,FA0005,PC-1005,9F12B4CE.pdf,False,
{F-0005303},07/30/2026 03:59:34,CA0002,PC-1002,CE5F204F.doc,False,
{F-0018934},07/30/2026 04:03:34,JA0009,PC-1009,778A810E.doc,False,
{F-0012394},07/30/2026 04:06:34,FA0005,PC-1005,F443FBAE.pdf,False,
{F-0002615},07/30/2026 04:10:34,BA0001,PC-1001,4F3BCB2B.doc,False,
{F-0002617},07/30/2026 04:14:34,BA0001,PC-1001,083AD912.doc,False,
{F-0022934},07/30/2026 04:19:34,LA0011,PC-1011,230DBF8A.doc,False,
{F-0002598},07/30/2026 04:23:34,BA0001,PC-1001,CF50F7A7.pdf,False,
{F-0012382},07/30/2026 04:31:34,FA0005,PC-1005,98F04C2A.xlsx,False,
{F-0021013},07/30/2026 04:32:34,KA0010,PC-1010,C48FD8CC.xlsx,False,
{F-0002611},07/30/2026 04:33:34,BA0001,PC-1001,F347A87A.txt,False,
{F-0032801},07/30/2026 04:41:34,QA0016,PC-1016,C04FAB78.xls,False,
{F-0022939},07/30/2026 04:59:34,LA0011,PC-1011,BEFB718B.xls,False,
{F-0012392},07/30/2026 05:22:34,FA0005,PC-1005,39BAC133.jpg,False,
{F-0005288},07/30/2026 05:23:34,CA0002,PC-1002,C9797F7D.pdf,False,
{F-0032806},07/30/2026 05:43:34,QA0016,PC-1016,0DC60FC3.xlsx,False,
{F-0005305},07/30/2026 05:48:34,CA0002,PC-1002,D6B319B6.txt,False,
{F-0005295},07/30/2026 05:52:34,CA0002,PC-1002,28A87B76.jpg,False,
{F-0027000},07/30/2026 18:15:34,NA0013,PC-1013,2FB73D88.txt,False,
{F-0026997},07/30/2026 18:17:34,NA0013,PC-1013,B87F59B4.jpg,False,
{F-0017224},07/30/2026 18:18:34,IA0008,PC-1008,15045769.xls,False,
{F-0017230},07/30/2026 18:40:34,IA0008,PC-1008,3EDDB603.pdf,False,
{F-0024980},07/30/2026 18:43:34,MA0012,PC-1012,091C1B18.xlsx,False,
{F-0026998},07/30/2026 18:44:34,NA0013,PC-1013,A8BA63B1.pdf,False,
{F-0017239},07/30/2026 18:48:34,IA0008,PC-1008,0306F7A2.xls,False,
{F-0024986},07/30/2026 18:49:34,MA0012,PC-1012,E96047A8.doc,False,
{F-0027005},07/30/2026 19:00:34,NA0013,PC-1013,B3639645.pdf,False,
{F-0027008},07/30/2026 19:02:34,NA0013,PC-1013,7F105850.doc,False,
{F-0027004},07/30/2026 19:07:34,NA0013,PC-1013,80173E6D.jpg,False,
{F-0027007},07/30/2026 19:11:34,NA0013,PC-1013,1FA9CFDA.pdf,False,
{F-0017233},07/30/2026 19:14:34,IA0008,PC-1008,536B3FEE.doc,False,
{F-0026999},07/30/2026 19:21:34,NA0013,PC-1013,C4533938.doc,False,
{F-0002689},07/30/2026 19:37:34,BA0001,PC-1001,6373F860.jpg,False,
{F-0008556},07/30/2026 19:37:34,DA0003,PC-1003,61B10570.xls,False,
{F-0022989},07/30/2026 19:42:34,LA0011,PC-1011,5545FF97.xls,False,
{F-0022975},07/30/2026 19:45:34,LA0011,PC-1011,B98F0520.txt,False,
{F-0000202},07/30/2026 19:49:34,AA0000,PC-1000,0CA6A56F.xlsx,False,
{F-0002688},07/30/2026 19:54:34,BA0001,PC-1001,D68488AB.xlsx,False,
{F-0017228},07/30/2026 19:55:34,IA0008,PC-1008,7ECE15DD.xlsx,False,
{F-0028772},07/30/2026 19:55:34,OA0014,PC-1014,F25DD958.xlsx,False,
{F-0017237},07/30/2026 19:57:34,IA0008,PC-1008,7AD27578.txt,False,
{F-0017232},07/30/2026 20:01:34,IA0008,PC-1008,E2CB887B.doc,False,
{F-0031273},07/30/2026 20:03:34,PA0015,PC-1015,9FED5A46.doc,False,
{F-0011110},07/30/2026 20:07:34,EA0004,PC-1004,4D39E1F3.txt,False,
{F-0022971},07/30/2026 20:07:34,LA0011,PC-1011,2BC23A36.jpg,False,
{F-0031272},07/30/2026 20:07:34,PA0015,PC-1015,6CA131DE.xls,False,
{F-0027001},07/30/2026 20:08:34,NA0013,PC-1013,3B813C58.pdf,False,
{F-0002698},07/30/2026 20:11:34,BA0001,PC-1001,0DB86A0E.xls,False,
{F-0002686},07/30/2026 20:12:34,BA0001,PC-1001,BAE5472D.doc,False,
{F-0024979},07/30/2026 20:16:34,MA0012,PC-1012,F67CB40E.xls,False,
{F-0011104},07/30/2026 20:20:34,EA0004,PC-1004,CE123590.pdf,False,
{F-0022979},07/30/2026 20:28:34,LA0011,PC-1011,9DC7B149.xlsx,False,
{F-0027003},07/30/2026 20:28:34,NA0013,PC-1013,B69F5C5E.txt,False,
{F-0024984},07/30/2026 20:29:34,MA0012,PC-1012,D1B17C82.doc,False,
{F-0008553},07/30/2026 20:35:34,DA0003,PC-1003,E895D406.doc,False,
{F-0000211},07/30/2026 20:37:34,AA0000,PC-1000,8006113B.pdf,False,
{F-0005363},07/30/2026 20:38:34,CA0002,PC-1002,4E54FC6E.doc,False,
{F-0000198},07/30/2026 20:39:34,AA0000,PC-1000,E1B422E0.xls,False,
{F-0017225},07/30/2026 20:41:34,IA0008,PC-1008,204ACEAB.doc,False,
{F-0017240},07/30/2026 20:42:34,IA0008,PC-1008,DF8179C8.doc,False,
{F-0028777},07/30/2026 20:42:34,OA0014,PC-1014,D7518CA6.xlsx,False,
{F-0022980},07/30/2026 20:43:34,LA0011,PC-1011,571FD12C.xlsx,False,
{F-0008547},07/30/2026 20:44:34,DA0003,PC-1003,6792D1CB.xlsx,False,
{F-0013993},07/30/2026 20:45:34,GA0006,PC-1006,684C9E32.xlsx,False,
{F-0021047},07/30/2026 20:47:34,KA0010,PC-1010,31241BD5.txt,False,
{F-0013987},07/30/2026 20:50:34,GA0006,PC-1006,E5DC1EE8.xlsx,False,
{F-0005382},07/30/2026 20:52:34,CA0002,PC-1002,8198CA1E.pdf,False,
{F-0008560},07/30/2026 20:53:34,DA0003,PC-1003,C7EABAE7.xls,False,
{F-0000215},07/30/2026 20:55:34,AA0000,PC-1000,0C8E628C.txt,False,
{F-0021035},07/30/2026 20:57:34,KA0010,PC-1010,DB895AE2.txt,False,
{F-0000207},07/30/2026 21:04:34,AA0000,PC-1000,54A0A5F1.jpg,False,
{F-0008557},07/30/2026 21:08:34,DA0003,PC-1003,116F3A9C.pdf,False,
{F-0002700},07/30/2026 21:11:34,BA0001,PC-1001,D45C1CEE.doc,False,
{F-0002697},07/30/2026 21:12:34,BA0001,PC-1001,8C0CB324.doc,False,
{F-0031279},07/30/2026 21:14:34,PA0015,PC-1015,8EDDE3B9.xls,False,
{F-0008549},07/30/2026 21:15:34,DA0003,PC-1003,8F1BF3C7.doc,False,
{F-0022987},07/30/2026 21:15:34,LA0011,PC-1011,DC5F67D0.doc,False,
{F-0008548},07/30/2026 21:21:34,DA0003,PC-1003,4C7E79D3.pdf,False,
{F-0026996},07/30/2026 21:21:34,NA0013,PC-1013,118C4012.pdf,False,
{F-0012426},07/30/2026 21:23:34,FA0005,PC-1005,92FBBC4F.jpg,False,
{F-0000208},07/30/2026 21:24:34,AA0000,PC-1000,E3119EA0.pdf,False,
{F-0022978},07/30/2026 21:24:34,LA0011,PC-1011,C3A11B1A.txt,False,
{F-0032835},07/30/2026 21:24:34,QA0016,PC-1016,70ECFAE7.xls,False,
{F-0012419},07/30/2026 21:27:34,FA0005,PC-1005,07C7FBCC.doc,False,
{F-0013994},07/30/2026 21:28:34,GA0006,PC-1006,3DEF28BC.pdf,False,
{F-0000200},07/30/2026 21:31:34,AA0000,PC-1000,2F944885.pdf,False,
{F-0008555},07/30/2026 21:31:34,DA0003,PC-1003,BE595A9F.jpg,False,
{F-0008554},07/30/2026 21:35:34,DA0003,PC-1003,7D681D39.xls,False,
{F-0005379},07/30/2026 21:36:34,CA0002,PC-1002,52DF9BC6.doc,False,
{F-0021042},07/30/2026 21:36:34,KA0010,PC-1010,7A19958D.txt,False,
{F-0005385},07/30/2026 21:37:34,CA0002,PC-1002,9536C9E9.xlsx,False,
{F-0011107},07/30/2026 21:39:34,EA0004,PC-1004,6DA71D2B.doc,False,
{F-0000214},07/30/2026 21:41:34,AA0000,PC-1000,56BAF94D.doc,False,
{F-0022985},07/30/2026 21:41:34,LA0011,PC-1011,D8471CC8.pdf,False,
{F-0022984},07/30/2026 21:43:34,LA0011,PC-1011,46C25BBA.xlsx,False,
{F-0028773},07/30/2026 21:43:34,OA0014,PC-1014,F7E4105C.pdf,False,
{F-0011108},07/30/2026 21:45:34,EA0004,PC-1004,38036802.doc,False,
{F-0002691},07/30/2026 21:53:34,BA0001,PC-1001,866F2393.pdf,False,
{F-0000204},07/30/2026 21:56:34,AA0000,PC-1000,D908C87B.xlsx,False,
{F-0000218},07/30/2026 21:56:34,AA0000,PC-1000,30DFAEF7.txt,False,
{F-0028779},07/30/2026 22:01:34,OA0014,PC-1014,86B5F151.pdf,False,
{F-0022977},07/30/2026 22:05:34,LA0011,PC-1011,C9E323BC.pdf,False,
{F-0012416},07/30/2026 22:09:34,FA0005,PC-1005,0E842E1B.xls,False,
{F-0012421},07/30/2026 22:11:34,FA0005,PC-1005,DB97235D.jpg,False,
{F-0028774},07/30/2026 22:14:34,OA0014,PC-1014,1C683334.doc,False,
{F-0013985},07/30/2026 22:22:34,GA0006,PC-1006,BBDCFB62.pdf,False,
{F-0005374},07/30/2026 22:23:34,CA0002,PC-1002,6DB8CD15.xls,False,
{F-0028775},07/30/2026 22:23:34,OA0014,PC-1014,DD175C8A.doc,False,
{F-0017235},07/30/2026 22:27:34,IA0008,PC-1008,42A5B254.pdf,False,
{F-0031275},07/30/2026 22:28:34,PA0015,PC-1015,7D00975A.xlsx,False,
{F-0017234},07/30/2026 22:33:34,IA0008,PC-1008,FE20FF60.doc,False,
{F-0022986},07/30/2026 22:33:34,LA0011,PC-1011,EAD250FC.txt,False,
{F-0021045},07/30/2026 22:34:34,KA0010,PC-1010,0B019623.xlsx,False,
{F-0031266},07/30/2026 22:34:34,PA0015,PC-1015,E5A92092.doc,False,
{F-0034227},07/30/2026 22:35:34,RA0017,PC-1017,509C24C5.jpg,False,
{F-0016250},07/30/2026 22:37:34,HA0007,PC-1007,2A443569.doc,False,
{F-0008561},07/30/2026 22:41:34,DA0003,PC-1003,4EBEC5F1.txt,False,
{F-0002699},07/30/2026 22:44:34,BA0001,PC-1001,B6F54103.doc,False,
{F-0031277},07/30/2026 22:48:34,PA0015,PC-1015,2F8741C8.doc,False,
{F-0005368},07/30/2026 22:53:34,CA0002,PC-1002,BDFAFE43.jpg,False,
{F-0027006},07/30/2026 22:54:34,NA0013,PC-1013,8E169512.pdf,False,
{F-0005366},07/30/2026 22:57:34,CA0002,PC-1002,B5661162.jpg,False,
{F-0018970},07/30/2026 22:57:34,JA0009,PC-1009,A93D97C6.txt,False,
{F-0028783},07/30/2026 23:00:34,OA0014,PC-1014,498CCC04.xls,False,
{F-0000210},07/30/2026 23:01:34,AA0000,PC-1000,C126BB36.txt,False,
{F-0022973},07/30/2026 23:01:34,LA0011,PC-1011,A8C8439A.pdf,False,
{F-0002694},07/30/2026 23:02:34,BA0001,PC-1001,D59C6EF2.txt,False,
{F-0012427},07/30/2026 23:05:34,FA0005,PC-1005,03A8541C.doc,False,
{F-0024983},07/30/2026 23:07:34,MA0012,PC-1012,BBCCF1A8.xls,False,
{F-0005376},07/30/2026 23:08:34,CA0002,PC-1002,73205F05.xls,False,
{F-0024978},07/30/2026 23:09:34,MA0012,PC-1012,38DE1356.doc,False,
{F-0005388},07/30/2026 23:11:34,CA0002,PC-1002,41B9FB25.pdf,False,
{F-0024981},07/30/2026 23:19:34,MA0012,PC-1012,4AD85ACD.xlsx,False,
{F-0024987},07/30/2026 23:20:34,MA0012,PC-1012,C6B0EC91.doc,False,
{F-0034225},07/30/2026 23:26:34,RA0017,PC-1017,2F36BE28.doc,False,
{F-0008559},07/30/2026 23:29:34,DA0003,PC-1003,DC54C9B8.pdf,False,
{F-0022970},07/30/2026 23:29:34,LA0011,PC-1011,164B4685.jpg,False,
{F-0017226},07/30/2026 23:32:34,IA0008,PC-1008,9C2EE373.xls,False,
{F-0005387},07/30/2026 23:33:34,CA0002,PC-1002,9D824BB1.xls,False,
{F-0016249},07/30/2026 23:39:34,HA0007,PC-1007,F631B00F.xlsx,False,
{F-0002701},07/30/2026 23:41:34,BA0001,PC-1001,D1B22C98.jpg,False,
{F-0000203},07/30/2026 23:44:34,AA0000,PC-1000,E2CEECA0.txt,False,
{F-0034228},07/30/2026 23:47:34,RA0017,PC-1017,52E31F30.xls,False,
{F-0028784},07/30/2026 23:58:34,OA0014,PC-1014,1B6C5F46.xlsx,False,
{F-0011101},07/30/2026 23:59:34,EA0004,PC-1004,E7A92C01.doc,False,
{F-0002696},07/31/2026 00:04:34,BA0001,PC-1001,6CBACDB8.txt,False,
{F-0013995},07/31/2026 00:07:34,GA0006,PC-1006,ABF11359.doc,False,
{F-0021043},07/31/2026 00:11:34,KA0010,PC-1010,6024FFCB.jpg,False,
{F-0000216},07/31/2026 00:12:34,AA0000,PC-1000,0AC638BE.txt,False,
{F-0013992},07/31/2026 00:18:34,GA0006,PC-1006,2A839B7C.doc,False,
{F-0022983},07/31/2026 00:21:34,LA0011,PC-1011,4F670A14.doc,False,
{F-0021044},07/31/2026 00:27:34,KA0010,PC-1010,D0C8DEE9.jpg,False,
{F-0005369},07/31/2026 00:29:34,CA0002,PC-1002,5F23F9B4.txt,False,
{F-0005380},07/31/2026 00:30:34,CA0002,PC-1002,52E33ACB.xls,False,
{F-0034221},07/31/2026 00:31:34,RA0017,PC-1017,A7D86332.xls,False,
{F-0005371},07/31/2026 00:32:34,CA0002,PC-1002,04C63E1B.pdf,False,
{F-0032834},07/31/2026 00:32:34,QA0016,PC-1016,5D569B6E.doc,False,
{F-0031268},07/31/2026 00:34:34,PA0015,PC-1015,8D0FBB5E.doc,False,
{F-0008550},07/31/2026 00:35:34,DA0003,PC-1003,7C46FB6D.txt,False,
{F-0031274},07/31/2026 00:36:34,PA0015,PC-1015,0AFA913F.pdf,False,
{F-0031269},07/31/2026 00:37:34,PA0015,PC-1015,AD68192E.txt,False,
{F-0012438},07/31/2026 00:39:34,FA0005,PC-1005,2CF5DF10.pdf,False,
{F-0034222},07/31/2026 00:41:34,RA0017,PC-1017,D8EAB031.doc,False,
{F-0012441},07/31/2026 00:43:34,FA0005,PC-1005,B4099D30.xlsx,False,
{F-0005383},07/31/2026 00:44:34,CA0002,PC-1002,F7E8FB58.doc,False,
{F-0012425},07/31/2026 00:45:34,FA0005,PC-1005,53598EC0.pdf,False,
{F-0002683},07/31/2026 00:46:34,BA0001,PC-1001,18F0DD68.xls,False,
{F-0000206},07/31/2026 00:47:34,AA0000,PC-1000,3EB69D6A.txt,False,
{F-0017227},07/31/2026 00:49:34,IA0008,PC-1008,98D89507.pdf,False,
{F-0005365},07/31/2026 00:53:34,CA0002,PC-1002,BC126279.jpg,False,
{F-0017231},07/31/2026 00:58:34,IA0008,PC-1008,5AF8F54E.pdf,False,
{F-0031267},07/31/2026 00:58:34,PA0015,PC-1015,1DB475CE.txt,False,
{F-0028782},07/31/2026 01:01:34,OA0014,PC-1014,FCB7C599.pdf,False,
{F-0012430},07/31/2026 01:06:34,FA0005,PC-1005,B099E463.xlsx,False,
{F-0013989},07/31/2026 01:08:34,GA0006,PC-1006,5CA0BEDC.doc,False,
{F-0031270},07/31/2026 01:12:34,PA0015,PC-1015,FE001950.doc,False,
{F-0013986},07/31/2026 01:14:34,GA0006,PC-1006,E49AC69A.jpg,False,
{F-0017238},07/31/2026 01:21:34,IA0008,PC-1008,88A062EB.txt,False,
{F-0022988},07/31/2026 01:22:34,LA0011,PC-1011,A4E7DF33.doc,False,
{F-0022969},07/31/2026 01:24:34,LA0011,PC-1011,3DE552DC.pdf,False,
{F-0028780},07/31/2026 01:26:34,OA0014,PC-1014,743BE03D.xls,False,
{F-0031276},07/31/2026 01:27:34,PA0015,PC-1015,F41BE3FB.doc,False,
{F-0034226},07/31/2026 01:32:34,RA0017,PC-1017,8C59E50D.pdf,False,
{F-0024985},07/31/2026 01:37:34,MA0012,PC-1012,F5A63216.xls,False,
{F-0000209},07/31/2026 01:40:34,AA0000,PC-1000,9BC75621.jpg,False,
{F-0000213},07/31/2026 01:40:34,AA0000,PC-1000,7F19322E.xls,False,
{F-0012420},07/31/2026 01:40:34,FA0005,PC-1005,6F986306.doc,False,
{F-0005364},07/31/2026 01:41:34,CA0002,PC-1002,3B0BBDEB.txt,False,
{F-0000205},07/31/2026 01:42:34,AA0000,PC-1000,E71FD86B.txt,False,
{F-0013997},07/31/2026 01:43:34,GA0006,PC-1006,96F52738.jpg,False,
{F-0005370},07/31/2026 01:45:34,CA0002,PC-1002,DAC36ACD.xls,False,
{F-0011105},07/31/2026 01:45:34,EA0004,PC-1004,2B5BA2BE.doc,False,
{F-0017236},07/31/2026 01:48:34,IA0008,PC-1008,3CEC3FF8.jpg,False,
{F-0005386},07/31/2026 01:49:34,CA0002,PC-1002,C098C38D.doc,False,
{F-0022982},07/31/2026 01:50:34,LA0011,PC-1011,A376E54B.doc,False,
{F-0012437},07/31/2026 01:54:34,FA0005,PC-1005,519B84DE.txt,False,
{F-0002693},07/31/2026 02:01:34,BA0001,PC-1001,A87AAA09.pdf,False,
{F-0022981},07/31/2026 02:01:34,LA0011,PC-1011,F48B9E06.xls,False,
{F-0031271},07/31/2026 02:02:34,PA0015,PC-1015,774BC93F.doc,False,
{F-0002685},07/31/2026 02:05:34,BA0001,PC-1001,95A40F1B.jpg,False,
{F-0012436},07/31/2026 02:07:34,FA0005,PC-1005,D5D90310.jpg,False,
{F-0021039},07/31/2026 02:08:34,KA0010,PC-1010,B4FBE798.xls,False,
{F-0000217},07/31/2026 02:09:34,AA0000,PC-1000,8510C0D4.xlsx,False,
{F-0008551},07/31/2026 02:10:34,DA0003,PC-1003,567467DE.doc,False,
{F-0013996},07/31/2026 02:13:34,GA0006,PC-1006,2466FBDF.doc,False,
{F-0028776},07/31/2026 02:13:34,OA0014,PC-1014,E0455B75.doc,False,
{F-0017229},07/31/2026 02:16:34,IA0008,PC-1008,E0BF1632.pdf,False,
{F-0012433},07/31/2026 02:18:34,FA0005,PC-1005,CA0DD9E5.pdf,False,
{F-0008558},07/31/2026 02:19:34,DA0003,PC-1003,BB3FAE56.doc,False,
{F-0012415},07/31/2026 02:19:34,FA0005,PC-1005,624F3F79.jpg,False,
{F-0028771},07/31/2026 02:22:34,OA0014,PC-1014,05910104.jpg,False,
{F-0002695},07/31/2026 02:26:34,BA0001,PC-1001,57462914.doc,False,
{F-0011103},07/31/2026 02:27:34,EA0004,PC-1004,BC51D7D6.xls,False,
{F-0024982},07/31/2026 02:32:34,MA0012,PC-1012,3D297B82.jpg,False,
{F-0005367},07/31/2026 02:33:34,CA0002,PC-1002,6E7C2A9B.jpg,False,
{F-0005375},07/31/2026 02:36:34,CA0002,PC-1002,3CC39F4E.txt,False,
{F-0012435},07/31/2026 02:37:34,FA0005,PC-1005,EF007F2E.xls,False,
{F-0000212},07/31/2026 02:45:34,AA0000,PC-1000,A013C844.doc,False,
{F-0002684},07/31/2026 02:45:34,BA0001,PC-1001,1738671D.doc,False,
{F-0005378},07/31/2026 02:46:34,CA0002,PC-1002,949AAE9A.pdf,False,
{F-0021041},07/31/2026 02:46:34,KA0010,PC-1010,7D4BA9F6.doc,False,
{F-0005373},07/31/2026 02:47:34,CA0002,PC-1002,185F0EE4.doc,False,
{F-0012423},07/31/2026 02:51:34,FA0005,PC-1005,4D2B2545.jpg,False,
{F-0022974},07/31/2026 02:54:34,LA0011,PC-1011,8A5AC9A6.txt,False,
{F-0018969},07/31/2026 02:56:34,JA0009,PC-1009,F2778895.xlsx,False,
{F-0005381},07/31/2026 02:57:34,CA0002,PC-1002,2A0A587F.doc,False,
{F-0012431},07/31/2026 03:01:34,FA0005,PC-1005,0D709F9A.xls,False,
{F-0000201},07/31/2026 03:03:34,AA0000,PC-1000,1F1ACE2E.doc,False,
{F-0022972},07/31/2026 03:03:34,LA0011,PC-1011,FED34003.xls,False,
{F-0013988},07/31/2026 03:12:34,GA0006,PC-1006,55D34D34.doc,False,
{F-0031278},07/31/2026 03:12:34,PA0015,PC-1015,9D02B016.doc,False,
{F-0008552},07/31/2026 03:17:34,DA0003,PC-1003,D8EDCAA4.doc,False,
{F-0013990},07/31/2026 03:21:34,GA0006,PC-1006,B1875C05.jpg,False,
{F-0013991},07/31/2026 03:23:34,GA0006,PC-1006,F7D5FFDE.xls,False,
{F-0011106},07/31/2026 03:25:34,EA0004,PC-1004,429BAFE1.xls,False,
{F-0022976},07/31/2026 03:26:34,LA0011,PC-1011,8241D3E5.doc,False,
{F-0021040},07/31/2026 03:33:34,KA0010,PC-1010,2A36BAA0.jpg,False,
{F-0012422},07/31/2026 03:34:34,FA0005,PC-1005,B12C127D.xls,False,
{F-0002692},07/31/2026 03:36:34,BA0001,PC-1001,3110DD0A.xlsx,False,
{F-0005372},07/31/2026 03:38:34,CA0002,PC-1002,730CCFF5.doc,False,
{F-0011102},07/31/2026 03:45:34,EA0004,PC-1004,FD929398.pdf,False,
{F-0012432},07/31/2026 03:47:34,FA0005,PC-1005,D0EA8983.xls,False,
{F-0013984},07/31/2026 03:47:34,GA0006,PC-1006,9F5ADB2A.xls,False,
{F-0028778},07/31/2026 03:47:34,OA0014,PC-1014,20DBE8E2.txt,False,
{F-0002690},07/31/2026 03:51:34,BA0001,PC-1001,2B481C49.pdf,False,
{F-0012428},07/31/2026 03:55:34,FA0005,PC-1005,79072D27.xls,False,
{F-0011109},07/31/2026 03:56:34,EA0004,PC-1004,D058DB86.doc,False,
{F-0027002},07/31/2026 03:59:34,NA0013,PC-1013,B61AB2C1.xlsx,False,
{F-0000199},07/31/2026 04:01:34,AA0000,PC-1000,71989721.xls,False,
{F-0012424},07/31/2026 04:06:34,FA0005,PC-1005,CA026099.jpg,False,
{F-0028781},07/31/2026 04:06:34,OA0014,PC-1014,09D08BDD.pdf,False,
{F-0021036},07/31/2026 04:15:34,KA0010,PC-1010,67DBC373.xls,False,
{F-0011100},07/31/2026 04:17:34,EA0004,PC-1004,3E7635FD.doc,False,
{F-0002687},07/31/2026 04:25:34,BA0001,PC-1001,99E9995A.doc,False,
{F-0005389},07/31/2026 04:30:34,CA0002,PC-1002,563F269F.doc,False,
{F-0005384},07/31/2026 04:38:34,CA0002,PC-1002,17A1CCDB.xlsx,False,
{F-0034223},07/31/2026 04:41:34,RA0017,PC-1017,05EA95CA.pdf,False,
{F-0012434},07/31/2026 04:42:34,FA0005,PC-1005,97E779CE.pdf,False,
{F-0021038},07/31/2026 04:42:34,KA0010,PC-1010,DCE4C557.xlsx,False,
{F-0034224},07/31/2026 04:46:34,RA0017,PC-1017,3923513B.doc,False,
{F-0012439},07/31/2026 04:54:34,FA0005,PC-1005,875320E3.pdf,False,
{F-0005362},07/31/2026 04:59:34,CA0002,PC-1002,45392287.pdf,False,
{F-0021046},07/31/2026 05:05:34,KA0010,PC-1010,436B36D8.jpg,False,
{F-0032836},07/31/2026 05:07:34,QA0016,PC-1016,2A65A3BC.jpg,False,
{F-0012429},07/31/2026 05:13:34,FA0005,PC-1005,436C56A6.doc,False,
{F-0005377},07/31/2026 05:16:34,CA0002,PC-1002,D5EC48A2.xls,False,
{F-0012440},07/31/2026 05:35:34,FA0005,PC-1005,B889CE8F.jpg,False,
{F-0012417},07/31/2026 05:40:34,FA0005,PC-1005,F34640AA.doc,False,
{F-0021037},07/31/2026 05:47:34,KA0010,PC-1010,E6D6E9F4.txt,False,
{F-0012418},07/31/2026 06:08:34,FA0005,PC-1005,16B25E58.pdf,False,
{F-0021048},07/31/2026 06:11:34,KA0010,PC-1010,5B0CC168.txt,False,
{F-0008614},08/02/2026 18:49:34,DA0003,PC-1003,ADC3281F.doc,False,
{F-0023010},08/02/2026 18:54:34,LA0011,PC-1011,1CD59A09.doc,False,
{F-0023024},08/02/2026 18:56:34,LA0011,PC-1011,0ECBE235.jpg,False,
{F-0016266},08/02/2026 19:09:34,HA0007,PC-1007,1D9BFAF8.doc,False,
{F-0017269},08/02/2026 19:17:34,IA0008,PC-1008,B06DCE0F.xlsx,False,
{F-0000265},08/02/2026 19:19:34,AA0000,PC-1000,00A6DBDF.pdf,False,
{F-0023015},08/02/2026 19:25:34,LA0011,PC-1011,E9C2ABF5.xlsx,False,
{F-0019012},08/02/2026 19:26:34,JA0009,PC-1009,DFF115CB.pdf,False,
{F-0000260},08/02/2026 19:38:34,AA0000,PC-1000,35FDACEF.xlsx,False,
{F-0016269},08/02/2026 19:39:34,HA0007,PC-1007,BF6177AF.jpg,False,
{F-0017263},08/02/2026 19:42:34,IA0008,PC-1008,2398E7C4.txt,False,
{F-0023021},08/02/2026 19:44:34,LA0011,PC-1011,A4A19596.pdf,False,
{F-0031319},08/02/2026 20:01:34,PA0015,PC-1015,1287AB17.doc,False,
{F-0031309},08/02/2026 20:03:34,PA0015,PC-1015,FFF46B8A.doc,False,
{F-0000258},08/02/2026 20:05:34,AA0000,PC-1000,BA5788D8.pdf,False,
{F-0014059},08/02/2026 20:08:34,GA0006,PC-1006,AC962AA2.xlsx,False,
{F-0017255},08/02/2026 20:10:34,IA0008,PC-1008,A3816FE8.xls,False,
{F-0008620},08/02/2026 20:13:34,DA0003,PC-1003,16D772D9.xlsx,False,
{F-0017256},08/02/2026 20:20:34,IA0008,PC-1008,5B484B26.pdf,False,
{F-0031317},08/02/2026 20:21:34,PA0015,PC-1015,2172F542.doc,False,
{F-0008617},08/02/2026 20:22:34,DA0003,PC-1003,4133EC63.txt,False,
{F-0012473},08/02/2026 20:26:34,FA0005,PC-1005,D77FCF92.txt,False,
{F-0021090},08/02/2026 20:28:34,KA0010,PC-1010,9C995FD4.pdf,False,
{F-0023023},08/02/2026 20:34:34,LA0011,PC-1011,95841176.txt,False,
{F-0002762},08/02/2026 20:35:34,BA0001,PC-1001,EA7175E4.doc,False,
{F-0016265},08/02/2026 20:39:34,HA0007,PC-1007,50A6A931.xls,False,
{F-0023014},08/02/2026 20:40:34,LA0011,PC-1011,08FD5C19.pdf,False,
{F-0032858},08/02/2026 20:40:34,QA0016,PC-1016,ABBE7540.doc,False,
{F-0002750},08/02/2026 20:41:34,BA0001,PC-1001,1B871E98.doc,False,
{F-0028816},08/02/2026 20:41:34,OA0014,PC-1014,821E18AE.xlsx,False,
{F-0028812},08/02/2026 20:46:34,OA0014,PC-1014,131013AA.doc,False,
{F-0011137},08/02/2026 20:47:34,EA0004,PC-1004,9583150D.txt,False,
{F-0028814},08/02/2026 20:47:34,OA0014,PC-1014,ACE53B62.txt,False,
{F-0028821},08/02/2026 20:47:34,OA0014,PC-1014,FC994C26.doc,False,
{F-0005431},08/02/2026 20:50:34,CA0002,PC-1002,A614ED82.txt,False,
{F-0031315},08/02/2026 20:50:34,PA0015,PC-1015,9441BE8F.xlsx,False,
{F-0005470},08/02/2026 20:56:34,CA0002,PC-1002,BFB170B0.jpg,False,
{F-0012471},08/02/2026 20:57:34,FA0005,PC-1005,253D79BA.jpg,False,
{F-0002764},08/02/2026 21:00:34,BA0001,PC-1001,68430163.txt,False,
{F-0017264},08/02/2026 21:00:34,IA0008,PC-1008,FD476E55.doc,False,
{F-0031316},08/02/2026 21:04:34,PA0015,PC-1015,A928747C.xls,False,
{F-0021091},08/02/2026 21:09:34,KA0010,PC-1010,0097F402.pdf,False,
{F-0014052},08/02/2026 21:10:34,GA0006,PC-1006,5E041855.xlsx,False,
{F-0027046},08/02/2026 21:11:34,NA0013,PC-1013,80C77C22.xls,False,
{F-0025048},08/02/2026 21:12:34,MA0012,PC-1012,75C24328.doc,False,
{F-0023016},08/02/2026 21:13:34,LA0011,PC-1011,6891E904.jpg,False,
{F-0005461},08/02/2026 21:14:34,CA0002,PC-1002,0601D015.pdf,False,
{F-0021086},08/02/2026 21:14:34,KA0010,PC-1010,2F826A99.xls,False,
{F-0021089},08/02/2026 21:14:34,KA0010,PC-1010,968143FE.doc,False,
{F-0005458},08/02/2026 21:15:34,CA0002,PC-1002,6BCD4B74.txt,False,
{F-0028820},08/02/2026 21:15:34,OA0014,PC-1014,5709EF64.xls,False,
{F-0023022},08/02/2026 21:17:34,LA0011,PC-1011,20417D58.txt,False,
{F-0031310},08/02/2026 21:20:34,PA0015,PC-1015,4EFA6DB9.doc,False,
{F-0000262},08/02/2026 21:21:34,AA0000,PC-1000,E105EE0A.doc,False,
{F-0005451},08/02/2026 21:22:34,CA0002,PC-1002,F7193796.pdf,False,
{F-0008613},08/02/2026 21:23:34,DA0003,PC-1003,61D4CEB8.xls,False,
{F-0028815},08/02/2026 21:24:34,OA0014,PC-1014,4EB24357.pdf,False,
{F-0017258},08/02/2026 21:25:34,IA0008,PC-1008,3BF19A31.txt,False,
{F-0005453},08/02/2026 21:27:34,CA0002,PC-1002,0C9BAD7E.xlsx,False,
{F-0005454},08/02/2026 21:29:34,CA0002,PC-1002,E9BA4709.jpg,False,
{F-0017262},08/02/2026 21:29:34,IA0008,PC-1008,68FF5752.pdf,False,
{F-0019008},08/02/2026 21:31:34,JA0009,PC-1009,F465F467.pdf,False,
{F-0005457},08/02/2026 21:35:34,CA0002,PC-1002,C18FFA4D.xlsx,False,
{F-0016267},08/02/2026 21:38:34,HA0007,PC-1007,57CCA76E.jpg,False,
{F-0027049},08/02/2026 21:38:34,NA0013,PC-1013,5A725808.jpg,False,
{F-0027045},08/02/2026 21:40:34,NA0013,PC-1013,D2B956D8.jpg,False,
{F-0025047},08/02/2026 21:42:34,MA0012,PC-1012,C5048846.txt,False,
{F-0002765},08/02/2026 21:44:34,BA0001,PC-1001,58C002E1.jpg,False,
{F-0021083},08/02/2026 21:44:34,KA0010,PC-1010,86B1919A.jpg,False,
{F-0005447},08/02/2026 21:46:34,CA0002,PC-1002,FDB0E412.txt,False,
{F-0019002},08/02/2026 21:47:34,JA0009,PC-1009,0FAF197E.txt,False,
{F-0005438},08/02/2026 21:55:34,CA0002,PC-1002,5EC56C6E.xls,False,
{F-0019010},08/02/2026 21:55:34,JA0009,PC-1009,1D706F0D.doc,False,
{F-0000261},08/02/2026 21:57:34,AA0000,PC-1000,55EE08B0.jpg,False,
{F-0034252},08/02/2026 21:57:34,RA0017,PC-1017,96AB223E.doc,False,
{F-0032855},08/02/2026 21:58:34,QA0016,PC-1016,07D2545A.txt,False,
{F-0005436},08/02/2026 22:05:34,CA0002,PC-1002,59A871C3.doc,False,
{F-0008618},08/02/2026 22:07:34,DA0003,PC-1003,B6590C33.xls,False,
{F-0002759},08/02/2026 22:09:34,BA0001,PC-1001,82C90128.doc,False,
{F-0011139},08/02/2026 22:09:34,EA0004,PC-1004,D6442018.xls,False,
{F-0005466},08/02/2026 22:12:34,CA0002,PC-1002,3809AA63.jpg,False,
{F-0031307},08/02/2026 22:12:34,PA0015,PC-1015,605298C3.doc,False,
{F-0005452},08/02/2026 22:13:34,CA0002,PC-1002,7F78B884.doc,False,
{F-0031318},08/02/2026 22:14:34,PA0015,PC-1015,4F4A8D04.doc,False,
{F-0017270},08/02/2026 22:16:34,IA0008,PC-1008,E1F95E4C.doc,False,
{F-0012470},08/02/2026 22:28:34,FA0005,PC-1005,6F90562D.pdf,False,
{F-0014051},08/02/2026 22:28:34,GA0006,PC-1006,A3267194.txt,False,
{F-0005444},08/02/2026 22:30:34,CA0002,PC-1002,7CD72341.jpg,False,
{F-0019015},08/02/2026 22:31:34,JA0009,PC-1009,889F728A.doc,False,
{F-0023019},08/02/2026 22:35:34,LA0011,PC-1011,E82A4445.pdf,False,
{F-0028819},08/02/2026 22:36:34,OA0014,PC-1014,2A197D9E.pdf,False,
{F-0023011},08/02/2026 22:41:34,LA0011,PC-1011,44102C70.xlsx,False,
{F-0023017},08/02/2026 22:43:34,LA0011,PC-1011,CAFD00C4.txt,False,
{F-0027043},08/02/2026 22:44:34,NA0013,PC-1013,B0CED124.pdf,False,
{F-0005443},08/02/2026 22:49:34,CA0002,PC-1002,50326B40.txt,False,
{F-0011136},08/02/2026 22:49:34,EA0004,PC-1004,20684F6A.txt,False,
{F-0008615},08/02/2026 22:53:34,DA0003,PC-1003,54324732.txt,False,
{F-0017266},08/02/2026 23:03:34,IA0008,PC-1008,1DA63536.doc,False,
{F-0002763},08/02/2026 23:10:34,BA0001,PC-1001,AB526C0A.pdf,False,
{F-0005459},08/02/2026 23:11:34,CA0002,PC-1002,5AA169A4.jpg,False,
{F-0017259},08/02/2026 23:11:34,IA0008,PC-1008,A468F71A.pdf,False,
{F-0019013},08/02/2026 23:11:34,JA0009,PC-1009,3C2FD65C.txt,False,
{F-0012462},08/02/2026 23:12:34,FA0005,PC-1005,140D37C4.xlsx,False,
{F-0025052},08/02/2026 23:17:34,MA0012,PC-1012,DDAB6B74.txt,False,
{F-0028818},08/02/2026 23:17:34,OA0014,PC-1014,9F217D3C.doc,False,
{F-0023012},08/02/2026 23:20:34,LA0011,PC-1011,19FCE7AC.xls,False,
{F-0023018},08/02/2026 23:22:34,LA0011,PC-1011,345D0E63.xls,False,
{F-0031314},08/02/2026 23:22:34,PA0015,PC-1015,9D0ABFCE.txt,False,
{F-0005448},08/02/2026 23:38:34,CA0002,PC-1002,1BDBF88B.doc,False,
{F-0005441},08/02/2026 23:39:34,CA0002,PC-1002,D255FC2E.txt,False,
{F-0002761},08/02/2026 23:41:34,BA0001,PC-1001,6A3D6E2F.doc,False,
{F-0014049},08/02/2026 23:46:34,GA0006,PC-1006,E035C1E9.xlsx,False,
{F-0002753},08/02/2026 23:47:34,BA0001,PC-1001,39AE16A9.xls,False,
{F-0016268},08/02/2026 23:48:34,HA0007,PC-1007,68B72AF8.pdf,False,
{F-0023006},08/02/2026 23:48:34,LA0011,PC-1011,4A356F27.txt,False,
{F-0011135},08/02/2026 23:50:34,EA0004,PC-1004,403333F0.pdf,False,
{F-0023025},08/02/2026 23:50:34,LA0011,PC-1011,7922E2D0.doc,False,
{F-0002751},08/02/2026 23:53:34,BA0001,PC-1001,2C5F624C.txt,False,
{F-0017257},08/02/2026 23:58:34,IA0008,PC-1008,7B3B4C09.doc,False,
{F-0016270},08/03/2026 00:01:34,HA0007,PC-1007,67F5BB01.xls,False,
{F-0012463},08/03/2026 00:03:34,FA0005,PC-1005,1D9711C0.jpg,False,
{F-0014050},08/03/2026 00:06:34,GA0006,PC-1006,14095C64.pdf,False,
{F-0002756},08/03/2026 00:11:34,BA0001,PC-1001,3B1D2097.doc,False,
{F-0002754},08/03/2026 00:14:34,BA0001,PC-1001,3D1919EB.doc,False,
{F-0016263},08/03/2026 00:14:34,HA0007,PC-1007,4FC7FD6B.doc,False,
{F-0017268},08/03/2026 00:14:34,IA0008,PC-1008,8E62D8CA.txt,False,
{F-0027044},08/03/2026 00:16:34,NA0013,PC-1013,BC786E63.pdf,False,
{F-0028827},08/03/2026 00:18:34,OA0014,PC-1014,670895C4.doc,False,
{F-0005442},08/03/2026 00:20:34,CA0002,PC-1002,52AC80FB.xlsx,False,
{F-0002760},08/03/2026 00:25:34,BA0001,PC-1001,0D90CC76.jpg,False,
{F-0005434},08/03/2026 00:25:34,CA0002,PC-1002,D006CF9B.xls,False,
{F-0005445},08/03/2026 00:25:34,CA0002,PC-1002,E94CE0B2.doc,False,
{F-0000259},08/03/2026 00:26:34,AA0000,PC-1000,DB17D62C.doc,False,
{F-0028825},08/03/2026 00:26:34,OA0014,PC-1014,F02EB1CC.jpg,False,
{F-0019011},08/03/2026 00:27:34,JA0009,PC-1009,E3153338.doc,False,
{F-0023007},08/03/2026 00:28:34,LA0011,PC-1011,C3A6F2F0.xlsx,False,
{F-0023008},08/03/2026 00:30:34,LA0011,PC-1011,0C47154B.jpg,False,
{F-0000266},08/03/2026 00:32:34,AA0000,PC-1000,CA6FA549.xlsx,False,
{F-0002757},08/03/2026 00:33:34,BA0001,PC-1001,7AA050A8.xls,False,
{F-0019005},08/03/2026 00:34:34,JA0009,PC-1009,474DDE93.jpg,False,
{F-0025041},08/03/2026 00:34:34,MA0012,PC-1012,5FF40868.doc,False,
{F-0025051},08/03/2026 00:36:34,MA0012,PC-1012,D0E33B33.pdf,False,
{F-0017267},08/03/2026 00:38:34,IA0008,PC-1008,1023AE02.xlsx,False,
{F-0027047},08/03/2026 00:40:34,NA0013,PC-1013,73A5A252.doc,False,
{F-0028822},08/03/2026 00:44:34,OA0014,PC-1014,B1511BB9.doc,False,
{F-0002747},08/03/2026 00:45:34,BA0001,PC-1001,8A76AD03.doc,False,
{F-0005440},08/03/2026 00:45:34,CA0002,PC-1002,49E3C264.txt,False,
{F-0012468},08/03/2026 00:46:34,FA0005,PC-1005,DFF03BFD.xls,False,
{F-0025050},08/03/2026 00:47:34,MA0012,PC-1012,8EF6F7AA.pdf,False,
{F-0031313},08/03/2026 00:52:34,PA0015,PC-1015,BBCB8CDA.xlsx,False,
{F-0031308},08/03/2026 00:53:34,PA0015,PC-1015,CF30197C.jpg,False,
{F-0031312},08/03/2026 00:59:34,PA0015,PC-1015,4D6805F0.xls,False,
{F-0028826},08/03/2026 01:01:34,OA0014,PC-1014,2C615B92.xls,False,
{F-0011134},08/03/2026 01:08:34,EA0004,PC-1004,A21FA958.jpg,False,
{F-0017260},08/03/2026 01:11:34,IA0008,PC-1008,117640A1.jpg,False,
{F-0028823},08/03/2026 01:15:34,OA0014,PC-1014,480A3EA8.txt,False,
{F-0032856},08/03/2026 01:15:34,QA0016,PC-1016,5004180D.xlsx,False,
{F-0023009},08/03/2026 01:19:34,LA0011,PC-1011,FB41EE5F.xls,False,
{F-0021082},08/03/2026 01:25:34,KA0010,PC-1010,2EDE34C2.txt,False,
{F-0028813},08/03/2026 01:26:34,OA0014,PC-1014,7032D67F.doc,False,
{F-0028824},08/03/2026 01:26:34,OA0014,PC-1014,71E07B10.txt,False,
{F-0019003},08/03/2026 01:28:34,JA0009,PC-1009,D6B87EC0.txt,False,
{F-0016272},08/03/2026 01:30:34,HA0007,PC-1007,49E8DFF5.txt,False,
{F-0008619},08/03/2026 01:31:34,DA0003,PC-1003,5FAA1F5C.pdf,False,
{F-0005439},08/03/2026 01:35:34,CA0002,PC-1002,4D7C4BB2.txt,False,
{F-0005462},08/03/2026 01:37:34,CA0002,PC-1002,FC32E9A2.doc,False,
{F-0019014},08/03/2026 01:40:34,JA0009,PC-1009,3877A446.xlsx,False,
{F-0005437},08/03/2026 01:43:34,CA0002,PC-1002,F7FE4817.xlsx,False,
{F-0002749},08/03/2026 01:44:34,BA0001,PC-1001,817AB7E1.xlsx,False,
{F-0005432},08/03/2026 01:48:34,CA0002,PC-1002,04A90E35.xlsx,False,
{F-0028817},08/03/2026 01:50:34,OA0014,PC-1014,57EDADDC.jpg,False,
{F-0019009},08/03/2026 01:53:34,JA0009,PC-1009,C7F769A4.xls,False,
{F-0005465},08/03/2026 01:55:34,CA0002,PC-1002,926BC8FC.txt,False,
{F-0023020},08/03/2026 02:12:34,LA0011,PC-1011,940D4934.xlsx,False,
{F-0023013},08/03/2026 02:14:34,LA0011,PC-1011,64E82C4B.xls,False,
{F-0031311},08/03/2026 02:14:34,PA0015,PC-1015,08F46D6D.doc,False,
{F-0002748},08/03/2026 02:17:34,BA0001,PC-1001,69577A24.pdf,False,
{F-0016271},08/03/2026 02:18:34,HA0007,PC-1007,EC45210D.txt,False,
{F-0005463},08/03/2026 02:20:34,CA0002,PC-1002,341FF7D6.doc,False,
{F-0021088},08/03/2026 02:20:34,KA0010,PC-1010,9F931761.txt,False,
{F-0017265},08/03/2026 02:22:34,IA0008,PC-1008,883753CC.xlsx,False,
{F-0016262},08/03/2026 02:28:34,HA0007,PC-1007,DBB4E529.xlsx,False,
{F-0005460},08/03/2026 02:29:34,CA0002,PC-1002,FF07EA15.pdf,False,
{F-0011133},08/03/2026 02:29:34,EA0004,PC-1004,83CB0E7D.txt,False,
{F-0014055},08/03/2026 02:32:34,GA0006,PC-1006,D56B8853.pdf,False,
{F-0034254},08/03/2026 02:35:34,RA0017,PC-1017,237F79C7.xlsx,False,
{F-0000263},08/03/2026 02:38:34,AA0000,PC-1000,A26ACD70.pdf,False,
{F-0023026},08/03/2026 02:40:34,LA0011,PC-1011,0E095E4A.doc,False,
{F-0025044},08/03/2026 02:43:34,MA0012,PC-1012,D83EFE9D.xls,False,
{F-0021078},08/03/2026 02:48:34,KA0010,PC-1010,6EC71EC4.xls,False,
{F-0008616},08/03/2026 02:51:34,DA0003,PC-1003,88FA8986.xlsx,False,
{F-0019007},08/03/2026 02:51:34,JA0009,PC-1009,356C90FB.xlsx,False,
{F-0025043},08/03/2026 02:51:34,MA0012,PC-1012,2369337F.doc,False,
{F-0021087},08/03/2026 02:53:34,KA0010,PC-1010,B42747CD.xlsx,False,
{F-0000264},08/03/2026 02:58:34,AA0000,PC-1000,6ADA8796.pdf,False,
{F-0012466},08/03/2026 02:58:34,FA0005,PC-1005,1DFE3F95.jpg,False,
{F-0014058},08/03/2026 02:58:34,GA0006,PC-1006,B995C1D0.xls,False,
{F-0008621},08/03/2026 03:02:34,DA0003,PC-1003,CAF2D531.xlsx,False,
{F-0011138},08/03/2026 03:03:34,EA0004,PC-1004,312A17D2.xls,False,
{F-0017261},08/03/2026 03:04:34,IA0008,PC-1008,BB6414EB.doc,False,
{F-0012472},08/03/2026 03:09:34,FA0005,PC-1005,3C14256D.pdf,False,
{F-0019004},08/03/2026 03:09:34,JA0009,PC-1009,469B9CD9.txt,False,
{F-0002758},08/03/2026 03:12:34,BA0001,PC-1001,05385361.xlsx,False,
{F-0019006},08/03/2026 03:12:34,JA0009,PC-1009,B5229109.pdf,False,
{F-0025049},08/03/2026 03:13:34,MA0012,PC-1012,09E833A2.doc,False,
{F-0002755},08/03/2026 03:14:34,BA0001,PC-1001,4F403AEE.doc,False,
{F-0005455},08/03/2026 03:15:34,CA0002,PC-1002,2EC7DC22.doc,False,
{F-0021076},08/03/2026 03:20:34,KA0010,PC-1010,79572C5D.txt,False,
{F-0021084},08/03/2026 03:23:34,KA0010,PC-1010,BCB7037E.jpg,False,
{F-0021077},08/03/2026 03:28:34,KA0010,PC-1010,E50048ED.doc,False,
{F-0011140},08/03/2026 03:31:34,EA0004,PC-1004,F4DA9460.txt,False,
{F-0016264},08/03/2026 03:31:34,HA0007,PC-1007,15DF0DAD.jpg,False,
{F-0025045},08/03/2026 03:31:34,MA0012,PC-1012,D1A5A167.jpg,False,
{F-0014056},08/03/2026 03:37:34,GA0006,PC-1006,EBDDBA33.doc,False,
{F-0021085},08/03/2026 03:43:34,KA0010,PC-1010,88B44B7F.xls,False,
{F-0021079},08/03/2026 03:44:34,KA0010,PC-1010,99E218AA.txt,False,
{F-0011141},08/03/2026 03:48:34,EA0004,PC-1004,A83956BD.xlsx,False,
{F-0014053},08/03/2026 03:51:34,GA0006,PC-1006,CCE8814A.txt,False,
{F-0021081},08/03/2026 03:58:34,KA0010,PC-1010,54B391B8.xls,False,
{F-0014054},08/03/2026 04:02:34,GA0006,PC-1006,F7B005E8.doc,False,
{F-0025042},08/03/2026 04:02:34,MA0012,PC-1012,F490B47B.pdf,False,
{F-0005449},08/03/2026 04:05:34,CA0002,PC-1002,8AE05DC6.xlsx,False,
{F-0012465},08/03/2026 04:05:34,FA0005,PC-1005,45E1361F.pdf,False,
{F-0034251},08/03/2026 04:07:34,RA0017,PC-1017,8C4AAFFF.txt,False,
{F-0014057},08/03/2026 04:11:34,GA0006,PC-1006,4A2EC35E.xlsx,False,
{F-0021080},08/03/2026 04:14:34,KA0010,PC-1010,3430C31C.xlsx,False,
{F-0005468},08/03/2026 04:17:34,CA0002,PC-1002,DAB3FC67.jpg,False,
{F-0012469},08/03/2026 04:32:34,FA0005,PC-1005,3E1A4F49.xlsx,False,
{F-0025046},08/03/2026 04:34:34,MA0012,PC-1012,A73A016D.txt,False,
{F-0005469},08/03/2026 04:35:34,CA0002,PC-1002,754E01BD.doc,False,
{F-0002752},08/03/2026 04:39:34,BA0001,PC-1001,3FB056A9.pdf,False,
{F-0012467},08/03/2026 04:42:34,FA0005,PC-1005,815FBE52.xlsx,False,
{F-0021075},08/03/2026 04:45:34,KA0010,PC-1010,52484670.xls,False,
{F-0027048},08/03/2026 04:46:34,NA0013,PC-1013,DB1733A5.txt,False,
{F-0034255},08/03/2026 04:47:34,RA0017,PC-1017,D4C6D90E.xlsx,False,
{F-0005446},08/03/2026 05:00:34,CA0002,PC-1002,0615060E.txt,False,
{F-0034250},08/03/2026 05:03:34,RA0017,PC-1017,7B92AB38.doc,False,
{F-0012474},08/03/2026 05:13:34,FA0005,PC-1005,FF74A311.doc,False,
{F-0005456},08/03/2026 05:16:34,CA0002,PC-1002,9A293588.doc,False,
{F-0005467},08/03/2026 05:16:34,CA0002,PC-1002,FA433C2C.xlsx,False,
{F-0034253},08/03/2026 05:17:34,RA0017,PC-1017,12273DB5.jpg,False,
{F-0012464},08/03/2026 05:19:34,FA0005,PC-1005,D4E4EE3D.xls,False,
{F-0005433},08/03/2026 05:34:34,CA0002,PC-1002,E95A7D30.doc,False,
{F-0032857},08/03/2026 05:34:34,QA0016,PC-1016,7F7E7292.xlsx,False,
{F-0005450},08/03/2026 05:37:34,CA0002,PC-1002,241390D5.jpg,False,
{F-0005464},08/03/2026 05:54:34,CA0002,PC-1002,5178827D.pdf,False,
{F-0005435},08/03/2026 05:55:34,CA0002,PC-1002,2333E266.doc,False,
{F-0008683},08/03/2026 18:53:34,DA0003,PC-1003,CD267662.pdf,False,
{F-0023072},08/03/2026 19:00:34,LA0011,PC-1011,CCC8D6A0.txt,False,
{F-0025073},08/03/2026 19:05:34,MA0012,PC-1012,AD9FF642.xlsx,False,
{F-0023074},08/03/2026 19:08:34,LA0011,PC-1011,F1FA6515.doc,False,
{F-0027075},08/03/2026 19:09:34,NA0013,PC-1013,8DDB0D9C.xlsx,False,
{F-0023065},08/03/2026 19:12:34,LA0011,PC-1011,24657359.doc,False,
{F-0014115},08/03/2026 19:16:34,GA0006,PC-1006,A34221C5.xlsx,False,
{F-0017299},08/03/2026 19:17:34,IA0008,PC-1008,887F1563.doc,False,
{F-0014106},08/03/2026 19:30:34,GA0006,PC-1006,C47BE2A5.jpg,False,
{F-0017304},08/03/2026 19:30:34,IA0008,PC-1008,2D65E25D.jpg,False,
{F-0028865},08/03/2026 19:40:34,OA0014,PC-1014,F7AC78C8.doc,False,
{F-0017307},08/03/2026 19:49:34,IA0008,PC-1008,FA03660E.xlsx,False,
{F-0023054},08/03/2026 19:49:34,LA0011,PC-1011,71C319A4.pdf,False,
{F-0000310},08/03/2026 19:50:34,AA0000,PC-1000,0E775370.xlsx,False,
{F-0028861},08/03/2026 20:01:34,OA0014,PC-1014,77C41687.xlsx,False,
{F-0025078},08/03/2026 20:05:34,MA0012,PC-1012,E9046946.doc,False,
{F-0014116},08/03/2026 20:06:34,GA0006,PC-1006,29B5C8F4.pdf,False,
{F-0023056},08/03/2026 20:06:34,LA0011,PC-1011,98CD4477.xls,False,
{F-0028869},08/03/2026 20:16:34,OA0014,PC-1014,9C503C65.xlsx,False,
{F-0014103},08/03/2026 20:17:34,GA0006,PC-1006,269FE79F.doc,False,
{F-0008677},08/03/2026 20:18:34,DA0003,PC-1003,8E806265.xls,False,
{F-0017297},08/03/2026 20:18:34,IA0008,PC-1008,BA066400.pdf,False,
{F-0021121},08/03/2026 20:21:34,KA0010,PC-1010,4FBE9A0B.pdf,False,
{F-0019053},08/03/2026 20:25:34,JA0009,PC-1009,0747110B.txt,False,
{F-0028857},08/03/2026 20:27:34,OA0014,PC-1014,69E48B41.doc,False,
{F-0014117},08/03/2026 20:29:34,GA0006,PC-1006,3FBDB37B.doc,False,
{F-0019059},08/03/2026 20:29:34,JA0009,PC-1009,813EBAED.pdf,False,
{F-0017316},08/03/2026 20:30:34,IA0008,PC-1008,1A06A779.pdf,False,
{F-0028866},08/03/2026 20:33:34,OA0014,PC-1014,CB496278.pdf,False,
{F-0002823},08/03/2026 20:36:34,BA0001,PC-1001,837E4ECB.xlsx,False,
{F-0019060},08/03/2026 20:40:34,JA0009,PC-1009,BDE3FED4.doc,False,
{F-0002825},08/03/2026 20:43:34,BA0001,PC-1001,A7790721.doc,False,
{F-0002820},08/03/2026 20:46:34,BA0001,PC-1001,19567B8E.xls,False,
{F-0000309},08/03/2026 20:48:34,AA0000,PC-1000,7A0542EF.doc,False,
{F-0028858},08/03/2026 20:49:34,OA0014,PC-1014,5E42E7F3.xls,False,
{F-0017292},08/03/2026 20:50:34,IA0008,PC-1008,79BDA2D6.xlsx,False,
{F-0021125},08/03/2026 20:50:34,KA0010,PC-1010,180E0035.jpg,False,
{F-0017312},08/03/2026 20:51:34,IA0008,PC-1008,28E51553.xlsx,False,
{F-0021122},08/03/2026 20:53:34,KA0010,PC-1010,6A8E5200.xlsx,False,
{F-0008685},08/03/2026 20:58:34,DA0003,PC-1003,F46E580E.pdf,False,
{F-0034271},08/03/2026 20:58:34,RA0017,PC-1017,73A03F6C.pdf,False,
{F-0000313},08/03/2026 21:00:34,AA0000,PC-1000,F7330A87.txt,False,
{F-0021117},08/03/2026 21:00:34,KA0010,PC-1010,4D72F70B.txt,False,
{F-0021127},08/03/2026 21:00:34,KA0010,PC-1010,9286276B.txt,False,
{F-0016289},08/03/2026 21:01:34,HA0007,PC-1007,427D6AA8.pdf,False,
{F-0023068},08/03/2026 21:02:34,LA0011,PC-1011,390C8C07.jpg,False,
{F-0012508},08/03/2026 21:03:34,FA0005,PC-1005,DC47070A.pdf,False,
{F-0019058},08/03/2026 21:05:34,JA0009,PC-1009,30808F79.doc,False,
{F-0032896},08/03/2026 21:09:34,QA0016,PC-1016,AC40E358.xlsx,False,
{F-0031352},08/03/2026 21:10:34,PA0015,PC-1015,89A2F96C.doc,False,
{F-0012504},08/03/2026 21:11:34,FA0005,PC-1005,BB24EB2E.doc,False,
{F-0005531},08/03/2026 21:16:34,CA0002,PC-1002,7C2C58FB.jpg,False,
{F-0027079},08/03/2026 21:18:34,NA0013,PC-1013,8F0F3CE7.doc,False,
{F-0017313},08/03/2026 21:19:34,IA0008,PC-1008,1BFEAD41.xlsx,False,
{F-0005520},08/03/2026 21:24:34,CA0002,PC-1002,6459EC89.doc,False,
{F-0023075},08/03/2026 21:32:34,LA0011,PC-1011,94D35428.doc,False,
{F-0027082},08/03/2026 21:35:34,NA0013,PC-1013,5E574ACA.doc,False,
{F-0012507},08/03/2026 21:36:34,FA0005,PC-1005,54638B20.xls,False,
{F-0021124},08/03/2026 21:40:34,KA0010,PC-1010,18FA269A.jpg,False,
{F-0019049},08/03/2026 21:41:34,JA0009,PC-1009,22BD419C.jpg,False,
{F-0025070},08/03/2026 21:46:34,MA0012,PC-1012,3D0B9EBA.jpg,False,
{F-0011164},08/03/2026 21:49:34,EA0004,PC-1004,1807FC30.doc,False,
{F-0008686},08/03/2026 21:52:34,DA0003,PC-1003,D2D57B80.pdf,False,
{F-0011163},08/03/2026 21:52:34,EA0004,PC-1004,47AC9BF9.jpg,False,
{F-0034266},08/03/2026 21:53:34,RA0017,PC-1017,02871852.doc,False,
{F-0005526},08/03/2026 21:54:34,CA0002,PC-1002,C669D846.pdf,False,
{F-0008678},08/03/2026 21:54:34,DA0003,PC-1003,B79D5D80.txt,False,
{F-0000322},08/03/2026 21:57:34,AA0000,PC-1000,7FEB31F8.xlsx,False,
{F-0017310},08/03/2026 22:03:34,IA0008,PC-1008,E1716ACD.pdf,False,
{F-0025075},08/03/2026 22:03:34,MA0012,PC-1012,28D97689.txt,False,
{F-0014111},08/03/2026 22:06:34,GA0006,PC-1006,1CE65E07.doc,False,
{F-0031355},08/03/2026 22:08:34,PA0015,PC-1015,75F37A44.doc,False,
{F-0002822},08/03/2026 22:10:34,BA0001,PC-1001,EE351824.jpg,False,
{F-0016293},08/03/2026 22:18:34,HA0007,PC-1007,CB075145.pdf,False,
{F-0027080},08/03/2026 22:25:34,NA0013,PC-1013,20D88823.xlsx,False,
{F-0023059},08/03/2026 22:26:34,LA0011,PC-1011,298015F3.xls,False,
{F-0028867},08/03/2026 22:28:34,OA0014,PC-1014,0AA88850.doc,False,
{F-0016290},08/03/2026 22:29:34,HA0007,PC-1007,02644CB1.pdf,False,
{F-0012498},08/03/2026 22:31:34,FA0005,PC-1005,B70B23F0.txt,False,
{F-0005530},08/03/2026 22:37:34,CA0002,PC-1002,F4D7AB9F.xls,False,
{F-0017306},08/03/2026 22:39:34,IA0008,PC-1008,FD2C42B9.pdf,False,
{F-0019051},08/03/2026 22:42:34,JA0009,PC-1009,253A3F63.xlsx,False,
{F-0008684},08/03/2026 22:44:34,DA0003,PC-1003,C40365B6.doc,False,
{F-0002829},08/03/2026 22:45:34,BA0001,PC-1001,549B9C48.xlsx,False,
{F-0019055},08/03/2026 22:45:34,JA0009,PC-1009,E18FF062.jpg,False,
{F-0008679},08/03/2026 22:46:34,DA0003,PC-1003,8414DB81.pdf,False,
{F-0023057},08/03/2026 22:48:34,LA0011,PC-1011,0C109052.xls,False,
{F-0000306},08/03/2026 22:50:34,AA0000,PC-1000,D3CC262B.xlsx,False,
{F-0014101},08/03/2026 22:50:34,GA0006,PC-1006,7838B843.xlsx,False,
{F-0025077},08/03/2026 22:52:34,MA0012,PC-1012,8FB3FE7E.doc,False,
{F-0027077},08/03/2026 22:52:34,NA0013,PC-1013,8FD80436.jpg,False,
{F-0019063},08/03/2026 22:55:34,JA0009,PC-1009,6B08E41F.xls,False,
{F-0034270},08/03/2026 22:58:34,RA0017,PC-1017,E48B947A.txt,False,
{F-0017303},08/03/2026 22:59:34,IA0008,PC-1008,CA9208BA.doc,False,
{F-0014102},08/03/2026 23:01:34,GA0006,PC-1006,D362E6ED.xlsx,False,
{F-0023071},08/03/2026 23:02:34,LA0011,PC-1011,D8BBBECB.txt,False,
{F-0017298},08/03/2026 23:04:34,IA0008,PC-1008,B58520A9.doc,False,
{F-0032894},08/03/2026 23:04:34,QA0016,PC-1016,B3506B69.xlsx,False,
{F-0000325},08/03/2026 23:05:34,AA0000,PC-1000,AF802FCF.doc,False,
{F-0023067},08/03/2026 23:07:34,LA0011,PC-1011,382F22E7.txt,False,
{F-0032893},08/03/2026 23:07:34,QA0016,PC-1016,353C5978.jpg,False,
{F-0031349},08/03/2026 23:11:34,PA0015,PC-1015,5890BECF.pdf,False,
{F-0012501},08/03/2026 23:12:34,FA0005,PC-1005,BBFA1A96.doc,False,
{F-0000311},08/03/2026 23:13:34,AA0000,PC-1000,A7CDCB5D.xlsx,False,
{F-0000319},08/03/2026 23:14:34,AA0000,PC-1000,230AD43F.doc,False,
{F-0019052},08/03/2026 23:14:34,JA0009,PC-1009,99E42A96.pdf,False,
{F-0008682},08/03/2026 23:18:34,DA0003,PC-1003,632366E0.pdf,False,
{F-0017300},08/03/2026 23:18:34,IA0008,PC-1008,9F14F66A.xlsx,False,
{F-0014105},08/03/2026 23:19:34,GA0006,PC-1006,9AAD28A1.pdf,False,
{F-0027074},08/03/2026 23:21:34,NA0013,PC-1013,FBB4D647.xlsx,False,
{F-0021118},08/03/2026 23:26:34,KA0010,PC-1010,FDA00C19.xls,False,
{F-0014113},08/03/2026 23:27:34,GA0006,PC-1006,3BE312E8.xls,False,
{F-0019057},08/03/2026 23:33:34,JA0009,PC-1009,687E8CA7.jpg,False,
{F-0016288},08/03/2026 23:37:34,HA0007,PC-1007,380F5EC6.doc,False,
{F-0016291},08/03/2026 23:40:34,HA0007,PC-1007,6BDF7F3C.xlsx,False,
{F-0023069},08/03/2026 23:40:34,LA0011,PC-1011,1D5E1CC7.doc,False,
{F-0002824},08/03/2026 23:42:34,BA0001,PC-1001,FC17C8BA.xls,False,
{F-0011165},08/03/2026 23:42:34,EA0004,PC-1004,4A32DFB7.doc,False,
{F-0005511},08/03/2026 23:49:34,CA0002,PC-1002,3509EA77.pdf,False,
{F-0027078},08/03/2026 23:56:34,NA0013,PC-1013,FE4EEF01.jpg,False,
{F-0014108},08/03/2026 23:59:34,GA0006,PC-1006,30471E41.doc,False,
{F-0011166},08/04/2026 00:01:34,EA0004,PC-1004,C139401F.jpg,False,
{F-0032895},08/04/2026 00:01:34,QA0016,PC-1016,88EF4ED5.pdf,False,
{F-0002826},08/04/2026 00:02:34,BA0001,PC-1001,D87DB294.pdf,False,
{F-0008676},08/04/2026 00:03:34,DA0003,PC-1003,F4A32B17.txt,False,
{F-0031354},08/04/2026 00:06:34,PA0015,PC-1015,3D6B115B.pdf,False,
{F-0028856},08/04/2026 00:07:34,OA0014,PC-1014,E53686AB.jpg,False,
{F-0019062},08/04/2026 00:10:34,JA0009,PC-1009,4F3136BE.xlsx,False,
{F-0002818},08/04/2026 00:11:34,BA0001,PC-1001,81B7C722.doc,False,
{F-0002819},08/04/2026 00:11:34,BA0001,PC-1001,1F1AEDA0.pdf,False,
{F-0005519},08/04/2026 00:12:34,CA0002,PC-1002,BCC7A966.doc,False,
{F-0002830},08/04/2026 00:13:34,BA0001,PC-1001,A4B38B97.doc,False,
{F-0005529},08/04/2026 00:13:34,CA0002,PC-1002,F3054BA5.doc,False,
{F-0008680},08/04/2026 00:13:34,DA0003,PC-1003,1D68FA28.doc,False,
{F-0008675},08/04/2026 00:14:34,DA0003,PC-1003,2509453B.doc,False,
{F-0005521},08/04/2026 00:15:34,CA0002,PC-1002,06C1D1C9.txt,False,
{F-0000316},08/04/2026 00:17:34,AA0000,PC-1000,AEA078A6.xls,False,
{F-0021123},08/04/2026 00:18:34,KA0010,PC-1010,D075ECDB.xls,False,
{F-0002828},08/04/2026 00:19:34,BA0001,PC-1001,1CFB963D.xls,False,
{F-0008681},08/04/2026 00:20:34,DA0003,PC-1003,F5B6217F.xls,False,
{F-0000317},08/04/2026 00:21:34,AA0000,PC-1000,FF0E02DE.pdf,False,
{F-0005524},08/04/2026 00:29:34,CA0002,PC-1002,0A157AC9.doc,False,
{F-0014114},08/04/2026 00:31:34,GA0006,PC-1006,25081C23.doc,False,
{F-0034272},08/04/2026 00:31:34,RA0017,PC-1017,9DACC425.xls,False,
{F-0014109},08/04/2026 00:34:34,GA0006,PC-1006,AD4A622C.xls,False,
{F-0017315},08/04/2026 00:34:34,IA0008,PC-1008,AF3E6359.doc,False,
{F-0017301},08/04/2026 00:46:34,IA0008,PC-1008,AD9B458F.xls,False,
{F-0021120},08/04/2026 00:46:34,KA0010,PC-1010,61202673.xlsx,False,
{F-0023060},08/04/2026 00:49:34,LA0011,PC-1011,F37CEE03.jpg,False,
{F-0031358},08/04/2026 00:49:34,PA0015,PC-1015,B3F29C2B.xlsx,False,
{F-0023061},08/04/2026 00:51:34,LA0011,PC-1011,F118A94A.jpg,False,
{F-0028863},08/04/2026 00:51:34,OA0014,PC-1014,C18A4103.xls,False,
{F-0012502},08/04/2026 00:57:34,FA0005,PC-1005,CD7F77E8.txt,False,
{F-0021128},08/04/2026 00:57:34,KA0010,PC-1010,2864A326.doc,False,
{F-0028868},08/04/2026 00:58:34,OA0014,PC-1014,5A2DD037.txt,False,
{F-0000318},08/04/2026 01:00:34,AA0000,PC-1000,7A7C69A2.xls,False,
{F-0032891},08/04/2026 01:01:34,QA0016,PC-1016,DD4F683E.xlsx,False,
{F-0017305},08/04/2026 01:02:34,IA0008,PC-1008,E0400750.doc,False,
{F-0031348},08/04/2026 01:04:34,PA0015,PC-1015,6A1EA5D9.xls,False,
{F-0023073},08/04/2026 01:07:34,LA0011,PC-1011,4D97DF49.pdf,False,
{F-0005510},08/04/2026 01:10:34,CA0002,PC-1002,ACA5FA03.doc,False,
{F-0000323},08/04/2026 01:14:34,AA0000,PC-1000,283F1F4F.xlsx,False,
{F-0031350},08/04/2026 01:14:34,PA0015,PC-1015,8143CE73.xls,False,
{F-0019056},08/04/2026 01:15:34,JA0009,PC-1009,A30A28FE.txt,False,
{F-0025076},08/04/2026 01:16:34,MA0012,PC-1012,9EB06F67.pdf,False,
{F-0000307},08/04/2026 01:19:34,AA0000,PC-1000,406F9EC9.xls,False,
{F-0014104},08/04/2026 01:27:34,GA0006,PC-1006,89A24694.jpg,False,
{F-0005517},08/04/2026 01:31:34,CA0002,PC-1002,77EB5D1A.xls,False,
{F-0017295},08/04/2026 01:31:34,IA0008,PC-1008,A788673A.jpg,False,
{F-0031351},08/04/2026 01:32:34,PA0015,PC-1015,77C58B48.txt,False,
{F-0011167},08/04/2026 01:37:34,EA0004,PC-1004,8F8DBB73.doc,False,
{F-0005512},08/04/2026 01:40:34,CA0002,PC-1002,640E8211.pdf,False,
{F-0031353},08/04/2026 01:41:34,PA0015,PC-1015,60EFBA57.txt,False,
{F-0005515},08/04/2026 01:43:34,CA0002,PC-1002,8C6CB330.xlsx,False,
{F-0017302},08/04/2026 01:43:34,IA0008,PC-1008,AAA0FE76.xls,False,
{F-0002821},08/04/2026 01:45:34,BA0001,PC-1001,F508D3B2.xlsx,False,
{F-0000324},08/04/2026 01:48:34,AA0000,PC-1000,4D816984.doc,False,
{F-0005528},08/04/2026 01:56:34,CA0002,PC-1002,215F0075.xlsx,False,
{F-0017294},08/04/2026 02:01:34,IA0008,PC-1008,C960D86E.txt,False,
{F-0000308},08/04/2026 02:07:34,AA0000,PC-1000,AF3ACDA4.pdf,False,
{F-0012495},08/04/2026 02:08:34,FA0005,PC-1005,A8F5D4D2.xls,False,
{F-0005527},08/04/2026 02:10:34,CA0002,PC-1002,04A7C97F.jpg,False,
{F-0023055},08/04/2026 02:12:34,LA0011,PC-1011,3AFDCA51.doc,False,
{F-0017309},08/04/2026 02:14:34,IA0008,PC-1008,67B0A39C.txt,False,
{F-0014107},08/04/2026 02:15:34,GA0006,PC-1006,CDA7FA1F.jpg,False,
{F-0005525},08/04/2026 02:16:34,CA0002,PC-1002,417EAFCB.doc,False,
{F-0002827},08/04/2026 02:18:34,BA0001,PC-1001,B6A3C7FA.jpg,False,
{F-0023063},08/04/2026 02:19:34,LA0011,PC-1011,E5E9C605.doc,False,
{F-0025074},08/04/2026 02:24:34,MA0012,PC-1012,0CC16CFD.xlsx,False,
{F-0021126},08/04/2026 02:26:34,KA0010,PC-1010,40017F08.pdf,False,
{F-0014112},08/04/2026 02:28:34,GA0006,PC-1006,5D869893.xls,False,
{F-0025072},08/04/2026 02:28:34,MA0012,PC-1012,9DB5D142.xls,False,
{F-0012497},08/04/2026 02:32:34,FA0005,PC-1005,E211B5B2.xls,False,
{F-0000321},08/04/2026 02:34:34,AA0000,PC-1000,AEB42D9D.xls,False,
{F-0014110},08/04/2026 02:34:34,GA0006,PC-1006,1F3EC56E.xlsx,False,
{F-0023058},08/04/2026 02:37:34,LA0011,PC-1011,994FA0EA.doc,False,
{F-0032890},08/04/2026 02:38:34,QA0016,PC-1016,13780E91.doc,False,
{F-0005516},08/04/2026 02:39:34,CA0002,PC-1002,22136168.xlsx,False,
{F-0000315},08/04/2026 02:42:34,AA0000,PC-1000,DBC315D7.xls,False,
{F-0025071},08/04/2026 02:43:34,MA0012,PC-1012,8717C291.doc,False,
{F-0017296},08/04/2026 02:44:34,IA0008,PC-1008,BD0E519F.doc,False,
{F-0034267},08/04/2026 02:44:34,RA0017,PC-1017,4D440AA6.doc,False,
{F-0021114},08/04/2026 02:45:34,KA0010,PC-1010,22852CB5.doc,False,
{F-0023066},08/04/2026 02:47:34,LA0011,PC-1011,1452C021.doc,False,
{F-0002816},08/04/2026 02:49:34,BA0001,PC-1001,B974D60B.txt,False,
{F-0002817},08/04/2026 02:51:34,BA0001,PC-1001,C3005FB9.jpg,False,
{F-0016292},08/04/2026 02:51:34,HA0007,PC-1007,94E19A14.txt,False,
{F-0017314},08/04/2026 02:51:34,IA0008,PC-1008,2E4F074A.xls,False,
{F-0000320},08/04/2026 02:54:34,AA0000,PC-1000,00CE3F6F.xlsx,False,
{F-0023070},08/04/2026 02:54:34,LA0011,PC-1011,AB22BCFD.xls,False,
{F-0000312},08/04/2026 02:55:34,AA0000,PC-1000,395B5448.doc,False,
{F-0019050},08/04/2026 02:55:34,JA0009,PC-1009,C8CF7E70.txt,False,
{F-0008687},08/04/2026 03:00:34,DA0003,PC-1003,209C126F.pdf,False,
{F-0019054},08/04/2026 03:02:34,JA0009,PC-1009,4C7E2D9A.jpg,False,
{F-0031356},08/04/2026 03:02:34,PA0015,PC-1015,C8035ECE.doc,False,
{F-0021115},08/04/2026 03:03:34,KA0010,PC-1010,2B0839A5.doc,False,
{F-0017311},08/04/2026 03:04:34,IA0008,PC-1008,32D55161.txt,False,
{F-0000314},08/04/2026 03:05:34,AA0000,PC-1000,DA0AED65.pdf,False,
{F-0005513},08/04/2026 03:07:34,CA0002,PC-1002,E751E3FE.xls,False,
{F-0023064},08/04/2026 03:07:34,LA0011,PC-1011,B304A1BC.xlsx,False,
{F-0031359},08/04/2026 03:09:34,PA0015,PC-1015,498E68FC.xls,False,
{F-0005514},08/04/2026 03:10:34,CA0002,PC-1002,97C31D9F.jpg,False,
{F-0017293},08/04/2026 03:12:34,IA0008,PC-1008,1902B4F7.xlsx,False,
{F-0027076},08/04/2026 03:14:34,NA0013,PC-1013,62610944.pdf,False,
{F-0028862},08/04/2026 03:15:34,OA0014,PC-1014,5AEFE66D.xls,False,
{F-0028864},08/04/2026 03:17:34,OA0014,PC-1014,3F59D846.pdf,False,
{F-0005518},08/04/2026 03:21:34,CA0002,PC-1002,20468C6F.doc,False,
{F-0019061},08/04/2026 03:23:34,JA0009,PC-1009,EE7EB483.txt,False,
{F-0034268},08/04/2026 03:23:34,RA0017,PC-1017,4FFD5BDA.doc,False,
{F-0021116},08/04/2026 03:24:34,KA0010,PC-1010,D44B96DB.xls,False,
{F-0002814},08/04/2026 03:26:34,BA0001,PC-1001,AD6A4269.txt,False,
{F-0021119},08/04/2026 03:26:34,KA0010,PC-1010,0B19AAC5.doc,False,
{F-0027081},08/04/2026 03:28:34,NA0013,PC-1013,D16CC588.txt,False,
{F-0012493},08/04/2026 03:29:34,FA0005,PC-1005,D5063281.doc,False,
{F-0028860},08/04/2026 03:37:34,OA0014,PC-1014,2E54A328.txt,False,
{F-0017308},08/04/2026 03:40:34,IA0008,PC-1008,8DC3C4D1.doc,False,
{F-0002815},08/04/2026 03:46:34,BA0001,PC-1001,FE2129C1.pdf,False,
{F-0021129},08/04/2026 03:49:34,KA0010,PC-1010,14667052.doc,False,
{F-0002831},08/04/2026 03:50:34,BA0001,PC-1001,C00F981B.doc,False,
{F-0012500},08/04/2026 03:51:34,FA0005,PC-1005,33F60BC7.xls,False,
{F-0031357},08/04/2026 03:54:34,PA0015,PC-1015,A1E96564.doc,False,
{F-0028859},08/04/2026 03:57:34,OA0014,PC-1014,BE986E0F.xls,False,
{F-0012494},08/04/2026 03:58:34,FA0005,PC-1005,866C1AAC.xlsx,False,
{F-0023062},08/04/2026 04:03:34,LA0011,PC-1011,60199ACC.xls,False,
{F-0025079},08/04/2026 04:03:34,MA0012,PC-1012,9786C98E.jpg,False,
{F-0034269},08/04/2026 04:07:34,RA0017,PC-1017,82D0DC09.jpg,False,
{F-0012492},08/04/2026 04:23:34,FA0005,PC-1005,30EE55AA.pdf,False,
{F-0012496},08/04/2026 04:29:34,FA0005,PC-1005,1195AD9D.jpg,False,
{F-0012510},08/04/2026 04:54:34,FA0005,PC-1005,53E36840.pdf,False,
{F-0005522},08/04/2026 04:55:34,CA0002,PC-1002,BE34F31F.doc,False,
{F-0012509},08/04/2026 04:56:34,FA0005,PC-1005,D2DF35C6.xls,False,
{F-0032892},08/04/2026 05:11:34,QA0016,PC-1016,53A4AB12.txt,False,
{F-0012499},08/04/2026 05:15:34,FA0005,PC-1005,152F3110.jpg,False,
{F-0005523},08/04/2026 05:20:34,CA0002,PC-1002,DDA796A2.txt,False,
{F-0012505},08/04/2026 05:27:34,FA0005,PC-1005,A8F32119.doc,False,
{F-0012506},08/04/2026 05:56:34,FA0005,PC-1005,16F9C236.doc,False,
{F-0012503},08/04/2026 06:22:34,FA0005,PC-1005,665D5D7F.xls,False,
{F-0017343},08/04/2026 18:30:34,IA0008,PC-1008,64525B7A.pdf,False,
{F-0028925},08/04/2026 18:46:34,OA0014,PC-1014,D991E951.jpg,False,
{F-0027108},08/04/2026 19:05:34,NA0013,PC-1013,2A1C9A97.pdf,False,
{F-0017351},08/04/2026 19:09:34,IA0008,PC-1008,A385839E.pdf,False,
{F-0023095},08/04/2026 19:11:34,LA0011,PC-1011,A1CBAAF7.xlsx,False,
{F-0025119},08/04/2026 19:11:34,MA0012,PC-1012,365D8D0D.jpg,False,
{F-0023112},08/04/2026 19:12:34,LA0011,PC-1011,83EA68C7.txt,False,
{F-0008737},08/04/2026 19:14:34,DA0003,PC-1003,E7B88374.xls,False,
{F-0017353},08/04/2026 19:16:34,IA0008,PC-1008,C4D9F86E.pdf,False,
{F-0025120},08/04/2026 19:25:34,MA0012,PC-1012,77266556.xlsx,False,
{F-0028924},08/04/2026 19:27:34,OA0014,PC-1014,73C7185F.xls,False,
{F-0023096},08/04/2026 19:29:34,LA0011,PC-1011,D15C4D6D.pdf,False,
{F-0016314},08/04/2026 19:30:34,HA0007,PC-1007,3A5D3C1A.pdf,False,
{F-0016313},08/04/2026 19:36:34,HA0007,PC-1007,1F357E81.xls,False,
{F-0014163},08/04/2026 19:40:34,GA0006,PC-1006,C5E41CC6.xlsx,False,
{F-0027113},08/04/2026 19:42:34,NA0013,PC-1013,6D2F83DF.xls,False,
{F-0019103},08/04/2026 19:52:34,JA0009,PC-1009,C50F5837.doc,False,
{F-0019094},08/04/2026 19:55:34,JA0009,PC-1009,7C8FA4E9.xls,False,
{F-0019099},08/04/2026 19:56:34,JA0009,PC-1009,2631A437.jpg,False,
{F-0014168},08/04/2026 19:58:34,GA0006,PC-1006,2833AF15.doc,False,
{F-0021159},08/04/2026 20:00:34,KA0010,PC-1010,4DB75A36.xlsx,False,
{F-0008736},08/04/2026 20:01:34,DA0003,PC-1003,7D41FE1C.xls,False,
{F-0002857},08/04/2026 20:07:34,BA0001,PC-1001,2B87A60F.doc,False,
{F-0017354},08/04/2026 20:13:34,IA0008,PC-1008,F46689B8.xlsx,False,
{F-0028929},08/04/2026 20:13:34,OA0014,PC-1014,398DE37D.jpg,False,
{F-0000373},08/04/2026 20:19:34,AA0000,PC-1000,4F1079A6.doc,False,
{F-0034294},08/04/2026 20:20:34,RA0017,PC-1017,CEF1A42A.xlsx,False,
{F-0002861},08/04/2026 20:23:34,BA0001,PC-1001,22BB3C64.xlsx,False,
{F-0002862},08/04/2026 20:24:34,BA0001,PC-1001,2088C6D4.doc,False,
{F-0012541},08/04/2026 20:24:34,FA0005,PC-1005,D90E21FA.txt,False,
{F-0025117},08/04/2026 20:27:34,MA0012,PC-1012,E67FC066.txt,False,
{F-0017352},08/04/2026 20:28:34,IA0008,PC-1008,53271C6D.xlsx,False,
{F-0021174},08/04/2026 20:28:34,KA0010,PC-1010,FA2CCA01.pdf,False,
{F-0014154},08/04/2026 20:29:34,GA0006,PC-1006,F61AE90C.xls,False,
{F-0014157},08/04/2026 20:29:34,GA0006,PC-1006,83F33776.doc,False,
{F-0019093},08/04/2026 20:29:34,JA0009,PC-1009,A790BC60.xlsx,False,
{F-0019095},08/04/2026 20:30:34,JA0009,PC-1009,BE5DB5C7.doc,False,
{F-0000372},08/04/2026 20:34:34,AA0000,PC-1000,A9EEE2AB.doc,False,
{F-0017349},08/04/2026 20:35:34,IA0008,PC-1008,D3971E28.txt,False,
{F-0019107},08/04/2026 20:37:34,JA0009,PC-1009,EE4C3396.jpg,False,
{F-0016312},08/04/2026 20:43:34,HA0007,PC-1007,A19BDD30.xlsx,False,
{F-0028928},08/04/2026 20:47:34,OA0014,PC-1014,29FB6733.jpg,False,
{F-0011185},08/04/2026 20:50:34,EA0004,PC-1004,4A819163.xlsx,False,
{F-0011183},08/04/2026 20:52:34,EA0004,PC-1004,33653AF3.xls,False,
{F-0019106},08/04/2026 20:52:34,JA0009,PC-1009,4BC0B9D8.pdf,False,
{F-0017355},08/04/2026 20:53:34,IA0008,PC-1008,E888FEFE.xls,False,
{F-0017356},08/04/2026 20:53:34,IA0008,PC-1008,F7B5C541.doc,False,
{F-0017348},08/04/2026 20:55:34,IA0008,PC-1008,C5C12A4B.doc,False,
{F-0031396},08/04/2026 20:56:34,PA0015,PC-1015,5DB58C9D.jpg,False,
{F-0008741},08/04/2026 20:57:34,DA0003,PC-1003,BEC76BA8.doc,False,
{F-0019102},08/04/2026 20:59:34,JA0009,PC-1009,D04ED95E.doc,False,
{F-0012540},08/04/2026 21:00:34,FA0005,PC-1005,9E29C616.xlsx,False,
{F-0021170},08/04/2026 21:02:34,KA0010,PC-1010,75EA53A2.xls,False,
{F-0023099},08/04/2026 21:02:34,LA0011,PC-1011,843F5E02.xlsx,False,
{F-0014166},08/04/2026 21:06:34,GA0006,PC-1006,205CA3D5.doc,False,
{F-0031398},08/04/2026 21:06:34,PA0015,PC-1015,9491B1AF.doc,False,
{F-0027114},08/04/2026 21:07:34,NA0013,PC-1013,DB553622.jpg,False,
{F-0019092},08/04/2026 21:11:34,JA0009,PC-1009,5A41C366.xlsx,False,
{F-0002858},08/04/2026 21:25:34,BA0001,PC-1001,6370E672.jpg,False,
{F-0023108},08/04/2026 21:28:34,LA0011,PC-1011,EF5775F6.pdf,False,
{F-0023109},08/04/2026 21:28:34,LA0011,PC-1011,F9241990.pdf,False,
{F-0014169},08/04/2026 21:31:34,GA0006,PC-1006,7808EED6.xls,False,
{F-0011192},08/04/2026 21:42:34,EA0004,PC-1004,A44C4ED5.xls,False,
{F-0023107},08/04/2026 21:44:34,LA0011,PC-1011,366E52A5.txt,False,
{F-0002867},08/04/2026 21:46:34,BA0001,PC-1001,699BAF55.xlsx,False,
{F-0031390},08/04/2026 21:51:34,PA0015,PC-1015,7ECBC294.pdf,False,
{F-0023105},08/04/2026 21:52:34,LA0011,PC-1011,4EF9DBF1.xlsx,False,
{F-0031393},08/04/2026 21:53:34,PA0015,PC-1015,0781E146.xls,False,
{F-0012539},08/04/2026 21:56:34,FA0005,PC-1005,95D67E24.xls,False,
{F-0008742},08/04/2026 22:02:34,DA0003,PC-1003,C288F303.jpg,False,
{F-0025115},08/04/2026 22:02:34,MA0012,PC-1012,92A8BEA6.doc,False,
{F-0011189},08/04/2026 22:04:34,EA0004,PC-1004,CE7446D7.xls,False,
{F-0031397},08/04/2026 22:04:34,PA0015,PC-1015,777E27ED.doc,False,
{F-0032922},08/04/2026 22:06:34,QA0016,PC-1016,1A540FB7.pdf,False,
{F-0011191},08/04/2026 22:09:34,EA0004,PC-1004,9269D677.xls,False,
{F-0014156},08/04/2026 22:09:34,GA0006,PC-1006,B3757C22.doc,False,
{F-0002866},08/04/2026 22:10:34,BA0001,PC-1001,74CC469D.doc,False,
{F-0023110},08/04/2026 22:10:34,LA0011,PC-1011,6F50A146.txt,False,
{F-0021165},08/04/2026 22:11:34,KA0010,PC-1010,5313D32C.doc,False,
{F-0027107},08/04/2026 22:13:34,NA0013,PC-1013,213586D8.doc,False,
{F-0008740},08/04/2026 22:21:34,DA0003,PC-1003,387FCBA1.doc,False,
{F-0017346},08/04/2026 22:22:34,IA0008,PC-1008,C3A36B51.pdf,False,
{F-0000369},08/04/2026 22:23:34,AA0000,PC-1000,26D00356.xlsx,False,
{F-0008739},08/04/2026 22:23:34,DA0003,PC-1003,7CA3EBCA.doc,False,
{F-0011182},08/04/2026 22:31:34,EA0004,PC-1004,21132B4F.jpg,False,
{F-0016317},08/04/2026 22:31:34,HA0007,PC-1007,24525F49.jpg,False,
{F-0023103},08/04/2026 22:31:34,LA0011,PC-1011,75798B4A.jpg,False,
{F-0023113},08/04/2026 22:35:34,LA0011,PC-1011,06679FB8.doc,False,
{F-0028923},08/04/2026 22:37:34,OA0014,PC-1014,46CCDF7A.jpg,False,
{F-0025116},08/04/2026 22:39:34,MA0012,PC-1012,3AF84ABE.doc,False,
{F-0031394},08/04/2026 22:40:34,PA0015,PC-1015,600DE692.jpg,False,
{F-0000371},08/04/2026 22:41:34,AA0000,PC-1000,DDBF99A2.doc,False,
{F-0027112},08/04/2026 22:41:34,NA0013,PC-1013,35A40D20.txt,False,
{F-0016315},08/04/2026 22:42:34,HA0007,PC-1007,67C1FA62.jpg,False,
{F-0016316},08/04/2026 22:42:34,HA0007,PC-1007,A82823C0.txt,False,
{F-0014160},08/04/2026 22:45:34,GA0006,PC-1006,A8BF095B.xlsx,False,
{F-0002855},08/04/2026 22:47:34,BA0001,PC-1001,1E3B3E3C.doc,False,
{F-0011190},08/04/2026 22:48:34,EA0004,PC-1004,F0C1BCB1.xls,False,
{F-0005600},08/04/2026 22:53:34,CA0002,PC-1002,3DBB5B75.xls,False,
{F-0012534},08/04/2026 22:59:34,FA0005,PC-1005,DCA5DFCD.doc,False,
{F-0011184},08/04/2026 23:00:34,EA0004,PC-1004,1E8FBAFF.doc,False,
{F-0011186},08/04/2026 23:01:34,EA0004,PC-1004,9F4179EC.txt,False,
{F-0021166},08/04/2026 23:08:34,KA0010,PC-1010,C0A3B9A3.xlsx,False,
{F-0014155},08/04/2026 23:11:34,GA0006,PC-1006,4EFFC01F.doc,False,
{F-0027111},08/04/2026 23:13:34,NA0013,PC-1013,24D8CE8C.doc,False,
{F-0025118},08/04/2026 23:14:34,MA0012,PC-1012,1DE75B00.doc,False,
{F-0017345},08/04/2026 23:20:34,IA0008,PC-1008,6359CD8C.xlsx,False,
{F-0031399},08/04/2026 23:21:34,PA0015,PC-1015,09A6478A.pdf,False,
{F-0012532},08/04/2026 23:24:34,FA0005,PC-1005,CC350878.pdf,False,
{F-0019098},08/04/2026 23:25:34,JA0009,PC-1009,5A208D39.pdf,False,
{F-0017347},08/04/2026 23:28:34,IA0008,PC-1008,3A67E400.doc,False,
{F-0011194},08/04/2026 23:42:34,EA0004,PC-1004,14F48A3D.xlsx,False,
{F-0000366},08/04/2026 23:49:34,AA0000,PC-1000,DCB30421.xlsx,False,
{F-0014159},08/04/2026 23:49:34,GA0006,PC-1006,F9185BDF.xlsx,False,
{F-0021172},08/04/2026 23:50:34,KA0010,PC-1010,F7FE13F1.xls,False,
{F-0000374},08/04/2026 23:51:34,AA0000,PC-1000,B9D93E1B.xls,False,
{F-0023098},08/04/2026 23:52:34,LA0011,PC-1011,098B7314.pdf,False,
{F-0002856},08/04/2026 23:53:34,BA0001,PC-1001,156973F4.xlsx,False,
{F-0021157},08/04/2026 23:54:34,KA0010,PC-1010,A9A6B2E7.txt,False,
{F-0028927},08/04/2026 23:57:34,OA0014,PC-1014,C4611337.xls,False,
{F-0000365},08/04/2026 23:59:34,AA0000,PC-1000,30575219.doc,False,
{F-0014167},08/04/2026 23:59:34,GA0006,PC-1006,9BADFFDE.xls,False,
{F-0025114},08/05/2026 00:01:34,MA0012,PC-1012,193B7EAF.xls,False,
{F-0002865},08/05/2026 00:02:34,BA0001,PC-1001,C45B7508.jpg,False,
{F-0005606},08/05/2026 00:04:34,CA0002,PC-1002,B7E650A4.jpg,False,
{F-0021169},08/05/2026 00:04:34,KA0010,PC-1010,A5B2D234.doc,False,
{F-0023094},08/05/2026 00:06:34,LA0011,PC-1011,041AD7DA.txt,False,
{F-0021162},08/05/2026 00:07:34,KA0010,PC-1010,1221DECD.doc,False,
{F-0023102},08/05/2026 00:07:34,LA0011,PC-1011,DD926013.xls,False,
{F-0028922},08/05/2026 00:09:34,OA0014,PC-1014,44E0CDAB.xlsx,False,
{F-0031400},08/05/2026 00:13:34,PA0015,PC-1015,60A84990.xlsx,False,
{F-0019105},08/05/2026 00:14:34,JA0009,PC-1009,6FDFB8D7.pdf,False,
{F-0000375},08/05/2026 00:15:34,AA0000,PC-1000,74B321FD.xls,False,
{F-0012538},08/05/2026 00:15:34,FA0005,PC-1005,E00BC337.doc,False,
{F-0019090},08/05/2026 00:17:34,JA0009,PC-1009,3114A5EA.pdf,False,
{F-0017357},08/05/2026 00:18:34,IA0008,PC-1008,E3153353.xls,False,
{F-0012535},08/05/2026 00:19:34,FA0005,PC-1005,AC39C915.txt,False,
{F-0019091},08/05/2026 00:19:34,JA0009,PC-1009,6294C0F1.pdf,False,
{F-0000376},08/05/2026 00:22:34,AA0000,PC-1000,E0C84872.xls,False,
{F-0002868},08/05/2026 00:24:34,BA0001,PC-1001,F48D8379.jpg,False,
{F-0019097},08/05/2026 00:24:34,JA0009,PC-1009,7312A9D7.jpg,False,
{F-0019088},08/05/2026 00:25:34,JA0009,PC-1009,E57E9528.doc,False,
{F-0019089},08/05/2026 00:26:34,JA0009,PC-1009,BA84332E.txt,False,
{F-0014165},08/05/2026 00:41:34,GA0006,PC-1006,D1C5E78F.doc,False,
{F-0017350},08/05/2026 00:41:34,IA0008,PC-1008,5673FFC0.xlsx,False,
{F-0031392},08/05/2026 00:48:34,PA0015,PC-1015,75066C27.doc,False,
{F-0000367},08/05/2026 00:49:34,AA0000,PC-1000,42A03337.pdf,False,
{F-0028926},08/05/2026 00:49:34,OA0014,PC-1014,4C24F83F.jpg,False,
{F-0008734},08/05/2026 00:51:34,DA0003,PC-1003,5FA3930C.doc,False,
{F-0011195},08/05/2026 00:54:34,EA0004,PC-1004,56A49F70.jpg,False,
{F-0016311},08/05/2026 00:59:34,HA0007,PC-1007,D4CD6385.doc,False,
{F-0023100},08/05/2026 01:02:34,LA0011,PC-1011,31B4F3AF.doc,False,
{F-0005598},08/05/2026 01:03:34,CA0002,PC-1002,CF3FD430.doc,False,
{F-0002860},08/05/2026 01:04:34,BA0001,PC-1001,ADE8D9EE.xls,False,
{F-0005603},08/05/2026 01:07:34,CA0002,PC-1002,7453EC61.txt,False,
{F-0012545},08/05/2026 01:09:34,FA0005,PC-1005,F811CCF5.doc,False,
{F-0000378},08/05/2026 01:13:34,AA0000,PC-1000,A1A62CAB.pdf,False,
{F-0002863},08/05/2026 01:13:34,BA0001,PC-1001,DBE6B6E8.doc,False,
{F-0019104},08/05/2026 01:15:34,JA0009,PC-1009,C82E69BD.xlsx,False,
{F-0012546},08/05/2026 01:17:34,FA0005,PC-1005,4555918B.pdf,False,
{F-0008743},08/05/2026 01:26:34,DA0003,PC-1003,D3A9A164.doc,False,
{F-0031395},08/05/2026 01:27:34,PA0015,PC-1015,D12EA7EA.txt,False,
{F-0000379},08/05/2026 01:30:34,AA0000,PC-1000,3CF259FA.jpg,False,
{F-0014162},08/05/2026 01:30:34,GA0006,PC-1006,47E5512A.txt,False,
{F-0032925},08/05/2026 01:42:34,QA0016,PC-1016,DFBDE0CA.pdf,False,
{F-0002864},08/05/2026 01:43:34,BA0001,PC-1001,4DDB05DD.jpg,False,
{F-0021173},08/05/2026 01:45:34,KA0010,PC-1010,4B65C6C7.xls,False,
{F-0008738},08/05/2026 01:47:34,DA0003,PC-1003,EC19FBB9.xls,False,
{F-0017344},08/05/2026 01:47:34,IA0008,PC-1008,03B96A8B.xlsx,False,
{F-0021161},08/05/2026 01:50:34,KA0010,PC-1010,FE8F0A3F.xls,False,
{F-0023106},08/05/2026 01:53:34,LA0011,PC-1011,279B5F52.jpg,False,
{F-0000377},08/05/2026 02:02:34,AA0000,PC-1000,2076A597.doc,False,
{F-0000370},08/05/2026 02:04:34,AA0000,PC-1000,29AF2BE4.txt,False,
{F-0021167},08/05/2026 02:12:34,KA0010,PC-1010,B3587C34.pdf,False,
{F-0014161},08/05/2026 02:14:34,GA0006,PC-1006,2332A6B9.xls,False,
{F-0025113},08/05/2026 02:14:34,MA0012,PC-1012,85E8E81F.txt,False,
{F-0028930},08/05/2026 02:16:34,OA0014,PC-1014,827A8E14.xlsx,False,
{F-0012537},08/05/2026 02:17:34,FA0005,PC-1005,67090C96.doc,False,
{F-0014164},08/05/2026 02:25:34,GA0006,PC-1006,608DBA62.xls,False,
{F-0031389},08/05/2026 02:25:34,PA0015,PC-1015,9FE4FF5B.xls,False,
{F-0002869},08/05/2026 02:32:34,BA0001,PC-1001,227F580E.xls,False,
{F-0005607},08/05/2026 02:34:34,CA0002,PC-1002,29B4D4AB.doc,False,
{F-0005605},08/05/2026 02:38:34,CA0002,PC-1002,DFACB75F.doc,False,
{F-0019096},08/05/2026 02:42:34,JA0009,PC-1009,F80635D7.txt,False,
{F-0011193},08/05/2026 02:45:34,EA0004,PC-1004,4206DFEE.doc,False,
{F-0008735},08/05/2026 02:53:34,DA0003,PC-1003,67711561.txt,False,
{F-0019101},08/05/2026 02:58:34,JA0009,PC-1009,B359D391.pdf,False,
{F-0000368},08/05/2026 02:59:34,AA0000,PC-1000,4316637D.xls,False,
{F-0012543},08/05/2026 03:07:34,FA0005,PC-1005,E7909A80.pdf,False,
{F-0023104},08/05/2026 03:16:34,LA0011,PC-1011,B23FC1AC.doc,False,
{F-0005601},08/05/2026 03:17:34,CA0002,PC-1002,0D368CF7.jpg,False,
{F-0011188},08/05/2026 03:18:34,EA0004,PC-1004,ECE36F09.doc,False,
{F-0019100},08/05/2026 03:18:34,JA0009,PC-1009,375EA80E.doc,False,
{F-0023111},08/05/2026 03:19:34,LA0011,PC-1011,784B916B.xls,False,
{F-0023101},08/05/2026 03:23:34,LA0011,PC-1011,9DBA725E.doc,False,
{F-0011187},08/05/2026 03:28:34,EA0004,PC-1004,515E28B1.doc,False,
{F-0014158},08/05/2026 03:29:34,GA0006,PC-1006,E6F80410.xlsx,False,
{F-0016310},08/05/2026 03:31:34,HA0007,PC-1007,1BF3E3AC.doc,False,
{F-0023093},08/05/2026 03:31:34,LA0011,PC-1011,791F6300.xls,False,
{F-0012533},08/05/2026 03:34:34,FA0005,PC-1005,536B15C5.jpg,False,
{F-0005602},08/05/2026 03:43:34,CA0002,PC-1002,82BF007E.doc,False,
{F-0032920},08/05/2026 03:43:34,QA0016,PC-1016,27EDDB38.pdf,False,
{F-0002859},08/05/2026 03:44:34,BA0001,PC-1001,6C5BC34D.xls,False,
{F-0021164},08/05/2026 03:44:34,KA0010,PC-1010,91BBECC1.doc,False,
{F-0021158},08/05/2026 03:46:34,KA0010,PC-1010,9B4451E8.pdf,False,
{F-0031391},08/05/2026 03:48:34,PA0015,PC-1015,6B4D8F6E.pdf,False,
{F-0034295},08/05/2026 03:48:34,RA0017,PC-1017,2E57140C.txt,False,
{F-0027115},08/05/2026 03:49:34,NA0013,PC-1013,301892B1.txt,False,
{F-0021163},08/05/2026 03:57:34,KA0010,PC-1010,224431C4.doc,False,
{F-0032924},08/05/2026 04:05:34,QA0016,PC-1016,7B7B8C21.doc,False,
{F-0021160},08/05/2026 04:10:34,KA0010,PC-1010,646CCAD9.doc,False,
{F-0021168},08/05/2026 04:30:34,KA0010,PC-1010,F25468F8.xlsx,False,
{F-0005599},08/05/2026 04:40:34,CA0002,PC-1002,AB8A800A.doc,False,
{F-0027109},08/05/2026 04:40:34,NA0013,PC-1013,F735449E.xls,False,
{F-0021171},08/05/2026 04:42:34,KA0010,PC-1010,ABDEFCFA.txt,False,
{F-0023097},08/05/2026 04:43:34,LA0011,PC-1011,848F321F.doc,False,
{F-0027110},08/05/2026 04:57:34,NA0013,PC-1013,D8FB6FC0.pdf,False,
{F-0034296},08/05/2026 04:58:34,RA0017,PC-1017,DDF2A473.pdf,False,
{F-0032921},08/05/2026 05:13:34,QA0016,PC-1016,C1510D6F.xlsx,False,
{F-0012547},08/05/2026 05:35:34,FA0005,PC-1005,A2BD5322.pdf,False,
{F-0012544},08/05/2026 05:36:34,FA0005,PC-1005,3F079622.jpg,False,
{F-0005604},08/05/2026 05:39:34,CA0002,PC-1002,85E4AE55.doc,False,
{F-0032923},08/05/2026 05:52:34,QA0016,PC-1016,4EBA3DCE.doc,False,
{F-0012536},08/05/2026 05:58:34,FA0005,PC-1005,70E4B668.doc,False,
{F-0012542},08/05/2026 06:03:34,FA0005,PC-1005,3DE770D0.doc,False,
{F-0023167},08/05/2026 18:18:34,LA0011,PC-1011,EAAC60E0.pdf,False,
{F-0027153},08/05/2026 18:53:34,NA0013,PC-1013,454F6ECD.doc,False,
{F-0008815},08/05/2026 18:59:34,DA0003,PC-1003,D9F1A2EE.txt,False,
{F-0008818},08/05/2026 19:00:34,DA0003,PC-1003,5EC88940.pdf,False,
{F-0023158},08/05/2026 19:01:34,LA0011,PC-1011,06A0D331.pdf,False,
{F-0008817},08/05/2026 19:08:34,DA0003,PC-1003,E2FCBFDB.jpg,False,
{F-0016334},08/05/2026 19:08:34,HA0007,PC-1007,87BCD770.txt,False,
{F-0027155},08/05/2026 19:08:34,NA0013,PC-1013,C9E52131.pdf,False,
{F-0017402},08/05/2026 19:11:34,IA0008,PC-1008,03C7B419.xls,False,
{F-0027154},08/05/2026 19:17:34,NA0013,PC-1013,57A4AAFC.xls,False,
{F-0019170},08/05/2026 19:27:34,JA0009,PC-1009,E857079D.xlsx,False,
{F-0019166},08/05/2026 19:32:34,JA0009,PC-1009,DD59316C.xls,False,
{F-0027151},08/05/2026 19:34:34,NA0013,PC-1013,091090ED.txt,False,
{F-0019157},08/05/2026 19:36:34,JA0009,PC-1009,F22DB905.jpg,False,
{F-0025175},08/05/2026 19:37:34,MA0012,PC-1012,76ABAC9C.doc,False,
{F-0032954},08/05/2026 19:40:34,QA0016,PC-1016,94E35871.txt,False,
{F-0017396},08/05/2026 19:46:34,IA0008,PC-1008,35BC0DAB.jpg,False,
{F-0023147},08/05/2026 19:51:34,LA0011,PC-1011,642BD7B2.xls,False,
{F-0008813},08/05/2026 19:55:34,DA0003,PC-1003,38693F04.doc,False,
{F-0000424},08/05/2026 20:00:34,AA0000,PC-1000,F2E4A915.jpg,False,
{F-0032958},08/05/2026 20:00:34,QA0016,PC-1016,F7BB108D.jpg,False,
{F-0023152},08/05/2026 20:03:34,LA0011,PC-1011,A11A5E26.jpg,False,
{F-0017400},08/05/2026 20:08:34,IA0008,PC-1008,A7829A79.jpg,False,
{F-0021219},08/05/2026 20:09:34,KA0010,PC-1010,3216B9AB.pdf,False,
{F-0028971},08/05/2026 20:10:34,OA0014,PC-1014,2B4A2E50.doc,False,
{F-0028969},08/05/2026 20:11:34,OA0014,PC-1014,75EA8DBA.txt,False,
{F-0028970},08/05/2026 20:15:34,OA0014,PC-1014,E9D70F11.doc,False,
{F-0014210},08/05/2026 20:17:34,GA0006,PC-1006,CB5EA7FC.xls,False,
{F-0019159},08/05/2026 20:17:34,JA0009,PC-1009,E4597AE4.xls,False,
{F-0023164},08/05/2026 20:17:34,LA0011,PC-1011,7A9120F8.doc,False,
{F-0002926},08/05/2026 20:20:34,BA0001,PC-1001,D105F328.txt,False,
{F-0016336},08/05/2026 20:22:34,HA0007,PC-1007,20BA08E3.xls,False,
{F-0011214},08/05/2026 20:28:34,EA0004,PC-1004,89BF1FF5.txt,False,
{F-0025176},08/05/2026 20:28:34,MA0012,PC-1012,3A4095F5.txt,False,
{F-0014212},08/05/2026 20:38:34,GA0006,PC-1006,41EE4ED9.txt,False,
{F-0025186},08/05/2026 20:40:34,MA0012,PC-1012,76C33FF2.xls,False,
{F-0012571},08/05/2026 20:41:34,FA0005,PC-1005,BD1B9B12.xls,False,
{F-0000425},08/05/2026 20:43:34,AA0000,PC-1000,D0F94413.pdf,False,
{F-0023162},08/05/2026 20:46:34,LA0011,PC-1011,906BB359.xls,False,
{F-0014203},08/05/2026 20:53:34,GA0006,PC-1006,F1251F74.txt,False,
{F-0019160},08/05/2026 20:53:34,JA0009,PC-1009,D2A61925.jpg,False,
{F-0023154},08/05/2026 20:53:34,LA0011,PC-1011,5783F6B6.doc,False,
{F-0012585},08/05/2026 20:56:34,FA0005,PC-1005,517827BB.xlsx,False,
{F-0027158},08/05/2026 20:57:34,NA0013,PC-1013,061CCF9D.pdf,False,
{F-0014200},08/05/2026 21:00:34,GA0006,PC-1006,D994D937.doc,False,
{F-0023146},08/05/2026 21:07:34,LA0011,PC-1011,A41C6CD5.txt,False,
{F-0025182},08/05/2026 21:10:34,MA0012,PC-1012,67F4A0CA.txt,False,
{F-0000432},08/05/2026 21:11:34,AA0000,PC-1000,DF8D96FF.pdf,False,
{F-0002937},08/05/2026 21:11:34,BA0001,PC-1001,82DFFA63.xlsx,False,
{F-0031428},08/05/2026 21:12:34,PA0015,PC-1015,9868DBF4.xls,False,
{F-0017394},08/05/2026 21:14:34,IA0008,PC-1008,41D11207.doc,False,
{F-0011210},08/05/2026 21:16:34,EA0004,PC-1004,D1353E88.jpg,False,
{F-0021221},08/05/2026 21:17:34,KA0010,PC-1010,0AA03F81.doc,False,
{F-0019167},08/05/2026 21:18:34,JA0009,PC-1009,A487CC6D.doc,False,
{F-0014206},08/05/2026 21:19:34,GA0006,PC-1006,DA6BDF64.pdf,False,
{F-0016338},08/05/2026 21:21:34,HA0007,PC-1007,5C86D523.jpg,False,
{F-0000418},08/05/2026 21:26:34,AA0000,PC-1000,BA684517.xls,False,
{F-0031436},08/05/2026 21:28:34,PA0015,PC-1015,F7CC0EDC.doc,False,
{F-0025184},08/05/2026 21:33:34,MA0012,PC-1012,C4E020DD.jpg,False,
{F-0028973},08/05/2026 21:33:34,OA0014,PC-1014,E7363A1B.jpg,False,
{F-0000422},08/05/2026 21:36:34,AA0000,PC-1000,BB2E0EA4.txt,False,
{F-0017399},08/05/2026 21:38:34,IA0008,PC-1008,54AC56AF.jpg,False,
{F-0016340},08/05/2026 21:39:34,HA0007,PC-1007,AD642364.xlsx,False,
{F-0021210},08/05/2026 21:39:34,KA0010,PC-1010,4E6A43C1.jpg,False,
{F-0008819},08/05/2026 21:43:34,DA0003,PC-1003,E3240C67.txt,False,
{F-0017384},08/05/2026 21:49:34,IA0008,PC-1008,85B0F129.doc,False,
{F-0000426},08/05/2026 21:50:34,AA0000,PC-1000,514EDB14.doc,False,
{F-0031424},08/05/2026 21:53:34,PA0015,PC-1015,98E04292.doc,False,
{F-0031433},08/05/2026 21:55:34,PA0015,PC-1015,F3403F32.jpg,False,
{F-0014204},08/05/2026 21:57:34,GA0006,PC-1006,BB3AA089.xlsx,False,
{F-0016339},08/05/2026 22:13:34,HA0007,PC-1007,F1128427.doc,False,
{F-0023153},08/05/2026 22:15:34,LA0011,PC-1011,C4707B75.doc,False,
{F-0017389},08/05/2026 22:17:34,IA0008,PC-1008,8BC1DDA8.xls,False,
{F-0002928},08/05/2026 22:18:34,BA0001,PC-1001,0D6E21A0.pdf,False,
{F-0002931},08/05/2026 22:22:34,BA0001,PC-1001,76037B6F.doc,False,
{F-0021217},08/05/2026 22:22:34,KA0010,PC-1010,D6D188F3.xlsx,False,
{F-0002935},08/05/2026 22:23:34,BA0001,PC-1001,CF8BECE3.pdf,False,
{F-0017388},08/05/2026 22:24:34,IA0008,PC-1008,0547775D.doc,False,
{F-0014208},08/05/2026 22:27:34,GA0006,PC-1006,F5321817.xls,False,
{F-0019165},08/05/2026 22:27:34,JA0009,PC-1009,C973E2DA.txt,False,
{F-0017383},08/05/2026 22:28:34,IA0008,PC-1008,8FCB0D7A.pdf,False,
{F-0031431},08/05/2026 22:28:34,PA0015,PC-1015,64D6843E.doc,False,
{F-0000438},08/05/2026 22:30:34,AA0000,PC-1000,A33F37A4.pdf,False,
{F-0028974},08/05/2026 22:30:34,OA0014,PC-1014,7D70C4E2.txt,False,
{F-0021211},08/05/2026 22:34:34,KA0010,PC-1010,98185785.doc,False,
{F-0005656},08/05/2026 22:37:34,CA0002,PC-1002,B8E58320.doc,False,
{F-0019161},08/05/2026 22:39:34,JA0009,PC-1009,739B8577.doc,False,
{F-0019169},08/05/2026 22:40:34,JA0009,PC-1009,568AAE8B.xls,False,
{F-0000416},08/05/2026 22:42:34,AA0000,PC-1000,68F16BA4.pdf,False,
{F-0005663},08/05/2026 22:43:34,CA0002,PC-1002,3F874122.txt,False,
{F-0002925},08/05/2026 22:44:34,BA0001,PC-1001,DA045A93.doc,False,
{F-0017401},08/05/2026 22:44:34,IA0008,PC-1008,BB28632C.txt,False,
{F-0027159},08/05/2026 22:45:34,NA0013,PC-1013,92C4E0BD.xlsx,False,
{F-0028976},08/05/2026 22:46:34,OA0014,PC-1014,F425A2A3.jpg,False,
{F-0012581},08/05/2026 22:55:34,FA0005,PC-1005,39CB4271.txt,False,
{F-0032955},08/05/2026 23:02:34,QA0016,PC-1016,B0774D43.pdf,False,
{F-0008821},08/05/2026 23:04:34,DA0003,PC-1003,103E5280.jpg,False,
{F-0000433},08/05/2026 23:07:34,AA0000,PC-1000,7A184F9C.pdf,False,
{F-0031426},08/05/2026 23:08:34,PA0015,PC-1015,3DE804B5.xlsx,False,
{F-0000423},08/05/2026 23:09:34,AA0000,PC-1000,80F1276B.pdf,False,
{F-0000419},08/05/2026 23:11:34,AA0000,PC-1000,3E74C7FB.txt,False,
{F-0000430},08/05/2026 23:11:34,AA0000,PC-1000,BF30993D.xls,False,
{F-0016335},08/05/2026 23:11:34,HA0007,PC-1007,F3A983D1.xls,False,
{F-0011213},08/05/2026 23:12:34,EA0004,PC-1004,7FD1F4D6.doc,False,
{F-0025183},08/05/2026 23:12:34,MA0012,PC-1012,6E9F96F6.xls,False,
{F-0012579},08/05/2026 23:14:34,FA0005,PC-1005,EBE612A5.xls,False,
{F-0008823},08/05/2026 23:15:34,DA0003,PC-1003,23DC6A4B.doc,False,
{F-0023159},08/05/2026 23:15:34,LA0011,PC-1011,285BA6FC.jpg,False,
{F-0034332},08/05/2026 23:15:34,RA0017,PC-1017,755D9201.txt,False,
{F-0031423},08/05/2026 23:19:34,PA0015,PC-1015,0846262A.xls,False,
{F-0000431},08/05/2026 23:26:34,AA0000,PC-1000,1F585934.pdf,False,
{F-0019164},08/05/2026 23:26:34,JA0009,PC-1009,28EF92D3.doc,False,
{F-0008812},08/05/2026 23:27:34,DA0003,PC-1003,2D1D5F75.xls,False,
{F-0017387},08/05/2026 23:28:34,IA0008,PC-1008,D872FBF4.txt,False,
{F-0025178},08/05/2026 23:29:34,MA0012,PC-1012,4F72BB75.doc,False,
{F-0008811},08/05/2026 23:30:34,DA0003,PC-1003,35588A1D.doc,False,
{F-0027161},08/05/2026 23:31:34,NA0013,PC-1013,0641775E.txt,False,
{F-0019162},08/05/2026 23:33:34,JA0009,PC-1009,E3790EF0.xls,False,
{F-0028972},08/05/2026 23:33:34,OA0014,PC-1014,2A7BFBC5.doc,False,
{F-0008822},08/05/2026 23:36:34,DA0003,PC-1003,67FD637E.jpg,False,
{F-0012570},08/05/2026 23:42:34,FA0005,PC-1005,BE183356.txt,False,
{F-0005655},08/05/2026 23:43:34,CA0002,PC-1002,8165C52E.jpg,False,
{F-0000417},08/05/2026 23:44:34,AA0000,PC-1000,5630716E.pdf,False,
{F-0017385},08/05/2026 23:44:34,IA0008,PC-1008,3287BAA3.xls,False,
{F-0031429},08/05/2026 23:44:34,PA0015,PC-1015,B4D6DD69.jpg,False,
{F-0031425},08/05/2026 23:48:34,PA0015,PC-1015,6BC132CF.jpg,False,
{F-0002936},08/05/2026 23:52:34,BA0001,PC-1001,7FB92681.doc,False,
{F-0019168},08/05/2026 23:53:34,JA0009,PC-1009,3AA44519.xlsx,False,
{F-0028978},08/05/2026 23:56:34,OA0014,PC-1014,17D6A5E9.xls,False,
{F-0034331},08/05/2026 23:57:34,RA0017,PC-1017,A6AB039A.doc,False,
{F-0023151},08/06/2026 00:01:34,LA0011,PC-1011,49FE828E.xls,False,
{F-0023166},08/06/2026 00:02:34,LA0011,PC-1011,6EF9A48C.doc,False,
{F-0025177},08/06/2026 00:02:34,MA0012,PC-1012,BE8D7B9F.xlsx,False,
{F-0016337},08/06/2026 00:04:34,HA0007,PC-1007,2792CA04.doc,False,
{F-0005662},08/06/2026 00:05:34,CA0002,PC-1002,628ED0E8.pdf,False,
{F-0019156},08/06/2026 00:08:34,JA0009,PC-1009,9408E664.doc,False,
{F-0027152},08/06/2026 00:08:34,NA0013,PC-1013,4205BC77.txt,False,
{F-0000435},08/06/2026 00:13:34,AA0000,PC-1000,AD8E62B8.xls,False,
{F-0002923},08/06/2026 00:14:34,BA0001,PC-1001,949C8EB0.pdf,False,
{F-0019158},08/06/2026 00:14:34,JA0009,PC-1009,3D53597E.xlsx,False,
{F-0008810},08/06/2026 00:15:34,DA0003,PC-1003,EE7151ED.doc,False,
{F-0016341},08/06/2026 00:15:34,HA0007,PC-1007,1A4BE20C.txt,False,
{F-0027157},08/06/2026 00:15:34,NA0013,PC-1013,ED7A7C4D.pdf,False,
{F-0014202},08/06/2026 00:24:34,GA0006,PC-1006,C5170099.doc,False,
{F-0031421},08/06/2026 00:25:34,PA0015,PC-1015,0A8242B3.pdf,False,
{F-0000420},08/06/2026 00:26:34,AA0000,PC-1000,513543F6.doc,False,
{F-0014207},08/06/2026 00:28:34,GA0006,PC-1006,D88DD53C.xlsx,False,
{F-0025185},08/06/2026 00:31:34,MA0012,PC-1012,FB140D9B.pdf,False,
{F-0012565},08/06/2026 00:33:34,FA0005,PC-1005,42AA8A16.txt,False,
{F-0012575},08/06/2026 00:37:34,FA0005,PC-1005,4E0FFE35.doc,False,
{F-0017382},08/06/2026 00:47:34,IA0008,PC-1008,F19B76B5.xls,False,
{F-0023156},08/06/2026 00:47:34,LA0011,PC-1011,3B705206.jpg,False,
{F-0021213},08/06/2026 00:48:34,KA0010,PC-1010,CC2F7D53.txt,False,
{F-0021218},08/06/2026 00:48:34,KA0010,PC-1010,69A9B4CA.jpg,False,
{F-0005664},08/06/2026 00:49:34,CA0002,PC-1002,94D3879D.xls,False,
{F-0023171},08/06/2026 00:49:34,LA0011,PC-1011,62FD683A.doc,False,
{F-0005654},08/06/2026 00:50:34,CA0002,PC-1002,693F862B.pdf,False,
{F-0012574},08/06/2026 00:53:34,FA0005,PC-1005,81838781.jpg,False,
{F-0000436},08/06/2026 00:57:34,AA0000,PC-1000,B313BBEF.txt,False,
{F-0008816},08/06/2026 01:02:34,DA0003,PC-1003,EBF299D2.xls,False,
{F-0014211},08/06/2026 01:02:34,GA0006,PC-1006,0E262DAD.xlsx,False,
{F-0017392},08/06/2026 01:03:34,IA0008,PC-1008,673B4164.xlsx,False,
{F-0031422},08/06/2026 01:04:34,PA0015,PC-1015,671D25B9.pdf,False,
{F-0012567},08/06/2026 01:07:34,FA0005,PC-1005,E4432FDB.doc,False,
{F-0017398},08/06/2026 01:12:34,IA0008,PC-1008,A360ACE5.doc,False,
{F-0000437},08/06/2026 01:13:34,AA0000,PC-1000,F08A4DEE.txt,False,
{F-0002932},08/06/2026 01:17:34,BA0001,PC-1001,5ECDE3EB.doc,False,
{F-0023160},08/06/2026 01:17:34,LA0011,PC-1011,403E6351.xls,False,
{F-0002930},08/06/2026 01:18:34,BA0001,PC-1001,81FC2909.pdf,False,
{F-0028977},08/06/2026 01:21:34,OA0014,PC-1014,92B2C17F.xls,False,
{F-0012564},08/06/2026 01:22:34,FA0005,PC-1005,8685679F.doc,False,
{F-0031430},08/06/2026 01:24:34,PA0015,PC-1015,7C46B0ED.jpg,False,
{F-0023155},08/06/2026 01:27:34,LA0011,PC-1011,2822F8F9.xlsx,False,
{F-0023170},08/06/2026 01:28:34,LA0011,PC-1011,4E010A02.jpg,False,
{F-0017380},08/06/2026 01:29:34,IA0008,PC-1008,9357AEBD.jpg,False,
{F-0023148},08/06/2026 01:34:34,LA0011,PC-1011,6B78BE0A.doc,False,
{F-0019163},08/06/2026 01:36:34,JA0009,PC-1009,EC409947.doc,False,
{F-0014201},08/06/2026 01:37:34,GA0006,PC-1006,B3CC8525.jpg,False,
{F-0014205},08/06/2026 01:37:34,GA0006,PC-1006,96297B5C.pdf,False,
{F-0005660},08/06/2026 01:38:34,CA0002,PC-1002,EE2F48D9.xls,False,
{F-0031435},08/06/2026 01:40:34,PA0015,PC-1015,003C151D.doc,False,
{F-0002929},08/06/2026 01:42:34,BA0001,PC-1001,47738C41.xls,False,
{F-0025179},08/06/2026 01:47:34,MA0012,PC-1012,1B8C4267.txt,False,
{F-0034330},08/06/2026 01:49:34,RA0017,PC-1017,E7A2C761.xlsx,False,
{F-0017390},08/06/2026 01:50:34,IA0008,PC-1008,EC784B3C.pdf,False,
{F-0027156},08/06/2026 01:51:34,NA0013,PC-1013,91B59CB4.jpg,False,
{F-0002934},08/06/2026 01:53:34,BA0001,PC-1001,DB520A2D.xlsx,False,
{F-0002938},08/06/2026 01:53:34,BA0001,PC-1001,81153140.txt,False,
{F-0023169},08/06/2026 01:56:34,LA0011,PC-1011,BFCE83CE.xls,False,
{F-0023149},08/06/2026 01:59:34,LA0011,PC-1011,EA51EC98.jpg,False,
{F-0000421},08/06/2026 02:07:34,AA0000,PC-1000,E3BD5174.doc,False,
{F-0011215},08/06/2026 02:07:34,EA0004,PC-1004,D0F949D4.xlsx,False,
{F-0031427},08/06/2026 02:07:34,PA0015,PC-1015,91F8D9A5.jpg,False,
{F-0002942},08/06/2026 02:08:34,BA0001,PC-1001,2D68D0E4.jpg,False,
{F-0012583},08/06/2026 02:10:34,FA0005,PC-1005,4AE30F67.pdf,False,
{F-0011211},08/06/2026 02:12:34,EA0004,PC-1004,0B8AA97B.xls,False,
{F-0034333},08/06/2026 02:12:34,RA0017,PC-1017,EDC54DDC.jpg,False,
{F-0002939},08/06/2026 02:16:34,BA0001,PC-1001,BBDF3B49.txt,False,
{F-0028975},08/06/2026 02:17:34,OA0014,PC-1014,944E1342.doc,False,
{F-0021216},08/06/2026 02:18:34,KA0010,PC-1010,8F687303.xls,False,
{F-0031432},08/06/2026 02:18:34,PA0015,PC-1015,637E0757.doc,False,
{F-0021222},08/06/2026 02:20:34,KA0010,PC-1010,85F4EC9A.doc,False,
{F-0008820},08/06/2026 02:21:34,DA0003,PC-1003,0D820B9E.doc,False,
{F-0021220},08/06/2026 02:25:34,KA0010,PC-1010,53534633.txt,False,
{F-0027162},08/06/2026 02:30:34,NA0013,PC-1013,029C8768.doc,False,
{F-0011212},08/06/2026 02:33:34,EA0004,PC-1004,11E63C23.pdf,False,
{F-0000428},08/06/2026 02:34:34,AA0000,PC-1000,D57A8F71.xlsx,False,
{F-0031434},08/06/2026 02:36:34,PA0015,PC-1015,42E7DAB5.doc,False,
{F-0027160},08/06/2026 02:37:34,NA0013,PC-1013,523A6EB1.doc,False,
{F-0017381},08/06/2026 02:38:34,IA0008,PC-1008,6376C2BE.xlsx,False,
{F-0023157},08/06/2026 02:38:34,LA0011,PC-1011,CB67171D.jpg,False,
{F-0014199},08/06/2026 02:39:34,GA0006,PC-1006,6A57CBCE.xls,False,
{F-0021215},08/06/2026 02:39:34,KA0010,PC-1010,4FA3FB52.xlsx,False,
{F-0023150},08/06/2026 02:40:34,LA0011,PC-1011,ADA387D9.pdf,False,
{F-0008814},08/06/2026 02:41:34,DA0003,PC-1003,EFBC33C4.xlsx,False,
{F-0025181},08/06/2026 02:42:34,MA0012,PC-1012,A6AD07B5.doc,False,
{F-0017393},08/06/2026 02:43:34,IA0008,PC-1008,58A0694B.jpg,False,
{F-0016333},08/06/2026 02:48:34,HA0007,PC-1007,719CCB91.doc,False,
{F-0017397},08/06/2026 02:49:34,IA0008,PC-1008,F3599536.xlsx,False,
{F-0012588},08/06/2026 02:50:34,FA0005,PC-1005,16706878.jpg,False,
{F-0023161},08/06/2026 02:51:34,LA0011,PC-1011,3AE235DE.xls,False,
{F-0012586},08/06/2026 02:56:34,FA0005,PC-1005,1B27F697.xlsx,False,
{F-0002924},08/06/2026 03:06:34,BA0001,PC-1001,611D02E7.txt,False,
{F-0012578},08/06/2026 03:07:34,FA0005,PC-1005,7DDB11E4.doc,False,
{F-0021212},08/06/2026 03:11:34,KA0010,PC-1010,AAE7923B.pdf,False,
{F-0000427},08/06/2026 03:12:34,AA0000,PC-1000,0C65A5B9.xls,False,
{F-0017391},08/06/2026 03:12:34,IA0008,PC-1008,8A8BF2A2.doc,False,
{F-0012572},08/06/2026 03:14:34,FA0005,PC-1005,10D4FEF7.doc,False,
{F-0025180},08/06/2026 03:21:34,MA0012,PC-1012,D4096861.doc,False,
{F-0002933},08/06/2026 03:26:34,BA0001,PC-1001,CFBB176E.xls,False,
{F-0014209},08/06/2026 03:27:34,GA0006,PC-1006,3EA8FB48.doc,False,
{F-0032957},08/06/2026 03:28:34,QA0016,PC-1016,19FF6047.doc,False,
{F-0002927},08/06/2026 03:30:34,BA0001,PC-1001,7B3D261F.doc,False,
{F-0023168},08/06/2026 03:30:34,LA0011,PC-1011,9014FC0D.doc,False,
{F-0002941},08/06/2026 03:33:34,BA0001,PC-1001,ECFCE9DC.xls,False,
{F-0012569},08/06/2026 03:36:34,FA0005,PC-1005,784E15B4.xlsx,False,
{F-0000429},08/06/2026 03:38:34,AA0000,PC-1000,A4C4D0D1.txt,False,
{F-0021214},08/06/2026 03:46:34,KA0010,PC-1010,1F63DEE3.xlsx,False,
{F-0012577},08/06/2026 03:47:34,FA0005,PC-1005,0C43B349.doc,False,
{F-0017386},08/06/2026 03:53:34,IA0008,PC-1008,E4AB01EF.pdf,False,
{F-0017395},08/06/2026 03:53:34,IA0008,PC-1008,75459B44.jpg,False,
{F-0012573},08/06/2026 03:55:34,FA0005,PC-1005,BE16AC36.xls,False,
{F-0012587},08/06/2026 03:59:34,FA0005,PC-1005,D9258C59.doc,False,
{F-0023163},08/06/2026 03:59:34,LA0011,PC-1011,5807F647.pdf,False,
{F-0023165},08/06/2026 03:59:34,LA0011,PC-1011,4C2701A3.doc,False,
{F-0002940},08/06/2026 04:01:34,BA0001,PC-1001,0269120A.doc,False,
{F-0012582},08/06/2026 04:04:34,FA0005,PC-1005,97E32AD8.xls,False,
{F-0012568},08/06/2026 04:05:34,FA0005,PC-1005,873D31C1.txt,False,
{F-0000434},08/06/2026 04:09:34,AA0000,PC-1000,44BEFAAA.jpg,False,
{F-0032956},08/06/2026 04:15:34,QA0016,PC-1016,9090AB45.xlsx,False,
{F-0012566},08/06/2026 04:26:34,FA0005,PC-1005,C8866C65.xlsx,False,
{F-0005665},08/06/2026 04:27:34,CA0002,PC-1002,41EBE6C7.doc,False,
{F-0005653},08/06/2026 04:39:34,CA0002,PC-1002,881AEC7E.pdf,False,
{F-0012584},08/06/2026 04:43:34,FA0005,PC-1005,7480CE28.jpg,False,
{F-0005658},08/06/2026 05:11:34,CA0002,PC-1002,E09D24ED.jpg,False,
{F-0012580},08/06/2026 05:11:34,FA0005,PC-1005,8D1C82AC.jpg,False,
{F-0012563},08/06/2026 05:12:34,FA0005,PC-1005,70A23B2D.doc,False,
{F-0005657},08/06/2026 05:14:34,CA0002,PC-1002,AF8F7192.xls,False,
{F-0012576},08/06/2026 05:35:34,FA0005,PC-1005,829326FC.pdf,False,
{F-0005661},08/06/2026 06:12:34,CA0002,PC-1002,ACF160D4.pdf,False,
{F-0005659},08/06/2026 06:25:34,CA0002,PC-1002,FCDBB845.doc,False,
{F-0027190},08/06/2026 18:57:34,NA0013,PC-1013,20A1FFC3.xlsx,False,
{F-0016364},08/06/2026 19:06:34,HA0007,PC-1007,41D800A3.xlsx,False,
{F-0017424},08/06/2026 19:09:34,IA0008,PC-1008,D54E6E1D.txt,False,
{F-0014274},08/06/2026 19:12:34,GA0006,PC-1006,B6CFED86.xlsx,False,
{F-0000499},08/06/2026 19:18:34,AA0000,PC-1000,09831D37.pdf,False,
{F-0016361},08/06/2026 19:20:34,HA0007,PC-1007,E01800D8.jpg,False,
{F-0023202},08/06/2026 19:27:34,LA0011,PC-1011,FD64823E.doc,False,
{F-0008848},08/06/2026 19:29:34,DA0003,PC-1003,DE841023.doc,False,
{F-0000493},08/06/2026 19:33:34,AA0000,PC-1000,27955226.xls,False,
{F-0016363},08/06/2026 19:39:34,HA0007,PC-1007,E5BF52FC.doc,False,
{F-0029009},08/06/2026 19:41:34,OA0014,PC-1014,A2A9A09A.doc,False,
{F-0023205},08/06/2026 19:42:34,LA0011,PC-1011,DC80B9C6.doc,False,
{F-0000486},08/06/2026 19:43:34,AA0000,PC-1000,F5AC7AC8.jpg,False,
{F-0029008},08/06/2026 19:47:34,OA0014,PC-1014,2551919F.txt,False,
{F-0019198},08/06/2026 19:53:34,JA0009,PC-1009,E34485A0.txt,False,
{F-0017445},08/06/2026 19:57:34,IA0008,PC-1008,8879946C.txt,False,
{F-0019199},08/06/2026 19:57:34,JA0009,PC-1009,C78A2E8A.txt,False,
{F-0027188},08/06/2026 20:04:34,NA0013,PC-1013,C81961C2.pdf,False,
{F-0031464},08/06/2026 20:05:34,PA0015,PC-1015,6FA1A53A.doc,False,
{F-0023201},08/06/2026 20:07:34,LA0011,PC-1011,4A979996.pdf,False,
{F-0000488},08/06/2026 20:10:34,AA0000,PC-1000,805CD5D9.xls,False,
{F-0031472},08/06/2026 20:11:34,PA0015,PC-1015,52D2812B.pdf,False,
{F-0025230},08/06/2026 20:14:34,MA0012,PC-1012,994F11C7.doc,False,
{F-0000495},08/06/2026 20:18:34,AA0000,PC-1000,A8C34DC0.txt,False,
{F-0014265},08/06/2026 20:24:34,GA0006,PC-1006,3CD2A753.doc,False,
{F-0019208},08/06/2026 20:24:34,JA0009,PC-1009,DE256B41.doc,False,
{F-0029007},08/06/2026 20:25:34,OA0014,PC-1014,6D8F8677.xls,False,
{F-0011253},08/06/2026 20:30:34,EA0004,PC-1004,F2BF9CAB.doc,False,
{F-0014264},08/06/2026 20:38:34,GA0006,PC-1006,DDDF8A20.doc,False,
{F-0005723},08/06/2026 20:39:34,CA0002,PC-1002,83603B49.doc,False,
{F-0005741},08/06/2026 20:39:34,CA0002,PC-1002,CE344A56.jpg,False,
{F-0029015},08/06/2026 20:40:34,OA0014,PC-1014,2028AF60.xls,False,
{F-0011254},08/06/2026 20:44:34,EA0004,PC-1004,449CE76B.xls,False,
{F-0005725},08/06/2026 20:49:34,CA0002,PC-1002,53A45088.xls,False,
{F-0014271},08/06/2026 20:49:34,GA0006,PC-1006,692CC65A.xlsx,False,
{F-0027192},08/06/2026 20:52:34,NA0013,PC-1013,80C4C1BE.jpg,False,
{F-0031467},08/06/2026 20:53:34,PA0015,PC-1015,5C063607.doc,False,
{F-0011245},08/06/2026 20:58:34,EA0004,PC-1004,67AC1B93.jpg,False,
{F-0005740},08/06/2026 20:59:34,CA0002,PC-1002,2F65E03D.txt,False,
{F-0012605},08/06/2026 20:59:34,FA0005,PC-1005,072AE1EA.txt,False,
{F-0008861},08/06/2026 21:00:34,DA0003,PC-1003,E1AB69AF.xls,False,
{F-0012617},08/06/2026 21:07:34,FA0005,PC-1005,32A8815E.txt,False,
{F-0005733},08/06/2026 21:08:34,CA0002,PC-1002,B89BCA6A.doc,False,
{F-0019202},08/06/2026 21:09:34,JA0009,PC-1009,BB493D08.txt,False,
{F-0017441},08/06/2026 21:10:34,IA0008,PC-1008,FB5DF276.jpg,False,
{F-0000496},08/06/2026 21:11:34,AA0000,PC-1000,5BDEC4B7.txt,False,
{F-0000490},08/06/2026 21:13:34,AA0000,PC-1000,92201691.pdf,False,
{F-0003021},08/06/2026 21:13:34,BA0001,PC-1001,9F4205AF.doc,False,
{F-0017432},08/06/2026 21:13:34,IA0008,PC-1008,7ED78099.xls,False,
{F-0000485},08/06/2026 21:14:34,AA0000,PC-1000,4A949464.pdf,False,
{F-0003022},08/06/2026 21:15:34,BA0001,PC-1001,149E30C9.pdf,False,
{F-0031465},08/06/2026 21:15:34,PA0015,PC-1015,0BE02096.jpg,False,
{F-0034352},08/06/2026 21:17:34,RA0017,PC-1017,E3AE4EB5.jpg,False,
{F-0003011},08/06/2026 21:19:34,BA0001,PC-1001,6261D30D.txt,False,
{F-0016370},08/06/2026 21:19:34,HA0007,PC-1007,370FEC46.jpg,False,
{F-0003020},08/06/2026 21:20:34,BA0001,PC-1001,21C49680.jpg,False,
{F-0011252},08/06/2026 21:24:34,EA0004,PC-1004,7210F3BD.xlsx,False,
{F-0032987},08/06/2026 21:24:34,QA0016,PC-1016,4917BCA2.xls,False,
{F-0011238},08/06/2026 21:27:34,EA0004,PC-1004,D9030EDB.jpg,False,
{F-0021250},08/06/2026 21:28:34,KA0010,PC-1010,FC61E8E9.doc,False,
{F-0005735},08/06/2026 21:29:34,CA0002,PC-1002,A227008B.xls,False,
{F-0017438},08/06/2026 21:32:34,IA0008,PC-1008,2C410D82.pdf,False,
{F-0017443},08/06/2026 21:32:34,IA0008,PC-1008,DD25785E.jpg,False,
{F-0017446},08/06/2026 21:35:34,IA0008,PC-1008,EA0AED12.jpg,False,
{F-0023200},08/06/2026 21:36:34,LA0011,PC-1011,1F81F1C3.txt,False,
{F-0014262},08/06/2026 21:39:34,GA0006,PC-1006,10F1E599.xls,False,
{F-0008851},08/06/2026 21:40:34,DA0003,PC-1003,9A5E61AF.jpg,False,
{F-0017428},08/06/2026 21:47:34,IA0008,PC-1008,0C67E34F.xlsx,False,
{F-0008854},08/06/2026 21:55:34,DA0003,PC-1003,0CEE4B31.doc,False,
{F-0019205},08/06/2026 21:56:34,JA0009,PC-1009,C657B9DC.txt,False,
{F-0003014},08/06/2026 22:02:34,BA0001,PC-1001,604B54C6.jpg,False,
{F-0034354},08/06/2026 22:04:34,RA0017,PC-1017,BE77DC66.doc,False,
{F-0019204},08/06/2026 22:07:34,JA0009,PC-1009,3DB0DD90.xlsx,False,
{F-0000491},08/06/2026 22:08:34,AA0000,PC-1000,D4F15358.pdf,False,
{F-0011247},08/06/2026 22:09:34,EA0004,PC-1004,FC2113FE.xlsx,False,
{F-0008855},08/06/2026 22:10:34,DA0003,PC-1003,3663CB8C.pdf,False,
{F-0031471},08/06/2026 22:10:34,PA0015,PC-1015,E931BA46.pdf,False,
{F-0032985},08/06/2026 22:11:34,QA0016,PC-1016,8B5C78BA.doc,False,
{F-0000494},08/06/2026 22:17:34,AA0000,PC-1000,C7CB05B7.doc,False,
{F-0017426},08/06/2026 22:17:34,IA0008,PC-1008,E2E14F6C.xls,False,
{F-0014270},08/06/2026 22:18:34,GA0006,PC-1006,C4DDEF46.txt,False,
{F-0017442},08/06/2026 22:19:34,IA0008,PC-1008,050C4418.xls,False,
{F-0016366},08/06/2026 22:20:34,HA0007,PC-1007,4C65BBC5.doc,False,
{F-0003018},08/06/2026 22:21:34,BA0001,PC-1001,2BA66E72.jpg,False,
{F-0011249},08/06/2026 22:22:34,EA0004,PC-1004,21552880.xlsx,False,
{F-0012612},08/06/2026 22:26:34,FA0005,PC-1005,6BBAC794.jpg,False,
{F-0019203},08/06/2026 22:28:34,JA0009,PC-1009,E5CC0C7C.txt,False,
{F-0023206},08/06/2026 22:30:34,LA0011,PC-1011,9AE534A2.xls,False,
{F-0008864},08/06/2026 22:32:34,DA0003,PC-1003,CF830C0C.xls,False,
{F-0014263},08/06/2026 22:32:34,GA0006,PC-1006,806954B5.txt,False,
{F-0027191},08/06/2026 22:40:34,NA0013,PC-1013,6D3DFC6F.doc,False,
{F-0000481},08/06/2026 22:44:34,AA0000,PC-1000,A60EFD22.doc,False,
{F-0008857},08/06/2026 22:45:34,DA0003,PC-1003,2F86A973.doc,False,
{F-0019206},08/06/2026 22:45:34,JA0009,PC-1009,A1B4B633.xls,False,
{F-0031468},08/06/2026 22:48:34,PA0015,PC-1015,32F517EC.xls,False,
{F-0008865},08/06/2026 22:53:34,DA0003,PC-1003,52BC5E46.xlsx,False,
{F-0031466},08/06/2026 22:55:34,PA0015,PC-1015,8F1FB2A9.doc,False,
{F-0029011},08/06/2026 23:01:34,OA0014,PC-1014,765CC9D3.doc,False,
{F-0005724},08/06/2026 23:03:34,CA0002,PC-1002,9B583F18.doc,False,
{F-0000487},08/06/2026 23:05:34,AA0000,PC-1000,54BB8720.xls,False,
{F-0017444},08/06/2026 23:09:34,IA0008,PC-1008,9FDF81EF.xls,False,
{F-0012601},08/06/2026 23:10:34,FA0005,PC-1005,F411A05C.jpg,False,
{F-0003007},08/06/2026 23:11:34,BA0001,PC-1001,64F6076C.xls,False,
{F-0012606},08/06/2026 23:13:34,FA0005,PC-1005,9A684152.doc,False,
{F-0008868},08/06/2026 23:15:34,DA0003,PC-1003,62B517BF.xls,False,
{F-0005720},08/06/2026 23:16:34,CA0002,PC-1002,EC44289F.doc,False,
{F-0012600},08/06/2026 23:20:34,FA0005,PC-1005,D6A4501E.doc,False,
{F-0012603},08/06/2026 23:22:34,FA0005,PC-1005,34395AE5.jpg,False,
{F-0011242},08/06/2026 23:23:34,EA0004,PC-1004,6A4AC3E5.doc,False,
{F-0016362},08/06/2026 23:23:34,HA0007,PC-1007,358BA79C.doc,False,
{F-0017433},08/06/2026 23:25:34,IA0008,PC-1008,AB0FA060.txt,False,
{F-0005727},08/06/2026 23:31:34,CA0002,PC-1002,8E73BB42.jpg,False,
{F-0003010},08/06/2026 23:40:34,BA0001,PC-1001,ECA74F77.xlsx,False,
{F-0003019},08/06/2026 23:41:34,BA0001,PC-1001,5F2F67E6.jpg,False,
{F-0023198},08/06/2026 23:52:34,LA0011,PC-1011,104E91B0.doc,False,
{F-0011255},08/06/2026 23:53:34,EA0004,PC-1004,74C26415.doc,False,
{F-0003012},08/06/2026 23:55:34,BA0001,PC-1001,CE4C8395.doc,False,
{F-0019209},08/07/2026 00:00:34,JA0009,PC-1009,7E6B4F3B.txt,False,
{F-0019211},08/07/2026 00:02:34,JA0009,PC-1009,9620D819.xls,False,
{F-0021251},08/07/2026 00:03:34,KA0010,PC-1010,09D8CE07.doc,False,
{F-0008860},08/07/2026 00:04:34,DA0003,PC-1003,6E220B32.pdf,False,
{F-0008867},08/07/2026 00:05:34,DA0003,PC-1003,D5445A84.xlsx,False,
{F-0008852},08/07/2026 00:09:34,DA0003,PC-1003,837A11E0.xls,False,
{F-0029016},08/07/2026 00:11:34,OA0014,PC-1014,922A01F2.xlsx,False,
{F-0016368},08/07/2026 00:14:34,HA0007,PC-1007,E6494A17.jpg,False,
{F-0003008},08/07/2026 00:16:34,BA0001,PC-1001,691C16B2.doc,False,
{F-0012616},08/07/2026 00:17:34,FA0005,PC-1005,52A6E84C.txt,False,
{F-0027193},08/07/2026 00:18:34,NA0013,PC-1013,5E7A595B.xlsx,False,
{F-0011239},08/07/2026 00:25:34,EA0004,PC-1004,52C770AC.pdf,False,
{F-0003017},08/07/2026 00:26:34,BA0001,PC-1001,5B4D3CEF.jpg,False,
{F-0016369},08/07/2026 00:27:34,HA0007,PC-1007,4974BEDA.xlsx,False,
{F-0014261},08/07/2026 00:31:34,GA0006,PC-1006,242DB711.pdf,False,
{F-0012604},08/07/2026 00:32:34,FA0005,PC-1005,A8D718B0.jpg,False,
{F-0019213},08/07/2026 00:32:34,JA0009,PC-1009,9F909759.jpg,False,
{F-0000482},08/07/2026 00:33:34,AA0000,PC-1000,A10EF227.doc,False,
{F-0011243},08/07/2026 00:34:34,EA0004,PC-1004,3756F62E.txt,False,
{F-0012602},08/07/2026 00:34:34,FA0005,PC-1005,36C48BEA.jpg,False,
{F-0023199},08/07/2026 00:35:34,LA0011,PC-1011,E3C8A42F.jpg,False,
{F-0019201},08/07/2026 00:37:34,JA0009,PC-1009,774F57D7.xlsx,False,
{F-0019207},08/07/2026 00:38:34,JA0009,PC-1009,E4A4F32A.xls,False,
{F-0008856},08/07/2026 00:40:34,DA0003,PC-1003,C214229E.pdf,False,
{F-0031470},08/07/2026 00:42:34,PA0015,PC-1015,88F253F0.pdf,False,
{F-0011251},08/07/2026 00:43:34,EA0004,PC-1004,92179CDD.doc,False,
{F-0016365},08/07/2026 00:47:34,HA0007,PC-1007,EAC234E6.xls,False,
{F-0023207},08/07/2026 00:47:34,LA0011,PC-1011,63B4272A.txt,False,
{F-0017439},08/07/2026 00:52:34,IA0008,PC-1008,B45A3B6B.jpg,False,
{F-0005742},08/07/2026 00:54:34,CA0002,PC-1002,4B9C713C.xlsx,False,
{F-0029010},08/07/2026 00:56:34,OA0014,PC-1014,5E31C4D9.doc,False,
{F-0017434},08/07/2026 00:57:34,IA0008,PC-1008,04E55463.pdf,False,
{F-0000489},08/07/2026 00:58:34,AA0000,PC-1000,BF956190.xlsx,False,
{F-0012610},08/07/2026 00:58:34,FA0005,PC-1005,BFE271D1.pdf,False,
{F-0008866},08/07/2026 01:02:34,DA0003,PC-1003,863262D6.xls,False,
{F-0012607},08/07/2026 01:04:34,FA0005,PC-1005,D045E4CF.xlsx,False,
{F-0005734},08/07/2026 01:11:34,CA0002,PC-1002,DB6C599C.doc,False,
{F-0014272},08/07/2026 01:11:34,GA0006,PC-1006,EEA31D27.jpg,False,
{F-0014273},08/07/2026 01:12:34,GA0006,PC-1006,063DCAD3.doc,False,
{F-0023204},08/07/2026 01:15:34,LA0011,PC-1011,E29A752B.doc,False,
{F-0025227},08/07/2026 01:19:34,MA0012,PC-1012,B73CAB28.doc,False,
{F-0016367},08/07/2026 01:20:34,HA0007,PC-1007,21F37DF9.xls,False,
{F-0027187},08/07/2026 01:25:34,NA0013,PC-1013,0EC93328.txt,False,
{F-0017423},08/07/2026 01:27:34,IA0008,PC-1008,2E1D6B10.jpg,False,
{F-0008859},08/07/2026 01:30:34,DA0003,PC-1003,E79C2C41.txt,False,
{F-0014269},08/07/2026 01:31:34,GA0006,PC-1006,95DF0DFE.doc,False,
{F-0019212},08/07/2026 01:31:34,JA0009,PC-1009,4CA4DE0D.txt,False,
{F-0025229},08/07/2026 01:32:34,MA0012,PC-1012,8C834FA3.xls,False,
{F-0008853},08/07/2026 01:34:34,DA0003,PC-1003,CE9176A0.jpg,False,
{F-0011250},08/07/2026 01:34:34,EA0004,PC-1004,83E4AB89.jpg,False,
{F-0019210},08/07/2026 01:37:34,JA0009,PC-1009,7FD694C5.xlsx,False,
{F-0017431},08/07/2026 01:38:34,IA0008,PC-1008,01EC03A0.doc,False,
{F-0014268},08/07/2026 01:44:34,GA0006,PC-1006,EAF5B267.doc,False,
{F-0017437},08/07/2026 01:45:34,IA0008,PC-1008,E80F9262.txt,False,
{F-0017435},08/07/2026 01:46:34,IA0008,PC-1008,91B8D980.txt,False,
{F-0012613},08/07/2026 01:47:34,FA0005,PC-1005,78D6FC0E.xlsx,False,
{F-0005729},08/07/2026 01:49:34,CA0002,PC-1002,A03B60D0.txt,False,
{F-0027186},08/07/2026 01:53:34,NA0013,PC-1013,E79683ED.pdf,False,
{F-0014267},08/07/2026 01:54:34,GA0006,PC-1006,317B40CD.jpg,False,
{F-0008863},08/07/2026 01:57:34,DA0003,PC-1003,4F26A3BE.jpg,False,
{F-0011241},08/07/2026 01:57:34,EA0004,PC-1004,5065A9C4.doc,False,
{F-0019197},08/07/2026 01:59:34,JA0009,PC-1009,B6AFA9A9.xlsx,False,
{F-0003013},08/07/2026 02:00:34,BA0001,PC-1001,0972213E.doc,False,
{F-0031469},08/07/2026 02:01:34,PA0015,PC-1015,3902164B.txt,False,
{F-0000492},08/07/2026 02:04:34,AA0000,PC-1000,D4E26A47.doc,False,
{F-0008850},08/07/2026 02:07:34,DA0003,PC-1003,D3A3A8C4.jpg,False,
{F-0017436},08/07/2026 02:07:34,IA0008,PC-1008,1AA16F69.xlsx,False,
{F-0017440},08/07/2026 02:07:34,IA0008,PC-1008,4B4AE08B.jpg,False,
{F-0017425},08/07/2026 02:10:34,IA0008,PC-1008,A81E96D8.xlsx,False,
{F-0005731},08/07/2026 02:14:34,CA0002,PC-1002,8E663A73.pdf,False,
{F-0017427},08/07/2026 02:16:34,IA0008,PC-1008,05D449D9.pdf,False,
{F-0034355},08/07/2026 02:16:34,RA0017,PC-1017,466595C8.xlsx,False,
{F-0008849},08/07/2026 02:27:34,DA0003,PC-1003,1356F5D1.doc,False,
{F-0011246},08/07/2026 02:27:34,EA0004,PC-1004,B8CDE334.xlsx,False,
{F-0021252},08/07/2026 02:27:34,KA0010,PC-1010,A1D68E9B.xls,False,
{F-0011240},08/07/2026 02:32:34,EA0004,PC-1004,BECE3F07.xls,False,
{F-0005719},08/07/2026 02:33:34,CA0002,PC-1002,DCB4E38A.txt,False,
{F-0017429},08/07/2026 02:39:34,IA0008,PC-1008,5899899D.pdf,False,
{F-0000483},08/07/2026 02:43:34,AA0000,PC-1000,F2393026.doc,False,
{F-0003016},08/07/2026 02:45:34,BA0001,PC-1001,2ECDB313.pdf,False,
{F-0005728},08/07/2026 02:48:34,CA0002,PC-1002,547BBAC9.pdf,False,
{F-0031463},08/07/2026 02:50:34,PA0015,PC-1015,C13568C6.xlsx,False,
{F-0000498},08/07/2026 02:51:34,AA0000,PC-1000,65910C48.txt,False,
{F-0005739},08/07/2026 02:52:34,CA0002,PC-1002,BCD19EF1.doc,False,
{F-0011248},08/07/2026 02:53:34,EA0004,PC-1004,AC3A52C5.jpg,False,
{F-0029014},08/07/2026 02:57:34,OA0014,PC-1014,D6EE87B6.pdf,False,
{F-0000484},08/07/2026 02:59:34,AA0000,PC-1000,17525345.xlsx,False,
{F-0005730},08/07/2026 03:03:34,CA0002,PC-1002,4DFB0D9D.doc,False,
{F-0014266},08/07/2026 03:03:34,GA0006,PC-1006,3E7A02DC.xlsx,False,
{F-0029017},08/07/2026 03:10:34,OA0014,PC-1014,C29F39D3.pdf,False,
{F-0003015},08/07/2026 03:11:34,BA0001,PC-1001,8B8C5DAD.txt,False,
{F-0027189},08/07/2026 03:12:34,NA0013,PC-1013,86508BEB.xls,False,
{F-0008858},08/07/2026 03:14:34,DA0003,PC-1003,65BCCD5D.xlsx,False,
{F-0021249},08/07/2026 03:24:34,KA0010,PC-1010,61162182.txt,False,
{F-0005726},08/07/2026 03:27:34,CA0002,PC-1002,5C72D4EA.doc,False,
{F-0012611},08/07/2026 03:28:34,FA0005,PC-1005,DC4182E5.xlsx,False,
{F-0005718},08/07/2026 03:31:34,CA0002,PC-1002,57F86C60.doc,False,
{F-0023208},08/07/2026 03:33:34,LA0011,PC-1011,4CECC63C.xls,False,
{F-0029012},08/07/2026 03:33:34,OA0014,PC-1014,DEDE02B3.pdf,False,
{F-0017430},08/07/2026 03:34:34,IA0008,PC-1008,A24C8DE4.xlsx,False,
{F-0029013},08/07/2026 03:35:34,OA0014,PC-1014,EC7691DB.jpg,False,
{F-0003009},08/07/2026 03:36:34,BA0001,PC-1001,57DC8CDB.xls,False,
{F-0019196},08/07/2026 03:36:34,JA0009,PC-1009,2633D962.pdf,False,
{F-0025228},08/07/2026 03:37:34,MA0012,PC-1012,14607D2A.jpg,False,
{F-0011244},08/07/2026 03:40:34,EA0004,PC-1004,12E1B15D.doc,False,
{F-0023203},08/07/2026 03:54:34,LA0011,PC-1011,F0F44542.doc,False,
{F-0019200},08/07/2026 03:55:34,JA0009,PC-1009,9F697A8B.doc,False,
{F-0008862},08/07/2026 03:56:34,DA0003,PC-1003,418AF3E8.xls,False,
{F-0012614},08/07/2026 04:00:34,FA0005,PC-1005,DE94FBC7.pdf,False,
{F-0005738},08/07/2026 04:04:34,CA0002,PC-1002,FFF91E60.xls,False,
{F-0032986},08/07/2026 04:08:34,QA0016,PC-1016,A6E5F731.jpg,False,
{F-0021253},08/07/2026 04:18:34,KA0010,PC-1010,3582A0F9.xls,False,
{F-0000497},08/07/2026 04:35:34,AA0000,PC-1000,48C9AEFA.doc,False,
{F-0005737},08/07/2026 04:51:34,CA0002,PC-1002,D6B14E76.txt,False,
{F-0005722},08/07/2026 04:57:34,CA0002,PC-1002,B9DA30A9.txt,False,
{F-0005721},08/07/2026 04:58:34,CA0002,PC-1002,07456515.xlsx,False,
{F-0012608},08/07/2026 05:07:34,FA0005,PC-1005,B31C72B4.xls,False,
{F-0034353},08/07/2026 05:20:34,RA0017,PC-1017,F6666D10.jpg,False,
{F-0005732},08/07/2026 05:23:34,CA0002,PC-1002,5E971647.txt,False,
{F-0005736},08/07/2026 05:44:34,CA0002,PC-1002,89F28CDE.xls,False,
{F-0012609},08/07/2026 06:04:34,FA0005,PC-1005,1C3C8B73.doc,False,
{F-0012615},08/07/2026 06:04:34,FA0005,PC-1005,D1ED0006.doc,False,
{F-0023250},08/09/2026 18:40:34,LA0011,PC-1011,813DB929.jpg,False,
{F-0027240},08/09/2026 18:57:34,NA0013,PC-1013,264AC151.doc,False,
{F-0017483},08/09/2026 19:00:34,IA0008,PC-1008,F7B14E49.doc,False,
{F-0029057},08/09/2026 19:01:34,OA0014,PC-1014,003E85E1.xls,False,
{F-0017486},08/09/2026 19:20:34,IA0008,PC-1008,52C994DC.xls,False,
{F-0008917},08/09/2026 19:23:34,DA0003,PC-1003,0F9DB7E2.xls,False,
{F-0017478},08/09/2026 19:34:34,IA0008,PC-1008,86F36689.xls,False,
{F-0019246},08/09/2026 19:42:34,JA0009,PC-1009,125C1C14.txt,False,
{F-0008916},08/09/2026 19:46:34,DA0003,PC-1003,198BBFA4.xls,False,
{F-0027242},08/09/2026 19:51:34,NA0013,PC-1013,CE9E8816.xlsx,False,
{F-0025281},08/09/2026 19:56:34,MA0012,PC-1012,41304E7D.xlsx,False,
{F-0025286},08/09/2026 20:00:34,MA0012,PC-1012,19B520EF.xlsx,False,
{F-0000564},08/09/2026 20:02:34,AA0000,PC-1000,52E5893A.xls,False,
{F-0014341},08/09/2026 20:02:34,GA0006,PC-1006,B390CF8B.jpg,False,
{F-0019248},08/09/2026 20:09:34,JA0009,PC-1009,BC61F274.xlsx,False,
{F-0017480},08/09/2026 20:10:34,IA0008,PC-1008,01BB61B4.jpg,False,
{F-0017489},08/09/2026 20:11:34,IA0008,PC-1008,CF8AC345.pdf,False,
{F-0000554},08/09/2026 20:17:34,AA0000,PC-1000,9095C811.xls,False,
{F-0000559},08/09/2026 20:17:34,AA0000,PC-1000,BAFC6125.jpg,False,
{F-0014339},08/09/2026 20:20:34,GA0006,PC-1006,E9396B81.xlsx,False,
{F-0014348},08/09/2026 20:25:34,GA0006,PC-1006,2B667269.xls,False,
{F-0021295},08/09/2026 20:25:34,KA0010,PC-1010,749EBDA5.txt,False,
{F-0017476},08/09/2026 20:26:34,IA0008,PC-1008,339344A7.xls,False,
{F-0025287},08/09/2026 20:26:34,MA0012,PC-1012,F3D4D934.jpg,False,
{F-0031496},08/09/2026 20:30:34,PA0015,PC-1015,90F2A660.xls,False,
{F-0000557},08/09/2026 20:31:34,AA0000,PC-1000,FF559985.xlsx,False,
{F-0000567},08/09/2026 20:31:34,AA0000,PC-1000,E901B738.txt,False,
{F-0027241},08/09/2026 20:35:34,NA0013,PC-1013,722C6340.xls,False,
{F-0023244},08/09/2026 20:37:34,LA0011,PC-1011,4C5A3648.pdf,False,
{F-0000556},08/09/2026 20:39:34,AA0000,PC-1000,FB3AEA4E.pdf,False,
{F-0019253},08/09/2026 20:39:34,JA0009,PC-1009,902AD4E0.jpg,False,
{F-0011289},08/09/2026 20:41:34,EA0004,PC-1004,BAB33ADB.txt,False,
{F-0003061},08/09/2026 20:44:34,BA0001,PC-1001,255795FF.doc,False,
{F-0008923},08/09/2026 20:46:34,DA0003,PC-1003,80B2B59E.doc,False,
{F-0014342},08/09/2026 20:49:34,GA0006,PC-1006,18057506.pdf,False,
{F-0029051},08/09/2026 20:49:34,OA0014,PC-1014,C29055C1.pdf,False,
{F-0012633},08/09/2026 20:51:34,FA0005,PC-1005,8BBCA807.xls,False,
{F-0023253},08/09/2026 20:54:34,LA0011,PC-1011,41453465.doc,False,
{F-0019250},08/09/2026 20:56:34,JA0009,PC-1009,D90FE468.doc,False,
{F-0023240},08/09/2026 20:56:34,LA0011,PC-1011,D638CC46.pdf,False,
{F-0008913},08/09/2026 20:58:34,DA0003,PC-1003,AF5A0D9F.pdf,False,
{F-0027243},08/09/2026 21:04:34,NA0013,PC-1013,BF879987.doc,False,
{F-0003060},08/09/2026 21:05:34,BA0001,PC-1001,2043BDAE.doc,False,
{F-0005825},08/09/2026 21:06:34,CA0002,PC-1002,A7946837.pdf,False,
{F-0014337},08/09/2026 21:07:34,GA0006,PC-1006,5203DFE7.pdf,False,
{F-0014340},08/09/2026 21:15:34,GA0006,PC-1006,BBF66AA0.doc,False,
{F-0021294},08/09/2026 21:15:34,KA0010,PC-1010,74C51FEA.pdf,False,
{F-0012641},08/09/2026 21:21:34,FA0005,PC-1005,97B655D5.doc,False,
{F-0031501},08/09/2026 21:22:34,PA0015,PC-1015,E841AC2A.doc,False,
{F-0008911},08/09/2026 21:23:34,DA0003,PC-1003,B2A7A462.doc,False,
{F-0029060},08/09/2026 21:24:34,OA0014,PC-1014,C2316EA7.xls,False,
{F-0012644},08/09/2026 21:25:34,FA0005,PC-1005,62995C70.doc,False,
{F-0029056},08/09/2026 21:28:34,OA0014,PC-1014,BEE398B7.doc,False,
{F-0003047},08/09/2026 21:33:34,BA0001,PC-1001,CC69257F.pdf,False,
{F-0003050},08/09/2026 21:35:34,BA0001,PC-1001,463FEBB2.jpg,False,
{F-0008914},08/09/2026 21:35:34,DA0003,PC-1003,2591C862.xlsx,False,
{F-0034378},08/09/2026 21:38:34,RA0017,PC-1017,D6590EDD.pdf,False,
{F-0008924},08/09/2026 21:42:34,DA0003,PC-1003,026DB967.txt,False,
{F-0021296},08/09/2026 21:43:34,KA0010,PC-1010,C424935F.xlsx,False,
{F-0025282},08/09/2026 21:45:34,MA0012,PC-1012,D309B8D0.txt,False,
{F-0017477},08/09/2026 21:47:34,IA0008,PC-1008,F5A2ADDE.doc,False,
{F-0005816},08/09/2026 21:49:34,CA0002,PC-1002,5325F974.pdf,False,
{F-0025288},08/09/2026 21:50:34,MA0012,PC-1012,C084C49A.doc,False,
{F-0019256},08/09/2026 21:52:34,JA0009,PC-1009,DEC8681A.jpg,False,
{F-0011285},08/09/2026 21:56:34,EA0004,PC-1004,049D1E00.txt,False,
{F-0005819},08/09/2026 22:01:34,CA0002,PC-1002,3B935FAE.pdf,False,
{F-0031498},08/09/2026 22:03:34,PA0015,PC-1015,A06E73AC.doc,False,
{F-0023246},08/09/2026 22:05:34,LA0011,PC-1011,0BABA0AC.pdf,False,
{F-0033020},08/09/2026 22:07:34,QA0016,PC-1016,ABF7BD79.doc,False,
{F-0025283},08/09/2026 22:10:34,MA0012,PC-1012,8937C86C.jpg,False,
{F-0000569},08/09/2026 22:11:34,AA0000,PC-1000,4139FBD7.xlsx,False,
{F-0019251},08/09/2026 22:12:34,JA0009,PC-1009,50DD7CBD.pdf,False,
{F-0000570},08/09/2026 22:15:34,AA0000,PC-1000,A2BB1941.doc,False,
{F-0029053},08/09/2026 22:16:34,OA0014,PC-1014,15302C7A.xlsx,False,
{F-0012636},08/09/2026 22:22:34,FA0005,PC-1005,E38E00BD.doc,False,
{F-0017484},08/09/2026 22:24:34,IA0008,PC-1008,E22E79D8.jpg,False,
{F-0012640},08/09/2026 22:26:34,FA0005,PC-1005,78F552D1.doc,False,
{F-0031503},08/09/2026 22:30:34,PA0015,PC-1015,35FE8D5E.xls,False,
{F-0016390},08/09/2026 22:35:34,HA0007,PC-1007,0104A3D2.xls,False,
{F-0017479},08/09/2026 22:36:34,IA0008,PC-1008,ED7B81F7.doc,False,
{F-0008921},08/09/2026 22:39:34,DA0003,PC-1003,70CD0CAC.doc,False,
{F-0017481},08/09/2026 22:40:34,IA0008,PC-1008,DED4A995.xls,False,
{F-0012638},08/09/2026 22:42:34,FA0005,PC-1005,E19895CC.doc,False,
{F-0012637},08/09/2026 22:45:34,FA0005,PC-1005,C168158C.txt,False,
{F-0000563},08/09/2026 22:48:34,AA0000,PC-1000,7A01C7C3.doc,False,
{F-0014347},08/09/2026 22:48:34,GA0006,PC-1006,2BAEA8B1.pdf,False,
{F-0019259},08/09/2026 22:49:34,JA0009,PC-1009,1B60CFA3.doc,False,
{F-0023239},08/09/2026 22:50:34,LA0011,PC-1011,397E904A.jpg,False,
{F-0016395},08/09/2026 22:55:34,HA0007,PC-1007,027F9B10.doc,False,
{F-0027237},08/09/2026 22:56:34,NA0013,PC-1013,795675EC.xls,False,
{F-0021300},08/09/2026 23:00:34,KA0010,PC-1010,08314368.xlsx,False,
{F-0014346},08/09/2026 23:10:34,GA0006,PC-1006,6054BE78.txt,False,
{F-0027245},08/09/2026 23:10:34,NA0013,PC-1013,3F07E744.xls,False,
{F-0029049},08/09/2026 23:11:34,OA0014,PC-1014,79CAEFC1.doc,False,
{F-0025278},08/09/2026 23:12:34,MA0012,PC-1012,EEAA7733.pdf,False,
{F-0008919},08/09/2026 23:13:34,DA0003,PC-1003,998A8200.doc,False,
{F-0005807},08/09/2026 23:17:34,CA0002,PC-1002,9DC05ECC.jpg,False,
{F-0005814},08/09/2026 23:17:34,CA0002,PC-1002,51CFA62F.xls,False,
{F-0021293},08/09/2026 23:17:34,KA0010,PC-1010,ED047354.xls,False,
{F-0003051},08/09/2026 23:22:34,BA0001,PC-1001,EF7BB167.xlsx,False,
{F-0017487},08/09/2026 23:28:34,IA0008,PC-1008,F21A1D72.xls,False,
{F-0017485},08/09/2026 23:29:34,IA0008,PC-1008,D1BECEF1.txt,False,
{F-0019245},08/09/2026 23:32:34,JA0009,PC-1009,8EA8C350.jpg,False,
{F-0008915},08/09/2026 23:33:34,DA0003,PC-1003,0AFB4804.doc,False,
{F-0011286},08/09/2026 23:37:34,EA0004,PC-1004,2C3C6F5B.xlsx,False,
{F-0005808},08/09/2026 23:44:34,CA0002,PC-1002,DE7101C5.xls,False,
{F-0016394},08/09/2026 23:48:34,HA0007,PC-1007,58D3A278.xlsx,False,
{F-0011292},08/09/2026 23:49:34,EA0004,PC-1004,7264724C.doc,False,
{F-0021288},08/09/2026 23:49:34,KA0010,PC-1010,763391B8.doc,False,
{F-0008922},08/09/2026 23:51:34,DA0003,PC-1003,3A73E366.pdf,False,
{F-0000565},08/09/2026 23:52:34,AA0000,PC-1000,CD5B8722.txt,False,
{F-0008918},08/09/2026 23:53:34,DA0003,PC-1003,1650013B.txt,False,
{F-0034374},08/09/2026 23:55:34,RA0017,PC-1017,216A59FF.jpg,False,
{F-0023241},08/09/2026 23:57:34,LA0011,PC-1011,5C1B96D6.jpg,False,
{F-0023247},08/09/2026 23:58:34,LA0011,PC-1011,1EE01CF8.jpg,False,
{F-0017488},08/09/2026 23:59:34,IA0008,PC-1008,9D66BA9F.jpg,False,
{F-0025284},08/09/2026 23:59:34,MA0012,PC-1012,88D1B5BE.xls,False,
{F-0000560},08/10/2026 00:00:34,AA0000,PC-1000,4023FAFC.xls,False,
{F-0011284},08/10/2026 00:00:34,EA0004,PC-1004,01269E84.xls,False,
{F-0016393},08/10/2026 00:02:34,HA0007,PC-1007,BB345DFE.xlsx,False,
{F-0008920},08/10/2026 00:04:34,DA0003,PC-1003,4E6DAC65.doc,False,
{F-0029059},08/10/2026 00:06:34,OA0014,PC-1014,9B074EDF.pdf,False,
{F-0008909},08/10/2026 00:07:34,DA0003,PC-1003,B529C1E7.jpg,False,
{F-0014345},08/10/2026 00:17:34,GA0006,PC-1006,8946C6A4.pdf,False,
{F-0019252},08/10/2026 00:21:34,JA0009,PC-1009,8B6CC614.jpg,False,
{F-0005802},08/10/2026 00:25:34,CA0002,PC-1002,1F01D7CF.pdf,False,
{F-0016392},08/10/2026 00:25:34,HA0007,PC-1007,C8D9D229.xls,False,
{F-0011287},08/10/2026 00:26:34,EA0004,PC-1004,F8CC9C2C.doc,False,
{F-0029055},08/10/2026 00:26:34,OA0014,PC-1014,4481AFF8.doc,False,
{F-0012634},08/10/2026 00:27:34,FA0005,PC-1005,3236FC04.doc,False,
{F-0005827},08/10/2026 00:30:34,CA0002,PC-1002,03B1FF5D.doc,False,
{F-0027238},08/10/2026 00:31:34,NA0013,PC-1013,28F8B317.doc,False,
{F-0014338},08/10/2026 00:35:34,GA0006,PC-1006,6A4B231F.pdf,False,
{F-0027239},08/10/2026 00:35:34,NA0013,PC-1013,D554D5FA.jpg,False,
{F-0019249},08/10/2026 00:36:34,JA0009,PC-1009,C1A7EA6D.txt,False,
{F-0029054},08/10/2026 00:36:34,OA0014,PC-1014,AFD28A3B.xls,False,
{F-0027244},08/10/2026 00:37:34,NA0013,PC-1013,2D473D48.doc,False,
{F-0012645},08/10/2026 00:38:34,FA0005,PC-1005,4926FDD0.doc,False,
{F-0011290},08/10/2026 00:47:34,EA0004,PC-1004,87705AC6.doc,False,
{F-0000566},08/10/2026 00:52:34,AA0000,PC-1000,84B380B1.jpg,False,
{F-0012639},08/10/2026 00:53:34,FA0005,PC-1005,6722A284.jpg,False,
{F-0023252},08/10/2026 00:54:34,LA0011,PC-1011,FE2138D0.doc,False,
{F-0033016},08/10/2026 00:58:34,QA0016,PC-1016,E4F1F57E.jpg,False,
{F-0000562},08/10/2026 01:00:34,AA0000,PC-1000,A57BDF6B.doc,False,
{F-0031502},08/10/2026 01:01:34,PA0015,PC-1015,9C01CA3C.xlsx,False,
{F-0005809},08/10/2026 01:02:34,CA0002,PC-1002,C22122BF.doc,False,
{F-0014350},08/10/2026 01:04:34,GA0006,PC-1006,B83DDA36.txt,False,
{F-0025280},08/10/2026 01:05:34,MA0012,PC-1012,61F3370D.pdf,False,
{F-0034376},08/10/2026 01:08:34,RA0017,PC-1017,1910692E.txt,False,
{F-0000555},08/10/2026 01:09:34,AA0000,PC-1000,A8D02FC7.doc,False,
{F-0008910},08/10/2026 01:11:34,DA0003,PC-1003,0820BBC1.doc,False,
{F-0005823},08/10/2026 01:18:34,CA0002,PC-1002,39FA126B.xls,False,
{F-0021297},08/10/2026 01:20:34,KA0010,PC-1010,018D3DA1.pdf,False,
{F-0008912},08/10/2026 01:21:34,DA0003,PC-1003,F9E98548.xlsx,False,
{F-0014343},08/10/2026 01:29:34,GA0006,PC-1006,0512B5AD.pdf,False,
{F-0000561},08/10/2026 01:32:34,AA0000,PC-1000,1D5BFBF7.txt,False,
{F-0014344},08/10/2026 01:34:34,GA0006,PC-1006,D274F7BB.doc,False,
{F-0011283},08/10/2026 01:39:34,EA0004,PC-1004,C9D0CE77.doc,False,
{F-0014349},08/10/2026 01:41:34,GA0006,PC-1006,1A59CECB.doc,False,
{F-0019254},08/10/2026 01:42:34,JA0009,PC-1009,945C9AEA.doc,False,
{F-0019244},08/10/2026 01:45:34,JA0009,PC-1009,DEFDF4E3.pdf,False,
{F-0011282},08/10/2026 01:47:34,EA0004,PC-1004,EE2DD6D3.xlsx,False,
{F-0012643},08/10/2026 01:50:34,FA0005,PC-1005,CF98767E.jpg,False,
{F-0011291},08/10/2026 02:02:34,EA0004,PC-1004,AA46C089.txt,False,
{F-0005805},08/10/2026 02:03:34,CA0002,PC-1002,DDE31208.doc,False,
{F-0005820},08/10/2026 02:03:34,CA0002,PC-1002,2039AEF9.jpg,False,
{F-0023245},08/10/2026 02:08:34,LA0011,PC-1011,1C863B68.doc,False,
{F-0031497},08/10/2026 02:08:34,PA0015,PC-1015,0ADB65BD.doc,False,
{F-0005817},08/10/2026 02:13:34,CA0002,PC-1002,87E94A4E.xlsx,False,
{F-0016389},08/10/2026 02:14:34,HA0007,PC-1007,B989EA98.jpg,False,
{F-0017482},08/10/2026 02:15:34,IA0008,PC-1008,224EAFAB.xls,False,
{F-0029052},08/10/2026 02:16:34,OA0014,PC-1014,3504EEE6.txt,False,
{F-0005806},08/10/2026 02:23:34,CA0002,PC-1002,D3BEE3B4.txt,False,
{F-0003057},08/10/2026 02:29:34,BA0001,PC-1001,8C5E8E60.jpg,False,
{F-0016391},08/10/2026 02:31:34,HA0007,PC-1007,C87D3F3A.pdf,False,
{F-0019247},08/10/2026 02:33:34,JA0009,PC-1009,B30716A4.doc,False,
{F-0000568},08/10/2026 02:40:34,AA0000,PC-1000,697F554C.doc,False,
{F-0012630},08/10/2026 02:42:34,FA0005,PC-1005,EC06AF8A.doc,False,
{F-0033021},08/10/2026 02:42:34,QA0016,PC-1016,BD4BB077.jpg,False,
{F-0005821},08/10/2026 02:46:34,CA0002,PC-1002,8885D325.xls,False,
{F-0029046},08/10/2026 02:46:34,OA0014,PC-1014,AB12C493.doc,False,
{F-0003053},08/10/2026 02:47:34,BA0001,PC-1001,BE8EF676.xlsx,False,
{F-0012632},08/10/2026 02:48:34,FA0005,PC-1005,711516FC.xlsx,False,
{F-0005815},08/10/2026 02:51:34,CA0002,PC-1002,B674920B.xlsx,False,
{F-0025285},08/10/2026 02:54:34,MA0012,PC-1012,F580463D.doc,False,
{F-0023248},08/10/2026 02:56:34,LA0011,PC-1011,94D4B3DB.doc,False,
{F-0023251},08/10/2026 02:56:34,LA0011,PC-1011,70EDACF0.doc,False,
{F-0021286},08/10/2026 02:57:34,KA0010,PC-1010,31523088.pdf,False,
{F-0031499},08/10/2026 02:57:34,PA0015,PC-1015,E57FE18D.doc,False,
{F-0029047},08/10/2026 02:58:34,OA0014,PC-1014,5DB052B5.xlsx,False,
{F-0003054},08/10/2026 02:59:34,BA0001,PC-1001,96204098.doc,False,
{F-0008925},08/10/2026 03:05:34,DA0003,PC-1003,3135CE7B.txt,False,
{F-0029058},08/10/2026 03:05:34,OA0014,PC-1014,C488BD6D.txt,False,
{F-0005812},08/10/2026 03:06:34,CA0002,PC-1002,E18E7A0D.txt,False,
{F-0003058},08/10/2026 03:09:34,BA0001,PC-1001,37B89AB4.jpg,False,
{F-0012631},08/10/2026 03:09:34,FA0005,PC-1005,5258E461.pdf,False,
{F-0029050},08/10/2026 03:10:34,OA0014,PC-1014,9C6A906C.xls,False,
{F-0003056},08/10/2026 03:11:34,BA0001,PC-1001,A1C20BDE.doc,False,
{F-0005801},08/10/2026 03:11:34,CA0002,PC-1002,915B00BF.jpg,False,
{F-0019257},08/10/2026 03:12:34,JA0009,PC-1009,29D85D76.txt,False,
{F-0021298},08/10/2026 03:14:34,KA0010,PC-1010,50893EE6.xlsx,False,
{F-0033017},08/10/2026 03:14:34,QA0016,PC-1016,EA7F01D0.xlsx,False,
{F-0031500},08/10/2026 03:16:34,PA0015,PC-1015,72C1D2DF.jpg,False,
{F-0000558},08/10/2026 03:19:34,AA0000,PC-1000,086587D8.pdf,False,
{F-0003055},08/10/2026 03:20:34,BA0001,PC-1001,4AE0B31B.doc,False,
{F-0003048},08/10/2026 03:21:34,BA0001,PC-1001,E912C3FD.xlsx,False,
{F-0033018},08/10/2026 03:22:34,QA0016,PC-1016,ACD50586.xlsx,False,
{F-0011288},08/10/2026 03:24:34,EA0004,PC-1004,7C297170.txt,False,
{F-0029048},08/10/2026 03:24:34,OA0014,PC-1014,29888619.doc,False,
{F-0023243},08/10/2026 03:25:34,LA0011,PC-1011,5068961B.xls,False,
{F-0021287},08/10/2026 03:29:34,KA0010,PC-1010,5A42BE9F.txt,False,
{F-0012642},08/10/2026 03:34:34,FA0005,PC-1005,0E8B574A.txt,False,
{F-0034375},08/10/2026 03:37:34,RA0017,PC-1017,E17A3466.txt,False,
{F-0003059},08/10/2026 03:41:34,BA0001,PC-1001,A129B56D.doc,False,
{F-0012635},08/10/2026 03:43:34,FA0005,PC-1005,89F43588.txt,False,
{F-0025279},08/10/2026 03:44:34,MA0012,PC-1012,D256E9E0.pdf,False,
{F-0012646},08/10/2026 03:45:34,FA0005,PC-1005,BF5B9A9D.txt,False,
{F-0021291},08/10/2026 03:47:34,KA0010,PC-1010,3E2CF216.txt,False,
{F-0021292},08/10/2026 03:47:34,KA0010,PC-1010,E80F3A1E.doc,False,
{F-0034377},08/10/2026 03:51:34,RA0017,PC-1017,3B87BC9E.doc,False,
{F-0003052},08/10/2026 03:56:34,BA0001,PC-1001,0421FC2B.doc,False,
{F-0003046},08/10/2026 04:00:34,BA0001,PC-1001,18100230.xlsx,False,
{F-0023249},08/10/2026 04:02:34,LA0011,PC-1011,59673CA5.xls,False,
{F-0005822},08/10/2026 04:09:34,CA0002,PC-1002,1A2651A3.doc,False,
{F-0003049},08/10/2026 04:13:34,BA0001,PC-1001,C9C8C6C0.doc,False,
{F-0019255},08/10/2026 04:13:34,JA0009,PC-1009,F9170B51.doc,False,
{F-0019258},08/10/2026 04:21:34,JA0009,PC-1009,CDABAC8D.xlsx,False,
{F-0021290},08/10/2026 04:21:34,KA0010,PC-1010,E44D4644.pdf,False,
{F-0005803},08/10/2026 04:22:34,CA0002,PC-1002,EEE04B74.jpg,False,
{F-0003062},08/10/2026 04:24:34,BA0001,PC-1001,446809C7.xls,False,
{F-0005829},08/10/2026 04:26:34,CA0002,PC-1002,8AD9E71E.jpg,False,
{F-0021285},08/10/2026 04:27:34,KA0010,PC-1010,1BEDB9FB.pdf,False,
{F-0005828},08/10/2026 04:28:34,CA0002,PC-1002,4CA17FB1.txt,False,
{F-0023242},08/10/2026 04:32:34,LA0011,PC-1011,FD65727A.doc,False,
{F-0005800},08/10/2026 04:37:34,CA0002,PC-1002,34A3A20F.jpg,False,
{F-0021299},08/10/2026 04:37:34,KA0010,PC-1010,2E230F59.doc,False,
{F-0033019},08/10/2026 04:48:34,QA0016,PC-1016,07F8AEEF.doc,False,
{F-0021289},08/10/2026 04:51:34,KA0010,PC-1010,30FAA57D.txt,False,
{F-0005811},08/10/2026 05:24:34,CA0002,PC-1002,A2B7D7C9.doc,False,
{F-0005813},08/10/2026 05:35:34,CA0002,PC-1002,88C5D54F.jpg,False,
{F-0005818},08/10/2026 05:40:34,CA0002,PC-1002,0AE6A88B.xls,False,
{F-0005804},08/10/2026 05:48:34,CA0002,PC-1002,3FEF0E6E.txt,False,
{F-0005824},08/10/2026 06:19:34,CA0002,PC-1002,6B76C584.doc,False,
{F-0005810},08/10/2026 06:22:34,CA0002,PC-1002,CE0F1F6C.xlsx,False,
{F-0005826},08/10/2026 06:23:34,CA0002,PC-1002,AA4480FC.doc,False,
{F-0017531},08/10/2026 18:44:34,IA0008,PC-1008,4DEB3F26.pdf,False,
{F-0025325},08/10/2026 18:59:34,MA0012,PC-1012,C54E34BD.xlsx,False,
{F-0023284},08/10/2026 19:36:34,LA0011,PC-1011,06FCB1FB.txt,False,
{F-0025330},08/10/2026 19:36:34,MA0012,PC-1012,3CD4895A.pdf,False,
{F-0008962},08/10/2026 19:38:34,DA0003,PC-1003,FC693DF9.txt,False,
{F-0023287},08/10/2026 19:39:34,LA0011,PC-1011,6B8CDE32.xls,False,
{F-0021334},08/10/2026 19:40:34,KA0010,PC-1010,05FA3392.jpg,False,
{F-0014418},08/10/2026 19:43:34,GA0006,PC-1006,93E19A4F.xls,False,
{F-0017530},08/10/2026 19:43:34,IA0008,PC-1008,95CD130E.pdf,False,
{F-0000626},08/10/2026 19:48:34,AA0000,PC-1000,1B0FB1ED.doc,False,
{F-0029126},08/10/2026 19:50:34,OA0014,PC-1014,EA79BDC4.xls,False,
{F-0019316},08/10/2026 19:52:34,JA0009,PC-1009,86724B0E.doc,False,
{F-0031535},08/10/2026 19:57:34,PA0015,PC-1015,00C06447.pdf,False,
{F-0031538},08/10/2026 19:57:34,PA0015,PC-1015,9C6AC608.xls,False,
{F-0025328},08/10/2026 20:00:34,MA0012,PC-1012,72AF07D3.doc,False,
{F-0023296},08/10/2026 20:01:34,LA0011,PC-1011,58C83532.jpg,False,
{F-0025331},08/10/2026 20:03:34,MA0012,PC-1012,6106E1BC.txt,False,
{F-0003098},08/10/2026 20:04:34,BA0001,PC-1001,F271E294.doc,False,
{F-0011316},08/10/2026 20:04:34,EA0004,PC-1004,499FE8CF.doc,False,
{F-0011315},08/10/2026 20:14:34,EA0004,PC-1004,BD754CF7.pdf,False,
{F-0021343},08/10/2026 20:14:34,KA0010,PC-1010,742D00C3.doc,False,
{F-0011312},08/10/2026 20:16:34,EA0004,PC-1004,D4256A85.txt,False,
{F-0000620},08/10/2026 20:21:34,AA0000,PC-1000,0CDBED9D.jpg,False,
{F-0014409},08/10/2026 20:21:34,GA0006,PC-1006,8F0E89DE.xlsx,False,
{F-0031545},08/10/2026 20:22:34,PA0015,PC-1015,19AC3791.doc,False,
{F-0021341},08/10/2026 20:24:34,KA0010,PC-1010,764CA8B8.xlsx,False,
{F-0005892},08/10/2026 20:25:34,CA0002,PC-1002,C8E89634.xlsx,False,
{F-0005875},08/10/2026 20:26:34,CA0002,PC-1002,95BF345C.doc,False,
{F-0017532},08/10/2026 20:28:34,IA0008,PC-1008,50F91CFD.doc,False,
{F-0029124},08/10/2026 20:30:34,OA0014,PC-1014,5FA79145.jpg,False,
{F-0003090},08/10/2026 20:31:34,BA0001,PC-1001,4FFAA883.xlsx,False,
{F-0031533},08/10/2026 20:32:34,PA0015,PC-1015,BDACD894.doc,False,
{F-0011321},08/10/2026 20:34:34,EA0004,PC-1004,A696AABB.doc,False,
{F-0029125},08/10/2026 20:34:34,OA0014,PC-1014,E07B3F1E.xlsx,False,
{F-0000615},08/10/2026 20:36:34,AA0000,PC-1000,4E2ADAE0.jpg,False,
{F-0005891},08/10/2026 20:38:34,CA0002,PC-1002,59702C2D.pdf,False,
{F-0019310},08/10/2026 20:39:34,JA0009,PC-1009,36321ADA.txt,False,
{F-0031536},08/10/2026 20:43:34,PA0015,PC-1015,D7B96729.xlsx,False,
{F-0017527},08/10/2026 20:45:34,IA0008,PC-1008,9B28723D.txt,False,
{F-0023300},08/10/2026 20:46:34,LA0011,PC-1011,17CB5DFB.txt,False,
{F-0012672},08/10/2026 20:47:34,FA0005,PC-1005,5686A2C4.doc,False,
{F-0003087},08/10/2026 20:53:34,BA0001,PC-1001,C727D5D4.pdf,False,
{F-0012666},08/10/2026 20:53:34,FA0005,PC-1005,15C24A5C.txt,False,
{F-0023292},08/10/2026 20:54:34,LA0011,PC-1011,68D0C253.doc,False,
{F-0016413},08/10/2026 20:58:34,HA0007,PC-1007,1F5B595F.xlsx,False,
{F-0011319},08/10/2026 21:01:34,EA0004,PC-1004,C21E5DD1.doc,False,
{F-0014415},08/10/2026 21:11:34,GA0006,PC-1006,1E321483.doc,False,
{F-0005889},08/10/2026 21:14:34,CA0002,PC-1002,CF0903FD.doc,False,
{F-0014405},08/10/2026 21:16:34,GA0006,PC-1006,9D80B7C8.jpg,False,
{F-0011309},08/10/2026 21:18:34,EA0004,PC-1004,D9670323.jpg,False,
{F-0012665},08/10/2026 21:18:34,FA0005,PC-1005,9BC0D1DB.txt,False,
{F-0000628},08/10/2026 21:19:34,AA0000,PC-1000,D94EBF48.jpg,False,
{F-0000621},08/10/2026 21:20:34,AA0000,PC-1000,1007C99B.doc,False,
{F-0019314},08/10/2026 21:27:34,JA0009,PC-1009,37DD7F05.xlsx,False,
{F-0014410},08/10/2026 21:29:34,GA0006,PC-1006,04DF88AB.doc,False,
{F-0025329},08/10/2026 21:33:34,MA0012,PC-1012,DB018370.pdf,False,
{F-0027272},08/10/2026 21:35:34,NA0013,PC-1013,EFE1DF08.xls,False,
{F-0016415},08/10/2026 21:39:34,HA0007,PC-1007,3B04C588.txt,False,
{F-0014412},08/10/2026 21:40:34,GA0006,PC-1006,027FC739.pdf,False,
{F-0023291},08/10/2026 21:40:34,LA0011,PC-1011,730E4C70.doc,False,
{F-0031532},08/10/2026 21:40:34,PA0015,PC-1015,559674DE.txt,False,
{F-0025323},08/10/2026 21:44:34,MA0012,PC-1012,622BE220.doc,False,
{F-0008963},08/10/2026 21:48:34,DA0003,PC-1003,D2397CFB.doc,False,
{F-0000619},08/10/2026 21:49:34,AA0000,PC-1000,FC834F25.txt,False,
{F-0014408},08/10/2026 21:50:34,GA0006,PC-1006,F7BFF3AC.xls,False,
{F-0027274},08/10/2026 21:51:34,NA0013,PC-1013,EFD14FE2.doc,False,
{F-0029122},08/10/2026 21:51:34,OA0014,PC-1014,879600EE.doc,False,
{F-0014413},08/10/2026 21:53:34,GA0006,PC-1006,373E8759.txt,False,
{F-0019318},08/10/2026 21:53:34,JA0009,PC-1009,2280EC9A.doc,False,
{F-0027271},08/10/2026 21:56:34,NA0013,PC-1013,A5A7B9C0.doc,False,
{F-0016416},08/10/2026 21:57:34,HA0007,PC-1007,52918A53.doc,False,
{F-0003091},08/10/2026 22:00:34,BA0001,PC-1001,76887EEE.txt,False,
{F-0029131},08/10/2026 22:04:34,OA0014,PC-1014,B010DB20.jpg,False,
{F-0008965},08/10/2026 22:12:34,DA0003,PC-1003,ABA4F61B.pdf,False,
{F-0008968},08/10/2026 22:12:34,DA0003,PC-1003,A6FC796B.pdf,False,
{F-0011307},08/10/2026 22:12:34,EA0004,PC-1004,D2345996.doc,False,
{F-0000618},08/10/2026 22:15:34,AA0000,PC-1000,26FE7573.txt,False,
{F-0025327},08/10/2026 22:15:34,MA0012,PC-1012,AA2728B7.txt,False,
{F-0017529},08/10/2026 22:17:34,IA0008,PC-1008,4FDC53F6.jpg,False,
{F-0012669},08/10/2026 22:18:34,FA0005,PC-1005,15C5ACFA.doc,False,
{F-0025326},08/10/2026 22:24:34,MA0012,PC-1012,EDA918B5.txt,False,
{F-0005883},08/10/2026 22:27:34,CA0002,PC-1002,1A1FAC8F.pdf,False,
{F-0034388},08/10/2026 22:27:34,RA0017,PC-1017,B25AAC4A.xls,False,
{F-0034386},08/10/2026 22:29:34,RA0017,PC-1017,EB48F12B.doc,False,
{F-0019308},08/10/2026 22:31:34,JA0009,PC-1009,54714F9A.doc,False,
{F-0031543},08/10/2026 22:33:34,PA0015,PC-1015,782A6F27.xlsx,False,
{F-0008966},08/10/2026 22:36:34,DA0003,PC-1003,6FBAED59.jpg,False,
{F-0019317},08/10/2026 22:40:34,JA0009,PC-1009,FF1A1B71.xlsx,False,
{F-0017526},08/10/2026 22:42:34,IA0008,PC-1008,87CD6B39.xlsx,False,
{F-0023289},08/10/2026 22:42:34,LA0011,PC-1011,002EFA2D.jpg,False,
{F-0021330},08/10/2026 22:43:34,KA0010,PC-1010,4F2E322D.xlsx,False,
{F-0025322},08/10/2026 22:43:34,MA0012,PC-1012,40E5DE0D.jpg,False,
{F-0008964},08/10/2026 22:50:34,DA0003,PC-1003,704A8CDA.pdf,False,
{F-0017528},08/10/2026 22:54:34,IA0008,PC-1008,F7198F42.doc,False,
{F-0000616},08/10/2026 22:55:34,AA0000,PC-1000,BF84E7E4.pdf,False,
{F-0021347},08/10/2026 22:56:34,KA0010,PC-1010,E676F11B.pdf,False,
{F-0031544},08/10/2026 22:59:34,PA0015,PC-1015,85D4DA74.jpg,False,
{F-0029129},08/10/2026 23:02:34,OA0014,PC-1014,411F2BC3.xls,False,
{F-0017523},08/10/2026 23:03:34,IA0008,PC-1008,82893C1E.jpg,False,
{F-0031531},08/10/2026 23:06:34,PA0015,PC-1015,38DC43C0.pdf,False,
{F-0000614},08/10/2026 23:07:34,AA0000,PC-1000,C2293982.txt,False,
{F-0005880},08/10/2026 23:09:34,CA0002,PC-1002,59521240.xlsx,False,
{F-0029123},08/10/2026 23:11:34,OA0014,PC-1014,206E4AB0.jpg,False,
{F-0019309},08/10/2026 23:13:34,JA0009,PC-1009,93A43895.doc,False,
{F-0005882},08/10/2026 23:15:34,CA0002,PC-1002,F6365C37.jpg,False,
{F-0029127},08/10/2026 23:15:34,OA0014,PC-1014,4B088634.doc,False,
{F-0021345},08/10/2026 23:16:34,KA0010,PC-1010,D204945C.xls,False,
{F-0005873},08/10/2026 23:19:34,CA0002,PC-1002,1DEBB20D.doc,False,
{F-0019311},08/10/2026 23:19:34,JA0009,PC-1009,F628CA61.doc,False,
{F-0021348},08/10/2026 23:26:34,KA0010,PC-1010,296C3E9B.xls,False,
{F-0023299},08/10/2026 23:31:34,LA0011,PC-1011,DBCE91F3.txt,False,
{F-0003092},08/10/2026 23:32:34,BA0001,PC-1001,F159FD95.pdf,False,
{F-0012677},08/10/2026 23:35:34,FA0005,PC-1005,675AB986.xls,False,
{F-0027273},08/10/2026 23:35:34,NA0013,PC-1013,4F66A1D5.doc,False,
{F-0003095},08/10/2026 23:39:34,BA0001,PC-1001,C3935235.jpg,False,
{F-0003086},08/10/2026 23:40:34,BA0001,PC-1001,32656360.xlsx,False,
{F-0005879},08/10/2026 23:40:34,CA0002,PC-1002,BC27BD1C.doc,False,
{F-0031537},08/10/2026 23:43:34,PA0015,PC-1015,CE7D6ED3.txt,False,
{F-0000617},08/10/2026 23:47:34,AA0000,PC-1000,8138E5BB.xls,False,
{F-0005870},08/10/2026 23:49:34,CA0002,PC-1002,3C15119C.jpg,False,
{F-0021335},08/10/2026 23:52:34,KA0010,PC-1010,4E079E50.jpg,False,
{F-0005894},08/10/2026 23:53:34,CA0002,PC-1002,FC96F3CE.doc,False,
{F-0003093},08/10/2026 23:56:34,BA0001,PC-1001,18A39D67.xls,False,
{F-0011304},08/10/2026 23:56:34,EA0004,PC-1004,4F9E2114.doc,False,
{F-0023295},08/11/2026 00:02:34,LA0011,PC-1011,14175976.jpg,False,
{F-0021336},08/11/2026 00:05:34,KA0010,PC-1010,CF0EA592.pdf,False,
{F-0017533},08/11/2026 00:07:34,IA0008,PC-1008,8EE86275.txt,False,
{F-0023280},08/11/2026 00:07:34,LA0011,PC-1011,EC27F492.pdf,False,
{F-0003089},08/11/2026 00:08:34,BA0001,PC-1001,FA519881.xls,False,
{F-0025324},08/11/2026 00:13:34,MA0012,PC-1012,19D21752.xls,False,
{F-0019315},08/11/2026 00:16:34,JA0009,PC-1009,0A4300C9.jpg,False,
{F-0023294},08/11/2026 00:20:34,LA0011,PC-1011,BAD720B1.xls,False,
{F-0016412},08/11/2026 00:22:34,HA0007,PC-1007,905526FC.xls,False,
{F-0000624},08/11/2026 00:27:34,AA0000,PC-1000,B12A7E1C.xls,False,
{F-0005890},08/11/2026 00:32:34,CA0002,PC-1002,49387309.xls,False,
{F-0012671},08/11/2026 00:36:34,FA0005,PC-1005,F6AC2322.pdf,False,
{F-0021349},08/11/2026 00:41:34,KA0010,PC-1010,EEF2E27C.xlsx,False,
{F-0021342},08/11/2026 00:42:34,KA0010,PC-1010,2C065D88.doc,False,
{F-0023282},08/11/2026 00:44:34,LA0011,PC-1011,FBE8BE30.txt,False,
{F-0021331},08/11/2026 00:46:34,KA0010,PC-1010,11575B08.txt,False,
{F-0027269},08/11/2026 00:46:34,NA0013,PC-1013,F894141C.doc,False,
{F-0000623},08/11/2026 00:49:34,AA0000,PC-1000,8CC747BA.txt,False,
{F-0019312},08/11/2026 00:49:34,JA0009,PC-1009,D2E5CD8F.xls,False,
{F-0034385},08/11/2026 00:50:34,RA0017,PC-1017,960B7456.xlsx,False,
{F-0011313},08/11/2026 00:52:34,EA0004,PC-1004,D1CD26A1.xls,False,
{F-0000625},08/11/2026 00:57:34,AA0000,PC-1000,DA3634AE.xlsx,False,
{F-0017525},08/11/2026 01:02:34,IA0008,PC-1008,17633858.pdf,False,
{F-0000622},08/11/2026 01:03:34,AA0000,PC-1000,7E5021E1.xlsx,False,
{F-0003084},08/11/2026 01:06:34,BA0001,PC-1001,0EC14E24.jpg,False,
{F-0014414},08/11/2026 01:09:34,GA0006,PC-1006,581C2161.pdf,False,
{F-0023285},08/11/2026 01:10:34,LA0011,PC-1011,BF7B6A71.doc,False,
{F-0005871},08/11/2026 01:18:34,CA0002,PC-1002,A818A724.xls,False,
{F-0014417},08/11/2026 01:18:34,GA0006,PC-1006,EAC379B4.txt,False,
{F-0014411},08/11/2026 01:21:34,GA0006,PC-1006,190C4FED.pdf,False,
{F-0025321},08/11/2026 01:29:34,MA0012,PC-1012,66E3D0C8.xlsx,False,
{F-0029128},08/11/2026 01:31:34,OA0014,PC-1014,D80BB563.doc,False,
{F-0011314},08/11/2026 01:35:34,EA0004,PC-1004,F184244F.doc,False,
{F-0005885},08/11/2026 01:37:34,CA0002,PC-1002,A96E447A.xlsx,False,
{F-0012678},08/11/2026 01:44:34,FA0005,PC-1005,5E5CB7CE.doc,False,
{F-0012668},08/11/2026 01:52:34,FA0005,PC-1005,AC512C72.xls,False,
{F-0017520},08/11/2026 02:02:34,IA0008,PC-1008,1D523BE7.pdf,False,
{F-0012679},08/11/2026 02:04:34,FA0005,PC-1005,A8BB88F4.xls,False,
{F-0000629},08/11/2026 02:05:34,AA0000,PC-1000,491D655E.pdf,False,
{F-0017522},08/11/2026 02:07:34,IA0008,PC-1008,EC26F581.doc,False,
{F-0021346},08/11/2026 02:07:34,KA0010,PC-1010,85722E91.pdf,False,
{F-0014406},08/11/2026 02:08:34,GA0006,PC-1006,A04E3ED1.txt,False,
{F-0012674},08/11/2026 02:09:34,FA0005,PC-1005,919DFDB7.xls,False,
{F-0008967},08/11/2026 02:10:34,DA0003,PC-1003,4989753B.doc,False,
{F-0031542},08/11/2026 02:12:34,PA0015,PC-1015,19156D42.txt,False,
{F-0023297},08/11/2026 02:14:34,LA0011,PC-1011,C9006E9F.xls,False,
{F-0031534},08/11/2026 02:14:34,PA0015,PC-1015,3EF94C21.pdf,False,
{F-0019313},08/11/2026 02:15:34,JA0009,PC-1009,4CA5B0BD.xlsx,False,
{F-0008970},08/11/2026 02:18:34,DA0003,PC-1003,EF5C4A33.xlsx,False,
{F-0005888},08/11/2026 02:19:34,CA0002,PC-1002,CAC0EC09.txt,False,
{F-0003088},08/11/2026 02:20:34,BA0001,PC-1001,30BC2F47.xls,False,
{F-0003096},08/11/2026 02:20:34,BA0001,PC-1001,34641AC3.doc,False,
{F-0005872},08/11/2026 02:21:34,CA0002,PC-1002,77C4F6FD.jpg,False,
{F-0021344},08/11/2026 02:23:34,KA0010,PC-1010,80CD23F2.doc,False,
{F-0012670},08/11/2026 02:26:34,FA0005,PC-1005,A3A65470.xlsx,False,
{F-0011317},08/11/2026 02:30:34,EA0004,PC-1004,37CCC617.doc,False,
{F-0017524},08/11/2026 02:30:34,IA0008,PC-1008,35E0072E.jpg,False,
{F-0031541},08/11/2026 02:30:34,PA0015,PC-1015,12AFCE0A.doc,False,
{F-0014404},08/11/2026 02:32:34,GA0006,PC-1006,1FB3117F.doc,False,
{F-0031539},08/11/2026 02:32:34,PA0015,PC-1015,BEB2CE57.txt,False,
{F-0014403},08/11/2026 02:36:34,GA0006,PC-1006,F3F3415B.pdf,False,
{F-0027270},08/11/2026 02:41:34,NA0013,PC-1013,C3BEB0BD.doc,False,
{F-0000627},08/11/2026 02:52:34,AA0000,PC-1000,C98CB5E3.doc,False,
{F-0033057},08/11/2026 02:57:34,QA0016,PC-1016,B26F5C9C.pdf,False,
{F-0008969},08/11/2026 03:00:34,DA0003,PC-1003,62FE198E.doc,False,
{F-0023290},08/11/2026 03:00:34,LA0011,PC-1011,362EB056.doc,False,
{F-0012676},08/11/2026 03:01:34,FA0005,PC-1005,468F2B72.xlsx,False,
{F-0031540},08/11/2026 03:01:34,PA0015,PC-1015,A8339149.xls,False,
{F-0016417},08/11/2026 03:03:34,HA0007,PC-1007,B36821D2.xls,False,
{F-0023279},08/11/2026 03:11:34,LA0011,PC-1011,A6938A39.xls,False,
{F-0023283},08/11/2026 03:11:34,LA0011,PC-1011,0867EB66.xls,False,
{F-0033059},08/11/2026 03:12:34,QA0016,PC-1016,CA3E69B6.txt,False,
{F-0017521},08/11/2026 03:14:34,IA0008,PC-1008,D8968AA6.xlsx,False,
{F-0033058},08/11/2026 03:24:34,QA0016,PC-1016,CAD1A84A.doc,False,
{F-0011308},08/11/2026 03:28:34,EA0004,PC-1004,58157724.doc,False,
{F-0016414},08/11/2026 03:29:34,HA0007,PC-1007,7DCF7A1F.txt,False,
{F-0005893},08/11/2026 03:30:34,CA0002,PC-1002,92ACBFF0.txt,False,
{F-0011306},08/11/2026 03:30:34,EA0004,PC-1004,F6ABF140.pdf,False,
{F-0011311},08/11/2026 03:31:34,EA0004,PC-1004,B06DCE9A.txt,False,
{F-0012673},08/11/2026 03:31:34,FA0005,PC-1005,3FFEF5DF.doc,False,
{F-0011310},08/11/2026 03:34:34,EA0004,PC-1004,3632A0BD.pdf,False,
{F-0005878},08/11/2026 03:36:34,CA0002,PC-1002,80E906B7.doc,False,
{F-0021333},08/11/2026 03:36:34,KA0010,PC-1010,319A2DE4.doc,False,
{F-0023293},08/11/2026 03:36:34,LA0011,PC-1011,FDCAE597.jpg,False,
{F-0021337},08/11/2026 03:37:34,KA0010,PC-1010,E8294BBC.jpg,False,
{F-0023298},08/11/2026 03:44:34,LA0011,PC-1011,23DAA76C.jpg,False,
{F-0011320},08/11/2026 03:47:34,EA0004,PC-1004,0DEA4C2F.xls,False,
{F-0005881},08/11/2026 03:49:34,CA0002,PC-1002,8871D186.jpg,False,
{F-0003085},08/11/2026 03:56:34,BA0001,PC-1001,6025C65C.doc,False,
{F-0023281},08/11/2026 04:00:34,LA0011,PC-1011,20FB2FC7.xls,False,
{F-0014407},08/11/2026 04:02:34,GA0006,PC-1006,B1EA4777.doc,False,
{F-0034387},08/11/2026 04:02:34,RA0017,PC-1017,9B5811DF.txt,False,
{F-0003097},08/11/2026 04:03:34,BA0001,PC-1001,7715507B.jpg,False,
{F-0003094},08/11/2026 04:06:34,BA0001,PC-1001,85D6320C.txt,False,
{F-0023301},08/11/2026 04:06:34,LA0011,PC-1011,75CF8986.txt,False,
{F-0014416},08/11/2026 04:07:34,GA0006,PC-1006,90BEB18D.doc,False,
{F-0005886},08/11/2026 04:09:34,CA0002,PC-1002,CF67C135.pdf,False,
{F-0029130},08/11/2026 04:10:34,OA0014,PC-1014,4AF7736C.doc,False,
{F-0011318},08/11/2026 04:11:34,EA0004,PC-1004,40564052.jpg,False,
{F-0033060},08/11/2026 04:11:34,QA0016,PC-1016,F2ADC3EC.xlsx,False,
{F-0005876},08/11/2026 04:16:34,CA0002,PC-1002,A08AF8E2.xlsx,False,
{F-0012662},08/11/2026 04:19:34,FA0005,PC-1005,FEC8C156.jpg,False,
{F-0011305},08/11/2026 04:27:34,EA0004,PC-1004,AD00D82C.txt,False,
{F-0005877},08/11/2026 04:29:34,CA0002,PC-1002,54CAFA6B.pdf,False,
{F-0023286},08/11/2026 04:29:34,LA0011,PC-1011,2939474D.xlsx,False,
{F-0021338},08/11/2026 04:40:34,KA0010,PC-1010,B4C52762.doc,False,
{F-0023288},08/11/2026 04:41:34,LA0011,PC-1011,83C819DB.doc,False,
{F-0021339},08/11/2026 04:43:34,KA0010,PC-1010,8B23D358.xls,False,
{F-0012667},08/11/2026 04:50:34,FA0005,PC-1005,2694DB45.pdf,False,
{F-0012663},08/11/2026 04:59:34,FA0005,PC-1005,094D1FAF.jpg,False,
{F-0012675},08/11/2026 05:01:34,FA0005,PC-1005,1C3AB0EE.xlsx,False,
{F-0005874},08/11/2026 05:03:34,CA0002,PC-1002,CB76143B.pdf,False,
{F-0005887},08/11/2026 05:16:34,CA0002,PC-1002,11D204BF.pdf,False,
{F-0021340},08/11/2026 05:19:34,KA0010,PC-1010,E67872B0.xls,False,
{F-0021332},08/11/2026 05:20:34,KA0010,PC-1010,ED2820C9.jpg,False,
{F-0033056},08/11/2026 05:26:34,QA0016,PC-1016,90D76613.pdf,False,
{F-0012664},08/11/2026 05:33:34,FA0005,PC-1005,0F2C37FC.txt,False,
{F-0033061},08/11/2026 05:48:34,QA0016,PC-1016,109F0510.jpg,False,
{F-0005884},08/11/2026 05:56:34,CA0002,PC-1002,555E87E8.pdf,False,
{F-0027299},08/11/2026 18:43:34,NA0013,PC-1013,52BBE9DD.doc,False,
{F-0027301},08/11/2026 18:47:34,NA0013,PC-1013,FBC1B97A.pdf,False,
{F-0014467},08/11/2026 19:10:34,GA0006,PC-1006,E8EA2027.txt,False,
{F-0009014},08/11/2026 19:21:34,DA0003,PC-1003,867267F7.jpg,False,
{F-0009016},08/11/2026 19:24:34,DA0003,PC-1003,23BD28EC.jpg,False,
{F-0019362},08/11/2026 19:28:34,JA0009,PC-1009,69A96367.xlsx,False,
{F-0029175},08/11/2026 19:29:34,OA0014,PC-1014,7DE7233E.doc,False,
{F-0025376},08/11/2026 19:33:34,MA0012,PC-1012,AE87BAFE.doc,False,
{F-0025378},08/11/2026 19:42:34,MA0012,PC-1012,6EBB5A92.jpg,False,
{F-0029178},08/11/2026 20:01:34,OA0014,PC-1014,1A868A3C.doc,False,
{F-0014464},08/11/2026 20:05:34,GA0006,PC-1006,4E5251A5.pdf,False,
{F-0003134},08/11/2026 20:07:34,BA0001,PC-1001,0CD0B88A.pdf,False,
{F-0019354},08/11/2026 20:12:34,JA0009,PC-1009,0456D0F2.txt,False,
{F-0023335},08/11/2026 20:12:34,LA0011,PC-1011,223496FB.doc,False,
{F-0003135},08/11/2026 20:17:34,BA0001,PC-1001,AF2BEF04.pdf,False,
{F-0021394},08/11/2026 20:18:34,KA0010,PC-1010,1FDD02E2.xls,False,
{F-0009011},08/11/2026 20:19:34,DA0003,PC-1003,7CA933A7.doc,False,
{F-0019369},08/11/2026 20:21:34,JA0009,PC-1009,3DCDA90A.doc,False,
{F-0009021},08/11/2026 20:25:34,DA0003,PC-1003,4D324B47.txt,False,
{F-0023332},08/11/2026 20:25:34,LA0011,PC-1011,A65E188C.pdf,False,
{F-0027300},08/11/2026 20:26:34,NA0013,PC-1013,AECDDD55.doc,False,
{F-0009013},08/11/2026 20:34:34,DA0003,PC-1003,14155E75.xls,False,
{F-0012709},08/11/2026 20:35:34,FA0005,PC-1005,EAA23339.txt,False,
{F-0016434},08/11/2026 20:42:34,HA0007,PC-1007,4DB09EAC.doc,False,
{F-0005978},08/11/2026 20:43:34,CA0002,PC-1002,48887731.xls,False,
{F-0019366},08/11/2026 20:44:34,JA0009,PC-1009,581E31F7.doc,False,
{F-0021383},08/11/2026 20:45:34,KA0010,PC-1010,9C76A9C5.xls,False,
{F-0005979},08/11/2026 20:46:34,CA0002,PC-1002,FB39655B.xls,False,
{F-0021379},08/11/2026 20:50:34,KA0010,PC-1010,79692D2B.doc,False,
{F-0009012},08/11/2026 20:53:34,DA0003,PC-1003,AB4A3671.xlsx,False,
{F-0009019},08/11/2026 20:54:34,DA0003,PC-1003,3E7589CE.xls,False,
{F-0016437},08/11/2026 20:55:34,HA0007,PC-1007,0AF95FDE.jpg,False,
{F-0019360},08/11/2026 21:00:34,JA0009,PC-1009,E6DAA32D.doc,False,
{F-0000670},08/11/2026 21:01:34,AA0000,PC-1000,7CDC3535.txt,False,
{F-0011351},08/11/2026 21:04:34,EA0004,PC-1004,5AE214FC.txt,False,
{F-0014465},08/11/2026 21:04:34,GA0006,PC-1006,1BCC660F.doc,False,
{F-0021391},08/11/2026 21:04:34,KA0010,PC-1010,88FF93D5.txt,False,
{F-0023328},08/11/2026 21:05:34,LA0011,PC-1011,CD73E034.doc,False,
{F-0029172},08/11/2026 21:10:34,OA0014,PC-1014,3E054EBE.pdf,False,
{F-0014466},08/11/2026 21:23:34,GA0006,PC-1006,ADECA3B3.txt,False,
{F-0021396},08/11/2026 21:28:34,KA0010,PC-1010,E9289FFC.doc,False,
{F-0009018},08/11/2026 21:31:34,DA0003,PC-1003,50F69504.pdf,False,
{F-0011349},08/11/2026 21:35:34,EA0004,PC-1004,95FB2FDE.xls,False,
{F-0029179},08/11/2026 21:37:34,OA0014,PC-1014,F0EDC815.doc,False,
{F-0019372},08/11/2026 21:41:34,JA0009,PC-1009,3F5BAD64.doc,False,
{F-0031583},08/11/2026 21:43:34,PA0015,PC-1015,E8F54935.doc,False,
{F-0031584},08/11/2026 21:50:34,PA0015,PC-1015,E27171A7.pdf,False,
{F-0021400},08/11/2026 21:53:34,KA0010,PC-1010,21FBD7EC.doc,False,
{F-0031585},08/11/2026 21:53:34,PA0015,PC-1015,48701A49.pdf,False,
{F-0012704},08/11/2026 21:55:34,FA0005,PC-1005,464C532F.jpg,False,
{F-0005970},08/11/2026 21:58:34,CA0002,PC-1002,76256D4C.jpg,False,
{F-0031580},08/11/2026 21:58:34,PA0015,PC-1015,F854FB55.xlsx,False,
{F-0005971},08/11/2026 21:59:34,CA0002,PC-1002,9DD9AF14.doc,False,
{F-0016430},08/11/2026 22:00:34,HA0007,PC-1007,4F4C3336.pdf,False,
{F-0005960},08/11/2026 22:01:34,CA0002,PC-1002,E8CE9D88.pdf,False,
{F-0019373},08/11/2026 22:01:34,JA0009,PC-1009,3848E0D7.txt,False,
{F-0011355},08/11/2026 22:02:34,EA0004,PC-1004,5ED35DF5.txt,False,
{F-0021388},08/11/2026 22:03:34,KA0010,PC-1010,60CFBD4F.txt,False,
{F-0031578},08/11/2026 22:04:34,PA0015,PC-1015,6C7826A4.xls,False,
{F-0009017},08/11/2026 22:09:34,DA0003,PC-1003,1A9D60CE.doc,False,
{F-0021399},08/11/2026 22:09:34,KA0010,PC-1010,DE638F83.txt,False,
{F-0005969},08/11/2026 22:11:34,CA0002,PC-1002,0B56A221.jpg,False,
{F-0005956},08/11/2026 22:12:34,CA0002,PC-1002,201826E0.xls,False,
{F-0005959},08/11/2026 22:13:34,CA0002,PC-1002,B6646458.pdf,False,
{F-0019361},08/11/2026 22:14:34,JA0009,PC-1009,4D5FC343.pdf,False,
{F-0005962},08/11/2026 22:18:34,CA0002,PC-1002,41FC4296.doc,False,
{F-0029181},08/11/2026 22:23:34,OA0014,PC-1014,E06E2D70.pdf,False,
{F-0003143},08/11/2026 22:29:34,BA0001,PC-1001,5A2F20AE.xlsx,False,
{F-0016432},08/11/2026 22:30:34,HA0007,PC-1007,4C846E66.txt,False,
{F-0000668},08/11/2026 22:36:34,AA0000,PC-1000,1CBA8FA8.pdf,False,
{F-0014463},08/11/2026 22:36:34,GA0006,PC-1006,F3937DB9.doc,False,
{F-0011350},08/11/2026 22:38:34,EA0004,PC-1004,305519B0.doc,False,
{F-0019375},08/11/2026 22:43:34,JA0009,PC-1009,76440C49.txt,False,
{F-0021382},08/11/2026 22:45:34,KA0010,PC-1010,2F2314A1.pdf,False,
{F-0025375},08/11/2026 22:51:34,MA0012,PC-1012,B57F687B.xlsx,False,
{F-0029171},08/11/2026 22:51:34,OA0014,PC-1014,EBB33F18.xlsx,False,
{F-0003141},08/11/2026 22:52:34,BA0001,PC-1001,E9ED9867.xlsx,False,
{F-0003133},08/11/2026 22:54:34,BA0001,PC-1001,454A73FF.doc,False,
{F-0011344},08/11/2026 22:54:34,EA0004,PC-1004,625E1CB0.pdf,False,
{F-0023345},08/11/2026 22:54:34,LA0011,PC-1011,ECBAF542.doc,False,
{F-0014468},08/11/2026 22:55:34,GA0006,PC-1006,9A150F7C.doc,False,
{F-0019353},08/11/2026 22:57:34,JA0009,PC-1009,1931BB2E.txt,False,
{F-0021389},08/11/2026 22:57:34,KA0010,PC-1010,EFE1E9C6.doc,False,
{F-0023341},08/11/2026 23:02:34,LA0011,PC-1011,F69947FF.doc,False,
{F-0011341},08/11/2026 23:08:34,EA0004,PC-1004,8628C69F.txt,False,
{F-0011345},08/11/2026 23:08:34,EA0004,PC-1004,3F3B7E8D.jpg,False,
{F-0005972},08/11/2026 23:10:34,CA0002,PC-1002,3F63EE6B.xls,False,
{F-0005967},08/11/2026 23:11:34,CA0002,PC-1002,C44328CD.jpg,False,
{F-0000672},08/11/2026 23:15:34,AA0000,PC-1000,A18D41FE.xls,False,
{F-0023329},08/11/2026 23:16:34,LA0011,PC-1011,9254D551.xls,False,
{F-0029186},08/11/2026 23:16:34,OA0014,PC-1014,83C56FCD.doc,False,
{F-0029176},08/11/2026 23:18:34,OA0014,PC-1014,B4D131C8.xlsx,False,
{F-0034408},08/11/2026 23:18:34,RA0017,PC-1017,EC351321.doc,False,
{F-0029185},08/11/2026 23:22:34,OA0014,PC-1014,4A0EE006.jpg,False,
{F-0031577},08/11/2026 23:22:34,PA0015,PC-1015,D20DD325.jpg,False,
{F-0011356},08/11/2026 23:26:34,EA0004,PC-1004,D19A22F3.jpg,False,
{F-0029180},08/11/2026 23:26:34,OA0014,PC-1014,EA1B5C02.xlsx,False,
{F-0019368},08/11/2026 23:34:34,JA0009,PC-1009,53ACE046.doc,False,
{F-0019371},08/11/2026 23:41:34,JA0009,PC-1009,F3937CF6.txt,False,
{F-0021397},08/11/2026 23:44:34,KA0010,PC-1010,9F568FEC.jpg,False,
{F-0021385},08/11/2026 23:46:34,KA0010,PC-1010,C14C346C.xls,False,
{F-0011354},08/11/2026 23:47:34,EA0004,PC-1004,303DB25B.xls,False,
{F-0023330},08/11/2026 23:47:34,LA0011,PC-1011,F0649FE1.doc,False,
{F-0000671},08/11/2026 23:49:34,AA0000,PC-1000,DC0BDD40.pdf,False,
{F-0021387},08/11/2026 23:51:34,KA0010,PC-1010,3E0D3138.xls,False,
{F-0005952},08/11/2026 23:52:34,CA0002,PC-1002,B9216661.doc,False,
{F-0019357},08/11/2026 23:52:34,JA0009,PC-1009,0B619E7D.doc,False,
{F-0011348},08/11/2026 23:55:34,EA0004,PC-1004,DCEF8385.xls,False,
{F-0029183},08/11/2026 23:56:34,OA0014,PC-1014,6B63F12A.txt,False,
{F-0011357},08/12/2026 00:00:34,EA0004,PC-1004,3F9D1608.txt,False,
{F-0023327},08/12/2026 00:03:34,LA0011,PC-1011,04F628C5.jpg,False,
{F-0031586},08/12/2026 00:05:34,PA0015,PC-1015,D1AC823F.doc,False,
{F-0005980},08/12/2026 00:08:34,CA0002,PC-1002,D23D99BA.txt,False,
{F-0031573},08/12/2026 00:09:34,PA0015,PC-1015,7F36313F.doc,False,
{F-0012697},08/12/2026 00:12:34,FA0005,PC-1005,58863AAC.jpg,False,
{F-0023346},08/12/2026 00:17:34,LA0011,PC-1011,C36DA040.xlsx,False,
{F-0019355},08/12/2026 00:23:34,JA0009,PC-1009,C41F37A3.txt,False,
{F-0012693},08/12/2026 00:25:34,FA0005,PC-1005,214EB4C7.doc,False,
{F-0019374},08/12/2026 00:25:34,JA0009,PC-1009,F4A4B651.txt,False,
{F-0019352},08/12/2026 00:28:34,JA0009,PC-1009,0F606E35.xlsx,False,
{F-0005974},08/12/2026 00:29:34,CA0002,PC-1002,D50AC4E5.doc,False,
{F-0012700},08/12/2026 00:33:34,FA0005,PC-1005,CE9511AE.xls,False,
{F-0016435},08/12/2026 00:33:34,HA0007,PC-1007,91F34D6D.doc,False,
{F-0019363},08/12/2026 00:34:34,JA0009,PC-1009,E21AB73B.txt,False,
{F-0003146},08/12/2026 00:36:34,BA0001,PC-1001,86E56BFA.txt,False,
{F-0003144},08/12/2026 00:39:34,BA0001,PC-1001,29D94D2A.doc,False,
{F-0019356},08/12/2026 00:40:34,JA0009,PC-1009,94E58870.doc,False,
{F-0005977},08/12/2026 00:42:34,CA0002,PC-1002,31BE9511.pdf,False,
{F-0012699},08/12/2026 00:44:34,FA0005,PC-1005,45AE9ED0.txt,False,
{F-0025377},08/12/2026 00:47:34,MA0012,PC-1012,F9892BC7.xlsx,False,
{F-0029173},08/12/2026 00:47:34,OA0014,PC-1014,90FDD2B3.doc,False,
{F-0025380},08/12/2026 00:49:34,MA0012,PC-1012,92944031.doc,False,
{F-0005982},08/12/2026 00:54:34,CA0002,PC-1002,F5264D8E.doc,False,
{F-0000665},08/12/2026 00:57:34,AA0000,PC-1000,C5BD30E1.xls,False,
{F-0003132},08/12/2026 00:57:34,BA0001,PC-1001,2104FB3B.pdf,False,
{F-0003142},08/12/2026 01:06:34,BA0001,PC-1001,D40CE801.xls,False,
{F-0005955},08/12/2026 01:06:34,CA0002,PC-1002,C8B50F75.pdf,False,
{F-0019359},08/12/2026 01:09:34,JA0009,PC-1009,04351168.doc,False,
{F-0012706},08/12/2026 01:13:34,FA0005,PC-1005,E912FF3B.xls,False,
{F-0005973},08/12/2026 01:15:34,CA0002,PC-1002,ECCB9CCD.doc,False,
{F-0031582},08/12/2026 01:17:34,PA0015,PC-1015,0C9B10C5.doc,False,
{F-0005958},08/12/2026 01:18:34,CA0002,PC-1002,9E924865.doc,False,
{F-0005966},08/12/2026 01:18:34,CA0002,PC-1002,4EB6021D.xlsx,False,
{F-0009015},08/12/2026 01:18:34,DA0003,PC-1003,95AFE815.doc,False,
{F-0011343},08/12/2026 01:19:34,EA0004,PC-1004,B8A91735.jpg,False,
{F-0014472},08/12/2026 01:19:34,GA0006,PC-1006,67B4CDB4.doc,False,
{F-0005957},08/12/2026 01:20:34,CA0002,PC-1002,10CD267B.xlsx,False,
{F-0011352},08/12/2026 01:21:34,EA0004,PC-1004,7D9AFA91.doc,False,
{F-0027298},08/12/2026 01:21:34,NA0013,PC-1013,E8A9C5AD.xlsx,False,
{F-0016433},08/12/2026 01:24:34,HA0007,PC-1007,2D370960.xlsx,False,
{F-0005963},08/12/2026 01:26:34,CA0002,PC-1002,8DB73019.doc,False,
{F-0031579},08/12/2026 01:28:34,PA0015,PC-1015,B1C2E00E.xlsx,False,
{F-0021398},08/12/2026 01:35:34,KA0010,PC-1010,E746719C.txt,False,
{F-0003145},08/12/2026 01:38:34,BA0001,PC-1001,9C24CCBC.xls,False,
{F-0003138},08/12/2026 01:42:34,BA0001,PC-1001,1086DC08.xlsx,False,
{F-0025379},08/12/2026 01:43:34,MA0012,PC-1012,1CAD6263.xlsx,False,
{F-0019365},08/12/2026 01:47:34,JA0009,PC-1009,DB1420BF.xlsx,False,
{F-0034411},08/12/2026 01:49:34,RA0017,PC-1017,0C48D2D9.jpg,False,
{F-0009010},08/12/2026 01:50:34,DA0003,PC-1003,8C6F6AEB.xlsx,False,
{F-0011346},08/12/2026 01:50:34,EA0004,PC-1004,707AB9B6.xlsx,False,
{F-0023338},08/12/2026 01:50:34,LA0011,PC-1011,42B25C0C.xls,False,
{F-0011347},08/12/2026 01:54:34,EA0004,PC-1004,79F0AF3A.txt,False,
{F-0021392},08/12/2026 01:54:34,KA0010,PC-1010,27D417E9.txt,False,
{F-0031575},08/12/2026 01:54:34,PA0015,PC-1015,D34EE665.txt,False,
{F-0019367},08/12/2026 01:55:34,JA0009,PC-1009,37AFF363.doc,False,
{F-0011353},08/12/2026 01:59:34,EA0004,PC-1004,340C545B.doc,False,
{F-0019370},08/12/2026 02:02:34,JA0009,PC-1009,1E2A8ED3.xls,False,
{F-0029184},08/12/2026 02:04:34,OA0014,PC-1014,483C37E9.pdf,False,
{F-0029177},08/12/2026 02:06:34,OA0014,PC-1014,8DA8CE3B.pdf,False,
{F-0000673},08/12/2026 02:13:34,AA0000,PC-1000,D9A81D58.xls,False,
{F-0009020},08/12/2026 02:13:34,DA0003,PC-1003,26151EA8.pdf,False,
{F-0021378},08/12/2026 02:19:34,KA0010,PC-1010,7297F970.xls,False,
{F-0016436},08/12/2026 02:20:34,HA0007,PC-1007,83827D40.xls,False,
{F-0023334},08/12/2026 02:23:34,LA0011,PC-1011,C893ACC8.xlsx,False,
{F-0014471},08/12/2026 02:25:34,GA0006,PC-1006,3E1D40BE.doc,False,
{F-0021381},08/12/2026 02:25:34,KA0010,PC-1010,CBFFC836.xls,False,
{F-0014469},08/12/2026 02:26:34,GA0006,PC-1006,968B9D2D.pdf,False,
{F-0029182},08/12/2026 02:27:34,OA0014,PC-1014,E28AC682.doc,False,
{F-0031576},08/12/2026 02:29:34,PA0015,PC-1015,0970EB6E.pdf,False,
{F-0023342},08/12/2026 02:33:34,LA0011,PC-1011,15B78F6C.doc,False,
{F-0016431},08/12/2026 02:35:34,HA0007,PC-1007,5DFB4E54.jpg,False,
{F-0029174},08/12/2026 02:36:34,OA0014,PC-1014,1C322DF0.doc,False,
{F-0021401},08/12/2026 02:37:34,KA0010,PC-1010,C3B25BF4.pdf,False,
{F-0034410},08/12/2026 02:47:34,RA0017,PC-1017,0AFF84AB.doc,False,
{F-0000669},08/12/2026 02:52:34,AA0000,PC-1000,E49D0A5D.jpg,False,
{F-0011342},08/12/2026 02:54:34,EA0004,PC-1004,74C2BE22.pdf,False,
{F-0021390},08/12/2026 02:56:34,KA0010,PC-1010,736B531F.xls,False,
{F-0019364},08/12/2026 03:03:34,JA0009,PC-1009,B2174B49.xls,False,
{F-0009009},08/12/2026 03:07:34,DA0003,PC-1003,BA0FD043.xlsx,False,
{F-0000667},08/12/2026 03:10:34,AA0000,PC-1000,18C51573.xlsx,False,
{F-0023343},08/12/2026 03:11:34,LA0011,PC-1011,D4A626D0.pdf,False,
{F-0014470},08/12/2026 03:12:34,GA0006,PC-1006,4F56A45E.pdf,False,
{F-0021386},08/12/2026 03:13:34,KA0010,PC-1010,57C15FF2.jpg,False,
{F-0031574},08/12/2026 03:15:34,PA0015,PC-1015,E596F847.doc,False,
{F-0012707},08/12/2026 03:16:34,FA0005,PC-1005,F9759286.txt,False,
{F-0023339},08/12/2026 03:18:34,LA0011,PC-1011,95889F8C.jpg,False,
{F-0012698},08/12/2026 03:20:34,FA0005,PC-1005,F1D51832.txt,False,
{F-0003137},08/12/2026 03:22:34,BA0001,PC-1001,1C9BB6F9.doc,False,
{F-0000674},08/12/2026 03:24:34,AA0000,PC-1000,05C8D379.xlsx,False,
{F-0021380},08/12/2026 03:26:34,KA0010,PC-1010,FA687709.xlsx,False,
{F-0003139},08/12/2026 03:33:34,BA0001,PC-1001,54C38B71.doc,False,
{F-0005968},08/12/2026 03:34:34,CA0002,PC-1002,0AAE86FC.doc,False,
{F-0019358},08/12/2026 03:37:34,JA0009,PC-1009,DCCB36CB.jpg,False,
{F-0012696},08/12/2026 03:39:34,FA0005,PC-1005,93FAC83F.xlsx,False,
{F-0012705},08/12/2026 03:40:34,FA0005,PC-1005,483EF2FB.doc,False,
{F-0009008},08/12/2026 03:41:34,DA0003,PC-1003,921D1C30.doc,False,
{F-0012692},08/12/2026 03:45:34,FA0005,PC-1005,6BC9EF7E.doc,False,
{F-0021393},08/12/2026 03:56:34,KA0010,PC-1010,9A513F4C.txt,False,
{F-0023331},08/12/2026 03:57:34,LA0011,PC-1011,8C53F5E8.jpg,False,
{F-0012708},08/12/2026 04:00:34,FA0005,PC-1005,7DA463B8.pdf,False,
{F-0023337},08/12/2026 04:00:34,LA0011,PC-1011,6DCFFD1F.xlsx,False,
{F-0003131},08/12/2026 04:02:34,BA0001,PC-1001,9355D93A.txt,False,
{F-0031581},08/12/2026 04:02:34,PA0015,PC-1015,67211AF2.pdf,False,
{F-0023340},08/12/2026 04:03:34,LA0011,PC-1011,6FBA1B38.pdf,False,
{F-0005954},08/12/2026 04:04:34,CA0002,PC-1002,888365B2.txt,False,
{F-0003140},08/12/2026 04:05:34,BA0001,PC-1001,50FA5A0C.doc,False,
{F-0005964},08/12/2026 04:16:34,CA0002,PC-1002,B3AC272F.txt,False,
{F-0000666},08/12/2026 04:19:34,AA0000,PC-1000,3FD92ECC.xlsx,False,
{F-0023344},08/12/2026 04:19:34,LA0011,PC-1011,C79173D0.doc,False,
{F-0023333},08/12/2026 04:25:34,LA0011,PC-1011,031B86FB.txt,False,
{F-0023336},08/12/2026 04:25:34,LA0011,PC-1011,E5DDD55F.xls,False,
{F-0003136},08/12/2026 04:28:34,BA0001,PC-1001,228F5E3C.xls,False,
{F-0021395},08/12/2026 04:38:34,KA0010,PC-1010,B695DE6E.doc,False,
{F-0012691},08/12/2026 04:43:34,FA0005,PC-1005,3C9A6D0A.pdf,False,
{F-0005961},08/12/2026 04:50:34,CA0002,PC-1002,D46435E2.txt,False,
{F-0034407},08/12/2026 04:50:34,RA0017,PC-1017,858C931E.xlsx,False,
{F-0034409},08/12/2026 04:59:34,RA0017,PC-1017,D3C0D321.xls,False,
{F-0021384},08/12/2026 05:01:34,KA0010,PC-1010,F4476E54.jpg,False,
{F-0012695},08/12/2026 05:02:34,FA0005,PC-1005,781B7856.jpg,False,
{F-0005953},08/12/2026 05:08:34,CA0002,PC-1002,36979FF1.xlsx,False,
{F-0005975},08/12/2026 05:13:34,CA0002,PC-1002,B705C896.jpg,False,
{F-0012702},08/12/2026 05:15:34,FA0005,PC-1005,860D8180.xlsx,False,
{F-0012701},08/12/2026 05:16:34,FA0005,PC-1005,89FB7844.doc,False,
{F-0012694},08/12/2026 05:27:34,FA0005,PC-1005,3B73D5DD.txt,False,
{F-0005981},08/12/2026 05:30:34,CA0002,PC-1002,E0C4A7F1.xls,False,
{F-0005976},08/12/2026 05:32:34,CA0002,PC-1002,CF1EB0EA.pdf,False,
{F-0012703},08/12/2026 05:57:34,FA0005,PC-1005,5FCA8311.xlsx,False,
{F-0005965},08/12/2026 06:02:34,CA0002,PC-1002,C1B38C04.jpg,False,
{F-0023377},08/12/2026 18:39:34,LA0011,PC-1011,D5FDB05D.xlsx,False,
{F-0017556},08/12/2026 18:52:34,IA0008,PC-1008,F120FDC5.doc,False,
{F-0025413},08/12/2026 19:01:34,MA0012,PC-1012,756BE625.pdf,False,
{F-0019408},08/12/2026 19:12:34,JA0009,PC-1009,6F876FAD.txt,False,
{F-0003229},08/12/2026 19:21:34,BA0001,PC-1001,D4E39B15.txt,False,
{F-0017559},08/12/2026 19:23:34,IA0008,PC-1008,D5F19A32.jpg,False,
{F-0023383},08/12/2026 19:23:34,LA0011,PC-1011,5C087F76.xls,False,
{F-0023388},08/12/2026 19:28:34,LA0011,PC-1011,A4528BFB.xls,False,
{F-0009076},08/12/2026 19:31:34,DA0003,PC-1003,CE22E93A.doc,False,
{F-0017555},08/12/2026 19:42:34,IA0008,PC-1008,2667F14D.pdf,False,
{F-0025414},08/12/2026 19:42:34,MA0012,PC-1012,03801D7D.doc,False,
{F-0009074},08/12/2026 19:44:34,DA0003,PC-1003,81150CAB.doc,False,
{F-0023378},08/12/2026 19:48:34,LA0011,PC-1011,E46A3BFD.doc,False,
{F-0017562},08/12/2026 19:51:34,IA0008,PC-1008,BB904B78.jpg,False,
{F-0017565},08/12/2026 19:51:34,IA0008,PC-1008,D00698B2.xls,False,
{F-0003218},08/12/2026 19:57:34,BA0001,PC-1001,9A5EA237.xlsx,False,
{F-0019410},08/12/2026 19:57:34,JA0009,PC-1009,6CA1867B.pdf,False,
{F-0023379},08/12/2026 19:59:34,LA0011,PC-1011,641D5802.doc,False,
{F-0000733},08/12/2026 20:05:34,AA0000,PC-1000,3999D2AE.pdf,False,
{F-0019402},08/12/2026 20:08:34,JA0009,PC-1009,29C56BD0.doc,False,
{F-0009078},08/12/2026 20:11:34,DA0003,PC-1003,15B24DC4.jpg,False,
{F-0017558},08/12/2026 20:19:34,IA0008,PC-1008,F1E36696.xls,False,
{F-0003223},08/12/2026 20:21:34,BA0001,PC-1001,2F740A03.xls,False,
{F-0009081},08/12/2026 20:24:34,DA0003,PC-1003,4DF9E07A.doc,False,
{F-0006070},08/12/2026 20:30:34,CA0002,PC-1002,65F1149D.pdf,False,
{F-0029250},08/12/2026 20:31:34,OA0014,PC-1014,120BD63D.pdf,False,
{F-0033092},08/12/2026 20:34:34,QA0016,PC-1016,34460BF6.txt,False,
{F-0031609},08/12/2026 20:36:34,PA0015,PC-1015,425C022A.xls,False,
{F-0034433},08/12/2026 20:36:34,RA0017,PC-1017,60EDD7F8.doc,False,
{F-0034434},08/12/2026 20:42:34,RA0017,PC-1017,3DE0F08D.pdf,False,
{F-0033093},08/12/2026 20:44:34,QA0016,PC-1016,F3E80173.doc,False,
{F-0003226},08/12/2026 20:45:34,BA0001,PC-1001,5511452E.doc,False,
{F-0006083},08/12/2026 20:47:34,CA0002,PC-1002,518F993C.xlsx,False,
{F-0019399},08/12/2026 20:48:34,JA0009,PC-1009,3D44734F.xlsx,False,
{F-0000731},08/12/2026 20:50:34,AA0000,PC-1000,998277B4.jpg,False,
{F-0014490},08/12/2026 20:51:34,GA0006,PC-1006,B11D90BE.doc,False,
{F-0031606},08/12/2026 20:51:34,PA0015,PC-1015,D082C59C.txt,False,
{F-0014496},08/12/2026 20:52:34,GA0006,PC-1006,37CD9231.doc,False,
{F-0019401},08/12/2026 20:52:34,JA0009,PC-1009,A5F7F47E.pdf,False,
{F-0000738},08/12/2026 20:54:34,AA0000,PC-1000,178BA2DA.xlsx,False,
{F-0009088},08/12/2026 20:54:34,DA0003,PC-1003,0406FC7F.doc,False,
{F-0019400},08/12/2026 20:55:34,JA0009,PC-1009,F2A1D651.xlsx,False,
{F-0006059},08/12/2026 20:56:34,CA0002,PC-1002,E0D1DA9A.xls,False,
{F-0012732},08/12/2026 20:56:34,FA0005,PC-1005,DBFC9E1A.xlsx,False,
{F-0016455},08/12/2026 20:59:34,HA0007,PC-1007,7DD839B8.jpg,False,
{F-0009075},08/12/2026 21:02:34,DA0003,PC-1003,473497D6.xlsx,False,
{F-0009089},08/12/2026 21:05:34,DA0003,PC-1003,7173D02B.pdf,False,
{F-0003227},08/12/2026 21:07:34,BA0001,PC-1001,2EEA4C0E.doc,False,
{F-0012736},08/12/2026 21:07:34,FA0005,PC-1005,93069901.jpg,False,
{F-0012722},08/12/2026 21:09:34,FA0005,PC-1005,5491BCA4.jpg,False,
{F-0003219},08/12/2026 21:14:34,BA0001,PC-1001,A0209FBB.xls,False,
{F-0017564},08/12/2026 21:19:34,IA0008,PC-1008,3D21C3A4.xlsx,False,
{F-0031600},08/12/2026 21:20:34,PA0015,PC-1015,8DF65D0D.xlsx,False,
{F-0000741},08/12/2026 21:25:34,AA0000,PC-1000,9B2C7589.txt,False,
{F-0011380},08/12/2026 21:25:34,EA0004,PC-1004,B2A7E5A5.jpg,False,
{F-0009085},08/12/2026 21:26:34,DA0003,PC-1003,0979994B.doc,False,
{F-0034432},08/12/2026 21:28:34,RA0017,PC-1017,A2850110.doc,False,
{F-0003209},08/12/2026 21:33:34,BA0001,PC-1001,B05BED0F.doc,False,
{F-0006062},08/12/2026 21:35:34,CA0002,PC-1002,83FDF90D.jpg,False,
{F-0006060},08/12/2026 21:40:34,CA0002,PC-1002,E950E958.txt,False,
{F-0019403},08/12/2026 21:42:34,JA0009,PC-1009,D04D9BAB.pdf,False,
{F-0023384},08/12/2026 21:43:34,LA0011,PC-1011,9080447A.xls,False,
{F-0006066},08/12/2026 21:45:34,CA0002,PC-1002,6F14ABEC.xlsx,False,
{F-0031610},08/12/2026 21:46:34,PA0015,PC-1015,7900ED00.xlsx,False,
{F-0034428},08/12/2026 21:46:34,RA0017,PC-1017,67A3BA3E.xls,False,
{F-0021429},08/12/2026 21:47:34,KA0010,PC-1010,43B1F473.jpg,False,
{F-0006081},08/12/2026 21:49:34,CA0002,PC-1002,AC182E8E.xls,False,
{F-0023386},08/12/2026 21:53:34,LA0011,PC-1011,17E495F2.doc,False,
{F-0006063},08/12/2026 22:03:34,CA0002,PC-1002,2363EFBC.txt,False,
{F-0011381},08/12/2026 22:05:34,EA0004,PC-1004,BB13C33F.pdf,False,
{F-0012729},08/12/2026 22:06:34,FA0005,PC-1005,46B085B6.txt,False,
{F-0019398},08/12/2026 22:06:34,JA0009,PC-1009,B875DEED.jpg,False,
{F-0029245},08/12/2026 22:06:34,OA0014,PC-1014,5455310C.xls,False,
{F-0016461},08/12/2026 22:07:34,HA0007,PC-1007,5366F66B.txt,False,
{F-0006088},08/12/2026 22:09:34,CA0002,PC-1002,01F25642.jpg,False,
{F-0006068},08/12/2026 22:10:34,CA0002,PC-1002,4711C98E.xls,False,
{F-0003224},08/12/2026 22:13:34,BA0001,PC-1001,A338F612.doc,False,
{F-0023389},08/12/2026 22:13:34,LA0011,PC-1011,2E96B82B.pdf,False,
{F-0031605},08/12/2026 22:13:34,PA0015,PC-1015,EE074CA2.jpg,False,
{F-0021427},08/12/2026 22:14:34,KA0010,PC-1010,DF46B647.doc,False,
{F-0009087},08/12/2026 22:15:34,DA0003,PC-1003,48614D72.pdf,False,
{F-0023380},08/12/2026 22:18:34,LA0011,PC-1011,D796722D.doc,False,
{F-0019397},08/12/2026 22:23:34,JA0009,PC-1009,81EC9841.doc,False,
{F-0021420},08/12/2026 22:28:34,KA0010,PC-1010,7552FD8D.jpg,False,
{F-0003215},08/12/2026 22:29:34,BA0001,PC-1001,9017109A.doc,False,
{F-0019409},08/12/2026 22:30:34,JA0009,PC-1009,C6F21571.doc,False,
{F-0019407},08/12/2026 22:31:34,JA0009,PC-1009,7AA1B56A.jpg,False,
{F-0006064},08/12/2026 22:34:34,CA0002,PC-1002,6CEC3824.jpg,False,
{F-0025408},08/12/2026 22:36:34,MA0012,PC-1012,7B161068.pdf,False,
{F-0017561},08/12/2026 22:37:34,IA0008,PC-1008,86D31DE4.txt,False,
{F-0006067},08/12/2026 22:38:34,CA0002,PC-1002,F413886D.doc,False,
{F-0014497},08/12/2026 22:38:34,GA0006,PC-1006,B13E89BC.xlsx,False,
{F-0003208},08/12/2026 22:41:34,BA0001,PC-1001,DDC37676.jpg,False,
{F-0009084},08/12/2026 22:46:34,DA0003,PC-1003,6E69458F.jpg,False,
{F-0016458},08/12/2026 22:46:34,HA0007,PC-1007,8C8BE774.txt,False,
{F-0019404},08/12/2026 22:49:34,JA0009,PC-1009,5C3BA7D7.xls,False,
{F-0011377},08/12/2026 22:57:34,EA0004,PC-1004,7CCA6EA5.txt,False,
{F-0012739},08/12/2026 23:01:34,FA0005,PC-1005,3E91870F.xlsx,False,
{F-0006069},08/12/2026 23:10:34,CA0002,PC-1002,44A3AADC.txt,False,
{F-0021426},08/12/2026 23:16:34,KA0010,PC-1010,E4F08EB6.jpg,False,
{F-0034430},08/12/2026 23:19:34,RA0017,PC-1017,A6CA2896.doc,False,
{F-0016456},08/12/2026 23:20:34,HA0007,PC-1007,BBC7F62C.doc,False,
{F-0023373},08/12/2026 23:24:34,LA0011,PC-1011,463E5F36.jpg,False,
{F-0031602},08/12/2026 23:25:34,PA0015,PC-1015,1495E24E.xlsx,False,
{F-0000742},08/12/2026 23:32:34,AA0000,PC-1000,281EB274.doc,False,
{F-0009077},08/12/2026 23:33:34,DA0003,PC-1003,848590D7.jpg,False,
{F-0003228},08/12/2026 23:37:34,BA0001,PC-1001,B68CD0FE.doc,False,
{F-0021422},08/12/2026 23:39:34,KA0010,PC-1010,123F5752.doc,False,
{F-0006085},08/12/2026 23:43:34,CA0002,PC-1002,9234DC47.xlsx,False,
{F-0000736},08/12/2026 23:44:34,AA0000,PC-1000,0F0F176F.txt,False,
{F-0000729},08/12/2026 23:45:34,AA0000,PC-1000,800373B4.doc,False,
{F-0014500},08/12/2026 23:56:34,GA0006,PC-1006,02D701DD.jpg,False,
{F-0016460},08/12/2026 23:56:34,HA0007,PC-1007,9C2F0FA1.txt,False,
{F-0003207},08/12/2026 23:57:34,BA0001,PC-1001,96A617A7.pdf,False,
{F-0000734},08/13/2026 00:02:34,AA0000,PC-1000,CDF9E772.txt,False,
{F-0023370},08/13/2026 00:03:34,LA0011,PC-1011,D322A04E.pdf,False,
{F-0023385},08/13/2026 00:08:34,LA0011,PC-1011,DDDB20D6.xls,False,
{F-0014495},08/13/2026 00:10:34,GA0006,PC-1006,EF1286E5.jpg,False,
{F-0000732},08/13/2026 00:14:34,AA0000,PC-1000,85E3660B.xlsx,False,
{F-0034431},08/13/2026 00:15:34,RA0017,PC-1017,77AB8463.xlsx,False,
{F-0019406},08/13/2026 00:18:34,JA0009,PC-1009,54FB3657.doc,False,
{F-0012735},08/13/2026 00:21:34,FA0005,PC-1005,4309FBEC.doc,False,
{F-0003225},08/13/2026 00:23:34,BA0001,PC-1001,D7B2ADA7.xls,False,
{F-0025415},08/13/2026 00:23:34,MA0012,PC-1012,E2501460.xls,False,
{F-0014489},08/13/2026 00:24:34,GA0006,PC-1006,F4F06DAA.doc,False,
{F-0009086},08/13/2026 00:27:34,DA0003,PC-1003,795A4664.xlsx,False,
{F-0014491},08/13/2026 00:28:34,GA0006,PC-1006,6ADBE775.doc,False,
{F-0006074},08/13/2026 00:29:34,CA0002,PC-1002,1EE9AD4B.doc,False,
{F-0009083},08/13/2026 00:33:34,DA0003,PC-1003,6638E250.doc,False,
{F-0012728},08/13/2026 00:33:34,FA0005,PC-1005,D20DD04F.pdf,False,
{F-0014492},08/13/2026 00:39:34,GA0006,PC-1006,31B019D1.jpg,False,
{F-0000730},08/13/2026 00:41:34,AA0000,PC-1000,1521DA63.doc,False,
{F-0006061},08/13/2026 00:49:34,CA0002,PC-1002,88499761.pdf,False,
{F-0031607},08/13/2026 00:50:34,PA0015,PC-1015,99FD79AA.doc,False,
{F-0006080},08/13/2026 00:52:34,CA0002,PC-1002,C757CC49.xls,False,
{F-0003205},08/13/2026 00:55:34,BA0001,PC-1001,8D4D6FBA.xlsx,False,
{F-0000735},08/13/2026 00:59:34,AA0000,PC-1000,7207E688.pdf,False,
{F-0009080},08/13/2026 00:59:34,DA0003,PC-1003,BBBA17D1.jpg,False,
{F-0006065},08/13/2026 01:00:34,CA0002,PC-1002,92B7243F.doc,False,
{F-0006078},08/13/2026 01:05:34,CA0002,PC-1002,43A3DF31.doc,False,
{F-0009082},08/13/2026 01:14:34,DA0003,PC-1003,1A00F55E.doc,False,
{F-0019411},08/13/2026 01:14:34,JA0009,PC-1009,368E4B28.doc,False,
{F-0012733},08/13/2026 01:15:34,FA0005,PC-1005,C36F24C8.xls,False,
{F-0003213},08/13/2026 01:17:34,BA0001,PC-1001,3D19AD3C.txt,False,
{F-0019405},08/13/2026 01:21:34,JA0009,PC-1009,0365E56C.doc,False,
{F-0003217},08/13/2026 01:22:34,BA0001,PC-1001,94737B3A.xls,False,
{F-0003220},08/13/2026 01:24:34,BA0001,PC-1001,CCC64705.jpg,False,
{F-0029246},08/13/2026 01:27:34,OA0014,PC-1014,2CC455AB.xls,False,
{F-0031603},08/13/2026 01:28:34,PA0015,PC-1015,F2D487FE.pdf,False,
{F-0016454},08/13/2026 01:29:34,HA0007,PC-1007,A96BCFDE.pdf,False,
{F-0017560},08/13/2026 01:29:34,IA0008,PC-1008,A02ED16B.txt,False,
{F-0012720},08/13/2026 01:31:34,FA0005,PC-1005,6F01BCBE.xlsx,False,
{F-0029247},08/13/2026 01:32:34,OA0014,PC-1014,D1843282.xls,False,
{F-0012742},08/13/2026 01:34:34,FA0005,PC-1005,3A82CDF9.pdf,False,
{F-0031604},08/13/2026 01:34:34,PA0015,PC-1015,F803D98D.doc,False,
{F-0031608},08/13/2026 01:36:34,PA0015,PC-1015,EAABE42D.pdf,False,
{F-0023382},08/13/2026 01:37:34,LA0011,PC-1011,B486E05F.doc,False,
{F-0000740},08/13/2026 01:43:34,AA0000,PC-1000,D4C9D76D.jpg,False,
{F-0003214},08/13/2026 01:43:34,BA0001,PC-1001,7687C2C4.doc,False,
{F-0023371},08/13/2026 01:43:34,LA0011,PC-1011,7D86D904.doc,False,
{F-0011379},08/13/2026 01:47:34,EA0004,PC-1004,7579C4DC.jpg,False,
{F-0003212},08/13/2026 01:49:34,BA0001,PC-1001,D1B38CE6.doc,False,
{F-0000728},08/13/2026 01:51:34,AA0000,PC-1000,B5B74ECF.txt,False,
{F-0014488},08/13/2026 01:51:34,GA0006,PC-1006,F0799625.jpg,False,
{F-0023372},08/13/2026 01:52:34,LA0011,PC-1011,1AE1FE2D.doc,False,
{F-0006072},08/13/2026 01:54:34,CA0002,PC-1002,D342009C.doc,False,
{F-0023374},08/13/2026 01:55:34,LA0011,PC-1011,9CAE7544.xls,False,
{F-0011375},08/13/2026 01:56:34,EA0004,PC-1004,6A3B9768.doc,False,
{F-0031601},08/13/2026 01:56:34,PA0015,PC-1015,CCA8ABD3.xlsx,False,
{F-0025409},08/13/2026 02:05:34,MA0012,PC-1012,A5275DA3.doc,False,
{F-0003210},08/13/2026 02:06:34,BA0001,PC-1001,E4FB74E6.txt,False,
{F-0011382},08/13/2026 02:08:34,EA0004,PC-1004,7AFE3635.xls,False,
{F-0016459},08/13/2026 02:10:34,HA0007,PC-1007,DF48C598.pdf,False,
{F-0023381},08/13/2026 02:11:34,LA0011,PC-1011,6516FE1C.txt,False,
{F-0011376},08/13/2026 02:16:34,EA0004,PC-1004,7E177BED.doc,False,
{F-0012726},08/13/2026 02:25:34,FA0005,PC-1005,7D4E2E92.doc,False,
{F-0017566},08/13/2026 02:28:34,IA0008,PC-1008,8CCB808E.xlsx,False,
{F-0011378},08/13/2026 02:32:34,EA0004,PC-1004,7E91AFBD.doc,False,
{F-0025411},08/13/2026 02:34:34,MA0012,PC-1012,3FE1B226.jpg,False,
{F-0025412},08/13/2026 02:35:34,MA0012,PC-1012,2EF2E896.doc,False,
{F-0009079},08/13/2026 02:38:34,DA0003,PC-1003,0CA4AEC3.txt,False,
{F-0011374},08/13/2026 02:40:34,EA0004,PC-1004,98A803E0.xls,False,
{F-0009090},08/13/2026 02:41:34,DA0003,PC-1003,EA17E4FC.txt,False,
{F-0017563},08/13/2026 02:42:34,IA0008,PC-1008,5B896FBF.jpg,False,
{F-0006071},08/13/2026 02:44:34,CA0002,PC-1002,3DA6CF1D.xlsx,False,
{F-0023376},08/13/2026 02:46:34,LA0011,PC-1011,E667CDD6.xls,False,
{F-0014494},08/13/2026 02:48:34,GA0006,PC-1006,896377A2.xls,False,
{F-0023375},08/13/2026 02:49:34,LA0011,PC-1011,BEC765A8.txt,False,
{F-0017567},08/13/2026 02:50:34,IA0008,PC-1008,AD990522.xls,False,
{F-0014498},08/13/2026 02:52:34,GA0006,PC-1006,A042216B.jpg,False,
{F-0025410},08/13/2026 02:52:34,MA0012,PC-1012,C661A6AF.xlsx,False,
{F-0027348},08/13/2026 02:53:34,NA0013,PC-1013,9A0527E9.xlsx,False,
{F-0006084},08/13/2026 02:55:34,CA0002,PC-1002,0D889129.txt,False,
{F-0021428},08/13/2026 02:56:34,KA0010,PC-1010,AF1C6E75.jpg,False,
{F-0000737},08/13/2026 02:58:34,AA0000,PC-1000,79178260.doc,False,
{F-0000739},08/13/2026 02:59:34,AA0000,PC-1000,6E70DE3A.txt,False,
{F-0003216},08/13/2026 03:08:34,BA0001,PC-1001,076BC56C.pdf,False,
{F-0016453},08/13/2026 03:08:34,HA0007,PC-1007,034E7825.doc,False,
{F-0016457},08/13/2026 03:09:34,HA0007,PC-1007,2260D44C.xls,False,
{F-0017557},08/13/2026 03:10:34,IA0008,PC-1008,F188604A.txt,False,
{F-0012737},08/13/2026 03:14:34,FA0005,PC-1005,8EC43D10.xls,False,
{F-0003206},08/13/2026 03:15:34,BA0001,PC-1001,333CCA76.doc,False,
{F-0003221},08/13/2026 03:16:34,BA0001,PC-1001,6C151A33.doc,False,
{F-0034429},08/13/2026 03:18:34,RA0017,PC-1017,971C17E7.doc,False,
{F-0012731},08/13/2026 03:22:34,FA0005,PC-1005,01AE0C3B.jpg,False,
{F-0029249},08/13/2026 03:22:34,OA0014,PC-1014,D01C6104.txt,False,
{F-0012721},08/13/2026 03:24:34,FA0005,PC-1005,6D68A3FC.jpg,False,
{F-0012738},08/13/2026 03:26:34,FA0005,PC-1005,60F2F9B4.doc,False,
{F-0003230},08/13/2026 03:28:34,BA0001,PC-1001,F3644216.xls,False,
{F-0006082},08/13/2026 03:28:34,CA0002,PC-1002,FBBA9F0F.pdf,False,
{F-0023387},08/13/2026 03:29:34,LA0011,PC-1011,2BFC5128.jpg,False,
{F-0021421},08/13/2026 03:30:34,KA0010,PC-1010,F68D5E4C.doc,False,
{F-0003222},08/13/2026 03:35:34,BA0001,PC-1001,A03FBE46.doc,False,
{F-0003211},08/13/2026 03:36:34,BA0001,PC-1001,26BA5C58.jpg,False,
{F-0012734},08/13/2026 03:38:34,FA0005,PC-1005,42024278.doc,False,
{F-0012743},08/13/2026 03:42:34,FA0005,PC-1005,059E7E2A.doc,False,
{F-0014493},08/13/2026 03:46:34,GA0006,PC-1006,A061181E.doc,False,
{F-0014499},08/13/2026 03:46:34,GA0006,PC-1006,B121A342.doc,False,
{F-0025407},08/13/2026 03:46:34,MA0012,PC-1012,0AEBBC57.pdf,False,
{F-0012740},08/13/2026 03:51:34,FA0005,PC-1005,C45135DE.doc,False,
{F-0029248},08/13/2026 03:55:34,OA0014,PC-1014,FC32B375.doc,False,
{F-0012725},08/13/2026 03:58:34,FA0005,PC-1005,33345F71.xlsx,False,
{F-0006075},08/13/2026 03:59:34,CA0002,PC-1002,44748729.doc,False,
{F-0006076},08/13/2026 04:10:34,CA0002,PC-1002,7B349B0E.jpg,False,
{F-0021425},08/13/2026 04:10:34,KA0010,PC-1010,96DEBF99.xlsx,False,
{F-0012724},08/13/2026 04:12:34,FA0005,PC-1005,8216EE8D.doc,False,
{F-0021423},08/13/2026 04:13:34,KA0010,PC-1010,A4B971FC.xls,False,
{F-0006077},08/13/2026 04:30:34,CA0002,PC-1002,B6BB82A2.txt,False,
{F-0021424},08/13/2026 04:49:34,KA0010,PC-1010,43B41804.xls,False,
{F-0012741},08/13/2026 04:51:34,FA0005,PC-1005,D06A59BB.xlsx,False,
{F-0033094},08/13/2026 05:02:34,QA0016,PC-1016,C9F753A9.pdf,False,
{F-0006086},08/13/2026 05:14:34,CA0002,PC-1002,AAC845B9.pdf,False,
{F-0006079},08/13/2026 05:15:34,CA0002,PC-1002,77D6AE53.doc,False,
{F-0006073},08/13/2026 05:17:34,CA0002,PC-1002,3841B442.txt,False,
{F-0006087},08/13/2026 05:19:34,CA0002,PC-1002,57F89C65.pdf,False,
{F-0012727},08/13/2026 05:56:34,FA0005,PC-1005,D0FFE9A7.pdf,False,
{F-0012730},08/13/2026 06:11:34,FA0005,PC-1005,AD6312A2.jpg,False,
{F-0012723},08/13/2026 06:43:34,FA0005,PC-1005,93B571AA.txt,False,
{F-0017612},08/13/2026 18:25:34,IA0008,PC-1008,6B55BDC2.xls,False,
{F-0023444},08/13/2026 18:36:34,LA0011,PC-1011,4AF383CE.txt,False,
{F-0027385},08/13/2026 18:36:34,NA0013,PC-1013,132429AF.pdf,False,
{F-0023448},08/13/2026 18:41:34,LA0011,PC-1011,B2CDD468.jpg,False,
{F-0017600},08/13/2026 19:12:34,IA0008,PC-1008,A5DCF663.jpg,False,
{F-0009139},08/13/2026 19:19:34,DA0003,PC-1003,084483CE.pdf,False,
{F-0027390},08/13/2026 19:20:34,NA0013,PC-1013,EEB4EB49.xls,False,
{F-0009137},08/13/2026 19:28:34,DA0003,PC-1003,58F095FB.jpg,False,
{F-0017604},08/13/2026 19:35:34,IA0008,PC-1008,DB6F6F1E.jpg,False,
{F-0014544},08/13/2026 19:39:34,GA0006,PC-1006,E4C7AAFE.doc,False,
{F-0017608},08/13/2026 19:42:34,IA0008,PC-1008,AF6953B1.doc,False,
{F-0027386},08/13/2026 19:45:34,NA0013,PC-1013,B0BE6EE1.pdf,False,
{F-0029297},08/13/2026 19:48:34,OA0014,PC-1014,5C58591A.jpg,False,
{F-0033133},08/13/2026 19:48:34,QA0016,PC-1016,7CB45D39.jpg,False,
{F-0027384},08/13/2026 19:50:34,NA0013,PC-1013,B947E911.xls,False,
{F-0017605},08/13/2026 19:54:34,IA0008,PC-1008,56C7A2A9.pdf,False,
{F-0017601},08/13/2026 19:56:34,IA0008,PC-1008,64E116B5.doc,False,
{F-0023430},08/13/2026 20:01:34,LA0011,PC-1011,00635B68.txt,False,
{F-0006153},08/13/2026 20:03:34,CA0002,PC-1002,908CF1F7.jpg,False,
{F-0019466},08/13/2026 20:03:34,JA0009,PC-1009,8959637E.xls,False,
{F-0019468},08/13/2026 20:05:34,JA0009,PC-1009,C3E65B6D.doc,False,
{F-0033127},08/13/2026 20:05:34,QA0016,PC-1016,0C2595F0.doc,False,
{F-0009138},08/13/2026 20:06:34,DA0003,PC-1003,08FCB96F.pdf,False,
{F-0029291},08/13/2026 20:06:34,OA0014,PC-1014,8D4EF575.xls,False,
{F-0016475},08/13/2026 20:07:34,HA0007,PC-1007,78C0579E.txt,False,
{F-0033128},08/13/2026 20:12:34,QA0016,PC-1016,1C15080F.doc,False,
{F-0023432},08/13/2026 20:15:34,LA0011,PC-1011,876C59BA.pdf,False,
{F-0009151},08/13/2026 20:19:34,DA0003,PC-1003,72D524A1.pdf,False,
{F-0023434},08/13/2026 20:20:34,LA0011,PC-1011,2FF68F1C.jpg,False,
{F-0006136},08/13/2026 20:29:34,CA0002,PC-1002,E1018874.txt,False,
{F-0006137},08/13/2026 20:29:34,CA0002,PC-1002,116D4EB2.jpg,False,
{F-0023443},08/13/2026 20:32:34,LA0011,PC-1011,0F2A866C.xls,False,
{F-0017603},08/13/2026 20:33:34,IA0008,PC-1008,12EA32EC.xls,False,
{F-0019471},08/13/2026 20:33:34,JA0009,PC-1009,41F11C39.jpg,False,
{F-0019461},08/13/2026 20:34:34,JA0009,PC-1009,F9E8C29D.xlsx,False,
{F-0019459},08/13/2026 20:35:34,JA0009,PC-1009,F7985631.doc,False,
{F-0009134},08/13/2026 20:42:34,DA0003,PC-1003,E72B701F.pdf,False,
{F-0014550},08/13/2026 20:43:34,GA0006,PC-1006,B545B489.pdf,False,
{F-0023437},08/13/2026 20:43:34,LA0011,PC-1011,A5C81A9A.txt,False,
{F-0023436},08/13/2026 20:47:34,LA0011,PC-1011,BDAB533B.xlsx,False,
{F-0019475},08/13/2026 20:49:34,JA0009,PC-1009,847E1CC6.xlsx,False,
{F-0019472},08/13/2026 20:53:34,JA0009,PC-1009,A48CF1E8.txt,False,
{F-0023431},08/13/2026 20:53:34,LA0011,PC-1011,B981E30E.txt,False,
{F-0006150},08/13/2026 20:54:34,CA0002,PC-1002,05E0F9FA.doc,False,
{F-0014546},08/13/2026 21:02:34,GA0006,PC-1006,9F75FDA1.jpg,False,
{F-0021469},08/13/2026 21:06:34,KA0010,PC-1010,7890ED11.xlsx,False,
{F-0023447},08/13/2026 21:08:34,LA0011,PC-1011,6F5D0990.jpg,False,
{F-0019462},08/13/2026 21:13:34,JA0009,PC-1009,85C2D18B.pdf,False,
{F-0000803},08/13/2026 21:14:34,AA0000,PC-1000,72A0AAF4.jpg,False,
{F-0034461},08/13/2026 21:20:34,RA0017,PC-1017,8520647F.doc,False,
{F-0021465},08/13/2026 21:29:34,KA0010,PC-1010,D02DDC2F.pdf,False,
{F-0016483},08/13/2026 21:30:34,HA0007,PC-1007,BC575052.xlsx,False,
{F-0023449},08/13/2026 21:31:34,LA0011,PC-1011,FAB33985.xls,False,
{F-0029293},08/13/2026 21:32:34,OA0014,PC-1014,08D8E605.txt,False,
{F-0019453},08/13/2026 21:34:34,JA0009,PC-1009,961130B7.xlsx,False,
{F-0000799},08/13/2026 21:38:34,AA0000,PC-1000,A594F16C.xlsx,False,
{F-0019457},08/13/2026 21:39:34,JA0009,PC-1009,EE013559.xls,False,
{F-0014547},08/13/2026 21:41:34,GA0006,PC-1006,911B9E97.txt,False,
{F-0017611},08/13/2026 21:42:34,IA0008,PC-1008,796D3C03.xlsx,False,
{F-0021461},08/13/2026 21:42:34,KA0010,PC-1010,C7EB1A5E.jpg,False,
{F-0014548},08/13/2026 21:47:34,GA0006,PC-1006,2C00C369.jpg,False,
{F-0021467},08/13/2026 21:52:34,KA0010,PC-1010,0BAF2D9A.txt,False,
{F-0014551},08/13/2026 21:53:34,GA0006,PC-1006,5607EBE4.doc,False,
{F-0016476},08/13/2026 21:56:34,HA0007,PC-1007,CE14E6E5.xlsx,False,
{F-0009147},08/13/2026 21:58:34,DA0003,PC-1003,E247C45B.jpg,False,
{F-0019458},08/13/2026 21:58:34,JA0009,PC-1009,BC719DD9.xlsx,False,
{F-0000801},08/13/2026 22:00:34,AA0000,PC-1000,3D2FA09E.xls,False,
{F-0027381},08/13/2026 22:09:34,NA0013,PC-1013,01B286C9.pdf,False,
{F-0003273},08/13/2026 22:11:34,BA0001,PC-1001,4749721C.doc,False,
{F-0006138},08/13/2026 22:12:34,CA0002,PC-1002,4882D7F2.txt,False,
{F-0011414},08/13/2026 22:12:34,EA0004,PC-1004,E8936A3A.xlsx,False,
{F-0017599},08/13/2026 22:13:34,IA0008,PC-1008,7E4B3860.pdf,False,
{F-0019474},08/13/2026 22:15:34,JA0009,PC-1009,EAF5A09A.doc,False,
{F-0003276},08/13/2026 22:16:34,BA0001,PC-1001,AE05E870.txt,False,
{F-0025448},08/13/2026 22:18:34,MA0012,PC-1012,385ACE25.xlsx,False,
{F-0017606},08/13/2026 22:28:34,IA0008,PC-1008,2F0F1310.doc,False,
{F-0003272},08/13/2026 22:31:34,BA0001,PC-1001,E83DC6A2.doc,False,
{F-0016478},08/13/2026 22:32:34,HA0007,PC-1007,A2911CFC.pdf,False,
{F-0006147},08/13/2026 22:38:34,CA0002,PC-1002,C4C64B84.xls,False,
{F-0006154},08/13/2026 22:39:34,CA0002,PC-1002,AA5CC8F7.pdf,False,
{F-0017602},08/13/2026 22:44:34,IA0008,PC-1008,A594524B.xls,False,
{F-0029292},08/13/2026 22:47:34,OA0014,PC-1014,E933845B.txt,False,
{F-0033130},08/13/2026 22:53:34,QA0016,PC-1016,046D1900.doc,False,
{F-0000798},08/13/2026 22:54:34,AA0000,PC-1000,C0EBE33C.doc,False,
{F-0034460},08/13/2026 22:55:34,RA0017,PC-1017,208F850E.doc,False,
{F-0000808},08/13/2026 22:56:34,AA0000,PC-1000,28BFF213.pdf,False,
{F-0033129},08/13/2026 22:56:34,QA0016,PC-1016,B03FEB50.doc,False,
{F-0014540},08/13/2026 22:59:34,GA0006,PC-1006,1DD727B4.xlsx,False,
{F-0006142},08/13/2026 23:05:34,CA0002,PC-1002,0BE17581.xls,False,
{F-0000818},08/13/2026 23:06:34,AA0000,PC-1000,82CCEB37.doc,False,
{F-0014545},08/13/2026 23:08:34,GA0006,PC-1006,0FB89A13.jpg,False,
{F-0023445},08/13/2026 23:11:34,LA0011,PC-1011,634533FF.xlsx,False,
{F-0009142},08/13/2026 23:13:34,DA0003,PC-1003,16E8CAA5.txt,False,
{F-0014541},08/13/2026 23:14:34,GA0006,PC-1006,1089C728.pdf,False,
{F-0009148},08/13/2026 23:16:34,DA0003,PC-1003,208318FE.jpg,False,
{F-0023438},08/13/2026 23:20:34,LA0011,PC-1011,2108A9DC.txt,False,
{F-0000810},08/13/2026 23:23:34,AA0000,PC-1000,4160EF7F.doc,False,
{F-0019455},08/13/2026 23:23:34,JA0009,PC-1009,F73CC6B9.pdf,False,
{F-0011408},08/13/2026 23:27:34,EA0004,PC-1004,F178C500.jpg,False,
{F-0019454},08/13/2026 23:33:34,JA0009,PC-1009,6E70C633.txt,False,
{F-0029296},08/13/2026 23:34:34,OA0014,PC-1014,607D111A.xls,False,
{F-0019476},08/13/2026 23:42:34,JA0009,PC-1009,924CFD94.pdf,False,
{F-0027389},08/13/2026 23:42:34,NA0013,PC-1013,CA811A3D.pdf,False,
{F-0017607},08/13/2026 23:46:34,IA0008,PC-1008,F3D02198.txt,False,
{F-0016479},08/13/2026 23:49:34,HA0007,PC-1007,52F6C1D5.jpg,False,
{F-0025452},08/13/2026 23:49:34,MA0012,PC-1012,87E659D7.pdf,False,
{F-0014539},08/13/2026 23:50:34,GA0006,PC-1006,B87865D8.doc,False,
{F-0027388},08/13/2026 23:50:34,NA0013,PC-1013,2FB94CDE.doc,False,
{F-0023441},08/13/2026 23:52:34,LA0011,PC-1011,94620483.pdf,False,
{F-0000804},08/13/2026 23:55:34,AA0000,PC-1000,0CFB5B37.doc,False,
{F-0000814},08/13/2026 23:55:34,AA0000,PC-1000,CBD8E423.doc,False,
{F-0000805},08/13/2026 23:56:34,AA0000,PC-1000,7C03375C.pdf,False,
{F-0029299},08/13/2026 23:56:34,OA0014,PC-1014,EC38AE2B.xls,False,
{F-0011407},08/14/2026 00:01:34,EA0004,PC-1004,E1027824.xls,False,
{F-0009150},08/14/2026 00:04:34,DA0003,PC-1003,17451772.doc,False,
{F-0011410},08/14/2026 00:05:34,EA0004,PC-1004,AD55D73A.xlsx,False,
{F-0006149},08/14/2026 00:07:34,CA0002,PC-1002,45310C7A.txt,False,
{F-0014549},08/14/2026 00:11:34,GA0006,PC-1006,8A4DF793.xls,False,
{F-0009144},08/14/2026 00:12:34,DA0003,PC-1003,19045560.doc,False,
{F-0000800},08/14/2026 00:13:34,AA0000,PC-1000,FC9F1B9A.xls,False,
{F-0000817},08/14/2026 00:14:34,AA0000,PC-1000,C5DB9FCF.xlsx,False,
{F-0025454},08/14/2026 00:14:34,MA0012,PC-1012,1D83EF52.xlsx,False,
{F-0029294},08/14/2026 00:16:34,OA0014,PC-1014,C419D4D6.xls,False,
{F-0006146},08/14/2026 00:20:34,CA0002,PC-1002,418BA5EF.xls,False,
{F-0019456},08/14/2026 00:21:34,JA0009,PC-1009,1229F523.doc,False,
{F-0009145},08/14/2026 00:24:34,DA0003,PC-1003,9CEDE758.xlsx,False,
{F-0009136},08/14/2026 00:25:34,DA0003,PC-1003,91707589.xlsx,False,
{F-0023439},08/14/2026 00:30:34,LA0011,PC-1011,837FCD68.doc,False,
{F-0011405},08/14/2026 00:31:34,EA0004,PC-1004,091795E9.jpg,False,
{F-0011415},08/14/2026 00:31:34,EA0004,PC-1004,62EA3764.doc,False,
{F-0033132},08/14/2026 00:34:34,QA0016,PC-1016,07DD0CF5.pdf,False,
{F-0017610},08/14/2026 00:36:34,IA0008,PC-1008,52CFCC4A.txt,False,
{F-0021471},08/14/2026 00:36:34,KA0010,PC-1010,533B55CB.doc,False,
{F-0019469},08/14/2026 00:38:34,JA0009,PC-1009,7FDBFBEA.txt,False,
{F-0021470},08/14/2026 00:39:34,KA0010,PC-1010,1B58362A.pdf,False,
{F-0000802},08/14/2026 00:43:34,AA0000,PC-1000,EB33E6F3.xls,False,
{F-0019473},08/14/2026 00:43:34,JA0009,PC-1009,BF037B19.jpg,False,
{F-0029295},08/14/2026 00:46:34,OA0014,PC-1014,667241E4.xlsx,False,
{F-0023452},08/14/2026 00:47:34,LA0011,PC-1011,AB58D7BB.xls,False,
{F-0003277},08/14/2026 00:49:34,BA0001,PC-1001,38D15EEF.jpg,False,
{F-0016477},08/14/2026 00:54:34,HA0007,PC-1007,3CB9512B.pdf,False,
{F-0003274},08/14/2026 00:56:34,BA0001,PC-1001,9187A4A1.doc,False,
{F-0000815},08/14/2026 00:59:34,AA0000,PC-1000,A323A8EE.xlsx,False,
{F-0014543},08/14/2026 00:59:34,GA0006,PC-1006,F38DE954.jpg,False,
{F-0009149},08/14/2026 01:01:34,DA0003,PC-1003,B3C115B8.txt,False,
{F-0000809},08/14/2026 01:07:34,AA0000,PC-1000,8DFCD37B.doc,False,
{F-0027382},08/14/2026 01:19:34,NA0013,PC-1013,6437B30C.pdf,False,
{F-0000812},08/14/2026 01:21:34,AA0000,PC-1000,215BAF51.xls,False,
{F-0025453},08/14/2026 01:21:34,MA0012,PC-1012,299C219B.jpg,False,
{F-0006139},08/14/2026 01:26:34,CA0002,PC-1002,523FA359.xlsx,False,
{F-0009135},08/14/2026 01:27:34,DA0003,PC-1003,B2E4205B.txt,False,
{F-0023451},08/14/2026 01:29:34,LA0011,PC-1011,0512983B.pdf,False,
{F-0025447},08/14/2026 01:34:34,MA0012,PC-1012,0D64ACEC.jpg,False,
{F-0027383},08/14/2026 01:34:34,NA0013,PC-1013,EAE5E6DD.pdf,False,
{F-0016482},08/14/2026 01:35:34,HA0007,PC-1007,831C786B.txt,False,
{F-0016480},08/14/2026 01:40:34,HA0007,PC-1007,13EF0C00.doc,False,
{F-0023442},08/14/2026 01:49:34,LA0011,PC-1011,B4A3CFAB.doc,False,
{F-0019451},08/14/2026 01:51:34,JA0009,PC-1009,DD6270E1.doc,False,
{F-0021474},08/14/2026 01:53:34,KA0010,PC-1010,251961A9.xlsx,False,
{F-0000813},08/14/2026 01:57:34,AA0000,PC-1000,794A9981.xlsx,False,
{F-0017597},08/14/2026 01:57:34,IA0008,PC-1008,D83A43D9.doc,False,
{F-0009146},08/14/2026 01:59:34,DA0003,PC-1003,92E1C2EC.txt,False,
{F-0009140},08/14/2026 02:13:34,DA0003,PC-1003,E4FAA5E5.jpg,False,
{F-0027380},08/14/2026 02:14:34,NA0013,PC-1013,00CCDC88.doc,False,
{F-0000807},08/14/2026 02:15:34,AA0000,PC-1000,D3060403.pdf,False,
{F-0000811},08/14/2026 02:15:34,AA0000,PC-1000,0F294DE5.jpg,False,
{F-0023433},08/14/2026 02:16:34,LA0011,PC-1011,E358B8E2.xlsx,False,
{F-0021462},08/14/2026 02:18:34,KA0010,PC-1010,1E8E6874.doc,False,
{F-0033131},08/14/2026 02:22:34,QA0016,PC-1016,1B3D279B.pdf,False,
{F-0006143},08/14/2026 02:25:34,CA0002,PC-1002,C5F2E359.jpg,False,
{F-0019463},08/14/2026 02:26:34,JA0009,PC-1009,D5F55CD4.jpg,False,
{F-0019450},08/14/2026 02:28:34,JA0009,PC-1009,0E7992E6.pdf,False,
{F-0011413},08/14/2026 02:29:34,EA0004,PC-1004,808480EF.xlsx,False,
{F-0017609},08/14/2026 02:29:34,IA0008,PC-1008,3AEB91D5.txt,False,
{F-0019465},08/14/2026 02:29:34,JA0009,PC-1009,7F86225B.doc,False,
{F-0016481},08/14/2026 02:30:34,HA0007,PC-1007,07374BCC.xls,False,
{F-0000806},08/14/2026 02:33:34,AA0000,PC-1000,61923839.doc,False,
{F-0011406},08/14/2026 02:35:34,EA0004,PC-1004,05413227.txt,False,
{F-0019467},08/14/2026 02:39:34,JA0009,PC-1009,62AF6868.txt,False,
{F-0006148},08/14/2026 02:51:34,CA0002,PC-1002,0E164324.txt,False,
{F-0006151},08/14/2026 02:54:34,CA0002,PC-1002,D060B307.doc,False,
{F-0027387},08/14/2026 02:54:34,NA0013,PC-1013,1185A604.doc,False,
{F-0003275},08/14/2026 02:55:34,BA0001,PC-1001,42F6C421.txt,False,
{F-0014542},08/14/2026 02:55:34,GA0006,PC-1006,91EC33DC.doc,False,
{F-0019449},08/14/2026 02:55:34,JA0009,PC-1009,4D848B96.doc,False,
{F-0009141},08/14/2026 02:57:34,DA0003,PC-1003,D37C524C.doc,False,
{F-0011412},08/14/2026 02:58:34,EA0004,PC-1004,CE9AD3CA.doc,False,
{F-0023435},08/14/2026 02:58:34,LA0011,PC-1011,91452BAF.xlsx,False,
{F-0025455},08/14/2026 02:58:34,MA0012,PC-1012,648F80A6.doc,False,
{F-0029298},08/14/2026 03:01:34,OA0014,PC-1014,C2380BA1.xlsx,False,
{F-0009143},08/14/2026 03:02:34,DA0003,PC-1003,6B4FF041.jpg,False,
{F-0000816},08/14/2026 03:05:34,AA0000,PC-1000,A0E6B1D0.pdf,False,
{F-0019464},08/14/2026 03:05:34,JA0009,PC-1009,04C5612F.jpg,False,
{F-0021472},08/14/2026 03:05:34,KA0010,PC-1010,9581A43C.doc,False,
{F-0017598},08/14/2026 03:07:34,IA0008,PC-1008,3609CE56.jpg,False,
{F-0014537},08/14/2026 03:08:34,GA0006,PC-1006,7C562ED0.jpg,False,
{F-0019470},08/14/2026 03:12:34,JA0009,PC-1009,58AE0AFA.doc,False,
{F-0011411},08/14/2026 03:14:34,EA0004,PC-1004,99737690.jpg,False,
{F-0019452},08/14/2026 03:18:34,JA0009,PC-1009,14353513.txt,False,
{F-0017596},08/14/2026 03:19:34,IA0008,PC-1008,10E3FF97.xlsx,False,
{F-0023450},08/14/2026 03:21:34,LA0011,PC-1011,95D56872.xls,False,
{F-0006155},08/14/2026 03:22:34,CA0002,PC-1002,918F7095.xlsx,False,
{F-0023446},08/14/2026 03:22:34,LA0011,PC-1011,8F8FB24B.pdf,False,
{F-0019460},08/14/2026 03:23:34,JA0009,PC-1009,B0C3273C.xls,False,
{F-0025450},08/14/2026 03:23:34,MA0012,PC-1012,2558ED18.jpg,False,
{F-0027379},08/14/2026 03:23:34,NA0013,PC-1013,B8368E31.txt,False,
{F-0011404},08/14/2026 03:25:34,EA0004,PC-1004,462AF152.xls,False,
{F-0006141},08/14/2026 03:30:34,CA0002,PC-1002,12D058F0.pdf,False,
{F-0014538},08/14/2026 03:33:34,GA0006,PC-1006,C26D2A7D.xls,False,
{F-0025456},08/14/2026 03:33:34,MA0012,PC-1012,C96DDFD8.txt,False,
{F-0025449},08/14/2026 03:34:34,MA0012,PC-1012,72A1229D.xlsx,False,
{F-0021468},08/14/2026 03:36:34,KA0010,PC-1010,B38DD07A.xls,False,
{F-0011409},08/14/2026 03:39:34,EA0004,PC-1004,85950B69.xls,False,
{F-0011416},08/14/2026 03:41:34,EA0004,PC-1004,4526C7D1.doc,False,
{F-0034457},08/14/2026 03:44:34,RA0017,PC-1017,EBF9C4DD.xlsx,False,
{F-0023440},08/14/2026 03:48:34,LA0011,PC-1011,1D562349.txt,False,
{F-0025451},08/14/2026 03:48:34,MA0012,PC-1012,BFED7BCF.txt,False,
{F-0021463},08/14/2026 03:50:34,KA0010,PC-1010,9A0E56EA.xlsx,False,
{F-0034459},08/14/2026 03:51:34,RA0017,PC-1017,5A91D749.xlsx,False,
{F-0006145},08/14/2026 03:57:34,CA0002,PC-1002,86EA3E64.doc,False,
{F-0021464},08/14/2026 03:57:34,KA0010,PC-1010,06BB94CE.xlsx,False,
{F-0034458},08/14/2026 04:13:34,RA0017,PC-1017,DD8A6EFC.xls,False,
{F-0006144},08/14/2026 04:24:34,CA0002,PC-1002,B599C439.jpg,False,
{F-0006134},08/14/2026 04:25:34,CA0002,PC-1002,E5296F36.doc,False,
{F-0006140},08/14/2026 04:26:34,CA0002,PC-1002,3F671377.jpg,False,
{F-0006152},08/14/2026 04:36:34,CA0002,PC-1002,6EF2937E.pdf,False,
{F-0021473},08/14/2026 04:45:34,KA0010,PC-1010,4A492292.doc,False,
{F-0006135},08/14/2026 04:56:34,CA0002,PC-1002,403230F7.doc,False,
{F-0021466},08/14/2026 05:12:34,KA0010,PC-1010,3C0EA379.jpg,False,
{F-0033126},08/14/2026 05:13:34,QA0016,PC-1016,CC2BFC99.txt,False,
{F-0014642},08/16/2026 19:00:34,GA0006,PC-1006,578D73A3.doc,False,
{F-0014635},08/16/2026 19:05:34,GA0006,PC-1006,743AA125.xlsx,False,
{F-0023503},08/16/2026 19:09:34,LA0011,PC-1011,EE834010.pdf,False,
{F-0000871},08/16/2026 19:15:34,AA0000,PC-1000,B6A17D45.doc,False,
{F-0023513},08/16/2026 19:22:34,LA0011,PC-1011,68BE0448.xlsx,False,
{F-0029353},08/16/2026 19:23:34,OA0014,PC-1014,FF9AC576.jpg,False,
{F-0023498},08/16/2026 19:24:34,LA0011,PC-1011,AB2640BF.xlsx,False,
{F-0029356},08/16/2026 19:25:34,OA0014,PC-1014,A3269691.pdf,False,
{F-0000869},08/16/2026 19:30:34,AA0000,PC-1000,D3E89378.doc,False,
{F-0016497},08/16/2026 19:31:34,HA0007,PC-1007,D7AF7399.pdf,False,
{F-0009202},08/16/2026 19:39:34,DA0003,PC-1003,8F0FD81E.txt,False,
{F-0025496},08/16/2026 19:41:34,MA0012,PC-1012,D9090848.txt,False,
{F-0029349},08/16/2026 19:47:34,OA0014,PC-1014,7613FA80.doc,False,
{F-0023493},08/16/2026 19:50:34,LA0011,PC-1011,10EE29B6.pdf,False,
{F-0003335},08/16/2026 19:57:34,BA0001,PC-1001,E88704EC.xls,False,
{F-0009203},08/16/2026 20:04:34,DA0003,PC-1003,EFCD178A.doc,False,
{F-0006242},08/16/2026 20:05:34,CA0002,PC-1002,71F2B4F1.xls,False,
{F-0014643},08/16/2026 20:05:34,GA0006,PC-1006,016D034A.xlsx,False,
{F-0023501},08/16/2026 20:07:34,LA0011,PC-1011,4C645B2D.xlsx,False,
{F-0000870},08/16/2026 20:08:34,AA0000,PC-1000,56C425CF.txt,False,
{F-0012784},08/16/2026 20:14:34,FA0005,PC-1005,9508A416.pdf,False,
{F-0023506},08/16/2026 20:15:34,LA0011,PC-1011,DD0CAB71.pdf,False,
{F-0021504},08/16/2026 20:17:34,KA0010,PC-1010,17456F0E.jpg,False,
{F-0012785},08/16/2026 20:18:34,FA0005,PC-1005,216CAF92.xls,False,
{F-0014631},08/16/2026 20:19:34,GA0006,PC-1006,94D019BA.pdf,False,
{F-0023508},08/16/2026 20:22:34,LA0011,PC-1011,7725DAC6.txt,False,
{F-0019525},08/16/2026 20:23:34,JA0009,PC-1009,10DDE016.txt,False,
{F-0025494},08/16/2026 20:30:34,MA0012,PC-1012,BB4EDDB3.jpg,False,
{F-0014636},08/16/2026 20:31:34,GA0006,PC-1006,74955AAE.doc,False,
{F-0006227},08/16/2026 20:35:34,CA0002,PC-1002,1F7B2E47.xlsx,False,
{F-0014639},08/16/2026 20:39:34,GA0006,PC-1006,4BD7F67F.doc,False,
{F-0031656},08/16/2026 20:41:34,PA0015,PC-1015,CFD98F33.doc,False,
{F-0021509},08/16/2026 20:43:34,KA0010,PC-1010,A7FC39E7.doc,False,
{F-0016495},08/16/2026 20:44:34,HA0007,PC-1007,6EA396CF.doc,False,
{F-0003338},08/16/2026 20:47:34,BA0001,PC-1001,BA0D7366.txt,False,
{F-0003329},08/16/2026 20:52:34,BA0001,PC-1001,87DB9182.txt,False,
{F-0006226},08/16/2026 20:53:34,CA0002,PC-1002,44030950.doc,False,
{F-0012768},08/16/2026 20:57:34,FA0005,PC-1005,D415D22C.pdf,False,
{F-0012771},08/16/2026 20:57:34,FA0005,PC-1005,D7870745.doc,False,
{F-0006230},08/16/2026 21:01:34,CA0002,PC-1002,D870CE79.txt,False,
{F-0006233},08/16/2026 21:03:34,CA0002,PC-1002,11405A35.txt,False,
{F-0014627},08/16/2026 21:03:34,GA0006,PC-1006,D92D7ECF.txt,False,
{F-0003347},08/16/2026 21:04:34,BA0001,PC-1001,8DCC407F.doc,False,
{F-0012786},08/16/2026 21:04:34,FA0005,PC-1005,A2EC1283.txt,False,
{F-0016500},08/16/2026 21:04:34,HA0007,PC-1007,BC3F1ACF.jpg,False,
{F-0019529},08/16/2026 21:04:34,JA0009,PC-1009,5D761E59.doc,False,
{F-0023486},08/16/2026 21:10:34,LA0011,PC-1011,B7E712B7.pdf,False,
{F-0023515},08/16/2026 21:10:34,LA0011,PC-1011,9C68E4BC.txt,False,
{F-0000873},08/16/2026 21:11:34,AA0000,PC-1000,0562B0AE.doc,False,
{F-0023510},08/16/2026 21:11:34,LA0011,PC-1011,92368C1B.txt,False,
{F-0023495},08/16/2026 21:13:34,LA0011,PC-1011,C3CAFECC.txt,False,
{F-0023517},08/16/2026 21:14:34,LA0011,PC-1011,CA69DC08.pdf,False,
{F-0014637},08/16/2026 21:15:34,GA0006,PC-1006,BDE9F02B.txt,False,
{F-0014641},08/16/2026 21:19:34,GA0006,PC-1006,E1956C8C.xlsx,False,
{F-0031645},08/16/2026 21:20:34,PA0015,PC-1015,B9008DC9.xlsx,False,
{F-0016498},08/16/2026 21:28:34,HA0007,PC-1007,A7E1145B.xls,False,
{F-0027421},08/16/2026 21:29:34,NA0013,PC-1013,E1AA1C5B.jpg,False,
{F-0014633},08/16/2026 21:30:34,GA0006,PC-1006,5074B355.doc,False,
{F-0014634},08/16/2026 21:34:34,GA0006,PC-1006,044CC167.doc,False,
{F-0014630},08/16/2026 21:38:34,GA0006,PC-1006,827AB0B3.doc,False,
{F-0016499},08/16/2026 21:39:34,HA0007,PC-1007,41D498E9.xlsx,False,
{F-0029354},08/16/2026 21:39:34,OA0014,PC-1014,237C2F5E.xlsx,False,
{F-0012763},08/16/2026 21:40:34,FA0005,PC-1005,F47AD365.doc,False,
{F-0031646},08/16/2026 21:43:34,PA0015,PC-1015,C90AF2AB.jpg,False,
{F-0019521},08/16/2026 21:46:34,JA0009,PC-1009,42ED892F.xls,False,
{F-0003333},08/16/2026 21:48:34,BA0001,PC-1001,B58846A4.doc,False,
{F-0009205},08/16/2026 21:52:34,DA0003,PC-1003,32E77556.pdf,False,
{F-0021516},08/16/2026 21:52:34,KA0010,PC-1010,19B1AAC8.xlsx,False,
{F-0006237},08/16/2026 21:53:34,CA0002,PC-1002,1DA6C424.pdf,False,
{F-0014629},08/16/2026 21:53:34,GA0006,PC-1006,4637D309.xlsx,False,
{F-0003330},08/16/2026 21:54:34,BA0001,PC-1001,5E5B9657.xls,False,
{F-0019528},08/16/2026 21:59:34,JA0009,PC-1009,99889C19.xls,False,
{F-0031648},08/16/2026 21:59:34,PA0015,PC-1015,28E7927A.doc,False,
{F-0009212},08/16/2026 22:02:34,DA0003,PC-1003,9375642C.xlsx,False,
{F-0031657},08/16/2026 22:06:34,PA0015,PC-1015,159AF43E.pdf,False,
{F-0019517},08/16/2026 22:09:34,JA0009,PC-1009,6725FD73.doc,False,
{F-0027422},08/16/2026 22:12:34,NA0013,PC-1013,661AD72A.doc,False,
{F-0019524},08/16/2026 22:14:34,JA0009,PC-1009,0C2F47DA.xls,False,
{F-0023490},08/16/2026 22:14:34,LA0011,PC-1011,5C658D3A.xls,False,
{F-0029352},08/16/2026 22:21:34,OA0014,PC-1014,F2B474FD.doc,False,
{F-0009201},08/16/2026 22:30:34,DA0003,PC-1003,EC0ABE8E.pdf,False,
{F-0031644},08/16/2026 22:31:34,PA0015,PC-1015,947191A7.jpg,False,
{F-0000865},08/16/2026 22:32:34,AA0000,PC-1000,09CE0C6B.pdf,False,
{F-0034482},08/16/2026 22:33:34,RA0017,PC-1017,96603382.pdf,False,
{F-0019531},08/16/2026 22:34:34,JA0009,PC-1009,FEC96052.pdf,False,
{F-0003344},08/16/2026 22:36:34,BA0001,PC-1001,3A242B35.doc,False,
{F-0023514},08/16/2026 22:43:34,LA0011,PC-1011,D1EEA21D.pdf,False,
{F-0025492},08/16/2026 22:49:34,MA0012,PC-1012,27D1CC01.doc,False,
{F-0031649},08/16/2026 22:53:34,PA0015,PC-1015,487F9617.pdf,False,
{F-0003337},08/16/2026 22:54:34,BA0001,PC-1001,4FA39A26.doc,False,
{F-0014632},08/16/2026 22:55:34,GA0006,PC-1006,8C4AF39C.doc,False,
{F-0016503},08/16/2026 22:55:34,HA0007,PC-1007,2ACADA90.jpg,False,
{F-0019520},08/16/2026 22:56:34,JA0009,PC-1009,553C1B50.xlsx,False,
{F-0016501},08/16/2026 22:58:34,HA0007,PC-1007,31FCB125.txt,False,
{F-0029348},08/16/2026 22:59:34,OA0014,PC-1014,E400F3B0.doc,False,
{F-0009206},08/16/2026 23:03:34,DA0003,PC-1003,34EC4760.pdf,False,
{F-0006241},08/16/2026 23:04:34,CA0002,PC-1002,FA304312.pdf,False,
{F-0025495},08/16/2026 23:04:34,MA0012,PC-1012,07A047B5.jpg,False,
{F-0011442},08/16/2026 23:05:34,EA0004,PC-1004,DA30FA1C.doc,False,
{F-0000866},08/16/2026 23:09:34,AA0000,PC-1000,8A973B6E.jpg,False,
{F-0023511},08/16/2026 23:10:34,LA0011,PC-1011,9A4F116B.jpg,False,
{F-0029355},08/16/2026 23:11:34,OA0014,PC-1014,7573FD5C.pdf,False,
{F-0029351},08/16/2026 23:15:34,OA0014,PC-1014,2B36785F.txt,False,
{F-0012764},08/16/2026 23:17:34,FA0005,PC-1005,507EC059.xls,False,
{F-0000872},08/16/2026 23:26:34,AA0000,PC-1000,47A52757.doc,False,
{F-0033161},08/16/2026 23:26:34,QA0016,PC-1016,25C8648B.doc,False,
{F-0006224},08/16/2026 23:29:34,CA0002,PC-1002,AF4F7474.doc,False,
{F-0009209},08/16/2026 23:32:34,DA0003,PC-1003,44345DFA.pdf,False,
{F-0025498},08/16/2026 23:34:34,MA0012,PC-1012,39497401.txt,False,
{F-0006229},08/16/2026 23:35:34,CA0002,PC-1002,353DBD61.doc,False,
{F-0012770},08/16/2026 23:40:34,FA0005,PC-1005,511A7EA4.doc,False,
{F-0006234},08/16/2026 23:41:34,CA0002,PC-1002,0F9FCD11.txt,False,
{F-0014640},08/16/2026 23:43:34,GA0006,PC-1006,B7ABB939.xlsx,False,
{F-0012772},08/16/2026 23:45:34,FA0005,PC-1005,944E3413.xls,False,
{F-0009199},08/16/2026 23:46:34,DA0003,PC-1003,7EFF913F.xls,False,
{F-0012781},08/16/2026 23:47:34,FA0005,PC-1005,C213B94E.doc,False,
{F-0012767},08/16/2026 23:50:34,FA0005,PC-1005,E80CEB8B.xls,False,
{F-0031653},08/16/2026 23:51:34,PA0015,PC-1015,94866525.doc,False,
{F-0023505},08/16/2026 23:59:34,LA0011,PC-1011,36B93BE9.doc,False,
{F-0003349},08/17/2026 00:03:34,BA0001,PC-1001,FF23A43E.jpg,False,
{F-0023491},08/17/2026 00:03:34,LA0011,PC-1011,F9A4ED9A.xls,False,
{F-0019526},08/17/2026 00:04:34,JA0009,PC-1009,4D875073.txt,False,
{F-0031654},08/17/2026 00:05:34,PA0015,PC-1015,EE3E9736.doc,False,
{F-0012775},08/17/2026 00:06:34,FA0005,PC-1005,78D733C6.xlsx,False,
{F-0021517},08/17/2026 00:07:34,KA0010,PC-1010,7ECA1CE4.txt,False,
{F-0012779},08/17/2026 00:09:34,FA0005,PC-1005,B0F42455.jpg,False,
{F-0033160},08/17/2026 00:09:34,QA0016,PC-1016,1AFACD47.pdf,False,
{F-0003332},08/17/2026 00:10:34,BA0001,PC-1001,A2061FAB.pdf,False,
{F-0003340},08/17/2026 00:10:34,BA0001,PC-1001,893998C8.txt,False,
{F-0027423},08/17/2026 00:10:34,NA0013,PC-1013,1F69726E.doc,False,
{F-0033163},08/17/2026 00:11:34,QA0016,PC-1016,583DE17E.jpg,False,
{F-0021513},08/17/2026 00:15:34,KA0010,PC-1010,1AB1FAB1.xlsx,False,
{F-0006236},08/17/2026 00:16:34,CA0002,PC-1002,53C47E03.txt,False,
{F-0014626},08/17/2026 00:19:34,GA0006,PC-1006,7309E016.doc,False,
{F-0033162},08/17/2026 00:19:34,QA0016,PC-1016,8272D37E.doc,False,
{F-0025497},08/17/2026 00:24:34,MA0012,PC-1012,CBE9E5B1.doc,False,
{F-0012782},08/17/2026 00:26:34,FA0005,PC-1005,049DDB85.txt,False,
{F-0003346},08/17/2026 00:27:34,BA0001,PC-1001,76E36D1B.doc,False,
{F-0021510},08/17/2026 00:28:34,KA0010,PC-1010,D01906C0.jpg,False,
{F-0000868},08/17/2026 00:31:34,AA0000,PC-1000,59BE0821.txt,False,
{F-0019518},08/17/2026 00:31:34,JA0009,PC-1009,661F30A7.xls,False,
{F-0014628},08/17/2026 00:39:34,GA0006,PC-1006,6628671C.pdf,False,
{F-0033158},08/17/2026 00:40:34,QA0016,PC-1016,DEF0CD65.pdf,False,
{F-0021505},08/17/2026 00:45:34,KA0010,PC-1010,03D8232D.jpg,False,
{F-0021518},08/17/2026 00:46:34,KA0010,PC-1010,58955B82.doc,False,
{F-0012783},08/17/2026 00:49:34,FA0005,PC-1005,B0F428BA.pdf,False,
{F-0019522},08/17/2026 00:52:34,JA0009,PC-1009,40E5B565.doc,False,
{F-0021502},08/17/2026 00:54:34,KA0010,PC-1010,B24AB97E.pdf,False,
{F-0023497},08/17/2026 00:54:34,LA0011,PC-1011,25FE04AA.doc,False,
{F-0009204},08/17/2026 00:57:34,DA0003,PC-1003,29938482.doc,False,
{F-0009200},08/17/2026 01:04:34,DA0003,PC-1003,85464CAA.jpg,False,
{F-0011441},08/17/2026 01:06:34,EA0004,PC-1004,EF58852C.pdf,False,
{F-0000867},08/17/2026 01:09:34,AA0000,PC-1000,4C18D8CE.doc,False,
{F-0003343},08/17/2026 01:16:34,BA0001,PC-1001,AC1130A3.doc,False,
{F-0023487},08/17/2026 01:16:34,LA0011,PC-1011,50405CD3.txt,False,
{F-0031651},08/17/2026 01:18:34,PA0015,PC-1015,15D455F3.txt,False,
{F-0014638},08/17/2026 01:19:34,GA0006,PC-1006,185827D3.doc,False,
{F-0023494},08/17/2026 01:19:34,LA0011,PC-1011,8409FAF5.pdf,False,
{F-0003331},08/17/2026 01:20:34,BA0001,PC-1001,533FF9B5.xlsx,False,
{F-0009207},08/17/2026 01:24:34,DA0003,PC-1003,B940FBE7.xls,False,
{F-0006228},08/17/2026 01:25:34,CA0002,PC-1002,37D3FEAA.xlsx,False,
{F-0011440},08/17/2026 01:25:34,EA0004,PC-1004,C43E2C5C.doc,False,
{F-0003341},08/17/2026 01:26:34,BA0001,PC-1001,B2982047.doc,False,
{F-0006225},08/17/2026 01:27:34,CA0002,PC-1002,04566902.xls,False,
{F-0019530},08/17/2026 01:31:34,JA0009,PC-1009,4AA0852E.xls,False,
{F-0019519},08/17/2026 01:33:34,JA0009,PC-1009,9EAB0A0C.xls,False,
{F-0012780},08/17/2026 01:35:34,FA0005,PC-1005,C9612FA5.txt,False,
{F-0019527},08/17/2026 01:36:34,JA0009,PC-1009,917ED1F9.xlsx,False,
{F-0021508},08/17/2026 01:38:34,KA0010,PC-1010,815A7D4F.txt,False,
{F-0025493},08/17/2026 01:38:34,MA0012,PC-1012,5E14B112.jpg,False,
{F-0006239},08/17/2026 01:40:34,CA0002,PC-1002,99050E7E.txt,False,
{F-0027424},08/17/2026 01:47:34,NA0013,PC-1013,A5BCB604.pdf,False,
{F-0029350},08/17/2026 01:49:34,OA0014,PC-1014,A67410BD.doc,False,
{F-0009198},08/17/2026 01:52:34,DA0003,PC-1003,C01D25BF.xls,False,
{F-0003336},08/17/2026 01:57:34,BA0001,PC-1001,08AE9389.doc,False,
{F-0012778},08/17/2026 01:57:34,FA0005,PC-1005,FB741A9B.xls,False,
{F-0033164},08/17/2026 01:57:34,QA0016,PC-1016,83B7FBBD.txt,False,
{F-0016496},08/17/2026 02:00:34,HA0007,PC-1007,F3257445.pdf,False,
{F-0021507},08/17/2026 02:01:34,KA0010,PC-1010,701067F4.xlsx,False,
{F-0031647},08/17/2026 02:02:34,PA0015,PC-1015,B0B46E38.pdf,False,
{F-0021511},08/17/2026 02:03:34,KA0010,PC-1010,A621474B.xls,False,
{F-0023488},08/17/2026 02:03:34,LA0011,PC-1011,FDDA704E.xls,False,
{F-0023502},08/17/2026 02:10:34,LA0011,PC-1011,21B65F44.jpg,False,
{F-0003339},08/17/2026 02:15:34,BA0001,PC-1001,705C312C.doc,False,
{F-0019523},08/17/2026 02:16:34,JA0009,PC-1009,DB00883D.doc,False,
{F-0023500},08/17/2026 02:17:34,LA0011,PC-1011,9DE92054.xlsx,False,
{F-0006231},08/17/2026 02:19:34,CA0002,PC-1002,50FD276C.doc,False,
{F-0011443},08/17/2026 02:20:34,EA0004,PC-1004,389D773E.pdf,False,
{F-0023489},08/17/2026 02:25:34,LA0011,PC-1011,92CD700A.xlsx,False,
{F-0014644},08/17/2026 02:27:34,GA0006,PC-1006,9C759965.xls,False,
{F-0016502},08/17/2026 02:27:34,HA0007,PC-1007,3848D9DD.doc,False,
{F-0003334},08/17/2026 02:31:34,BA0001,PC-1001,6720DCE1.doc,False,
{F-0023504},08/17/2026 02:31:34,LA0011,PC-1011,E0D4C7C2.pdf,False,
{F-0031652},08/17/2026 02:35:34,PA0015,PC-1015,8B0E5158.xlsx,False,
{F-0009211},08/17/2026 02:45:34,DA0003,PC-1003,8808A757.doc,False,
{F-0003345},08/17/2026 02:49:34,BA0001,PC-1001,08A7C68A.xls,False,
{F-0023507},08/17/2026 02:50:34,LA0011,PC-1011,A0D4ED40.doc,False,
{F-0021515},08/17/2026 02:51:34,KA0010,PC-1010,E33FF989.jpg,False,
{F-0034481},08/17/2026 02:52:34,RA0017,PC-1017,466D23D9.xls,False,
{F-0009208},08/17/2026 02:53:34,DA0003,PC-1003,21EC472B.xls,False,
{F-0012777},08/17/2026 02:55:34,FA0005,PC-1005,48BBAC45.jpg,False,
{F-0006243},08/17/2026 03:00:34,CA0002,PC-1002,D052E69A.doc,False,
{F-0025499},08/17/2026 03:06:34,MA0012,PC-1012,07CB4F42.xls,False,
{F-0000864},08/17/2026 03:08:34,AA0000,PC-1000,45FDA305.pdf,False,
{F-0009197},08/17/2026 03:08:34,DA0003,PC-1003,061F843E.jpg,False,
{F-0006232},08/17/2026 03:09:34,CA0002,PC-1002,3D83FA3A.jpg,False,
{F-0021512},08/17/2026 03:12:34,KA0010,PC-1010,0D035122.pdf,False,
{F-0023509},08/17/2026 03:12:34,LA0011,PC-1011,9499C745.xls,False,
{F-0012773},08/17/2026 03:13:34,FA0005,PC-1005,1A1C8818.jpg,False,
{F-0023496},08/17/2026 03:15:34,LA0011,PC-1011,ABD88AC3.xls,False,
{F-0031655},08/17/2026 03:19:34,PA0015,PC-1015,92B1572F.jpg,False,
{F-0003342},08/17/2026 03:21:34,BA0001,PC-1001,8ECACF97.pdf,False,
{F-0012776},08/17/2026 03:23:34,FA0005,PC-1005,27354C38.txt,False,
{F-0025491},08/17/2026 03:24:34,MA0012,PC-1012,473FD88A.pdf,False,
{F-0023492},08/17/2026 03:34:34,LA0011,PC-1011,79D1D79C.pdf,False,
{F-0031650},08/17/2026 03:34:34,PA0015,PC-1015,FEFD7495.txt,False,
{F-0006238},08/17/2026 03:43:34,CA0002,PC-1002,1A8EC8EF.xlsx,False,
{F-0003348},08/17/2026 03:44:34,BA0001,PC-1001,1CAEA482.txt,False,
{F-0025500},08/17/2026 03:44:34,MA0012,PC-1012,E48D0F52.pdf,False,
{F-0021503},08/17/2026 03:52:34,KA0010,PC-1010,4F1C7846.jpg,False,
{F-0034483},08/17/2026 03:52:34,RA0017,PC-1017,A5EA4090.doc,False,
{F-0009210},08/17/2026 03:54:34,DA0003,PC-1003,BD9A0175.xls,False,
{F-0023512},08/17/2026 03:55:34,LA0011,PC-1011,8697D9D0.jpg,False,
{F-0023516},08/17/2026 03:55:34,LA0011,PC-1011,6763087A.doc,False,
{F-0011439},08/17/2026 04:29:34,EA0004,PC-1004,231D5214.doc,False,
{F-0033159},08/17/2026 04:35:34,QA0016,PC-1016,42166462.doc,False,
{F-0023499},08/17/2026 04:37:34,LA0011,PC-1011,EB3C8229.doc,False,
{F-0012787},08/17/2026 05:09:34,FA0005,PC-1005,C85E2C04.xlsx,False,
{F-0006235},08/17/2026 05:11:34,CA0002,PC-1002,5FD1C251.pdf,False,
{F-0021500},08/17/2026 05:16:34,KA0010,PC-1010,E11DC87B.xlsx,False,
{F-0006244},08/17/2026 05:17:34,CA0002,PC-1002,35249229.txt,False,
{F-0012765},08/17/2026 05:20:34,FA0005,PC-1005,60BF864F.doc,False,
{F-0012774},08/17/2026 05:21:34,FA0005,PC-1005,556F3721.pdf,False,
{F-0021506},08/17/2026 05:23:34,KA0010,PC-1010,E0D6A582.doc,False,
{F-0012769},08/17/2026 05:25:34,FA0005,PC-1005,9A9D8514.pdf,False,
{F-0006240},08/17/2026 05:26:34,CA0002,PC-1002,B5EF40B5.xlsx,False,
{F-0012766},08/17/2026 05:33:34,FA0005,PC-1005,A22378C6.txt,False,
{F-0021514},08/17/2026 05:36:34,KA0010,PC-1010,7FC06EF8.txt,False,
{F-0021501},08/17/2026 05:44:34,KA0010,PC-1010,4F369832.txt,False,
{F-0025534},08/17/2026 18:40:34,MA0012,PC-1012,AE8A5CFD.doc,False,
{F-0029419},08/17/2026 18:58:34,OA0014,PC-1014,30DFD80B.jpg,False,
{F-0017655},08/17/2026 19:01:34,IA0008,PC-1008,72DE91F1.xlsx,False,
{F-0023547},08/17/2026 19:03:34,LA0011,PC-1011,B513D30C.jpg,False,
{F-0027458},08/17/2026 19:03:34,NA0013,PC-1013,FE3F7C5B.txt,False,
{F-0025536},08/17/2026 19:04:34,MA0012,PC-1012,4D150602.pdf,False,
{F-0025539},08/17/2026 19:09:34,MA0012,PC-1012,46AD1740.pdf,False,
{F-0017656},08/17/2026 19:30:34,IA0008,PC-1008,F742EC9E.pdf,False,
{F-0029408},08/17/2026 19:43:34,OA0014,PC-1014,628735A6.jpg,False,
{F-0029417},08/17/2026 19:45:34,OA0014,PC-1014,0227A878.jpg,False,
{F-0017647},08/17/2026 19:50:34,IA0008,PC-1008,BE859333.jpg,False,
{F-0029416},08/17/2026 20:00:34,OA0014,PC-1014,8BBECCFC.txt,False,
{F-0025537},08/17/2026 20:03:34,MA0012,PC-1012,E3F17ACF.doc,False,
{F-0019566},08/17/2026 20:05:34,JA0009,PC-1009,76647F70.doc,False,
{F-0029412},08/17/2026 20:14:34,OA0014,PC-1014,DB9B4AFB.doc,False,
{F-0029418},08/17/2026 20:17:34,OA0014,PC-1014,E102584B.xlsx,False,
{F-0016528},08/17/2026 20:19:34,HA0007,PC-1007,C9B15135.jpg,False,
{F-0019579},08/17/2026 20:19:34,JA0009,PC-1009,6CC956CE.jpg,False,
{F-0009252},08/17/2026 20:20:34,DA0003,PC-1003,121F09FB.xlsx,False,
{F-0003410},08/17/2026 20:21:34,BA0001,PC-1001,E39A7CCA.txt,False,
{F-0021558},08/17/2026 20:24:34,KA0010,PC-1010,2533DAF7.jpg,False,
{F-0021551},08/17/2026 20:30:34,KA0010,PC-1010,F98881FC.doc,False,
{F-0027459},08/17/2026 20:32:34,NA0013,PC-1013,4497E3DE.xlsx,False,
{F-0023550},08/17/2026 20:34:34,LA0011,PC-1011,7AB0BE3F.pdf,False,
{F-0027463},08/17/2026 20:35:34,NA0013,PC-1013,1D0964B9.doc,False,
{F-0016526},08/17/2026 20:37:34,HA0007,PC-1007,280539D8.doc,False,
{F-0019574},08/17/2026 20:39:34,JA0009,PC-1009,8EE28FCA.xlsx,False,
{F-0011469},08/17/2026 20:41:34,EA0004,PC-1004,B9469BBA.jpg,False,
{F-0031685},08/17/2026 20:41:34,PA0015,PC-1015,AA63B8DD.doc,False,
{F-0009254},08/17/2026 20:45:34,DA0003,PC-1003,B5F72395.pdf,False,
{F-0019569},08/17/2026 20:46:34,JA0009,PC-1009,762F32AE.jpg,False,
{F-0016525},08/17/2026 20:53:34,HA0007,PC-1007,F8E66EE7.pdf,False,
{F-0029409},08/17/2026 20:54:34,OA0014,PC-1014,0C92F8EF.doc,False,
{F-0009260},08/17/2026 20:56:34,DA0003,PC-1003,0E706444.doc,False,
{F-0019570},08/17/2026 20:57:34,JA0009,PC-1009,F830C15F.doc,False,
{F-0014694},08/17/2026 21:03:34,GA0006,PC-1006,DDC5B89B.jpg,False,
{F-0009256},08/17/2026 21:06:34,DA0003,PC-1003,1D4CA560.pdf,False,
{F-0033208},08/17/2026 21:06:34,QA0016,PC-1016,29F5095B.jpg,False,
{F-0019577},08/17/2026 21:07:34,JA0009,PC-1009,E7F18A1B.txt,False,
{F-0003417},08/17/2026 21:09:34,BA0001,PC-1001,6006F8F2.pdf,False,
{F-0012804},08/17/2026 21:09:34,FA0005,PC-1005,28C57448.pdf,False,
{F-0029413},08/17/2026 21:14:34,OA0014,PC-1014,9DAD4D10.doc,False,
{F-0031687},08/17/2026 21:18:34,PA0015,PC-1015,03531126.xls,False,
{F-0023548},08/17/2026 21:20:34,LA0011,PC-1011,730360AD.doc,False,
{F-0009255},08/17/2026 21:22:34,DA0003,PC-1003,E8AD0A9C.pdf,False,
{F-0003411},08/17/2026 21:28:34,BA0001,PC-1001,CEDBF817.jpg,False,
{F-0000938},08/17/2026 21:30:34,AA0000,PC-1000,834D085B.doc,False,
{F-0027465},08/17/2026 21:31:34,NA0013,PC-1013,74C99DA4.xls,False,
{F-0021559},08/17/2026 21:33:34,KA0010,PC-1010,AC2B9B63.xls,False,
{F-0003421},08/17/2026 21:34:34,BA0001,PC-1001,6006C2C8.xls,False,
{F-0025535},08/17/2026 21:34:34,MA0012,PC-1012,562D48AC.txt,False,
{F-0019578},08/17/2026 21:37:34,JA0009,PC-1009,7CEE0BE5.pdf,False,
{F-0033207},08/17/2026 21:38:34,QA0016,PC-1016,10FDFD60.doc,False,
{F-0023553},08/17/2026 21:39:34,LA0011,PC-1011,5BE840F2.pdf,False,
{F-0029405},08/17/2026 21:43:34,OA0014,PC-1014,5720D701.txt,False,
{F-0006276},08/17/2026 21:44:34,CA0002,PC-1002,5C840303.xls,False,
{F-0023546},08/17/2026 21:48:34,LA0011,PC-1011,542D39CA.doc,False,
{F-0009259},08/17/2026 21:50:34,DA0003,PC-1003,B336DF9B.jpg,False,
{F-0006277},08/17/2026 21:51:34,CA0002,PC-1002,4086627E.xls,False,
{F-0017657},08/17/2026 21:51:34,IA0008,PC-1008,9ECACC8E.xlsx,False,
{F-0019573},08/17/2026 21:52:34,JA0009,PC-1009,542D9220.xlsx,False,
{F-0016523},08/17/2026 21:53:34,HA0007,PC-1007,28AF40DC.pdf,False,
{F-0021553},08/17/2026 21:56:34,KA0010,PC-1010,ECAC0B1D.pdf,False,
{F-0012814},08/17/2026 21:59:34,FA0005,PC-1005,6AD78956.jpg,False,
{F-0017650},08/17/2026 21:59:34,IA0008,PC-1008,6DE6438D.jpg,False,
{F-0006279},08/17/2026 22:02:34,CA0002,PC-1002,0AE71D11.doc,False,
{F-0000944},08/17/2026 22:07:34,AA0000,PC-1000,1C5CA2E0.xls,False,
{F-0003415},08/17/2026 22:09:34,BA0001,PC-1001,4E43B18B.doc,False,
{F-0009257},08/17/2026 22:16:34,DA0003,PC-1003,9D2BA89E.jpg,False,
{F-0006278},08/17/2026 22:17:34,CA0002,PC-1002,8E23C931.jpg,False,
{F-0012810},08/17/2026 22:18:34,FA0005,PC-1005,A7D6B716.pdf,False,
{F-0009251},08/17/2026 22:19:34,DA0003,PC-1003,B2E7502A.xls,False,
{F-0017653},08/17/2026 22:23:34,IA0008,PC-1008,0BF7DD45.jpg,False,
{F-0029410},08/17/2026 22:25:34,OA0014,PC-1014,146F5A47.xls,False,
{F-0014693},08/17/2026 22:26:34,GA0006,PC-1006,89A5CE8B.txt,False,
{F-0033209},08/17/2026 22:27:34,QA0016,PC-1016,24D410B1.pdf,False,
{F-0033210},08/17/2026 22:33:34,QA0016,PC-1016,41F8AB8C.txt,False,
{F-0003419},08/17/2026 22:34:34,BA0001,PC-1001,2264DA07.xls,False,
{F-0019572},08/17/2026 22:37:34,JA0009,PC-1009,27A44222.txt,False,
{F-0012815},08/17/2026 22:44:34,FA0005,PC-1005,617F2882.xls,False,
{F-0017649},08/17/2026 22:44:34,IA0008,PC-1008,E6FFC8DA.doc,False,
{F-0027460},08/17/2026 22:47:34,NA0013,PC-1013,00B0BB21.xls,False,
{F-0003405},08/17/2026 22:49:34,BA0001,PC-1001,294AE077.doc,False,
{F-0014701},08/17/2026 22:49:34,GA0006,PC-1006,7AF35AA8.doc,False,
{F-0016522},08/17/2026 22:49:34,HA0007,PC-1007,5EAE4F63.txt,False,
{F-0029411},08/17/2026 22:50:34,OA0014,PC-1014,524F21DF.xlsx,False,
{F-0003402},08/17/2026 22:51:34,BA0001,PC-1001,2E6392E4.xlsx,False,
{F-0012805},08/17/2026 22:51:34,FA0005,PC-1005,4F4EDC4C.txt,False,
{F-0029406},08/17/2026 22:55:34,OA0014,PC-1014,A993EE7C.pdf,False,
{F-0006285},08/17/2026 22:57:34,CA0002,PC-1002,463720C0.doc,False,
{F-0021557},08/17/2026 23:00:34,KA0010,PC-1010,16289D64.txt,False,
{F-0000943},08/17/2026 23:02:34,AA0000,PC-1000,0BCFCCC3.xlsx,False,
{F-0011476},08/17/2026 23:04:34,EA0004,PC-1004,BCB0D76F.txt,False,
{F-0012809},08/17/2026 23:06:34,FA0005,PC-1005,EC55CFC1.xlsx,False,
{F-0029407},08/17/2026 23:18:34,OA0014,PC-1014,B43585FF.txt,False,
{F-0009248},08/17/2026 23:21:34,DA0003,PC-1003,115276E7.xlsx,False,
{F-0009262},08/17/2026 23:34:34,DA0003,PC-1003,3860AA27.doc,False,
{F-0003414},08/17/2026 23:37:34,BA0001,PC-1001,9498D982.pdf,False,
{F-0011471},08/17/2026 23:39:34,EA0004,PC-1004,8F2182F1.xls,False,
{F-0019565},08/17/2026 23:41:34,JA0009,PC-1009,B75E5A97.xlsx,False,
{F-0011475},08/17/2026 23:43:34,EA0004,PC-1004,DEA127F5.doc,False,
{F-0017646},08/17/2026 23:44:34,IA0008,PC-1008,926A6AF6.pdf,False,
{F-0016521},08/17/2026 23:45:34,HA0007,PC-1007,82E65FAE.xlsx,False,
{F-0000940},08/17/2026 23:48:34,AA0000,PC-1000,6A1F864A.jpg,False,
{F-0006286},08/17/2026 23:49:34,CA0002,PC-1002,49172480.xls,False,
{F-0000935},08/17/2026 23:53:34,AA0000,PC-1000,7A9DD0B1.txt,False,
{F-0014697},08/17/2026 23:56:34,GA0006,PC-1006,B2A95476.doc,False,
{F-0016530},08/17/2026 23:56:34,HA0007,PC-1007,5312ED65.doc,False,
{F-0017651},08/17/2026 23:57:34,IA0008,PC-1008,9040FDC6.xlsx,False,
{F-0025530},08/17/2026 23:57:34,MA0012,PC-1012,57F019AF.xlsx,False,
{F-0029404},08/17/2026 23:57:34,OA0014,PC-1014,FD06464F.doc,False,
{F-0009250},08/18/2026 00:09:34,DA0003,PC-1003,3CB29080.txt,False,
{F-0029415},08/18/2026 00:11:34,OA0014,PC-1014,995E808E.doc,False,
{F-0000942},08/18/2026 00:12:34,AA0000,PC-1000,706A6095.txt,False,
{F-0017652},08/18/2026 00:15:34,IA0008,PC-1008,818A1A0F.jpg,False,
{F-0023545},08/18/2026 00:15:34,LA0011,PC-1011,9290A1AE.doc,False,
{F-0019564},08/18/2026 00:18:34,JA0009,PC-1009,D9380ECE.pdf,False,
{F-0025529},08/18/2026 00:20:34,MA0012,PC-1012,6280F493.jpg,False,
{F-0023549},08/18/2026 00:24:34,LA0011,PC-1011,989B24B9.txt,False,
{F-0003403},08/18/2026 00:26:34,BA0001,PC-1001,8F421BFA.pdf,False,
{F-0023541},08/18/2026 00:26:34,LA0011,PC-1011,EC6EDC1A.jpg,False,
{F-0027466},08/18/2026 00:26:34,NA0013,PC-1013,9F1E11FD.pdf,False,
{F-0000941},08/18/2026 00:27:34,AA0000,PC-1000,A989E371.jpg,False,
{F-0031689},08/18/2026 00:27:34,PA0015,PC-1015,332CB0CE.doc,False,
{F-0017644},08/18/2026 00:28:34,IA0008,PC-1008,FF091E67.xls,False,
{F-0019571},08/18/2026 00:29:34,JA0009,PC-1009,2A45F924.txt,False,
{F-0019567},08/18/2026 00:30:34,JA0009,PC-1009,3266C09D.doc,False,
{F-0003420},08/18/2026 00:34:34,BA0001,PC-1001,3D5D867F.doc,False,
{F-0003406},08/18/2026 00:38:34,BA0001,PC-1001,C098E6F5.xls,False,
{F-0014692},08/18/2026 00:39:34,GA0006,PC-1006,6C07F02C.txt,False,
{F-0025533},08/18/2026 00:39:34,MA0012,PC-1012,34D4661F.pdf,False,
{F-0017645},08/18/2026 00:40:34,IA0008,PC-1008,E8AF842E.txt,False,
{F-0009263},08/18/2026 00:42:34,DA0003,PC-1003,F156F17E.jpg,False,
{F-0014702},08/18/2026 00:43:34,GA0006,PC-1006,BD6B6369.doc,False,
{F-0006281},08/18/2026 00:45:34,CA0002,PC-1002,964458EE.pdf,False,
{F-0003401},08/18/2026 00:46:34,BA0001,PC-1001,E7FFA7AC.jpg,False,
{F-0023544},08/18/2026 00:47:34,LA0011,PC-1011,19FCCC29.doc,False,
{F-0011470},08/18/2026 00:52:34,EA0004,PC-1004,F82DD31A.pdf,False,
{F-0016529},08/18/2026 00:54:34,HA0007,PC-1007,26919AF1.doc,False,
{F-0017654},08/18/2026 00:54:34,IA0008,PC-1008,06B5E175.jpg,False,
{F-0009258},08/18/2026 01:06:34,DA0003,PC-1003,DEF054C7.doc,False,
{F-0025538},08/18/2026 01:06:34,MA0012,PC-1012,57059F02.doc,False,
{F-0012813},08/18/2026 01:07:34,FA0005,PC-1005,9AA22676.txt,False,
{F-0029414},08/18/2026 01:07:34,OA0014,PC-1014,32FE4540.xls,False,
{F-0019575},08/18/2026 01:08:34,JA0009,PC-1009,85330D2A.doc,False,
{F-0021548},08/18/2026 01:08:34,KA0010,PC-1010,C8335E85.xlsx,False,
{F-0019576},08/18/2026 01:09:34,JA0009,PC-1009,74E7641E.jpg,False,
{F-0031688},08/18/2026 01:11:34,PA0015,PC-1015,7A213F36.jpg,False,
{F-0021556},08/18/2026 01:15:34,KA0010,PC-1010,A4E0A3FB.doc,False,
{F-0000946},08/18/2026 01:16:34,AA0000,PC-1000,547A5B47.xlsx,False,
{F-0031686},08/18/2026 01:30:34,PA0015,PC-1015,8113A42D.doc,False,
{F-0023543},08/18/2026 01:33:34,LA0011,PC-1011,B672377D.txt,False,
{F-0003416},08/18/2026 01:42:34,BA0001,PC-1001,94FF14CE.doc,False,
{F-0019568},08/18/2026 01:44:34,JA0009,PC-1009,4212E9B8.txt,False,
{F-0003407},08/18/2026 01:48:34,BA0001,PC-1001,BE67595F.txt,False,
{F-0014696},08/18/2026 01:55:34,GA0006,PC-1006,B0D7B57F.xlsx,False,
{F-0029420},08/18/2026 01:58:34,OA0014,PC-1014,7202BDC9.doc,False,
{F-0017648},08/18/2026 02:05:34,IA0008,PC-1008,7C7D7D54.xls,False,
{F-0031694},08/18/2026 02:12:34,PA0015,PC-1015,9E4BA35F.xls,False,
{F-0012807},08/18/2026 02:13:34,FA0005,PC-1005,C4ED1085.pdf,False,
{F-0033206},08/18/2026 02:13:34,QA0016,PC-1016,37855D40.xls,False,
{F-0023540},08/18/2026 02:17:34,LA0011,PC-1011,14F473A2.txt,False,
{F-0031692},08/18/2026 02:17:34,PA0015,PC-1015,46B557B7.doc,False,
{F-0000936},08/18/2026 02:18:34,AA0000,PC-1000,8001D1C3.doc,False,
{F-0011477},08/18/2026 02:25:34,EA0004,PC-1004,5BF1B83A.doc,False,
{F-0023551},08/18/2026 02:27:34,LA0011,PC-1011,0A08A955.doc,False,
{F-0025532},08/18/2026 02:29:34,MA0012,PC-1012,EA89AB05.xls,False,
{F-0012811},08/18/2026 02:34:34,FA0005,PC-1005,C564537D.txt,False,
{F-0011474},08/18/2026 02:42:34,EA0004,PC-1004,69562607.xlsx,False,
{F-0014700},08/18/2026 02:50:34,GA0006,PC-1006,6535073B.pdf,False,
{F-0000945},08/18/2026 02:52:34,AA0000,PC-1000,C9E23A39.pdf,False,
{F-0027464},08/18/2026 02:57:34,NA0013,PC-1013,37269E65.doc,False,
{F-0021555},08/18/2026 03:04:34,KA0010,PC-1010,6018C6D7.doc,False,
{F-0000937},08/18/2026 03:08:34,AA0000,PC-1000,AA676B11.txt,False,
{F-0009249},08/18/2026 03:08:34,DA0003,PC-1003,A4347A28.xlsx,False,
{F-0012812},08/18/2026 03:08:34,FA0005,PC-1005,8ED5119A.xlsx,False,
{F-0016524},08/18/2026 03:08:34,HA0007,PC-1007,2015D54D.jpg,False,
{F-0033205},08/18/2026 03:08:34,QA0016,PC-1016,66A14B6D.xlsx,False,
{F-0023552},08/18/2026 03:09:34,LA0011,PC-1011,4FCF2C33.doc,False,
{F-0031691},08/18/2026 03:11:34,PA0015,PC-1015,827FF2A0.txt,False,
{F-0003409},08/18/2026 03:12:34,BA0001,PC-1001,4D813AF7.xlsx,False,
{F-0014699},08/18/2026 03:13:34,GA0006,PC-1006,8679A928.doc,False,
{F-0021550},08/18/2026 03:17:34,KA0010,PC-1010,693F4BFE.doc,False,
{F-0034497},08/18/2026 03:18:34,RA0017,PC-1017,D12CA351.doc,False,
{F-0009261},08/18/2026 03:19:34,DA0003,PC-1003,B0603293.xls,False,
{F-0000932},08/18/2026 03:21:34,AA0000,PC-1000,6C5A3726.pdf,False,
{F-0031690},08/18/2026 03:23:34,PA0015,PC-1015,2EA599F3.jpg,False,
{F-0025531},08/18/2026 03:25:34,MA0012,PC-1012,7A094B4D.doc,False,
{F-0031683},08/18/2026 03:25:34,PA0015,PC-1015,FE919782.xls,False,
{F-0011472},08/18/2026 03:26:34,EA0004,PC-1004,93ECBF16.doc,False,
{F-0023554},08/18/2026 03:27:34,LA0011,PC-1011,46F6AD3A.doc,False,
{F-0027462},08/18/2026 03:27:34,NA0013,PC-1013,AE8BE9C9.doc,False,
{F-0000933},08/18/2026 03:29:34,AA0000,PC-1000,A22F9E61.txt,False,
{F-0003413},08/18/2026 03:30:34,BA0001,PC-1001,435D217E.txt,False,
{F-0016527},08/18/2026 03:33:34,HA0007,PC-1007,E56DDC9C.doc,False,
{F-0000934},08/18/2026 03:34:34,AA0000,PC-1000,75F3088B.xlsx,False,
{F-0003425},08/18/2026 03:34:34,BA0001,PC-1001,651C384F.doc,False,
{F-0023542},08/18/2026 03:34:34,LA0011,PC-1011,FD1BFF5F.pdf,False,
{F-0009253},08/18/2026 03:35:34,DA0003,PC-1003,5AA4A481.jpg,False,
{F-0014698},08/18/2026 03:37:34,GA0006,PC-1006,150B76A8.txt,False,
{F-0000939},08/18/2026 03:42:34,AA0000,PC-1000,2EDCCD85.txt,False,
{F-0012808},08/18/2026 03:43:34,FA0005,PC-1005,6CEC15C8.xlsx,False,
{F-0011473},08/18/2026 03:49:34,EA0004,PC-1004,A525F6C7.doc,False,
{F-0012817},08/18/2026 03:51:34,FA0005,PC-1005,07C95636.pdf,False,
{F-0006275},08/18/2026 03:53:34,CA0002,PC-1002,5F55CC3C.doc,False,
{F-0003423},08/18/2026 03:58:34,BA0001,PC-1001,37253169.xls,False,
{F-0014695},08/18/2026 04:07:34,GA0006,PC-1006,10AC152E.txt,False,
{F-0021552},08/18/2026 04:10:34,KA0010,PC-1010,A79C858E.pdf,False,
{F-0031684},08/18/2026 04:16:34,PA0015,PC-1015,0B80C5ED.pdf,False,
{F-0003408},08/18/2026 04:24:34,BA0001,PC-1001,47911753.doc,False,
{F-0003412},08/18/2026 04:24:34,BA0001,PC-1001,6C29B0AF.txt,False,
{F-0027461},08/18/2026 04:24:34,NA0013,PC-1013,7BEEF219.doc,False,
{F-0031693},08/18/2026 04:31:34,PA0015,PC-1015,997E03F0.xlsx,False,
{F-0012816},08/18/2026 04:37:34,FA0005,PC-1005,BED340C9.doc,False,
{F-0003404},08/18/2026 04:38:34,BA0001,PC-1001,CF82D4C7.doc,False,
{F-0003422},08/18/2026 04:38:34,BA0001,PC-1001,9438C5D4.jpg,False,
{F-0006284},08/18/2026 04:42:34,CA0002,PC-1002,D6BC7B6B.xlsx,False,
{F-0003418},08/18/2026 04:49:34,BA0001,PC-1001,4538D793.pdf,False,
{F-0003424},08/18/2026 04:49:34,BA0001,PC-1001,6D0B9BE7.doc,False,
{F-0021560},08/18/2026 04:49:34,KA0010,PC-1010,AF593124.xls,False,
{F-0027467},08/18/2026 04:52:34,NA0013,PC-1013,BF3CEAFC.xls,False,
{F-0034498},08/18/2026 04:59:34,RA0017,PC-1017,7DB3F0D4.jpg,False,
{F-0006280},08/18/2026 05:24:34,CA0002,PC-1002,2F596D05.txt,False,
{F-0012806},08/18/2026 05:25:34,FA0005,PC-1005,74E0A0A5.xlsx,False,
{F-0006282},08/18/2026 05:36:34,CA0002,PC-1002,5134CA51.doc,False,
{F-0021549},08/18/2026 05:43:34,KA0010,PC-1010,50CE9251.xlsx,False,
{F-0021554},08/18/2026 05:47:34,KA0010,PC-1010,6F4BA66D.jpg,False,
{F-0006283},08/18/2026 06:09:34,CA0002,PC-1002,92CE090E.xls,False,
{F-0006274},08/18/2026 06:11:34,CA0002,PC-1002,C6779BD6.doc,False,
{F-0017701},08/18/2026 18:30:34,IA0008,PC-1008,F22E31E0.txt,False,
{F-0025607},08/18/2026 18:35:34,MA0012,PC-1012,6FB769F4.txt,False,
{F-0023572},08/18/2026 18:41:34,LA0011,PC-1011,660FD634.doc,False,
{F-0023573},08/18/2026 18:43:34,LA0011,PC-1011,07866D93.xls,False,
{F-0025608},08/18/2026 19:01:34,MA0012,PC-1012,1E554518.xlsx,False,
{F-0019618},08/18/2026 19:30:34,JA0009,PC-1009,C78745A4.txt,False,
{F-0023582},08/18/2026 19:32:34,LA0011,PC-1011,7B9EEA90.xlsx,False,
{F-0023584},08/18/2026 19:34:34,LA0011,PC-1011,E3968C7C.doc,False,
{F-0023587},08/18/2026 19:35:34,LA0011,PC-1011,BB04BD4A.txt,False,
{F-0019617},08/18/2026 19:38:34,JA0009,PC-1009,CF543FE4.pdf,False,
{F-0023585},08/18/2026 19:38:34,LA0011,PC-1011,BC1E3B64.xls,False,
{F-0003479},08/18/2026 19:54:34,BA0001,PC-1001,CBB82EDE.xls,False,
{F-0017695},08/18/2026 19:56:34,IA0008,PC-1008,674ABD95.doc,False,
{F-0017693},08/18/2026 20:01:34,IA0008,PC-1008,15E71CD1.jpg,False,
{F-0017702},08/18/2026 20:05:34,IA0008,PC-1008,D2512330.xls,False,
{F-0003476},08/18/2026 20:10:34,BA0001,PC-1001,0DFC41D8.pdf,False,
{F-0023581},08/18/2026 20:12:34,LA0011,PC-1011,22C79341.doc,False,
{F-0011499},08/18/2026 20:14:34,EA0004,PC-1004,181E55C3.jpg,False,
{F-0021608},08/18/2026 20:14:34,KA0010,PC-1010,4B7B64F5.txt,False,
{F-0033235},08/18/2026 20:16:34,QA0016,PC-1016,97C83726.pdf,False,
{F-0006372},08/18/2026 20:19:34,CA0002,PC-1002,71DA5CC8.xls,False,
{F-0033236},08/18/2026 20:19:34,QA0016,PC-1016,C020C1B3.jpg,False,
{F-0001004},08/18/2026 20:20:34,AA0000,PC-1000,31D6169C.pdf,False,
{F-0021604},08/18/2026 20:26:34,KA0010,PC-1010,3499274D.xlsx,False,
{F-0025617},08/18/2026 20:27:34,MA0012,PC-1012,4B54A7D0.xls,False,
{F-0021611},08/18/2026 20:33:34,KA0010,PC-1010,BE815BD0.doc,False,
{F-0011497},08/18/2026 20:34:34,EA0004,PC-1004,E1A9A2CD.xls,False,
{F-0025604},08/18/2026 20:38:34,MA0012,PC-1012,A32DB4E3.doc,False,
{F-0025614},08/18/2026 20:43:34,MA0012,PC-1012,553B448A.pdf,False,
{F-0019621},08/18/2026 20:52:34,JA0009,PC-1009,7A96C5BD.doc,False,
{F-0017687},08/18/2026 20:55:34,IA0008,PC-1008,7B2CA582.txt,False,
{F-0012838},08/18/2026 21:02:34,FA0005,PC-1005,E6F20255.jpg,False,
{F-0025605},08/18/2026 21:02:34,MA0012,PC-1012,04F3BE87.doc,False,
{F-0003478},08/18/2026 21:08:34,BA0001,PC-1001,A2598DDC.doc,False,
{F-0029480},08/18/2026 21:08:34,OA0014,PC-1014,774FD9CE.xls,False,
{F-0031734},08/18/2026 21:08:34,PA0015,PC-1015,FEACA22C.xls,False,
{F-0001001},08/18/2026 21:09:34,AA0000,PC-1000,6ED3337E.doc,False,
{F-0025606},08/18/2026 21:12:34,MA0012,PC-1012,1C3914DB.xls,False,
{F-0000999},08/18/2026 21:19:34,AA0000,PC-1000,2D2FE4F1.jpg,False,
{F-0034512},08/18/2026 21:22:34,RA0017,PC-1017,AD877C57.doc,False,
{F-0019614},08/18/2026 21:24:34,JA0009,PC-1009,CF163E78.doc,False,
{F-0025611},08/18/2026 21:25:34,MA0012,PC-1012,1E6EE87A.jpg,False,
{F-0006370},08/18/2026 21:27:34,CA0002,PC-1002,C7568B2F.xls,False,
{F-0006376},08/18/2026 21:30:34,CA0002,PC-1002,AE6460D4.xlsx,False,
{F-0001005},08/18/2026 21:42:34,AA0000,PC-1000,D7B7A1C0.doc,False,
{F-0014745},08/18/2026 21:42:34,GA0006,PC-1006,350A98DC.doc,False,
{F-0001002},08/18/2026 21:52:34,AA0000,PC-1000,8223BDF1.jpg,False,
{F-0006357},08/18/2026 21:52:34,CA0002,PC-1002,F5CE59F2.doc,False,
{F-0006366},08/18/2026 21:57:34,CA0002,PC-1002,97369B2B.xls,False,
{F-0016555},08/18/2026 21:58:34,HA0007,PC-1007,78C0DDD4.jpg,False,
{F-0006356},08/18/2026 21:59:34,CA0002,PC-1002,CC23FB3B.doc,False,
{F-0011503},08/18/2026 22:06:34,EA0004,PC-1004,839A385C.pdf,False,
{F-0012847},08/18/2026 22:06:34,FA0005,PC-1005,3A1C01AA.xls,False,
{F-0019615},08/18/2026 22:08:34,JA0009,PC-1009,0084BC6E.doc,False,
{F-0019620},08/18/2026 22:15:34,JA0009,PC-1009,DE64E93A.xls,False,
{F-0016556},08/18/2026 22:16:34,HA0007,PC-1007,D417F7E3.txt,False,
{F-0017699},08/18/2026 22:18:34,IA0008,PC-1008,3A0901FC.txt,False,
{F-0017685},08/18/2026 22:20:34,IA0008,PC-1008,7BED630A.doc,False,
{F-0017696},08/18/2026 22:20:34,IA0008,PC-1008,4104B85C.xls,False,
{F-0021613},08/18/2026 22:25:34,KA0010,PC-1010,C5D66E2A.jpg,False,
{F-0003485},08/18/2026 22:26:34,BA0001,PC-1001,E911D4F8.jpg,False,
{F-0034513},08/18/2026 22:26:34,RA0017,PC-1017,894572A2.doc,False,
{F-0011502},08/18/2026 22:33:34,EA0004,PC-1004,D35EB80E.xlsx,False,
{F-0006352},08/18/2026 22:36:34,CA0002,PC-1002,90C997D1.doc,False,
{F-0006375},08/18/2026 22:37:34,CA0002,PC-1002,1A5878E2.xlsx,False,
{F-0012845},08/18/2026 22:40:34,FA0005,PC-1005,46B653BE.xls,False,
{F-0019624},08/18/2026 22:42:34,JA0009,PC-1009,3F66690D.jpg,False,
{F-0014742},08/18/2026 22:43:34,GA0006,PC-1006,68A6C24B.pdf,False,
{F-0031730},08/18/2026 22:43:34,PA0015,PC-1015,86BA2F06.txt,False,
{F-0029486},08/18/2026 22:45:34,OA0014,PC-1014,76731984.xlsx,False,
{F-0029487},08/18/2026 22:45:34,OA0014,PC-1014,C9737945.pdf,False,
{F-0006353},08/18/2026 22:46:34,CA0002,PC-1002,F458374D.xlsx,False,
{F-0023580},08/18/2026 22:46:34,LA0011,PC-1011,CDCF7EED.jpg,False,
{F-0017700},08/18/2026 22:48:34,IA0008,PC-1008,9056FFFC.doc,False,
{F-0016553},08/18/2026 22:50:34,HA0007,PC-1007,FD89553B.pdf,False,
{F-0003477},08/18/2026 22:53:34,BA0001,PC-1001,7A6E5AED.pdf,False,
{F-0017692},08/18/2026 22:58:34,IA0008,PC-1008,2BE27854.xlsx,False,
{F-0017679},08/18/2026 23:02:34,IA0008,PC-1008,B82884D1.pdf,False,
{F-0011504},08/18/2026 23:06:34,EA0004,PC-1004,D54AF0BA.doc,False,
{F-0014741},08/18/2026 23:13:34,GA0006,PC-1006,796F56EB.xlsx,False,
{F-0017682},08/18/2026 23:13:34,IA0008,PC-1008,680E8BB3.xlsx,False,
{F-0029483},08/18/2026 23:13:34,OA0014,PC-1014,3567F293.doc,False,
{F-0029482},08/18/2026 23:17:34,OA0014,PC-1014,ADC4A1AF.txt,False,
{F-0031726},08/18/2026 23:18:34,PA0015,PC-1015,73DAFF47.doc,False,
{F-0006351},08/18/2026 23:19:34,CA0002,PC-1002,D8482862.doc,False,
{F-0019616},08/18/2026 23:19:34,JA0009,PC-1009,C12BA78B.doc,False,
{F-0014743},08/18/2026 23:20:34,GA0006,PC-1006,B16CFE8C.jpg,False,
{F-0006373},08/18/2026 23:26:34,CA0002,PC-1002,5673F70B.txt,False,
{F-0033234},08/18/2026 23:26:34,QA0016,PC-1016,A9CBC245.xlsx,False,
{F-0031735},08/18/2026 23:31:34,PA0015,PC-1015,8657EE30.pdf,False,
{F-0019623},08/18/2026 23:37:34,JA0009,PC-1009,397CB4D5.xls,False,
{F-0017698},08/18/2026 23:38:34,IA0008,PC-1008,E10AF711.doc,False,
{F-0003486},08/18/2026 23:50:34,BA0001,PC-1001,33CB9208.jpg,False,
{F-0006358},08/18/2026 23:51:34,CA0002,PC-1002,0F2C9866.jpg,False,
{F-0021610},08/18/2026 23:54:34,KA0010,PC-1010,711428F1.doc,False,
{F-0025616},08/18/2026 23:55:34,MA0012,PC-1012,45D747F5.xls,False,
{F-0029478},08/18/2026 23:57:34,OA0014,PC-1014,4BA76E88.pdf,False,
{F-0029488},08/18/2026 23:57:34,OA0014,PC-1014,DDF32049.xlsx,False,
{F-0006369},08/19/2026 00:00:34,CA0002,PC-1002,29B33444.txt,False,
{F-0003480},08/19/2026 00:01:34,BA0001,PC-1001,5976B3C3.doc,False,
{F-0014746},08/19/2026 00:01:34,GA0006,PC-1006,8CDCF696.xlsx,False,
{F-0031731},08/19/2026 00:02:34,PA0015,PC-1015,741B1691.xlsx,False,
{F-0011501},08/19/2026 00:04:34,EA0004,PC-1004,A9E9EF95.pdf,False,
{F-0014739},08/19/2026 00:07:34,GA0006,PC-1006,5BC83F09.txt,False,
{F-0006348},08/19/2026 00:09:34,CA0002,PC-1002,4885CAB6.xlsx,False,
{F-0006349},08/19/2026 00:11:34,CA0002,PC-1002,9D11CC11.doc,False,
{F-0017684},08/19/2026 00:15:34,IA0008,PC-1008,BD89A72F.jpg,False,
{F-0011500},08/19/2026 00:16:34,EA0004,PC-1004,D47273DA.doc,False,
{F-0029479},08/19/2026 00:16:34,OA0014,PC-1014,6800C3BC.xls,False,
{F-0033238},08/19/2026 00:16:34,QA0016,PC-1016,30961BAA.doc,False,
{F-0019626},08/19/2026 00:19:34,JA0009,PC-1009,CDDB11C5.doc,False,
{F-0014744},08/19/2026 00:22:34,GA0006,PC-1006,E58360D4.pdf,False,
{F-0021606},08/19/2026 00:22:34,KA0010,PC-1010,343B7460.jpg,False,
{F-0012846},08/19/2026 00:23:34,FA0005,PC-1005,47AAE6DB.jpg,False,
{F-0021607},08/19/2026 00:24:34,KA0010,PC-1010,5F944CBB.doc,False,
{F-0017683},08/19/2026 00:25:34,IA0008,PC-1008,7922CEC5.jpg,False,
{F-0006359},08/19/2026 00:28:34,CA0002,PC-1002,F322DB42.pdf,False,
{F-0021614},08/19/2026 00:30:34,KA0010,PC-1010,937EDD20.xls,False,
{F-0023577},08/19/2026 00:31:34,LA0011,PC-1011,9DB7C5C0.doc,False,
{F-0011505},08/19/2026 00:48:34,EA0004,PC-1004,A0BD1263.pdf,False,
{F-0016554},08/19/2026 00:48:34,HA0007,PC-1007,4A579F2F.pdf,False,
{F-0021612},08/19/2026 00:49:34,KA0010,PC-1010,E859BAEE.xls,False,
{F-0003482},08/19/2026 00:50:34,BA0001,PC-1001,902C791D.doc,False,
{F-0003481},08/19/2026 00:51:34,BA0001,PC-1001,88C5C8E9.doc,False,
{F-0019625},08/19/2026 00:51:34,JA0009,PC-1009,504319C6.doc,False,
{F-0017697},08/19/2026 00:53:34,IA0008,PC-1008,68EBA7E7.jpg,False,
{F-0006368},08/19/2026 01:04:34,CA0002,PC-1002,F4BFCBA3.pdf,False,
{F-0017677},08/19/2026 01:07:34,IA0008,PC-1008,A1CEB63A.doc,False,
{F-0017689},08/19/2026 01:07:34,IA0008,PC-1008,18E42032.doc,False,
{F-0000998},08/19/2026 01:08:34,AA0000,PC-1000,3D91A459.xls,False,
{F-0023578},08/19/2026 01:20:34,LA0011,PC-1011,2C9E34A8.doc,False,
{F-0031728},08/19/2026 01:25:34,PA0015,PC-1015,A1A3D23E.doc,False,
{F-0006364},08/19/2026 01:26:34,CA0002,PC-1002,313E79F1.jpg,False,
{F-0021605},08/19/2026 01:29:34,KA0010,PC-1010,6804350B.jpg,False,
{F-0017691},08/19/2026 01:30:34,IA0008,PC-1008,4D7E7AC1.pdf,False,
{F-0021615},08/19/2026 01:31:34,KA0010,PC-1010,EE8D6976.txt,False,
{F-0006360},08/19/2026 01:35:34,CA0002,PC-1002,85106435.doc,False,
{F-0000997},08/19/2026 01:37:34,AA0000,PC-1000,CA576793.xlsx,False,
{F-0001000},08/19/2026 01:37:34,AA0000,PC-1000,9B90C28E.xlsx,False,
{F-0019619},08/19/2026 01:37:34,JA0009,PC-1009,A6A252FA.pdf,False,
{F-0023579},08/19/2026 01:38:34,LA0011,PC-1011,D4B0947F.xlsx,False,
{F-0025610},08/19/2026 01:46:34,MA0012,PC-1012,FFBD99F2.doc,False,
{F-0012839},08/19/2026 01:51:34,FA0005,PC-1005,1F8CF13F.jpg,False,
{F-0003488},08/19/2026 01:52:34,BA0001,PC-1001,5E733DE0.pdf,False,
{F-0023576},08/19/2026 01:53:34,LA0011,PC-1011,13E221F2.xlsx,False,
{F-0003487},08/19/2026 01:54:34,BA0001,PC-1001,92AFA584.xls,False,
{F-0025612},08/19/2026 01:54:34,MA0012,PC-1012,C8C68DD9.xls,False,
{F-0006365},08/19/2026 01:56:34,CA0002,PC-1002,7BDEBEB5.doc,False,
{F-0017681},08/19/2026 01:56:34,IA0008,PC-1008,A583A0F4.jpg,False,
{F-0009293},08/19/2026 02:00:34,DA0003,PC-1003,617EBF95.xlsx,False,
{F-0017690},08/19/2026 02:06:34,IA0008,PC-1008,4D95432B.pdf,False,
{F-0006355},08/19/2026 02:09:34,CA0002,PC-1002,F65008C5.jpg,False,
{F-0029477},08/19/2026 02:09:34,OA0014,PC-1014,F76A0D03.xlsx,False,
{F-0031729},08/19/2026 02:17:34,PA0015,PC-1015,8D022590.xlsx,False,
{F-0023583},08/19/2026 02:18:34,LA0011,PC-1011,36CBDABA.xlsx,False,
{F-0025613},08/19/2026 02:18:34,MA0012,PC-1012,A89DF94C.pdf,False,
{F-0016557},08/19/2026 02:24:34,HA0007,PC-1007,4BAC5359.txt,False,
{F-0029476},08/19/2026 02:24:34,OA0014,PC-1014,31BEB232.xlsx,False,
{F-0031727},08/19/2026 02:26:34,PA0015,PC-1015,08E91503.doc,False,
{F-0017678},08/19/2026 02:27:34,IA0008,PC-1008,EAA2656C.xls,False,
{F-0029485},08/19/2026 02:29:34,OA0014,PC-1014,9ECAEB92.doc,False,
{F-0034516},08/19/2026 02:32:34,RA0017,PC-1017,E6124CBC.doc,False,
{F-0006377},08/19/2026 02:33:34,CA0002,PC-1002,A2ED92A5.xlsx,False,
{F-0006367},08/19/2026 02:34:34,CA0002,PC-1002,1CFA26B7.pdf,False,
{F-0029475},08/19/2026 02:34:34,OA0014,PC-1014,57660EB6.doc,False,
{F-0029481},08/19/2026 02:35:34,OA0014,PC-1014,D53560FC.xls,False,
{F-0014740},08/19/2026 02:37:34,GA0006,PC-1006,4173B3A3.jpg,False,
{F-0031732},08/19/2026 02:40:34,PA0015,PC-1015,C60CF1EB.doc,False,
{F-0017686},08/19/2026 02:45:34,IA0008,PC-1008,77C2D710.pdf,False,
{F-0011498},08/19/2026 02:47:34,EA0004,PC-1004,9B10AEAA.jpg,False,
{F-0029484},08/19/2026 02:47:34,OA0014,PC-1014,EB50DA2B.doc,False,
{F-0006354},08/19/2026 02:48:34,CA0002,PC-1002,15CCF3FE.doc,False,
{F-0017688},08/19/2026 02:51:34,IA0008,PC-1008,27AC2DD3.pdf,False,
{F-0023574},08/19/2026 02:54:34,LA0011,PC-1011,A6CDB955.xls,False,
{F-0006350},08/19/2026 02:59:34,CA0002,PC-1002,F0BDA412.pdf,False,
{F-0006362},08/19/2026 03:00:34,CA0002,PC-1002,5AD692D5.txt,False,
{F-0021616},08/19/2026 03:00:34,KA0010,PC-1010,DB12BA02.pdf,False,
{F-0012850},08/19/2026 03:05:34,FA0005,PC-1005,4BAC1B79.jpg,False,
{F-0017694},08/19/2026 03:08:34,IA0008,PC-1008,3F292FFB.xlsx,False,
{F-0019622},08/19/2026 03:08:34,JA0009,PC-1009,DA538612.doc,False,
{F-0023586},08/19/2026 03:13:34,LA0011,PC-1011,FE2A281D.doc,False,
{F-0034515},08/19/2026 03:13:34,RA0017,PC-1017,FF4659C8.jpg,False,
{F-0031733},08/19/2026 03:15:34,PA0015,PC-1015,02539BBB.doc,False,
{F-0003483},08/19/2026 03:18:34,BA0001,PC-1001,A6E27746.doc,False,
{F-0017680},08/19/2026 03:19:34,IA0008,PC-1008,8D193A66.doc,False,
{F-0025615},08/19/2026 03:19:34,MA0012,PC-1012,E0EAF330.txt,False,
{F-0023575},08/19/2026 03:20:34,LA0011,PC-1011,55B7B66F.txt,False,
{F-0021609},08/19/2026 03:21:34,KA0010,PC-1010,A4204943.jpg,False,
{F-0025603},08/19/2026 03:23:34,MA0012,PC-1012,E48B4F93.txt,False,
{F-0012848},08/19/2026 03:32:34,FA0005,PC-1005,79573EC0.pdf,False,
{F-0006363},08/19/2026 03:33:34,CA0002,PC-1002,DCA26133.xlsx,False,
{F-0003484},08/19/2026 03:44:34,BA0001,PC-1001,F67873DF.pdf,False,
{F-0006361},08/19/2026 03:44:34,CA0002,PC-1002,82F13CE7.doc,False,
{F-0025609},08/19/2026 03:47:34,MA0012,PC-1012,C49DC808.txt,False,
{F-0011506},08/19/2026 04:02:34,EA0004,PC-1004,E495E356.pdf,False,
{F-0001003},08/19/2026 04:04:34,AA0000,PC-1000,C8064E10.xlsx,False,
{F-0012841},08/19/2026 04:09:34,FA0005,PC-1005,BC5EAE2C.pdf,False,
{F-0006374},08/19/2026 04:29:34,CA0002,PC-1002,8E4674AD.txt,False,
{F-0012849},08/19/2026 04:52:34,FA0005,PC-1005,5811F347.doc,False,
{F-0006371},08/19/2026 04:57:34,CA0002,PC-1002,9441429D.xls,False,
{F-0012840},08/19/2026 05:02:34,FA0005,PC-1005,2D230C91.pdf,False,
{F-0034514},08/19/2026 05:05:34,RA0017,PC-1017,1651731A.txt,False,
{F-0006378},08/19/2026 05:26:34,CA0002,PC-1002,2E45F533.pdf,False,
{F-0012843},08/19/2026 05:44:34,FA0005,PC-1005,3838A68A.xlsx,False,
{F-0033237},08/19/2026 06:02:34,QA0016,PC-1016,3FDF4DB3.doc,False,
{F-0012844},08/19/2026 06:13:34,FA0005,PC-1005,E29F6DCA.txt,False,
{F-0012842},08/19/2026 06:17:34,FA0005,PC-1005,E941C958.xls,False,
{F-0025674},08/19/2026 18:31:34,MA0012,PC-1012,6B386931.jpg,False,
{F-0023623},08/19/2026 18:42:34,LA0011,PC-1011,85382DC2.pdf,False,
{F-0025670},08/19/2026 18:44:34,MA0012,PC-1012,65FD0315.xls,False,
{F-0027500},08/19/2026 18:51:34,NA0013,PC-1013,82FBC7CE.jpg,False,
{F-0017726},08/19/2026 18:54:34,IA0008,PC-1008,26BA5944.doc,False,
{F-0017723},08/19/2026 18:55:34,IA0008,PC-1008,68D9B0D4.txt,False,
{F-0025673},08/19/2026 19:02:34,MA0012,PC-1012,BAA413A2.txt,False,
{F-0009342},08/19/2026 19:03:34,DA0003,PC-1003,F7AB0CAF.xls,False,
{F-0029548},08/19/2026 19:05:34,OA0014,PC-1014,8EBADBAD.xlsx,False,
{F-0017722},08/19/2026 19:07:34,IA0008,PC-1008,7B6BCCF5.txt,False,
{F-0009346},08/19/2026 19:09:34,DA0003,PC-1003,C4C71EB5.xls,False,
{F-0014779},08/19/2026 19:18:34,GA0006,PC-1006,A9118531.xlsx,False,
{F-0009325},08/19/2026 19:19:34,DA0003,PC-1003,E2F8F863.pdf,False,
{F-0029537},08/19/2026 19:21:34,OA0014,PC-1014,FA0D4EA6.xls,False,
{F-0016576},08/19/2026 19:37:34,HA0007,PC-1007,C578D248.xlsx,False,
{F-0016575},08/19/2026 19:43:34,HA0007,PC-1007,77F1B5A5.doc,False,
{F-0001043},08/19/2026 19:47:34,AA0000,PC-1000,8202EA71.jpg,False,
{F-0023643},08/19/2026 19:50:34,LA0011,PC-1011,949A78BD.jpg,False,
{F-0001059},08/19/2026 19:51:34,AA0000,PC-1000,BB073AB4.doc,False,
{F-0003516},08/19/2026 19:52:34,BA0001,PC-1001,BFF2BC29.xlsx,False,
{F-0009323},08/19/2026 19:52:34,DA0003,PC-1003,2D5FC5BD.doc,False,
{F-0014777},08/19/2026 19:52:34,GA0006,PC-1006,B013C8D0.pdf,False,
{F-0001048},08/19/2026 19:53:34,AA0000,PC-1000,C82F5449.pdf,False,
{F-0009324},08/19/2026 19:59:34,DA0003,PC-1003,4AB3EB82.xls,False,
{F-0021641},08/19/2026 20:02:34,KA0010,PC-1010,E583AA7B.xls,False,
{F-0014773},08/19/2026 20:14:34,GA0006,PC-1006,C32BC34B.doc,False,
{F-0019660},08/19/2026 20:25:34,JA0009,PC-1009,6A6886C9.doc,False,
{F-0021645},08/19/2026 20:26:34,KA0010,PC-1010,A4C154CE.txt,False,
{F-0029543},08/19/2026 20:40:34,OA0014,PC-1014,58D3A2F5.jpg,False,
{F-0009339},08/19/2026 20:42:34,DA0003,PC-1003,D54A9490.doc,False,
{F-0017732},08/19/2026 20:42:34,IA0008,PC-1008,B93DA0A4.xls,False,
{F-0006446},08/19/2026 20:43:34,CA0002,PC-1002,57DBF598.pdf,False,
{F-0019665},08/19/2026 20:43:34,JA0009,PC-1009,AEF2A0A5.txt,False,
{F-0001038},08/19/2026 20:44:34,AA0000,PC-1000,C00C5CF2.doc,False,
{F-0019666},08/19/2026 20:44:34,JA0009,PC-1009,E0F55578.doc,False,
{F-0023631},08/19/2026 20:46:34,LA0011,PC-1011,3620C877.doc,False,
{F-0019658},08/19/2026 20:47:34,JA0009,PC-1009,8B7A2455.jpg,False,
{F-0006445},08/19/2026 20:49:34,CA0002,PC-1002,D2CCE519.pdf,False,
{F-0017738},08/19/2026 20:49:34,IA0008,PC-1008,5D02A35F.xlsx,False,
{F-0011531},08/19/2026 20:50:34,EA0004,PC-1004,4ACD63E4.xls,False,
{F-0023639},08/19/2026 20:53:34,LA0011,PC-1011,7C0FC992.xlsx,False,
{F-0017734},08/19/2026 20:56:34,IA0008,PC-1008,44ACB6A9.doc,False,
{F-0011533},08/19/2026 20:57:34,EA0004,PC-1004,B0D455EB.doc,False,
{F-0009338},08/19/2026 21:02:34,DA0003,PC-1003,7C0EA61A.doc,False,
{F-0031765},08/19/2026 21:03:34,PA0015,PC-1015,2E644AA2.txt,False,
{F-0019663},08/19/2026 21:05:34,JA0009,PC-1009,FABAE35F.doc,False,
{F-0006448},08/19/2026 21:07:34,CA0002,PC-1002,91A8C69D.xlsx,False,
{F-0009335},08/19/2026 21:10:34,DA0003,PC-1003,91539C47.jpg,False,
{F-0009341},08/19/2026 21:12:34,DA0003,PC-1003,E8EBA3EA.xlsx,False,
{F-0011534},08/19/2026 21:16:34,EA0004,PC-1004,E64E3DE6.jpg,False,
{F-0021644},08/19/2026 21:22:34,KA0010,PC-1010,A6BC82A7.doc,False,
{F-0016574},08/19/2026 21:23:34,HA0007,PC-1007,F9C03133.txt,False,
{F-0001058},08/19/2026 21:25:34,AA0000,PC-1000,E4FCE592.xls,False,
{F-0023634},08/19/2026 21:26:34,LA0011,PC-1011,698B002F.doc,False,
{F-0031760},08/19/2026 21:26:34,PA0015,PC-1015,7A91E7DE.txt,False,
{F-0023626},08/19/2026 21:29:34,LA0011,PC-1011,4D73627F.jpg,False,
{F-0016573},08/19/2026 21:30:34,HA0007,PC-1007,74F1B48C.txt,False,
{F-0031767},08/19/2026 21:31:34,PA0015,PC-1015,F1EFDC37.jpg,False,
{F-0019657},08/19/2026 21:35:34,JA0009,PC-1009,9C2B32E9.xls,False,
{F-0023630},08/19/2026 21:37:34,LA0011,PC-1011,8C57E7B2.pdf,False,
{F-0012877},08/19/2026 21:43:34,FA0005,PC-1005,0772D13E.xls,False,
{F-0017737},08/19/2026 21:43:34,IA0008,PC-1008,729A7586.pdf,False,
{F-0001057},08/19/2026 21:45:34,AA0000,PC-1000,9643762A.pdf,False,
{F-0009332},08/19/2026 21:45:34,DA0003,PC-1003,81DC02EE.doc,False,
{F-0034539},08/19/2026 21:45:34,RA0017,PC-1017,027EA9BF.xlsx,False,
{F-0031757},08/19/2026 21:47:34,PA0015,PC-1015,563B0DCE.xlsx,False,
{F-0023635},08/19/2026 21:48:34,LA0011,PC-1011,64B37613.doc,False,
{F-0033262},08/19/2026 21:50:34,QA0016,PC-1016,996FA51A.pdf,False,
{F-0034534},08/19/2026 21:57:34,RA0017,PC-1017,AEBD6697.xlsx,False,
{F-0023627},08/19/2026 22:02:34,LA0011,PC-1011,8F0C9137.doc,False,
{F-0009337},08/19/2026 22:05:34,DA0003,PC-1003,4CB2DBAA.doc,False,
{F-0009347},08/19/2026 22:06:34,DA0003,PC-1003,E6E73CE7.xls,False,
{F-0006439},08/19/2026 22:11:34,CA0002,PC-1002,BC1E7944.xlsx,False,
{F-0006433},08/19/2026 22:12:34,CA0002,PC-1002,3FF246DC.jpg,False,
{F-0033264},08/19/2026 22:12:34,QA0016,PC-1016,726D1D23.pdf,False,
{F-0006443},08/19/2026 22:17:34,CA0002,PC-1002,9B6C374F.xls,False,
{F-0006454},08/19/2026 22:17:34,CA0002,PC-1002,17703CC8.jpg,False,
{F-0034540},08/19/2026 22:19:34,RA0017,PC-1017,D19DCD42.doc,False,
{F-0012880},08/19/2026 22:25:34,FA0005,PC-1005,7146AFA2.pdf,False,
{F-0017729},08/19/2026 22:27:34,IA0008,PC-1008,BFC323B1.xlsx,False,
{F-0006426},08/19/2026 22:28:34,CA0002,PC-1002,B8A27FB7.doc,False,
{F-0027501},08/19/2026 22:30:34,NA0013,PC-1013,29BF8102.doc,False,
{F-0019664},08/19/2026 22:33:34,JA0009,PC-1009,FE847373.doc,False,
{F-0023645},08/19/2026 22:34:34,LA0011,PC-1011,5D6C38DC.doc,False,
{F-0014772},08/19/2026 22:39:34,GA0006,PC-1006,B74A7C55.pdf,False,
{F-0017727},08/19/2026 22:40:34,IA0008,PC-1008,CD867C86.doc,False,
{F-0006452},08/19/2026 22:41:34,CA0002,PC-1002,22363E6C.doc,False,
{F-0023637},08/19/2026 22:46:34,LA0011,PC-1011,01934345.doc,False,
{F-0031766},08/19/2026 22:47:34,PA0015,PC-1015,F0762D78.txt,False,
{F-0034535},08/19/2026 22:47:34,RA0017,PC-1017,DFEBB32D.doc,False,
{F-0001053},08/19/2026 22:49:34,AA0000,PC-1000,92257A1C.doc,False,
{F-0012875},08/19/2026 22:52:34,FA0005,PC-1005,293F0F9E.txt,False,
{F-0003514},08/19/2026 22:54:34,BA0001,PC-1001,72BCD075.doc,False,
{F-0019661},08/19/2026 22:54:34,JA0009,PC-1009,6E7A388E.pdf,False,
{F-0029541},08/19/2026 22:59:34,OA0014,PC-1014,81D02F53.txt,False,
{F-0025669},08/19/2026 23:00:34,MA0012,PC-1012,5F7738FA.pdf,False,
{F-0021648},08/19/2026 23:03:34,KA0010,PC-1010,11ED30BF.doc,False,
{F-0012868},08/19/2026 23:04:34,FA0005,PC-1005,8D1CBD23.txt,False,
{F-0031756},08/19/2026 23:05:34,PA0015,PC-1015,4EB28FF8.jpg,False,
{F-0009326},08/19/2026 23:06:34,DA0003,PC-1003,BCCC2DE3.xlsx,False,
{F-0023628},08/19/2026 23:06:34,LA0011,PC-1011,66224319.xlsx,False,
{F-0034537},08/19/2026 23:08:34,RA0017,PC-1017,9C6330E1.doc,False,
{F-0006435},08/19/2026 23:12:34,CA0002,PC-1002,1B33837C.xls,False,
{F-0029538},08/19/2026 23:14:34,OA0014,PC-1014,40881229.xls,False,
{F-0014775},08/19/2026 23:15:34,GA0006,PC-1006,FF8CF396.xls,False,
{F-0012873},08/19/2026 23:18:34,FA0005,PC-1005,30650181.jpg,False,
{F-0019662},08/19/2026 23:18:34,JA0009,PC-1009,6478E403.doc,False,
{F-0014774},08/19/2026 23:20:34,GA0006,PC-1006,27330B55.doc,False,
{F-0017730},08/19/2026 23:31:34,IA0008,PC-1008,B1CC96B6.pdf,False,
{F-0029544},08/19/2026 23:32:34,OA0014,PC-1014,67E933FC.txt,False,
{F-0029542},08/19/2026 23:34:34,OA0014,PC-1014,AFE80E80.xlsx,False,
{F-0012872},08/19/2026 23:35:34,FA0005,PC-1005,DD95BF82.xlsx,False,
{F-0021642},08/19/2026 23:39:34,KA0010,PC-1010,BB0CF4D2.doc,False,
{F-0012867},08/19/2026 23:41:34,FA0005,PC-1005,D77D37CA.pdf,False,
{F-0006455},08/19/2026 23:42:34,CA0002,PC-1002,61292374.doc,False,
{F-0023646},08/19/2026 23:44:34,LA0011,PC-1011,3F8295AC.jpg,False,
{F-0031759},08/19/2026 23:44:34,PA0015,PC-1015,4A89C111.txt,False,
{F-0019656},08/19/2026 23:45:34,JA0009,PC-1009,7784A4B7.doc,False,
{F-0009331},08/19/2026 23:49:34,DA0003,PC-1003,83CD6B36.doc,False,
{F-0006425},08/19/2026 23:51:34,CA0002,PC-1002,E10659E5.jpg,False,
{F-0034538},08/19/2026 23:53:34,RA0017,PC-1017,D7D2518A.txt,False,
{F-0001040},08/19/2026 23:54:34,AA0000,PC-1000,DBDDFA44.doc,False,
{F-0012862},08/19/2026 23:55:34,FA0005,PC-1005,E0E660B4.txt,False,
{F-0033261},08/19/2026 23:58:34,QA0016,PC-1016,C0B4CEB5.jpg,False,
{F-0014776},08/20/2026 00:01:34,GA0006,PC-1006,E9EA8026.pdf,False,
{F-0011528},08/20/2026 00:03:34,EA0004,PC-1004,C2440B8E.doc,False,
{F-0001055},08/20/2026 00:06:34,AA0000,PC-1000,7E3A410E.xlsx,False,
{F-0019650},08/20/2026 00:06:34,JA0009,PC-1009,FC63176D.jpg,False,
{F-0001054},08/20/2026 00:07:34,AA0000,PC-1000,A95FB8B7.pdf,False,
{F-0006451},08/20/2026 00:14:34,CA0002,PC-1002,E70EEA30.jpg,False,
{F-0009328},08/20/2026 00:16:34,DA0003,PC-1003,5B4FDC11.jpg,False,
{F-0019654},08/20/2026 00:16:34,JA0009,PC-1009,DC608961.doc,False,
{F-0023641},08/20/2026 00:18:34,LA0011,PC-1011,5E8AA6A7.jpg,False,
{F-0012876},08/20/2026 00:22:34,FA0005,PC-1005,A01C5621.txt,False,
{F-0031762},08/20/2026 00:29:34,PA0015,PC-1015,BC5134BF.jpg,False,
{F-0001049},08/20/2026 00:30:34,AA0000,PC-1000,D9A6BD17.xls,False,
{F-0012871},08/20/2026 00:31:34,FA0005,PC-1005,B4C3ECF6.doc,False,
{F-0031761},08/20/2026 00:33:34,PA0015,PC-1015,E019FA96.doc,False,
{F-0006424},08/20/2026 00:38:34,CA0002,PC-1002,7C67EB20.doc,False,
{F-0001039},08/20/2026 00:42:34,AA0000,PC-1000,6AAC36F7.xlsx,False,
{F-0023629},08/20/2026 00:45:34,LA0011,PC-1011,7186777C.xlsx,False,
{F-0017725},08/20/2026 00:47:34,IA0008,PC-1008,A1348730.xlsx,False,
{F-0012866},08/20/2026 00:48:34,FA0005,PC-1005,3F340F56.doc,False,
{F-0023624},08/20/2026 00:51:34,LA0011,PC-1011,A5ED6ECC.jpg,False,
{F-0009334},08/20/2026 00:52:34,DA0003,PC-1003,7BE51D32.txt,False,
{F-0019651},08/20/2026 00:53:34,JA0009,PC-1009,09D4A96E.xls,False,
{F-0009345},08/20/2026 00:56:34,DA0003,PC-1003,2F1FA616.txt,False,
{F-0009330},08/20/2026 00:59:34,DA0003,PC-1003,8DB73D17.doc,False,
{F-0006441},08/20/2026 01:01:34,CA0002,PC-1002,4CED0B43.xls,False,
{F-0023644},08/20/2026 01:02:34,LA0011,PC-1011,9DD80FC8.xlsx,False,
{F-0025672},08/20/2026 01:02:34,MA0012,PC-1012,CFA2D8EA.txt,False,
{F-0001042},08/20/2026 01:03:34,AA0000,PC-1000,2B9C5291.jpg,False,
{F-0019667},08/20/2026 01:06:34,JA0009,PC-1009,10262031.doc,False,
{F-0017736},08/20/2026 01:08:34,IA0008,PC-1008,6B8BF957.xls,False,
{F-0006431},08/20/2026 01:09:34,CA0002,PC-1002,3E468A5A.xlsx,False,
{F-0019649},08/20/2026 01:09:34,JA0009,PC-1009,054CDF59.xlsx,False,
{F-0029549},08/20/2026 01:09:34,OA0014,PC-1014,88E170A0.txt,False,
{F-0029546},08/20/2026 01:10:34,OA0014,PC-1014,A498999A.doc,False,
{F-0012882},08/20/2026 01:12:34,FA0005,PC-1005,3D956FA9.jpg,False,
{F-0003515},08/20/2026 01:17:34,BA0001,PC-1001,DC4C2C16.jpg,False,
{F-0009344},08/20/2026 01:20:34,DA0003,PC-1003,E48F5C19.pdf,False,
{F-0029540},08/20/2026 01:28:34,OA0014,PC-1014,49A02D60.doc,False,
{F-0006449},08/20/2026 01:29:34,CA0002,PC-1002,FC6E2CF4.doc,False,
{F-0001041},08/20/2026 01:35:34,AA0000,PC-1000,201C97BC.xls,False,
{F-0017724},08/20/2026 01:35:34,IA0008,PC-1008,98101F11.doc,False,
{F-0019652},08/20/2026 01:35:34,JA0009,PC-1009,74E751D4.doc,False,
{F-0029539},08/20/2026 01:38:34,OA0014,PC-1014,13D9AF79.xls,False,
{F-0001046},08/20/2026 01:39:34,AA0000,PC-1000,43D3A65D.jpg,False,
{F-0006436},08/20/2026 01:39:34,CA0002,PC-1002,0C4F6B89.doc,False,
{F-0011529},08/20/2026 01:39:34,EA0004,PC-1004,82EC7888.doc,False,
{F-0001051},08/20/2026 01:40:34,AA0000,PC-1000,D8932846.pdf,False,
{F-0009333},08/20/2026 01:40:34,DA0003,PC-1003,81452679.xls,False,
{F-0012869},08/20/2026 01:40:34,FA0005,PC-1005,7103A96E.xlsx,False,
{F-0001044},08/20/2026 01:43:34,AA0000,PC-1000,F047C298.doc,False,
{F-0009336},08/20/2026 01:44:34,DA0003,PC-1003,DC53B041.pdf,False,
{F-0011535},08/20/2026 01:44:34,EA0004,PC-1004,D5334555.xls,False,
{F-0017735},08/20/2026 01:46:34,IA0008,PC-1008,D91AEAF2.jpg,False,
{F-0001056},08/20/2026 01:49:34,AA0000,PC-1000,C54969AE.doc,False,
{F-0011530},08/20/2026 01:50:34,EA0004,PC-1004,DDCAABE9.pdf,False,
{F-0001050},08/20/2026 01:51:34,AA0000,PC-1000,44E91FBF.xls,False,
{F-0006430},08/20/2026 01:51:34,CA0002,PC-1002,DB5DB122.xlsx,False,
{F-0009340},08/20/2026 01:52:34,DA0003,PC-1003,7530017B.pdf,False,
{F-0017733},08/20/2026 01:56:34,IA0008,PC-1008,1577BCFC.doc,False,
{F-0011536},08/20/2026 01:58:34,EA0004,PC-1004,FDE1224F.xlsx,False,
{F-0001047},08/20/2026 02:00:34,AA0000,PC-1000,64430541.xls,False,
{F-0017728},08/20/2026 02:00:34,IA0008,PC-1008,17CB66E7.xlsx,False,
{F-0006428},08/20/2026 02:02:34,CA0002,PC-1002,7C1DB820.xlsx,False,
{F-0014780},08/20/2026 02:03:34,GA0006,PC-1006,C516B804.pdf,False,
{F-0021647},08/20/2026 02:04:34,KA0010,PC-1010,E5CAC235.doc,False,
{F-0009329},08/20/2026 02:08:34,DA0003,PC-1003,A6094CFA.doc,False,
{F-0031755},08/20/2026 02:09:34,PA0015,PC-1015,9E043F33.jpg,False,
{F-0027502},08/20/2026 02:10:34,NA0013,PC-1013,2C4621FA.doc,False,
{F-0009343},08/20/2026 02:14:34,DA0003,PC-1003,04F9BEC8.jpg,False,
{F-0023632},08/20/2026 02:16:34,LA0011,PC-1011,54660092.doc,False,
{F-0031763},08/20/2026 02:17:34,PA0015,PC-1015,F1597B77.txt,False,
{F-0019659},08/20/2026 02:20:34,JA0009,PC-1009,43EEADD4.doc,False,
{F-0001045},08/20/2026 02:21:34,AA0000,PC-1000,D2D04EB2.txt,False,
{F-0009327},08/20/2026 02:21:34,DA0003,PC-1003,D7460960.txt,False,
{F-0014778},08/20/2026 02:21:34,GA0006,PC-1006,A36CF584.jpg,False,
{F-0012870},08/20/2026 02:22:34,FA0005,PC-1005,409E45FC.txt,False,
{F-0033263},08/20/2026 02:24:34,QA0016,PC-1016,EB7374EB.txt,False,
{F-0021643},08/20/2026 02:27:34,KA0010,PC-1010,0ADDE92C.txt,False,
{F-0012861},08/20/2026 02:29:34,FA0005,PC-1005,E49F2ABB.pdf,False,
{F-0031758},08/20/2026 02:29:34,PA0015,PC-1015,104E9BC8.xlsx,False,
{F-0023640},08/20/2026 02:30:34,LA0011,PC-1011,3CD8DA55.xlsx,False,
{F-0001052},08/20/2026 02:31:34,AA0000,PC-1000,A7D63603.doc,False,
{F-0016577},08/20/2026 02:33:34,HA0007,PC-1007,77F41703.txt,False,
{F-0017731},08/20/2026 02:39:34,IA0008,PC-1008,D0E9375E.jpg,False,
{F-0012863},08/20/2026 02:43:34,FA0005,PC-1005,0B9A7293.jpg,False,
{F-0017739},08/20/2026 02:44:34,IA0008,PC-1008,9F0B42E4.doc,False,
{F-0012864},08/20/2026 02:45:34,FA0005,PC-1005,5E103A98.pdf,False,
{F-0019655},08/20/2026 02:46:34,JA0009,PC-1009,4E3C2CF0.jpg,False,
{F-0017721},08/20/2026 02:49:34,IA0008,PC-1008,A60572EE.xlsx,False,
{F-0012881},08/20/2026 02:54:34,FA0005,PC-1005,0C6C774D.xls,False,
{F-0012874},08/20/2026 02:55:34,FA0005,PC-1005,4AEBF64D.doc,False,
{F-0023633},08/20/2026 02:55:34,LA0011,PC-1011,763287B4.pdf,False,
{F-0029535},08/20/2026 02:56:34,OA0014,PC-1014,ADAE5747.doc,False,
{F-0023625},08/20/2026 02:58:34,LA0011,PC-1011,4E3CC8C2.txt,False,
{F-0025675},08/20/2026 02:58:34,MA0012,PC-1012,D10B29BC.xlsx,False,
{F-0011538},08/20/2026 02:59:34,EA0004,PC-1004,95B80437.xls,False,
{F-0029536},08/20/2026 03:01:34,OA0014,PC-1014,D452B8A6.xls,False,
{F-0023638},08/20/2026 03:02:34,LA0011,PC-1011,A19AED92.xlsx,False,
{F-0023636},08/20/2026 03:07:34,LA0011,PC-1011,8B673AC3.jpg,False,
{F-0011532},08/20/2026 03:10:34,EA0004,PC-1004,10988B77.xls,False,
{F-0006427},08/20/2026 03:13:34,CA0002,PC-1002,9F448ADB.doc,False,
{F-0021646},08/20/2026 03:18:34,KA0010,PC-1010,ADB38CB0.txt,False,
{F-0006437},08/20/2026 03:22:34,CA0002,PC-1002,88045462.jpg,False,
{F-0023642},08/20/2026 03:22:34,LA0011,PC-1011,68715246.doc,False,
{F-0019653},08/20/2026 03:24:34,JA0009,PC-1009,0AEFE90D.xls,False,
{F-0027499},08/20/2026 03:33:34,NA0013,PC-1013,C7907E49.xls,False,
{F-0006432},08/20/2026 03:38:34,CA0002,PC-1002,87E3439B.txt,False,
{F-0011537},08/20/2026 03:39:34,EA0004,PC-1004,26699A28.pdf,False,
{F-0029547},08/20/2026 03:40:34,OA0014,PC-1014,4ADF79FA.xls,False,
{F-0011539},08/20/2026 03:44:34,EA0004,PC-1004,C3131999.xls,False,
{F-0031764},08/20/2026 03:46:34,PA0015,PC-1015,83C0E13F.xls,False,
{F-0033265},08/20/2026 03:53:34,QA0016,PC-1016,39000B2E.jpg,False,
{F-0034536},08/20/2026 03:53:34,RA0017,PC-1017,94CB1963.xls,False,
{F-0006447},08/20/2026 03:54:34,CA0002,PC-1002,10D13348.xlsx,False,
{F-0029545},08/20/2026 03:54:34,OA0014,PC-1014,2B69D588.xls,False,
{F-0027498},08/20/2026 04:01:34,NA0013,PC-1013,4172025F.jpg,False,
{F-0006450},08/20/2026 04:03:34,CA0002,PC-1002,6C6D3CE0.doc,False,
{F-0025671},08/20/2026 04:18:34,MA0012,PC-1012,39CF8812.xls,False,
{F-0006442},08/20/2026 04:21:34,CA0002,PC-1002,292C14E3.txt,False,
{F-0006453},08/20/2026 04:21:34,CA0002,PC-1002,AC18F829.doc,False,
{F-0012879},08/20/2026 04:24:34,FA0005,PC-1005,F6717F91.xls,False,
{F-0012878},08/20/2026 04:35:34,FA0005,PC-1005,B3402924.xlsx,False,
{F-0033266},08/20/2026 04:54:34,QA0016,PC-1016,D9BC725D.doc,False,
{F-0006429},08/20/2026 04:59:34,CA0002,PC-1002,E7F88A9A.txt,False,
{F-0012865},08/20/2026 05:10:34,FA0005,PC-1005,25B53A7C.pdf,False,
{F-0006423},08/20/2026 05:45:34,CA0002,PC-1002,F809ED54.xls,False,
{F-0006440},08/20/2026 05:46:34,CA0002,PC-1002,52131C96.doc,False,
{F-0006444},08/20/2026 05:50:34,CA0002,PC-1002,0AD49285.doc,False,
{F-0006434},08/20/2026 05:56:34,CA0002,PC-1002,48FF01CC.jpg,False,
{F-0006438},08/20/2026 06:08:34,CA0002,PC-1002,0F026DB7.pdf,False,
{F-0023678},08/20/2026 18:27:34,LA0011,PC-1011,28D29476.doc,False,
{F-0017779},08/20/2026 18:47:34,IA0008,PC-1008,EE44489B.xlsx,False,
{F-0029601},08/20/2026 18:51:34,OA0014,PC-1014,098376A7.jpg,False,
{F-0017781},08/20/2026 19:01:34,IA0008,PC-1008,8D047BD4.doc,False,
{F-0017773},08/20/2026 19:06:34,IA0008,PC-1008,44000038.xlsx,False,
{F-0017771},08/20/2026 19:08:34,IA0008,PC-1008,2C4BB5A2.xlsx,False,
{F-0023676},08/20/2026 19:18:34,LA0011,PC-1011,A9121BF9.doc,False,
{F-0017769},08/20/2026 19:25:34,IA0008,PC-1008,FDF5362C.xlsx,False,
{F-0001102},08/20/2026 19:29:34,AA0000,PC-1000,08885299.doc,False,
{F-0017765},08/20/2026 19:35:34,IA0008,PC-1008,5A5D3988.xlsx,False,
{F-0025717},08/20/2026 19:43:34,MA0012,PC-1012,3864A4EF.xlsx,False,
{F-0003578},08/20/2026 19:47:34,BA0001,PC-1001,462743C2.xls,False,
{F-0014846},08/20/2026 19:47:34,GA0006,PC-1006,00D25191.xls,False,
{F-0021695},08/20/2026 19:48:34,KA0010,PC-1010,A322DBCE.pdf,False,
{F-0009409},08/20/2026 19:55:34,DA0003,PC-1003,8A943D58.pdf,False,
{F-0019698},08/20/2026 19:58:34,JA0009,PC-1009,E0AD9404.doc,False,
{F-0031781},08/20/2026 19:58:34,PA0015,PC-1015,53657202.pdf,False,
{F-0031782},08/20/2026 20:02:34,PA0015,PC-1015,D489113B.xlsx,False,
{F-0025722},08/20/2026 20:04:34,MA0012,PC-1012,26D09AA8.doc,False,
{F-0021696},08/20/2026 20:05:34,KA0010,PC-1010,C60D0287.pdf,False,
{F-0023675},08/20/2026 20:06:34,LA0011,PC-1011,B126FEE7.xlsx,False,
{F-0019689},08/20/2026 20:08:34,JA0009,PC-1009,B736C542.txt,False,
{F-0025712},08/20/2026 20:09:34,MA0012,PC-1012,CFB1FF42.doc,False,
{F-0016602},08/20/2026 20:10:34,HA0007,PC-1007,263E2B8F.doc,False,
{F-0019688},08/20/2026 20:16:34,JA0009,PC-1009,9F6EA333.jpg,False,
{F-0025721},08/20/2026 20:19:34,MA0012,PC-1012,2942CD2A.doc,False,
{F-0006504},08/20/2026 20:21:34,CA0002,PC-1002,4B17E2CE.xls,False,
{F-0027522},08/20/2026 20:22:34,NA0013,PC-1013,4A7DE476.doc,False,
{F-0009406},08/20/2026 20:24:34,DA0003,PC-1003,65FE784B.xls,False,
{F-0003586},08/20/2026 20:29:34,BA0001,PC-1001,F20D0C1B.doc,False,
{F-0029604},08/20/2026 20:32:34,OA0014,PC-1014,7CB8964C.jpg,False,
{F-0021686},08/20/2026 20:33:34,KA0010,PC-1010,5606586E.doc,False,
{F-0023674},08/20/2026 20:33:34,LA0011,PC-1011,8AFDA825.xlsx,False,
{F-0027528},08/20/2026 20:33:34,NA0013,PC-1013,CAEC89EF.doc,False,
{F-0017783},08/20/2026 20:35:34,IA0008,PC-1008,F108392E.xls,False,
{F-0031780},08/20/2026 20:35:34,PA0015,PC-1015,E3E401BC.txt,False,
{F-0023686},08/20/2026 20:38:34,LA0011,PC-1011,AF0C6C3A.doc,False,
{F-0014841},08/20/2026 20:43:34,GA0006,PC-1006,116AD733.jpg,False,
{F-0021681},08/20/2026 20:43:34,KA0010,PC-1010,7ECADAAE.xls,False,
{F-0012909},08/20/2026 20:46:34,FA0005,PC-1005,432E28E2.jpg,False,
{F-0033294},08/20/2026 20:48:34,QA0016,PC-1016,A4F9CAD1.doc,False,
{F-0017780},08/20/2026 20:50:34,IA0008,PC-1008,41D02F9A.pdf,False,
{F-0001104},08/20/2026 20:53:34,AA0000,PC-1000,DE2AA199.xls,False,
{F-0009400},08/20/2026 20:57:34,DA0003,PC-1003,875814F1.jpg,False,
{F-0009404},08/20/2026 20:57:34,DA0003,PC-1003,60B468E0.pdf,False,
{F-0014842},08/20/2026 20:57:34,GA0006,PC-1006,B70506EE.xls,False,
{F-0031788},08/20/2026 21:01:34,PA0015,PC-1015,1E218C3B.pdf,False,
{F-0016599},08/20/2026 21:02:34,HA0007,PC-1007,6DB667B0.jpg,False,
{F-0009412},08/20/2026 21:04:34,DA0003,PC-1003,D0EAD994.xls,False,
{F-0006507},08/20/2026 21:06:34,CA0002,PC-1002,10DE4024.txt,False,
{F-0021685},08/20/2026 21:06:34,KA0010,PC-1010,45A47540.xls,False,
{F-0003585},08/20/2026 21:17:34,BA0001,PC-1001,667EACC8.xls,False,
{F-0023682},08/20/2026 21:18:34,LA0011,PC-1011,94BAD2E0.xls,False,
{F-0019700},08/20/2026 21:20:34,JA0009,PC-1009,B966BE53.xls,False,
{F-0006499},08/20/2026 21:24:34,CA0002,PC-1002,FF219805.jpg,False,
{F-0016600},08/20/2026 21:27:34,HA0007,PC-1007,12499055.txt,False,
{F-0006498},08/20/2026 21:29:34,CA0002,PC-1002,EC1DB95C.txt,False,
{F-0023673},08/20/2026 21:31:34,LA0011,PC-1011,F06DEAD1.xls,False,
{F-0006510},08/20/2026 21:32:34,CA0002,PC-1002,DD6A17AE.xls,False,
{F-0006516},08/20/2026 21:33:34,CA0002,PC-1002,D872C53E.txt,False,
{F-0016597},08/20/2026 21:33:34,HA0007,PC-1007,3F530B6E.txt,False,
{F-0033297},08/20/2026 21:36:34,QA0016,PC-1016,9348A89E.txt,False,
{F-0017787},08/20/2026 21:37:34,IA0008,PC-1008,09D359FA.doc,False,
{F-0009408},08/20/2026 21:38:34,DA0003,PC-1003,4B40E20C.jpg,False,
{F-0017777},08/20/2026 21:38:34,IA0008,PC-1008,EC32A3EE.pdf,False,
{F-0016601},08/20/2026 21:39:34,HA0007,PC-1007,656370DD.doc,False,
{F-0021690},08/20/2026 21:41:34,KA0010,PC-1010,7546BA85.txt,False,
{F-0019704},08/20/2026 21:44:34,JA0009,PC-1009,3AD8B25B.jpg,False,
{F-0019706},08/20/2026 21:48:34,JA0009,PC-1009,FABC705C.doc,False,
{F-0021691},08/20/2026 21:50:34,KA0010,PC-1010,41A1533F.doc,False,
{F-0017776},08/20/2026 21:51:34,IA0008,PC-1008,1D6FEA2C.txt,False,
{F-0027529},08/20/2026 21:52:34,NA0013,PC-1013,1156AEE7.jpg,False,
{F-0009411},08/20/2026 21:59:34,DA0003,PC-1003,0248D34C.pdf,False,
{F-0006495},08/20/2026 22:01:34,CA0002,PC-1002,0CF8975E.txt,False,
{F-0012908},08/20/2026 22:02:34,FA0005,PC-1005,899D7067.jpg,False,
{F-0029603},08/20/2026 22:03:34,OA0014,PC-1014,64248922.xls,False,
{F-0012899},08/20/2026 22:06:34,FA0005,PC-1005,6F19B714.xlsx,False,
{F-0021697},08/20/2026 22:11:34,KA0010,PC-1010,7C61F954.doc,False,
{F-0001100},08/20/2026 22:12:34,AA0000,PC-1000,8875EC3F.txt,False,
{F-0034559},08/20/2026 22:14:34,RA0017,PC-1017,4A67080A.xlsx,False,
{F-0009399},08/20/2026 22:16:34,DA0003,PC-1003,56ADECF0.doc,False,
{F-0017788},08/20/2026 22:20:34,IA0008,PC-1008,1E3FC6FC.xls,False,
{F-0019697},08/20/2026 22:20:34,JA0009,PC-1009,F431CAA3.doc,False,
{F-0003579},08/20/2026 22:22:34,BA0001,PC-1001,8BD34A76.doc,False,
{F-0033299},08/20/2026 22:24:34,QA0016,PC-1016,272806DD.doc,False,
{F-0006502},08/20/2026 22:30:34,CA0002,PC-1002,32B66D9A.jpg,False,
{F-0019691},08/20/2026 22:30:34,JA0009,PC-1009,09ED2B3F.txt,False,
{F-0019694},08/20/2026 22:32:34,JA0009,PC-1009,6EBE1D3F.xls,False,
{F-0014845},08/20/2026 22:34:34,GA0006,PC-1006,8875FE8F.pdf,False,
{F-0009403},08/20/2026 22:36:34,DA0003,PC-1003,10FEBC95.xls,False,
{F-0021680},08/20/2026 22:37:34,KA0010,PC-1010,241DAB86.pdf,False,
{F-0003577},08/20/2026 22:43:34,BA0001,PC-1001,A204BC48.doc,False,
{F-0033295},08/20/2026 22:43:34,QA0016,PC-1016,3AE4B386.txt,False,
{F-0009394},08/20/2026 22:47:34,DA0003,PC-1003,8D2F4DBB.jpg,False,
{F-0023685},08/20/2026 22:49:34,LA0011,PC-1011,1E8F8D1F.doc,False,
{F-0014844},08/20/2026 22:51:34,GA0006,PC-1006,F7280C86.jpg,False,
{F-0021687},08/20/2026 22:51:34,KA0010,PC-1010,454569E5.pdf,False,
{F-0011566},08/20/2026 22:54:34,EA0004,PC-1004,7264035F.doc,False,
{F-0006494},08/20/2026 23:00:34,CA0002,PC-1002,5CE2DB9D.doc,False,
{F-0025713},08/20/2026 23:00:34,MA0012,PC-1012,B5174AB7.pdf,False,
{F-0006482},08/20/2026 23:02:34,CA0002,PC-1002,ED895F48.doc,False,
{F-0019701},08/20/2026 23:02:34,JA0009,PC-1009,9AF1EC60.pdf,False,
{F-0006515},08/20/2026 23:09:34,CA0002,PC-1002,84ECCB33.xlsx,False,
{F-0023684},08/20/2026 23:11:34,LA0011,PC-1011,1E12F221.xls,False,
{F-0017774},08/20/2026 23:12:34,IA0008,PC-1008,67607D8D.xlsx,False,
{F-0019692},08/20/2026 23:14:34,JA0009,PC-1009,86B951F7.txt,False,
{F-0011557},08/20/2026 23:17:34,EA0004,PC-1004,D2F34EAB.pdf,False,
{F-0014850},08/20/2026 23:24:34,GA0006,PC-1006,E1C6D80A.xls,False,
{F-0017782},08/20/2026 23:24:34,IA0008,PC-1008,FC7B205F.doc,False,
{F-0006485},08/20/2026 23:27:34,CA0002,PC-1002,A7CF65E3.doc,False,
{F-0027523},08/20/2026 23:28:34,NA0013,PC-1013,61157C51.doc,False,
{F-0009397},08/20/2026 23:34:34,DA0003,PC-1003,ADEE7704.xlsx,False,
{F-0006505},08/20/2026 23:39:34,CA0002,PC-1002,5C075C4A.txt,False,
{F-0011558},08/20/2026 23:46:34,EA0004,PC-1004,4F1295E0.doc,False,
{F-0027527},08/20/2026 23:48:34,NA0013,PC-1013,D03EF759.doc,False,
{F-0009401},08/20/2026 23:49:34,DA0003,PC-1003,2D0B1A86.txt,False,
{F-0017778},08/20/2026 23:51:34,IA0008,PC-1008,5A1BFA03.doc,False,
{F-0017785},08/20/2026 23:52:34,IA0008,PC-1008,87FA9FB9.doc,False,
{F-0006493},08/20/2026 23:53:34,CA0002,PC-1002,B1B3BC02.jpg,False,
{F-0016603},08/20/2026 23:54:34,HA0007,PC-1007,D7DDC5C3.xlsx,False,
{F-0006496},08/20/2026 23:55:34,CA0002,PC-1002,5A4D25A1.xls,False,
{F-0011564},08/20/2026 23:55:34,EA0004,PC-1004,2AA07156.txt,False,
{F-0031787},08/20/2026 23:55:34,PA0015,PC-1015,DE6CE95A.xls,False,
{F-0003582},08/20/2026 23:56:34,BA0001,PC-1001,600BB8CE.txt,False,
{F-0011567},08/20/2026 23:56:34,EA0004,PC-1004,D36609A7.doc,False,
{F-0014848},08/20/2026 23:56:34,GA0006,PC-1006,40AE1AAF.pdf,False,
{F-0006501},08/21/2026 00:04:34,CA0002,PC-1002,8E22C821.doc,False,
{F-0016596},08/21/2026 00:04:34,HA0007,PC-1007,E8AE7D8B.jpg,False,
{F-0012901},08/21/2026 00:05:34,FA0005,PC-1005,8CF47395.xls,False,
{F-0027524},08/21/2026 00:05:34,NA0013,PC-1013,E8830EE5.xls,False,
{F-0017786},08/21/2026 00:07:34,IA0008,PC-1008,B807A140.xls,False,
{F-0029602},08/21/2026 00:07:34,OA0014,PC-1014,BDD62CF1.jpg,False,
{F-0006492},08/21/2026 00:08:34,CA0002,PC-1002,9A537D1A.xls,False,
{F-0027525},08/21/2026 00:09:34,NA0013,PC-1013,6BBF7B75.txt,False,
{F-0014849},08/21/2026 00:16:34,GA0006,PC-1006,7B7DF203.jpg,False,
{F-0017784},08/21/2026 00:16:34,IA0008,PC-1008,AA57D6E2.xls,False,
{F-0017766},08/21/2026 00:21:34,IA0008,PC-1008,D81BF836.doc,False,
{F-0009396},08/21/2026 00:22:34,DA0003,PC-1003,117DA455.doc,False,
{F-0006509},08/21/2026 00:27:34,CA0002,PC-1002,26589473.txt,False,
{F-0006484},08/21/2026 00:28:34,CA0002,PC-1002,00B6FE53.txt,False,
{F-0009405},08/21/2026 00:33:34,DA0003,PC-1003,DC8E3407.doc,False,
{F-0012905},08/21/2026 00:33:34,FA0005,PC-1005,F9667454.txt,False,
{F-0009395},08/21/2026 00:34:34,DA0003,PC-1003,F0293E8A.doc,False,
{F-0011561},08/21/2026 00:34:34,EA0004,PC-1004,7C09862D.xls,False,
{F-0029606},08/21/2026 00:36:34,OA0014,PC-1014,8C89F5EF.xlsx,False,
{F-0006490},08/21/2026 00:39:34,CA0002,PC-1002,EF0D34BE.xlsx,False,
{F-0031785},08/21/2026 00:43:34,PA0015,PC-1015,5F85593B.txt,False,
{F-0017775},08/21/2026 00:45:34,IA0008,PC-1008,2A8F6AE5.txt,False,
{F-0006517},08/21/2026 00:46:34,CA0002,PC-1002,5BB9C5CF.xlsx,False,
{F-0014839},08/21/2026 00:47:34,GA0006,PC-1006,CEEFC0C4.xls,False,
{F-0017770},08/21/2026 00:50:34,IA0008,PC-1008,D4E65F9E.txt,False,
{F-0017768},08/21/2026 00:53:34,IA0008,PC-1008,C0E6A9B2.pdf,False,
{F-0003583},08/21/2026 00:54:34,BA0001,PC-1001,AE5DC9AD.doc,False,
{F-0006483},08/21/2026 00:56:34,CA0002,PC-1002,23CDD62E.xls,False,
{F-0012898},08/21/2026 00:56:34,FA0005,PC-1005,31606122.pdf,False,
{F-0019690},08/21/2026 00:58:34,JA0009,PC-1009,E92FE0F7.xlsx,False,
{F-0023681},08/21/2026 00:58:34,LA0011,PC-1011,5C0C3921.xls,False,
{F-0027526},08/21/2026 00:59:34,NA0013,PC-1013,B1A20C98.jpg,False,
{F-0001101},08/21/2026 01:03:34,AA0000,PC-1000,57C334FD.doc,False,
{F-0014843},08/21/2026 01:06:34,GA0006,PC-1006,0FF0B4D0.doc,False,
{F-0016604},08/21/2026 01:10:34,HA0007,PC-1007,D234E1B0.xlsx,False,
{F-0017772},08/21/2026 01:10:34,IA0008,PC-1008,18102D09.pdf,False,
{F-0001099},08/21/2026 01:12:34,AA0000,PC-1000,89F7058B.xlsx,False,
{F-0011568},08/21/2026 01:12:34,EA0004,PC-1004,E51F2126.jpg,False,
{F-0017767},08/21/2026 01:14:34,IA0008,PC-1008,C471B826.xlsx,False,
{F-0012903},08/21/2026 01:15:34,FA0005,PC-1005,DE3F57F7.jpg,False,
{F-0009410},08/21/2026 01:17:34,DA0003,PC-1003,FD916AF9.pdf,False,
{F-0021682},08/21/2026 01:19:34,KA0010,PC-1010,780ED043.txt,False,
{F-0019699},08/21/2026 01:20:34,JA0009,PC-1009,C2B15123.doc,False,
{F-0003580},08/21/2026 01:22:34,BA0001,PC-1001,2D6FA589.xls,False,
{F-0006506},08/21/2026 01:23:34,CA0002,PC-1002,5456CF27.doc,False,
{F-0011563},08/21/2026 01:27:34,EA0004,PC-1004,579CC834.pdf,False,
{F-0017764},08/21/2026 01:27:34,IA0008,PC-1008,9DFB0BE1.xlsx,False,
{F-0027521},08/21/2026 01:27:34,NA0013,PC-1013,C6FA69B0.txt,False,
{F-0029598},08/21/2026 01:29:34,OA0014,PC-1014,F84DD806.doc,False,
{F-0019695},08/21/2026 01:30:34,JA0009,PC-1009,1ADD5591.doc,False,
{F-0009398},08/21/2026 01:31:34,DA0003,PC-1003,39A38763.xls,False,
{F-0006513},08/21/2026 01:34:34,CA0002,PC-1002,D0B8AAF6.doc,False,
{F-0021692},08/21/2026 01:34:34,KA0010,PC-1010,475F5688.xlsx,False,
{F-0014840},08/21/2026 01:35:34,GA0006,PC-1006,92797ECB.txt,False,
{F-0019696},08/21/2026 01:35:34,JA0009,PC-1009,FB6A6B76.xls,False,
{F-0016595},08/21/2026 01:37:34,HA0007,PC-1007,B350AFE7.txt,False,
{F-0006489},08/21/2026 01:38:34,CA0002,PC-1002,B5A22309.xlsx,False,
{F-0029597},08/21/2026 01:40:34,OA0014,PC-1014,633E826D.doc,False,
{F-0006491},08/21/2026 01:41:34,CA0002,PC-1002,678F75E0.xlsx,False,
{F-0029600},08/21/2026 01:44:34,OA0014,PC-1014,57D52619.jpg,False,
{F-0019693},08/21/2026 01:45:34,JA0009,PC-1009,27198897.doc,False,
{F-0019707},08/21/2026 01:45:34,JA0009,PC-1009,5AC3C562.txt,False,
{F-0016598},08/21/2026 01:52:34,HA0007,PC-1007,85D80145.doc,False,
{F-0021693},08/21/2026 01:52:34,KA0010,PC-1010,1FAA6C9D.xls,False,
{F-0019703},08/21/2026 01:53:34,JA0009,PC-1009,72A148F9.txt,False,
{F-0019705},08/21/2026 01:54:34,JA0009,PC-1009,1FA8B514.doc,False,
{F-0025715},08/21/2026 01:58:34,MA0012,PC-1012,44B7E64A.doc,False,
{F-0021699},08/21/2026 02:01:34,KA0010,PC-1010,FF902785.doc,False,
{F-0012900},08/21/2026 02:06:34,FA0005,PC-1005,997B2A20.jpg,False,
{F-0014847},08/21/2026 02:08:34,GA0006,PC-1006,191FE125.xlsx,False,
{F-0029599},08/21/2026 02:08:34,OA0014,PC-1014,5CE979C6.doc,False,
{F-0011565},08/21/2026 02:13:34,EA0004,PC-1004,CFDFB593.pdf,False,
{F-0021689},08/21/2026 02:15:34,KA0010,PC-1010,A9E79549.xlsx,False,
{F-0017763},08/21/2026 02:16:34,IA0008,PC-1008,78879F69.pdf,False,
{F-0033296},08/21/2026 02:16:34,QA0016,PC-1016,95AC312D.pdf,False,
{F-0001103},08/21/2026 02:18:34,AA0000,PC-1000,E53B4A30.doc,False,
{F-0033300},08/21/2026 02:33:34,QA0016,PC-1016,C191F63B.doc,False,
{F-0021694},08/21/2026 02:34:34,KA0010,PC-1010,8B8292DC.doc,False,
{F-0019702},08/21/2026 02:35:34,JA0009,PC-1009,40A355FC.doc,False,
{F-0031779},08/21/2026 02:37:34,PA0015,PC-1015,AE3429B7.xlsx,False,
{F-0033298},08/21/2026 02:38:34,QA0016,PC-1016,F536D85A.doc,False,
{F-0009407},08/21/2026 02:39:34,DA0003,PC-1003,256AECD7.xls,False,
{F-0001097},08/21/2026 02:40:34,AA0000,PC-1000,0BCB03D8.jpg,False,
{F-0025714},08/21/2026 02:40:34,MA0012,PC-1012,7BE4F6A7.doc,False,
{F-0029605},08/21/2026 02:40:34,OA0014,PC-1014,406AAC89.xls,False,
{F-0009402},08/21/2026 02:44:34,DA0003,PC-1003,D25D21A8.doc,False,
{F-0006488},08/21/2026 02:46:34,CA0002,PC-1002,85A1E1F0.doc,False,
{F-0021700},08/21/2026 02:48:34,KA0010,PC-1010,9F8CCC55.xlsx,False,
{F-0025718},08/21/2026 02:50:34,MA0012,PC-1012,DB0DB8A0.xls,False,
{F-0021688},08/21/2026 02:52:34,KA0010,PC-1010,E0958261.xls,False,
{F-0016594},08/21/2026 02:54:34,HA0007,PC-1007,90B120FB.jpg,False,
{F-0006514},08/21/2026 02:57:34,CA0002,PC-1002,28201919.doc,False,
{F-0009413},08/21/2026 03:01:34,DA0003,PC-1003,1DFBA2F6.doc,False,
{F-0012906},08/21/2026 03:01:34,FA0005,PC-1005,5E2BFA84.doc,False,
{F-0031784},08/21/2026 03:02:34,PA0015,PC-1015,4E51DC7B.txt,False,
{F-0021683},08/21/2026 03:04:34,KA0010,PC-1010,4D7531FB.txt,False,
{F-0025720},08/21/2026 03:04:34,MA0012,PC-1012,E7BB03EA.doc,False,
{F-0023680},08/21/2026 03:05:34,LA0011,PC-1011,ED79CD11.txt,False,
{F-0006486},08/21/2026 03:06:34,CA0002,PC-1002,DEA5C0CD.jpg,False,
{F-0003584},08/21/2026 03:10:34,BA0001,PC-1001,6B43B26E.pdf,False,
{F-0025719},08/21/2026 03:17:34,MA0012,PC-1012,9A6EF424.doc,False,
{F-0023679},08/21/2026 03:23:34,LA0011,PC-1011,106DA465.txt,False,
{F-0025716},08/21/2026 03:24:34,MA0012,PC-1012,31CDB924.txt,False,
{F-0011560},08/21/2026 03:31:34,EA0004,PC-1004,B0E5D197.xlsx,False,
{F-0011562},08/21/2026 03:34:34,EA0004,PC-1004,C6F90695.doc,False,
{F-0021698},08/21/2026 03:37:34,KA0010,PC-1010,DF6ADCA4.jpg,False,
{F-0001098},08/21/2026 03:39:34,AA0000,PC-1000,D4597F69.doc,False,
{F-0031783},08/21/2026 03:44:34,PA0015,PC-1015,5E82F71C.doc,False,
{F-0011559},08/21/2026 03:45:34,EA0004,PC-1004,8002A896.jpg,False,
{F-0023683},08/21/2026 03:46:34,LA0011,PC-1011,388D9D16.doc,False,
{F-0006511},08/21/2026 03:47:34,CA0002,PC-1002,A546582D.pdf,False,
{F-0031786},08/21/2026 03:47:34,PA0015,PC-1015,DCBEB635.xls,False,
{F-0003581},08/21/2026 03:50:34,BA0001,PC-1001,43D13895.pdf,False,
{F-0033301},08/21/2026 03:52:34,QA0016,PC-1016,BEB02223.doc,False,
{F-0023677},08/21/2026 04:04:34,LA0011,PC-1011,8B1ACE39.xlsx,False,
{F-0012897},08/21/2026 04:14:34,FA0005,PC-1005,CB4FEFE1.txt,False,
{F-0006508},08/21/2026 04:20:34,CA0002,PC-1002,B35437DB.doc,False,
{F-0006503},08/21/2026 04:22:34,CA0002,PC-1002,194C7122.pdf,False,
{F-0021684},08/21/2026 04:22:34,KA0010,PC-1010,A0B74C4C.doc,False,
{F-0012902},08/21/2026 04:23:34,FA0005,PC-1005,A704B689.xls,False,
{F-0027519},08/21/2026 04:26:34,NA0013,PC-1013,60AB679B.xls,False,
{F-0034558},08/21/2026 04:48:34,RA0017,PC-1017,083F89E5.xls,False,
{F-0006487},08/21/2026 04:51:34,CA0002,PC-1002,ACF4E7D1.doc,False,
{F-0006497},08/21/2026 04:52:34,CA0002,PC-1002,CEC111E0.jpg,False,
{F-0027520},08/21/2026 04:58:34,NA0013,PC-1013,4E2CEE19.xlsx,False,
{F-0006500},08/21/2026 05:00:34,CA0002,PC-1002,03282B9F.xls,False,
{F-0006512},08/21/2026 05:10:34,CA0002,PC-1002,2B026845.txt,False,
{F-0012907},08/21/2026 05:28:34,FA0005,PC-1005,97B9A814.xls,False,
{F-0012910},08/21/2026 05:43:34,FA0005,PC-1005,2698C2C1.txt,False,
{F-0012904},08/21/2026 05:45:34,FA0005,PC-1005,26067219.xls,False,
{F-0029667},08/23/2026 18:50:34,OA0014,PC-1014,32090689.xlsx,False,
{F-0017820},08/23/2026 18:53:34,IA0008,PC-1008,D3E6EE0D.pdf,False,
{F-0017816},08/23/2026 18:59:34,IA0008,PC-1008,473BB2B3.txt,False,
{F-0027560},08/23/2026 19:03:34,NA0013,PC-1013,D142F695.xls,False,
{F-0017819},08/23/2026 19:19:34,IA0008,PC-1008,9592B203.xlsx,False,
{F-0023716},08/23/2026 19:19:34,LA0011,PC-1011,148C67EC.doc,False,
{F-0023719},08/23/2026 19:25:34,LA0011,PC-1011,1629A06A.jpg,False,
{F-0016625},08/23/2026 19:36:34,HA0007,PC-1007,DEFF9FB8.txt,False,
{F-0023725},08/23/2026 19:42:34,LA0011,PC-1011,4730CD7D.xlsx,False,
{F-0001150},08/23/2026 19:49:34,AA0000,PC-1000,C8256AFF.pdf,False,
{F-0023718},08/23/2026 19:50:34,LA0011,PC-1011,273B54A6.doc,False,
{F-0017811},08/23/2026 19:51:34,IA0008,PC-1008,8737A312.jpg,False,
{F-0009464},08/23/2026 19:54:34,DA0003,PC-1003,55842C94.xls,False,
{F-0003654},08/23/2026 19:59:34,BA0001,PC-1001,FBF8E980.jpg,False,
{F-0014889},08/23/2026 19:59:34,GA0006,PC-1006,F1121FB1.txt,False,
{F-0016629},08/23/2026 20:07:34,HA0007,PC-1007,CDFCEEED.doc,False,
{F-0014883},08/23/2026 20:09:34,GA0006,PC-1006,AE5AB098.xls,False,
{F-0009455},08/23/2026 20:20:34,DA0003,PC-1003,C211343D.jpg,False,
{F-0016627},08/23/2026 20:23:34,HA0007,PC-1007,ABF0FD02.jpg,False,
{F-0001153},08/23/2026 20:25:34,AA0000,PC-1000,B0F5AA49.doc,False,
{F-0016626},08/23/2026 20:25:34,HA0007,PC-1007,B14E946E.doc,False,
{F-0016630},08/23/2026 20:27:34,HA0007,PC-1007,1593D2A8.doc,False,
{F-0031827},08/23/2026 20:29:34,PA0015,PC-1015,E2359C44.doc,False,
{F-0021747},08/23/2026 20:34:34,KA0010,PC-1010,DD17314A.txt,False,
{F-0009453},08/23/2026 20:35:34,DA0003,PC-1003,A7CDC705.doc,False,
{F-0023710},08/23/2026 20:37:34,LA0011,PC-1011,6E1F3596.pdf,False,
{F-0012928},08/23/2026 20:38:34,FA0005,PC-1005,46190AF3.pdf,False,
{F-0012924},08/23/2026 20:40:34,FA0005,PC-1005,5A591D07.xlsx,False,
{F-0031822},08/23/2026 20:42:34,PA0015,PC-1015,740ED6AE.jpg,False,
{F-0023728},08/23/2026 20:44:34,LA0011,PC-1011,2781D99D.xls,False,
{F-0009461},08/23/2026 20:46:34,DA0003,PC-1003,EC97DF19.doc,False,
{F-0019759},08/23/2026 20:50:34,JA0009,PC-1009,19664247.doc,False,
{F-0023709},08/23/2026 20:51:34,LA0011,PC-1011,8EBC7662.txt,False,
{F-0009466},08/23/2026 20:52:34,DA0003,PC-1003,154D3B4A.pdf,False,
{F-0014884},08/23/2026 20:53:34,GA0006,PC-1006,189F3A25.xlsx,False,
{F-0021745},08/23/2026 20:53:34,KA0010,PC-1010,7323D468.jpg,False,
{F-0031825},08/23/2026 21:04:34,PA0015,PC-1015,4DEB49D3.doc,False,
{F-0027556},08/23/2026 21:09:34,NA0013,PC-1013,35D7955B.doc,False,
{F-0006557},08/23/2026 21:11:34,CA0002,PC-1002,7B1AC46B.xlsx,False,
{F-0029661},08/23/2026 21:16:34,OA0014,PC-1014,7FC7B065.jpg,False,
{F-0016628},08/23/2026 21:17:34,HA0007,PC-1007,531B402E.pdf,False,
{F-0006546},08/23/2026 21:18:34,CA0002,PC-1002,4C77EB13.pdf,False,
{F-0003660},08/23/2026 21:19:34,BA0001,PC-1001,BCA9987F.txt,False,
{F-0029654},08/23/2026 21:20:34,OA0014,PC-1014,14522032.pdf,False,
{F-0003649},08/23/2026 21:21:34,BA0001,PC-1001,B6B81D8D.doc,False,
{F-0016622},08/23/2026 21:22:34,HA0007,PC-1007,3AEA9119.xls,False,
{F-0011593},08/23/2026 21:24:34,EA0004,PC-1004,82D01DF0.doc,False,
{F-0012931},08/23/2026 21:25:34,FA0005,PC-1005,98ED934A.doc,False,
{F-0011586},08/23/2026 21:30:34,EA0004,PC-1004,E51D5FA7.doc,False,
{F-0017812},08/23/2026 21:30:34,IA0008,PC-1008,C49FCD30.xlsx,False,
{F-0003657},08/23/2026 21:35:34,BA0001,PC-1001,783E0C08.pdf,False,
{F-0021741},08/23/2026 21:35:34,KA0010,PC-1010,CDEBDAE9.txt,False,
{F-0017818},08/23/2026 21:42:34,IA0008,PC-1008,596FF6CB.doc,False,
{F-0003646},08/23/2026 21:43:34,BA0001,PC-1001,C0C80329.xls,False,
{F-0019755},08/23/2026 21:43:34,JA0009,PC-1009,FB60934D.jpg,False,
{F-0029656},08/23/2026 21:44:34,OA0014,PC-1014,6722C806.doc,False,
{F-0006562},08/23/2026 21:45:34,CA0002,PC-1002,42CBE30C.pdf,False,
{F-0006551},08/23/2026 21:46:34,CA0002,PC-1002,C594AAED.xlsx,False,
{F-0021746},08/23/2026 21:57:34,KA0010,PC-1010,E42C39A5.doc,False,
{F-0017813},08/23/2026 21:58:34,IA0008,PC-1008,3CFD5139.jpg,False,
{F-0023727},08/23/2026 22:01:34,LA0011,PC-1011,220C87F0.txt,False,
{F-0012937},08/23/2026 22:09:34,FA0005,PC-1005,F4F2E6E2.doc,False,
{F-0019758},08/23/2026 22:13:34,JA0009,PC-1009,11F8A27C.txt,False,
{F-0014891},08/23/2026 22:14:34,GA0006,PC-1006,D4344686.pdf,False,
{F-0023711},08/23/2026 22:18:34,LA0011,PC-1011,66D97CD2.jpg,False,
{F-0031824},08/23/2026 22:19:34,PA0015,PC-1015,668B5C8A.jpg,False,
{F-0011584},08/23/2026 22:21:34,EA0004,PC-1004,26DDFD2F.doc,False,
{F-0006570},08/23/2026 22:22:34,CA0002,PC-1002,E00BF1AF.doc,False,
{F-0034584},08/23/2026 22:22:34,RA0017,PC-1017,892137EA.pdf,False,
{F-0017815},08/23/2026 22:23:34,IA0008,PC-1008,CD9DC957.txt,False,
{F-0033335},08/23/2026 22:23:34,QA0016,PC-1016,A5BC7E7E.xls,False,
{F-0012929},08/23/2026 22:26:34,FA0005,PC-1005,DF9821CD.jpg,False,
{F-0029668},08/23/2026 22:27:34,OA0014,PC-1014,C45A986D.xlsx,False,
{F-0006549},08/23/2026 22:29:34,CA0002,PC-1002,70F0ABA7.xls,False,
{F-0009458},08/23/2026 22:31:34,DA0003,PC-1003,112A3328.doc,False,
{F-0012936},08/23/2026 22:31:34,FA0005,PC-1005,60E5D686.txt,False,
{F-0003651},08/23/2026 22:32:34,BA0001,PC-1001,29618B11.doc,False,
{F-0006563},08/23/2026 22:33:34,CA0002,PC-1002,C4568F28.txt,False,
{F-0029662},08/23/2026 22:39:34,OA0014,PC-1014,7F575DC0.doc,False,
{F-0019754},08/23/2026 22:40:34,JA0009,PC-1009,A130CE34.xls,False,
{F-0034582},08/23/2026 22:45:34,RA0017,PC-1017,1D02F398.xls,False,
{F-0027558},08/23/2026 22:48:34,NA0013,PC-1013,FD29051A.doc,False,
{F-0029660},08/23/2026 22:54:34,OA0014,PC-1014,2F1C9E06.jpg,False,
{F-0029659},08/23/2026 22:55:34,OA0014,PC-1014,626F1355.doc,False,
{F-0017822},08/23/2026 22:58:34,IA0008,PC-1008,C57589C6.txt,False,
{F-0033337},08/23/2026 23:06:34,QA0016,PC-1016,FB053A60.xls,False,
{F-0017807},08/23/2026 23:10:34,IA0008,PC-1008,DADE09C9.doc,False,
{F-0014890},08/23/2026 23:14:34,GA0006,PC-1006,6F3D53A7.xls,False,
{F-0029657},08/23/2026 23:15:34,OA0014,PC-1014,11C826B0.doc,False,
{F-0016624},08/23/2026 23:20:34,HA0007,PC-1007,C1CCE48F.jpg,False,
{F-0031830},08/23/2026 23:20:34,PA0015,PC-1015,5084132E.xlsx,False,
{F-0006555},08/23/2026 23:25:34,CA0002,PC-1002,E0FAD518.txt,False,
{F-0012935},08/23/2026 23:30:34,FA0005,PC-1005,0F0E26A8.pdf,False,
{F-0006554},08/23/2026 23:36:34,CA0002,PC-1002,27DD8855.xls,False,
{F-0023717},08/23/2026 23:38:34,LA0011,PC-1011,6FA1B73B.xls,False,
{F-0006564},08/23/2026 23:39:34,CA0002,PC-1002,3F91CFA9.txt,False,
{F-0029653},08/23/2026 23:42:34,OA0014,PC-1014,601187AB.pdf,False,
{F-0006556},08/23/2026 23:43:34,CA0002,PC-1002,F6C8917B.jpg,False,
{F-0001154},08/23/2026 23:44:34,AA0000,PC-1000,D77DC68E.xlsx,False,
{F-0029666},08/23/2026 23:45:34,OA0014,PC-1014,507B8A56.xlsx,False,
{F-0016621},08/23/2026 23:46:34,HA0007,PC-1007,11B2E26C.xlsx,False,
{F-0011585},08/23/2026 23:50:34,EA0004,PC-1004,718E822D.xls,False,
{F-0033333},08/23/2026 23:51:34,QA0016,PC-1016,4595FB66.xlsx,False,
{F-0009454},08/23/2026 23:57:34,DA0003,PC-1003,421224A2.doc,False,
{F-0023714},08/23/2026 23:57:34,LA0011,PC-1011,039F4F62.doc,False,
{F-0033334},08/24/2026 00:00:34,QA0016,PC-1016,615B55E4.txt,False,
{F-0023726},08/24/2026 00:01:34,LA0011,PC-1011,FAC6B426.jpg,False,
{F-0021744},08/24/2026 00:03:34,KA0010,PC-1010,8B2197E9.jpg,False,
{F-0003656},08/24/2026 00:04:34,BA0001,PC-1001,1D61E10E.xlsx,False,
{F-0009465},08/24/2026 00:04:34,DA0003,PC-1003,9335F8F3.txt,False,
{F-0012926},08/24/2026 00:04:34,FA0005,PC-1005,90BEC1C5.jpg,False,
{F-0019762},08/24/2026 00:04:34,JA0009,PC-1009,16547122.doc,False,
{F-0029655},08/24/2026 00:10:34,OA0014,PC-1014,ACA70994.txt,False,
{F-0031828},08/24/2026 00:14:34,PA0015,PC-1015,F5DBF25B.jpg,False,
{F-0021752},08/24/2026 00:15:34,KA0010,PC-1010,D6E08530.pdf,False,
{F-0029664},08/24/2026 00:18:34,OA0014,PC-1014,D0E40264.xls,False,
{F-0009462},08/24/2026 00:20:34,DA0003,PC-1003,8506D8CD.jpg,False,
{F-0027559},08/24/2026 00:25:34,NA0013,PC-1013,E3CA2DD9.xlsx,False,
{F-0006565},08/24/2026 00:26:34,CA0002,PC-1002,C0B2E065.xls,False,
{F-0009460},08/24/2026 00:26:34,DA0003,PC-1003,B60192FE.xlsx,False,
{F-0012925},08/24/2026 00:26:34,FA0005,PC-1005,31A8B480.xlsx,False,
{F-0017821},08/24/2026 00:30:34,IA0008,PC-1008,4CF52FB0.doc,False,
{F-0003655},08/24/2026 00:44:34,BA0001,PC-1001,73B6F71E.doc,False,
{F-0012927},08/24/2026 00:44:34,FA0005,PC-1005,E2D07DA7.doc,False,
{F-0003647},08/24/2026 00:52:34,BA0001,PC-1001,F6333466.doc,False,
{F-0021742},08/24/2026 00:53:34,KA0010,PC-1010,F0A8D9ED.xlsx,False,
{F-0029658},08/24/2026 00:57:34,OA0014,PC-1014,1E0171B8.pdf,False,
{F-0011589},08/24/2026 00:59:34,EA0004,PC-1004,B0E0E83F.xls,False,
{F-0009459},08/24/2026 01:02:34,DA0003,PC-1003,F643B182.pdf,False,
{F-0001149},08/24/2026 01:06:34,AA0000,PC-1000,357DAB12.pdf,False,
{F-0031823},08/24/2026 01:08:34,PA0015,PC-1015,BBB17022.doc,False,
{F-0023720},08/24/2026 01:10:34,LA0011,PC-1011,CA9EA779.txt,False,
{F-0023729},08/24/2026 01:11:34,LA0011,PC-1011,D34E1503.doc,False,
{F-0011591},08/24/2026 01:14:34,EA0004,PC-1004,3C82FF20.doc,False,
{F-0029663},08/24/2026 01:17:34,OA0014,PC-1014,EB07334E.txt,False,
{F-0003659},08/24/2026 01:22:34,BA0001,PC-1001,60F0E6AA.doc,False,
{F-0027557},08/24/2026 01:27:34,NA0013,PC-1013,0FB29B84.txt,False,
{F-0006571},08/24/2026 01:30:34,CA0002,PC-1002,7F096DAF.doc,False,
{F-0014887},08/24/2026 01:33:34,GA0006,PC-1006,65937C60.jpg,False,
{F-0033339},08/24/2026 01:38:34,QA0016,PC-1016,95E9F7B4.xlsx,False,
{F-0003652},08/24/2026 01:39:34,BA0001,PC-1001,51D8673E.txt,False,
{F-0014881},08/24/2026 01:45:34,GA0006,PC-1006,A82C682A.txt,False,
{F-0019763},08/24/2026 01:47:34,JA0009,PC-1009,72A006FA.xls,False,
{F-0011587},08/24/2026 01:51:34,EA0004,PC-1004,F854F1B6.doc,False,
{F-0021740},08/24/2026 01:52:34,KA0010,PC-1010,EC73F249.doc,False,
{F-0009463},08/24/2026 02:00:34,DA0003,PC-1003,F14C89C1.doc,False,
{F-0014886},08/24/2026 02:00:34,GA0006,PC-1006,545C0071.doc,False,
{F-0027555},08/24/2026 02:05:34,NA0013,PC-1013,5B822C91.jpg,False,
{F-0014885},08/24/2026 02:06:34,GA0006,PC-1006,E13FAED9.xlsx,False,
{F-0014882},08/24/2026 02:07:34,GA0006,PC-1006,61DB32CC.txt,False,
{F-0019760},08/24/2026 02:07:34,JA0009,PC-1009,EA1868C7.xls,False,
{F-0023715},08/24/2026 02:08:34,LA0011,PC-1011,841AD625.doc,False,
{F-0019761},08/24/2026 02:09:34,JA0009,PC-1009,E8FC2EEA.txt,False,
{F-0023724},08/24/2026 02:09:34,LA0011,PC-1011,1AA60D1B.xls,False,
{F-0021750},08/24/2026 02:10:34,KA0010,PC-1010,06BB4D80.jpg,False,
{F-0023723},08/24/2026 02:10:34,LA0011,PC-1011,52920B28.jpg,False,
{F-0011592},08/24/2026 02:12:34,EA0004,PC-1004,0E02586F.jpg,False,
{F-0017808},08/24/2026 02:13:34,IA0008,PC-1008,88ADD599.pdf,False,
{F-0021739},08/24/2026 02:13:34,KA0010,PC-1010,A2C4C586.pdf,False,
{F-0017817},08/24/2026 02:14:34,IA0008,PC-1008,D39E9D39.txt,False,
{F-0011590},08/24/2026 02:19:34,EA0004,PC-1004,6209590E.doc,False,
{F-0019756},08/24/2026 02:19:34,JA0009,PC-1009,52F3534B.xlsx,False,
{F-0031826},08/24/2026 02:19:34,PA0015,PC-1015,28484F3F.xls,False,
{F-0009452},08/24/2026 02:21:34,DA0003,PC-1003,54F32EA5.pdf,False,
{F-0031829},08/24/2026 02:24:34,PA0015,PC-1015,1B54E6B6.txt,False,
{F-0019764},08/24/2026 02:26:34,JA0009,PC-1009,1CE02ABF.doc,False,
{F-0003645},08/24/2026 02:32:34,BA0001,PC-1001,C89744D3.doc,False,
{F-0019757},08/24/2026 02:32:34,JA0009,PC-1009,792E5D9A.doc,False,
{F-0034585},08/24/2026 02:35:34,RA0017,PC-1017,866E95DB.xlsx,False,
{F-0017810},08/24/2026 02:39:34,IA0008,PC-1008,A23FC623.doc,False,
{F-0023712},08/24/2026 02:43:34,LA0011,PC-1011,FF88E334.xls,False,
{F-0009456},08/24/2026 02:45:34,DA0003,PC-1003,E8EEDC2C.xls,False,
{F-0021751},08/24/2026 02:45:34,KA0010,PC-1010,D81F62C9.pdf,False,
{F-0014888},08/24/2026 02:52:34,GA0006,PC-1006,BA76DA3F.xlsx,False,
{F-0006560},08/24/2026 03:01:34,CA0002,PC-1002,DDB4D53F.xls,False,
{F-0001148},08/24/2026 03:02:34,AA0000,PC-1000,4203316E.pdf,False,
{F-0016623},08/24/2026 03:04:34,HA0007,PC-1007,9109F24C.doc,False,
{F-0019753},08/24/2026 03:04:34,JA0009,PC-1009,6492E49D.xls,False,
{F-0009457},08/24/2026 03:05:34,DA0003,PC-1003,BBA3B586.doc,False,
{F-0017809},08/24/2026 03:05:34,IA0008,PC-1008,55DB27E4.xls,False,
{F-0029665},08/24/2026 03:05:34,OA0014,PC-1014,DCBE35CE.pdf,False,
{F-0017814},08/24/2026 03:08:34,IA0008,PC-1008,3E6A9681.doc,False,
{F-0019752},08/24/2026 03:09:34,JA0009,PC-1009,621355E5.doc,False,
{F-0023722},08/24/2026 03:18:34,LA0011,PC-1011,8996F8E0.jpg,False,
{F-0006552},08/24/2026 03:23:34,CA0002,PC-1002,697C1EC3.pdf,False,
{F-0033336},08/24/2026 03:29:34,QA0016,PC-1016,D794118A.pdf,False,
{F-0011588},08/24/2026 03:36:34,EA0004,PC-1004,0139BF47.xls,False,
{F-0014892},08/24/2026 03:38:34,GA0006,PC-1006,FC21095A.txt,False,
{F-0006567},08/24/2026 03:40:34,CA0002,PC-1002,F0D62E65.txt,False,
{F-0006569},08/24/2026 03:44:34,CA0002,PC-1002,9A6CF34E.txt,False,
{F-0001152},08/24/2026 03:45:34,AA0000,PC-1000,055A3D66.txt,False,
{F-0003661},08/24/2026 03:52:34,BA0001,PC-1001,445E4B31.xlsx,False,
{F-0021743},08/24/2026 03:55:34,KA0010,PC-1010,55CAAE22.doc,False,
{F-0006547},08/24/2026 03:59:34,CA0002,PC-1002,24345B93.pdf,False,
{F-0023713},08/24/2026 04:01:34,LA0011,PC-1011,5699E3B8.jpg,False,
{F-0023721},08/24/2026 04:01:34,LA0011,PC-1011,9DEC539F.jpg,False,
{F-0006566},08/24/2026 04:05:34,CA0002,PC-1002,328B94F9.doc,False,
{F-0003648},08/24/2026 04:17:34,BA0001,PC-1001,4C36EB55.txt,False,
{F-0021749},08/24/2026 04:22:34,KA0010,PC-1010,47F2FCF9.pdf,False,
{F-0033338},08/24/2026 04:27:34,QA0016,PC-1016,785B4738.doc,False,
{F-0003658},08/24/2026 04:35:34,BA0001,PC-1001,EF2759B2.xlsx,False,
{F-0003653},08/24/2026 04:39:34,BA0001,PC-1001,C54E0258.txt,False,
{F-0001151},08/24/2026 04:42:34,AA0000,PC-1000,06348B8A.doc,False,
{F-0003650},08/24/2026 04:44:34,BA0001,PC-1001,0770FBBE.txt,False,
{F-0034583},08/24/2026 04:46:34,RA0017,PC-1017,C25742F0.xlsx,False,
{F-0012930},08/24/2026 04:49:34,FA0005,PC-1005,9CF88C29.jpg,False,
{F-0012933},08/24/2026 04:50:34,FA0005,PC-1005,DAB60ECB.xlsx,False,
{F-0021748},08/24/2026 04:50:34,KA0010,PC-1010,1036FF7F.doc,False,
{F-0006550},08/24/2026 04:55:34,CA0002,PC-1002,4C5D9029.pdf,False,
{F-0012934},08/24/2026 04:58:34,FA0005,PC-1005,759150AC.xls,False,
{F-0006559},08/24/2026 05:10:34,CA0002,PC-1002,0E3DB3BE.doc,False,
{F-0034581},08/24/2026 05:12:34,RA0017,PC-1017,3FAAD076.doc,False,
{F-0006558},08/24/2026 05:15:34,CA0002,PC-1002,215ED7A9.txt,False,
{F-0012932},08/24/2026 05:23:34,FA0005,PC-1005,0D9511B0.txt,False,
{F-0006553},08/24/2026 05:35:34,CA0002,PC-1002,8740C114.txt,False,
{F-0006568},08/24/2026 05:58:34,CA0002,PC-1002,DEBE732B.pdf,False,
{F-0006561},08/24/2026 05:59:34,CA0002,PC-1002,7857CB04.pdf,False,
{F-0006548},08/24/2026 06:23:34,CA0002,PC-1002,4683A0AF.jpg,False,
{F-0017853},08/24/2026 18:36:34,IA0008,PC-1008,3FAC70A6.txt,False,
{F-0009545},08/24/2026 19:16:34,DA0003,PC-1003,50C12F24.doc,False,
{F-0027590},08/24/2026 19:21:34,NA0013,PC-1013,A0662EBC.txt,False,
{F-0009547},08/24/2026 19:22:34,DA0003,PC-1003,B3C8693B.pdf,False,
{F-0023773},08/24/2026 19:22:34,LA0011,PC-1011,99406797.jpg,False,
{F-0009539},08/24/2026 19:24:34,DA0003,PC-1003,F2053CF1.pdf,False,
{F-0025769},08/24/2026 19:24:34,MA0012,PC-1012,C05B99F3.xls,False,
{F-0001211},08/24/2026 19:29:34,AA0000,PC-1000,ED7825FA.xls,False,
{F-0025764},08/24/2026 19:29:34,MA0012,PC-1012,07C1AD93.txt,False,
{F-0023777},08/24/2026 19:31:34,LA0011,PC-1011,10F9764D.pdf,False,
{F-0023781},08/24/2026 19:37:34,LA0011,PC-1011,B5D7A06D.jpg,False,
{F-0017851},08/24/2026 19:48:34,IA0008,PC-1008,16851D69.jpg,False,
{F-0003734},08/24/2026 19:54:34,BA0001,PC-1001,4555DAB8.txt,False,
{F-0023774},08/24/2026 19:55:34,LA0011,PC-1011,47F48520.pdf,False,
{F-0009549},08/24/2026 19:56:34,DA0003,PC-1003,E045E132.xls,False,
{F-0029737},08/24/2026 19:57:34,OA0014,PC-1014,7D5E2109.doc,False,
{F-0003739},08/24/2026 19:59:34,BA0001,PC-1001,7CB0B2D3.xlsx,False,
{F-0021782},08/24/2026 20:00:34,KA0010,PC-1010,F212D536.pdf,False,
{F-0019804},08/24/2026 20:04:34,JA0009,PC-1009,FD38ADEC.txt,False,
{F-0019809},08/24/2026 20:06:34,JA0009,PC-1009,32405D29.xlsx,False,
{F-0001213},08/24/2026 20:07:34,AA0000,PC-1000,825AE365.txt,False,
{F-0019801},08/24/2026 20:08:34,JA0009,PC-1009,9809F1A6.doc,False,
{F-0011613},08/24/2026 20:14:34,EA0004,PC-1004,5D17453A.doc,False,
{F-0001216},08/24/2026 20:16:34,AA0000,PC-1000,0C958137.doc,False,
{F-0006612},08/24/2026 20:27:34,CA0002,PC-1002,26E8E8C6.xlsx,False,
{F-0009540},08/24/2026 20:28:34,DA0003,PC-1003,FA760B83.doc,False,
{F-0003723},08/24/2026 20:32:34,BA0001,PC-1001,3AC64AF4.jpg,False,
{F-0006609},08/24/2026 20:34:34,CA0002,PC-1002,024C3CC1.jpg,False,
{F-0001218},08/24/2026 20:35:34,AA0000,PC-1000,AB9D2C78.txt,False,
{F-0009551},08/24/2026 20:35:34,DA0003,PC-1003,4DF5ED44.doc,False,
{F-0006622},08/24/2026 20:36:34,CA0002,PC-1002,171765F6.txt,False,
{F-0029734},08/24/2026 20:36:34,OA0014,PC-1014,52295289.txt,False,
{F-0031871},08/24/2026 20:47:34,PA0015,PC-1015,6BC758B8.doc,False,
{F-0003737},08/24/2026 20:52:34,BA0001,PC-1001,18E725E2.xlsx,False,
{F-0003731},08/24/2026 20:58:34,BA0001,PC-1001,8F2E02E3.doc,False,
{F-0031866},08/24/2026 21:01:34,PA0015,PC-1015,4E907FEF.pdf,False,
{F-0017876},08/24/2026 21:03:34,IA0008,PC-1008,5BB2A302.doc,False,
{F-0016654},08/24/2026 21:05:34,HA0007,PC-1007,7CFE9660.jpg,False,
{F-0021786},08/24/2026 21:05:34,KA0010,PC-1010,9C615EB5.pdf,False,
{F-0001217},08/24/2026 21:06:34,AA0000,PC-1000,0334E5BD.pdf,False,
{F-0006615},08/24/2026 21:10:34,CA0002,PC-1002,1D1314C6.txt,False,
{F-0006616},08/24/2026 21:10:34,CA0002,PC-1002,C7584F09.xls,False,
{F-0023762},08/24/2026 21:15:34,LA0011,PC-1011,86F76D62.xls,False,
{F-0021783},08/24/2026 21:16:34,KA0010,PC-1010,720F9C87.jpg,False,
{F-0016658},08/24/2026 21:17:34,HA0007,PC-1007,EE4B0C67.txt,False,
{F-0019806},08/24/2026 21:17:34,JA0009,PC-1009,0E0CBCC8.doc,False,
{F-0017860},08/24/2026 21:18:34,IA0008,PC-1008,478CA64E.jpg,False,
{F-0017857},08/24/2026 21:19:34,IA0008,PC-1008,8AA1894F.jpg,False,
{F-0001210},08/24/2026 21:23:34,AA0000,PC-1000,DEF152E3.doc,False,
{F-0012968},08/24/2026 21:29:34,FA0005,PC-1005,3198DAC2.xlsx,False,
{F-0001219},08/24/2026 21:32:34,AA0000,PC-1000,071D8AD3.xlsx,False,
{F-0001221},08/24/2026 21:35:34,AA0000,PC-1000,A4418CEE.doc,False,
{F-0019802},08/24/2026 21:39:34,JA0009,PC-1009,385EB7A1.doc,False,
{F-0011617},08/24/2026 21:41:34,EA0004,PC-1004,83A851C9.txt,False,
{F-0016656},08/24/2026 21:43:34,HA0007,PC-1007,BEC0A573.pdf,False,
{F-0011619},08/24/2026 21:45:34,EA0004,PC-1004,A1AD92B6.xls,False,
{F-0003735},08/24/2026 21:46:34,BA0001,PC-1001,18CDBB39.txt,False,
{F-0021778},08/24/2026 21:46:34,KA0010,PC-1010,BD3E4F54.xlsx,False,
{F-0006619},08/24/2026 21:48:34,CA0002,PC-1002,036B7CF3.pdf,False,
{F-0011615},08/24/2026 21:49:34,EA0004,PC-1004,B0B63F58.txt,False,
{F-0016652},08/24/2026 21:53:34,HA0007,PC-1007,309E0D2F.xls,False,
{F-0034613},08/24/2026 21:57:34,RA0017,PC-1017,6E76F17D.xlsx,False,
{F-0017863},08/24/2026 21:58:34,IA0008,PC-1008,62EA7FC4.doc,False,
{F-0003722},08/24/2026 22:01:34,BA0001,PC-1001,0CA72FD2.pdf,False,
{F-0019808},08/24/2026 22:02:34,JA0009,PC-1009,6A33B948.xls,False,
{F-0003721},08/24/2026 22:03:34,BA0001,PC-1001,7C93AF9C.txt,False,
{F-0003729},08/24/2026 22:03:34,BA0001,PC-1001,09FB2665.doc,False,
{F-0017852},08/24/2026 22:03:34,IA0008,PC-1008,61D8400D.jpg,False,
{F-0006608},08/24/2026 22:05:34,CA0002,PC-1002,821164A4.xls,False,
{F-0009548},08/24/2026 22:05:34,DA0003,PC-1003,F86B25C5.doc,False,
{F-0029726},08/24/2026 22:05:34,OA0014,PC-1014,B39359E4.txt,False,
{F-0017855},08/24/2026 22:18:34,IA0008,PC-1008,0F8DABD4.xls,False,
{F-0021781},08/24/2026 22:18:34,KA0010,PC-1010,E880E15D.xls,False,
{F-0011611},08/24/2026 22:19:34,EA0004,PC-1004,EFEFAC79.txt,False,
{F-0001214},08/24/2026 22:20:34,AA0000,PC-1000,29BD962B.doc,False,
{F-0033376},08/24/2026 22:20:34,QA0016,PC-1016,CFC22696.doc,False,
{F-0034612},08/24/2026 22:20:34,RA0017,PC-1017,97DC0BD1.jpg,False,
{F-0023763},08/24/2026 22:21:34,LA0011,PC-1011,64219051.jpg,False,
{F-0021789},08/24/2026 22:24:34,KA0010,PC-1010,964E7ABA.jpg,False,
{F-0016657},08/24/2026 22:25:34,HA0007,PC-1007,9B217D11.xlsx,False,
{F-0017854},08/24/2026 22:26:34,IA0008,PC-1008,F92763F2.doc,False,
{F-0017865},08/24/2026 22:28:34,IA0008,PC-1008,D696FAED.txt,False,
{F-0003732},08/24/2026 22:33:34,BA0001,PC-1001,00E98CF7.txt,False,
{F-0017859},08/24/2026 22:34:34,IA0008,PC-1008,216B816D.pdf,False,
{F-0025765},08/24/2026 22:45:34,MA0012,PC-1012,C9C996FA.jpg,False,
{F-0025768},08/24/2026 22:45:34,MA0012,PC-1012,9205D62E.doc,False,
{F-0029731},08/24/2026 22:48:34,OA0014,PC-1014,F870F045.doc,False,
{F-0021788},08/24/2026 22:52:34,KA0010,PC-1010,4F8B57B3.jpg,False,
{F-0009550},08/24/2026 22:55:34,DA0003,PC-1003,1508D585.pdf,False,
{F-0023761},08/24/2026 22:56:34,LA0011,PC-1011,77D1CAA5.xls,False,
{F-0001212},08/24/2026 23:00:34,AA0000,PC-1000,DF66E3EA.doc,False,
{F-0012958},08/24/2026 23:00:34,FA0005,PC-1005,8436F29E.txt,False,
{F-0016655},08/24/2026 23:19:34,HA0007,PC-1007,7379CFDA.doc,False,
{F-0003736},08/24/2026 23:24:34,BA0001,PC-1001,9B61C951.xls,False,
{F-0006623},08/24/2026 23:24:34,CA0002,PC-1002,D4EA3279.txt,False,
{F-0031864},08/24/2026 23:24:34,PA0015,PC-1015,98C44895.jpg,False,
{F-0029735},08/24/2026 23:25:34,OA0014,PC-1014,05418591.jpg,False,
{F-0021787},08/24/2026 23:26:34,KA0010,PC-1010,6EE5D919.xlsx,False,
{F-0001222},08/24/2026 23:28:34,AA0000,PC-1000,8D642F89.pdf,False,
{F-0012965},08/24/2026 23:30:34,FA0005,PC-1005,1D924A5B.xls,False,
{F-0019811},08/24/2026 23:30:34,JA0009,PC-1009,3794E67D.jpg,False,
{F-0003728},08/24/2026 23:32:34,BA0001,PC-1001,63C2C2FE.pdf,False,
{F-0017874},08/24/2026 23:32:34,IA0008,PC-1008,FAA7B9C1.doc,False,
{F-0027589},08/24/2026 23:35:34,NA0013,PC-1013,59F0FF6B.doc,False,
{F-0029730},08/24/2026 23:36:34,OA0014,PC-1014,444F4F9C.pdf,False,
{F-0006610},08/24/2026 23:37:34,CA0002,PC-1002,E7147410.txt,False,
{F-0019800},08/24/2026 23:38:34,JA0009,PC-1009,78F42726.txt,False,
{F-0003717},08/24/2026 23:40:34,BA0001,PC-1001,DA3020AB.pdf,False,
{F-0019799},08/24/2026 23:41:34,JA0009,PC-1009,EAE22F1F.doc,False,
{F-0012967},08/24/2026 23:43:34,FA0005,PC-1005,0AF08780.doc,False,
{F-0003724},08/24/2026 23:45:34,BA0001,PC-1001,EB135603.xlsx,False,
{F-0019805},08/24/2026 23:53:34,JA0009,PC-1009,F224D3B9.jpg,False,
{F-0003720},08/24/2026 23:54:34,BA0001,PC-1001,0605801C.doc,False,
{F-0009546},08/24/2026 23:54:34,DA0003,PC-1003,A8488FF9.doc,False,
{F-0017870},08/24/2026 23:56:34,IA0008,PC-1008,31CDF3F9.xlsx,False,
{F-0023776},08/25/2026 00:00:34,LA0011,PC-1011,547D1785.pdf,False,
{F-0033374},08/25/2026 00:00:34,QA0016,PC-1016,52FA7D94.doc,False,
{F-0019812},08/25/2026 00:03:34,JA0009,PC-1009,A6986276.txt,False,
{F-0029739},08/25/2026 00:04:34,OA0014,PC-1014,A41EF3A1.xls,False,
{F-0029740},08/25/2026 00:05:34,OA0014,PC-1014,3835499B.doc,False,
{F-0023769},08/25/2026 00:06:34,LA0011,PC-1011,8E7F625A.pdf,False,
{F-0029738},08/25/2026 00:07:34,OA0014,PC-1014,77EADBCE.xls,False,
{F-0017856},08/25/2026 00:11:34,IA0008,PC-1008,FC9B93A1.doc,False,
{F-0029732},08/25/2026 00:12:34,OA0014,PC-1014,DCEFDC11.jpg,False,
{F-0009544},08/25/2026 00:14:34,DA0003,PC-1003,8BCAB572.doc,False,
{F-0012962},08/25/2026 00:14:34,FA0005,PC-1005,49A78A6A.doc,False,
{F-0017877},08/25/2026 00:17:34,IA0008,PC-1008,C6779BED.jpg,False,
{F-0009542},08/25/2026 00:20:34,DA0003,PC-1003,A7588F2B.jpg,False,
{F-0021785},08/25/2026 00:20:34,KA0010,PC-1010,D6570387.txt,False,
{F-0021776},08/25/2026 00:21:34,KA0010,PC-1010,543949FA.pdf,False,
{F-0025770},08/25/2026 00:27:34,MA0012,PC-1012,B60CCD6F.doc,False,
{F-0017871},08/25/2026 00:29:34,IA0008,PC-1008,703999AA.jpg,False,
{F-0031867},08/25/2026 00:31:34,PA0015,PC-1015,3FEED95A.xls,False,
{F-0003719},08/25/2026 00:34:34,BA0001,PC-1001,81C0A907.doc,False,
{F-0006614},08/25/2026 00:34:34,CA0002,PC-1002,CC268DFC.doc,False,
{F-0012966},08/25/2026 00:41:34,FA0005,PC-1005,4F48A370.xls,False,
{F-0017862},08/25/2026 00:41:34,IA0008,PC-1008,C1B948B0.doc,False,
{F-0012970},08/25/2026 00:42:34,FA0005,PC-1005,4AA34B19.xls,False,
{F-0017868},08/25/2026 00:43:34,IA0008,PC-1008,F3645EB6.xlsx,False,
{F-0029727},08/25/2026 00:43:34,OA0014,PC-1014,1C73DA07.xls,False,
{F-0025763},08/25/2026 00:58:34,MA0012,PC-1012,5E8420E3.xlsx,False,
{F-0017873},08/25/2026 00:59:34,IA0008,PC-1008,E8D18EB2.xls,False,
{F-0021780},08/25/2026 01:00:34,KA0010,PC-1010,ABAD40FA.jpg,False,
{F-0012963},08/25/2026 01:01:34,FA0005,PC-1005,DB0647E4.jpg,False,
{F-0016653},08/25/2026 01:01:34,HA0007,PC-1007,0BFA6922.pdf,False,
{F-0012961},08/25/2026 01:02:34,FA0005,PC-1005,4739BCAA.xls,False,
{F-0017861},08/25/2026 01:09:34,IA0008,PC-1008,5F89C87E.doc,False,
{F-0011618},08/25/2026 01:10:34,EA0004,PC-1004,573F4FA4.txt,False,
{F-0023780},08/25/2026 01:11:34,LA0011,PC-1011,B334849F.xlsx,False,
{F-0009541},08/25/2026 01:13:34,DA0003,PC-1003,4A0EE1ED.txt,False,
{F-0006611},08/25/2026 01:22:34,CA0002,PC-1002,FFF5341F.doc,False,
{F-0011612},08/25/2026 01:22:34,EA0004,PC-1004,8A83C3FF.jpg,False,
{F-0027592},08/25/2026 01:23:34,NA0013,PC-1013,6BD9BD25.jpg,False,
{F-0027593},08/25/2026 01:28:34,NA0013,PC-1013,6056333F.doc,False,
{F-0017872},08/25/2026 01:29:34,IA0008,PC-1008,50D991B0.txt,False,
{F-0029733},08/25/2026 01:30:34,OA0014,PC-1014,4D333B41.xls,False,
{F-0016660},08/25/2026 01:34:34,HA0007,PC-1007,FA14D50E.xls,False,
{F-0003718},08/25/2026 01:38:34,BA0001,PC-1001,4EBE5684.xlsx,False,
{F-0017866},08/25/2026 01:42:34,IA0008,PC-1008,D8FAD693.doc,False,
{F-0033375},08/25/2026 01:43:34,QA0016,PC-1016,E8E27BF6.xlsx,False,
{F-0017867},08/25/2026 01:48:34,IA0008,PC-1008,A7F46ED5.doc,False,
{F-0031870},08/25/2026 01:48:34,PA0015,PC-1015,491BFC1D.pdf,False,
{F-0012960},08/25/2026 01:49:34,FA0005,PC-1005,404AA0C6.txt,False,
{F-0023771},08/25/2026 01:52:34,LA0011,PC-1011,99E5C847.doc,False,
{F-0017864},08/25/2026 01:53:34,IA0008,PC-1008,0B46A5A5.jpg,False,
{F-0017869},08/25/2026 01:54:34,IA0008,PC-1008,8301E81A.xls,False,
{F-0029729},08/25/2026 01:54:34,OA0014,PC-1014,9FBAED5D.jpg,False,
{F-0012956},08/25/2026 01:59:34,FA0005,PC-1005,833349EF.xls,False,
{F-0003725},08/25/2026 02:03:34,BA0001,PC-1001,A42680B1.pdf,False,
{F-0025766},08/25/2026 02:03:34,MA0012,PC-1012,53361371.xlsx,False,
{F-0031863},08/25/2026 02:08:34,PA0015,PC-1015,71C8FD2B.xlsx,False,
{F-0003738},08/25/2026 02:09:34,BA0001,PC-1001,DC16D3CB.jpg,False,
{F-0017858},08/25/2026 02:11:34,IA0008,PC-1008,8B3665BB.xls,False,
{F-0001215},08/25/2026 02:12:34,AA0000,PC-1000,C456A911.doc,False,
{F-0019807},08/25/2026 02:15:34,JA0009,PC-1009,8473EE23.doc,False,
{F-0017875},08/25/2026 02:16:34,IA0008,PC-1008,1901F5BB.pdf,False,
{F-0025767},08/25/2026 02:21:34,MA0012,PC-1012,40044716.pdf,False,
{F-0023772},08/25/2026 02:27:34,LA0011,PC-1011,569F1140.doc,False,
{F-0019810},08/25/2026 02:28:34,JA0009,PC-1009,1DF68151.xls,False,
{F-0023766},08/25/2026 02:29:34,LA0011,PC-1011,C1820D03.pdf,False,
{F-0011620},08/25/2026 02:36:34,EA0004,PC-1004,ACFA1647.txt,False,
{F-0027591},08/25/2026 02:36:34,NA0013,PC-1013,932AE717.pdf,False,
{F-0006625},08/25/2026 02:37:34,CA0002,PC-1002,D0904486.xlsx,False,
{F-0009543},08/25/2026 02:39:34,DA0003,PC-1003,AF2D1EE3.pdf,False,
{F-0003726},08/25/2026 02:40:34,BA0001,PC-1001,09366531.doc,False,
{F-0023764},08/25/2026 02:44:34,LA0011,PC-1011,D59476D2.txt,False,
{F-0029728},08/25/2026 02:50:34,OA0014,PC-1014,F86FADA0.jpg,False,
{F-0009538},08/25/2026 02:51:34,DA0003,PC-1003,F4813A7A.xlsx,False,
{F-0031869},08/25/2026 02:59:34,PA0015,PC-1015,A55E25B8.jpg,False,
{F-0031872},08/25/2026 03:04:34,PA0015,PC-1015,BC21E4E8.txt,False,
{F-0034611},08/25/2026 03:05:34,RA0017,PC-1017,67C741D6.doc,False,
{F-0031865},08/25/2026 03:07:34,PA0015,PC-1015,3D3B2AA5.xls,False,
{F-0033377},08/25/2026 03:08:34,QA0016,PC-1016,AAAEBEC6.xls,False,
{F-0001220},08/25/2026 03:10:34,AA0000,PC-1000,0B6BA420.xlsx,False,
{F-0023770},08/25/2026 03:10:34,LA0011,PC-1011,EE9FFFE8.xls,False,
{F-0016651},08/25/2026 03:12:34,HA0007,PC-1007,7CD30382.pdf,False,
{F-0023767},08/25/2026 03:13:34,LA0011,PC-1011,E1139191.doc,False,
{F-0011614},08/25/2026 03:14:34,EA0004,PC-1004,063F7F69.jpg,False,
{F-0023775},08/25/2026 03:19:34,LA0011,PC-1011,DEF4E97F.jpg,False,
{F-0016661},08/25/2026 03:21:34,HA0007,PC-1007,5B1F0F0C.xlsx,False,
{F-0012964},08/25/2026 03:27:34,FA0005,PC-1005,41ED3C3D.pdf,False,
{F-0011616},08/25/2026 03:29:34,EA0004,PC-1004,8FE5014C.pdf,False,
{F-0016659},08/25/2026 03:31:34,HA0007,PC-1007,6DD8A482.pdf,False,
{F-0029736},08/25/2026 03:31:34,OA0014,PC-1014,520EF117.doc,False,
{F-0006620},08/25/2026 03:34:34,CA0002,PC-1002,5511798E.pdf,False,
{F-0003727},08/25/2026 03:35:34,BA0001,PC-1001,E9A755D5.txt,False,
{F-0003730},08/25/2026 03:42:34,BA0001,PC-1001,A30AD312.jpg,False,
{F-0023768},08/25/2026 03:45:34,LA0011,PC-1011,A6B30902.jpg,False,
{F-0009537},08/25/2026 03:47:34,DA0003,PC-1003,D510741A.jpg,False,
{F-0023765},08/25/2026 03:47:34,LA0011,PC-1011,FEC234D9.pdf,False,
{F-0031868},08/25/2026 03:52:34,PA0015,PC-1015,A8DD4D4D.pdf,False,
{F-0019803},08/25/2026 03:53:34,JA0009,PC-1009,A4C96D58.jpg,False,
{F-0012955},08/25/2026 03:55:34,FA0005,PC-1005,C9A5EB01.jpg,False,
{F-0006617},08/25/2026 04:01:34,CA0002,PC-1002,D62D8C04.pdf,False,
{F-0023778},08/25/2026 04:02:34,LA0011,PC-1011,C114DC20.txt,False,
{F-0003733},08/25/2026 04:06:34,BA0001,PC-1001,203BD624.xlsx,False,
{F-0019798},08/25/2026 04:12:34,JA0009,PC-1009,7641381D.xlsx,False,
{F-0023779},08/25/2026 04:17:34,LA0011,PC-1011,C489AC94.pdf,False,
{F-0021777},08/25/2026 04:21:34,KA0010,PC-1010,D05BDB7A.txt,False,
{F-0012957},08/25/2026 04:23:34,FA0005,PC-1005,1766195E.xlsx,False,
{F-0021779},08/25/2026 04:32:34,KA0010,PC-1010,1D444555.jpg,False,
{F-0006626},08/25/2026 04:39:34,CA0002,PC-1002,44145F04.doc,False,
{F-0021784},08/25/2026 04:46:34,KA0010,PC-1010,77055FFC.xlsx,False,
{F-0006618},08/25/2026 05:16:34,CA0002,PC-1002,90F9F269.xlsx,False,
{F-0012959},08/25/2026 05:20:34,FA0005,PC-1005,A97E835C.xls,False,
{F-0012969},08/25/2026 05:22:34,FA0005,PC-1005,98A34ED8.xls,False,
{F-0006621},08/25/2026 06:06:34,CA0002,PC-1002,CB8E8275.xlsx,False,
{F-0006624},08/25/2026 06:14:34,CA0002,PC-1002,0B4B4773.xls,False,
{F-0006613},08/25/2026 06:20:34,CA0002,PC-1002,8D0D3262.xlsx,False,
{F-0027631},08/25/2026 18:48:34,NA0013,PC-1013,C3B4EFC1.doc,False,
{F-0023799},08/25/2026 18:54:34,LA0011,PC-1011,9A84B69D.txt,False,
{F-0023803},08/25/2026 18:59:34,LA0011,PC-1011,6016232B.doc,False,
{F-0023807},08/25/2026 19:02:34,LA0011,PC-1011,592B4AFD.doc,False,
{F-0023804},08/25/2026 19:15:34,LA0011,PC-1011,867B0F50.pdf,False,
{F-0023814},08/25/2026 19:16:34,LA0011,PC-1011,65192D9F.doc,False,
{F-0017908},08/25/2026 19:23:34,IA0008,PC-1008,B09DB02C.xls,False,
{F-0001274},08/25/2026 19:29:34,AA0000,PC-1000,44767EDD.pdf,False,
{F-0023796},08/25/2026 19:31:34,LA0011,PC-1011,3082F0AF.pdf,False,
{F-0019859},08/25/2026 19:32:34,JA0009,PC-1009,205BC7C5.pdf,False,
{F-0016686},08/25/2026 19:34:34,HA0007,PC-1007,0707AFFF.doc,False,
{F-0017907},08/25/2026 19:34:34,IA0008,PC-1008,34913708.pdf,False,
{F-0023800},08/25/2026 19:38:34,LA0011,PC-1011,660BA7CE.txt,False,
{F-0014978},08/25/2026 19:42:34,GA0006,PC-1006,E5EFCD8D.pdf,False,
{F-0017898},08/25/2026 19:45:34,IA0008,PC-1008,350B3C3B.xlsx,False,
{F-0027630},08/25/2026 19:53:34,NA0013,PC-1013,9EC271F1.pdf,False,
{F-0017897},08/25/2026 19:54:34,IA0008,PC-1008,4A9A2FBE.txt,False,
{F-0019864},08/25/2026 19:55:34,JA0009,PC-1009,50E6E4C8.txt,False,
{F-0017904},08/25/2026 19:56:34,IA0008,PC-1008,12ED95E9.doc,False,
{F-0023808},08/25/2026 20:01:34,LA0011,PC-1011,EB4B928D.jpg,False,
{F-0023802},08/25/2026 20:10:34,LA0011,PC-1011,022F02ED.xlsx,False,
{F-0021825},08/25/2026 20:11:34,KA0010,PC-1010,218AB1E7.doc,False,
{F-0009613},08/25/2026 20:12:34,DA0003,PC-1003,1D22F4E1.doc,False,
{F-0021822},08/25/2026 20:14:34,KA0010,PC-1010,F7442D31.xlsx,False,
{F-0016682},08/25/2026 20:20:34,HA0007,PC-1007,C3CDA1A4.xls,False,
{F-0011634},08/25/2026 20:21:34,EA0004,PC-1004,D58EE6A5.xls,False,
{F-0033413},08/25/2026 20:24:34,QA0016,PC-1016,B1984C3A.pdf,False,
{F-0023809},08/25/2026 20:31:34,LA0011,PC-1011,3A6248FC.doc,False,
{F-0009609},08/25/2026 20:33:34,DA0003,PC-1003,6F10E3E9.txt,False,
{F-0021824},08/25/2026 20:34:34,KA0010,PC-1010,EB9B037D.doc,False,
{F-0027629},08/25/2026 20:35:34,NA0013,PC-1013,E3656366.xlsx,False,
{F-0031899},08/25/2026 20:35:34,PA0015,PC-1015,E41E792D.doc,False,
{F-0009604},08/25/2026 20:37:34,DA0003,PC-1003,3ECD4D23.xls,False,
{F-0006681},08/25/2026 20:39:34,CA0002,PC-1002,E59B3F4E.xls,False,
{F-0009606},08/25/2026 20:39:34,DA0003,PC-1003,14E6F40F.txt,False,
{F-0021833},08/25/2026 20:40:34,KA0010,PC-1010,4B0D3F03.xlsx,False,
{F-0021839},08/25/2026 20:40:34,KA0010,PC-1010,42E8D008.pdf,False,
{F-0019869},08/25/2026 20:41:34,JA0009,PC-1009,BD76D4B4.doc,False,
{F-0019868},08/25/2026 20:47:34,JA0009,PC-1009,9D1B47EA.doc,False,
{F-0023822},08/25/2026 20:47:34,LA0011,PC-1011,960AF97B.doc,False,
{F-0006678},08/25/2026 20:49:34,CA0002,PC-1002,BFA80FB2.pdf,False,
{F-0001269},08/25/2026 20:54:34,AA0000,PC-1000,5022AF75.jpg,False,
{F-0016679},08/25/2026 20:58:34,HA0007,PC-1007,C67022B3.pdf,False,
{F-0021821},08/25/2026 21:01:34,KA0010,PC-1010,D004CC44.xls,False,
{F-0023806},08/25/2026 21:02:34,LA0011,PC-1011,AA12E9D2.pdf,False,
{F-0003790},08/25/2026 21:11:34,BA0001,PC-1001,56830716.xlsx,False,
{F-0003793},08/25/2026 21:11:34,BA0001,PC-1001,C4C9E260.txt,False,
{F-0023812},08/25/2026 21:11:34,LA0011,PC-1011,99BB15F1.doc,False,
{F-0021823},08/25/2026 21:15:34,KA0010,PC-1010,D23C643E.doc,False,
{F-0017895},08/25/2026 21:16:34,IA0008,PC-1008,918D2AC1.txt,False,
{F-0009603},08/25/2026 21:20:34,DA0003,PC-1003,C9DBD03A.doc,False,
{F-0029784},08/25/2026 21:24:34,OA0014,PC-1014,3A7E45B0.txt,False,
{F-0003789},08/25/2026 21:26:34,BA0001,PC-1001,9AA5750C.doc,False,
{F-0012998},08/25/2026 21:34:34,FA0005,PC-1005,818637A3.txt,False,
{F-0023798},08/25/2026 21:34:34,LA0011,PC-1011,E8B1082D.doc,False,
{F-0033412},08/25/2026 21:34:34,QA0016,PC-1016,46C8061F.jpg,False,
{F-0013003},08/25/2026 21:37:34,FA0005,PC-1005,EF402171.doc,False,
{F-0006682},08/25/2026 21:39:34,CA0002,PC-1002,DD782E77.xls,False,
{F-0033410},08/25/2026 21:40:34,QA0016,PC-1016,E841A06A.xls,False,
{F-0029779},08/25/2026 21:41:34,OA0014,PC-1014,76A56EC4.xls,False,
{F-0017911},08/25/2026 21:42:34,IA0008,PC-1008,C4D28171.pdf,False,
{F-0019856},08/25/2026 21:50:34,JA0009,PC-1009,018771B8.xlsx,False,
{F-0023801},08/25/2026 21:52:34,LA0011,PC-1011,5DBA1F33.doc,False,
{F-0003785},08/25/2026 21:55:34,BA0001,PC-1001,217F73B0.doc,False,
{F-0029781},08/25/2026 21:56:34,OA0014,PC-1014,760150D3.jpg,False,
{F-0031898},08/25/2026 21:57:34,PA0015,PC-1015,173EC8CE.xlsx,False,
{F-0021837},08/25/2026 21:58:34,KA0010,PC-1010,71B70AB1.pdf,False,
{F-0006694},08/25/2026 22:04:34,CA0002,PC-1002,E86475D4.jpg,False,
{F-0025799},08/25/2026 22:07:34,MA0012,PC-1012,EF94995B.txt,False,
{F-0017901},08/25/2026 22:16:34,IA0008,PC-1008,064ADB47.doc,False,
{F-0023820},08/25/2026 22:17:34,LA0011,PC-1011,4107932E.doc,False,
{F-0014982},08/25/2026 22:18:34,GA0006,PC-1006,9187BABF.pdf,False,
{F-0023821},08/25/2026 22:18:34,LA0011,PC-1011,7289A20A.xls,False,
{F-0006696},08/25/2026 22:20:34,CA0002,PC-1002,A9ACA06D.xlsx,False,
{F-0001275},08/25/2026 22:21:34,AA0000,PC-1000,6BE430AF.xls,False,
{F-0029777},08/25/2026 22:21:34,OA0014,PC-1014,844DCDDC.jpg,False,
{F-0014987},08/25/2026 22:25:34,GA0006,PC-1006,41F82859.doc,False,
{F-0014985},08/25/2026 22:27:34,GA0006,PC-1006,8C8340E0.doc,False,
{F-0006688},08/25/2026 22:29:34,CA0002,PC-1002,1E3795C3.xls,False,
{F-0016685},08/25/2026 22:31:34,HA0007,PC-1007,A62F9AAE.xls,False,
{F-0023810},08/25/2026 22:31:34,LA0011,PC-1011,2C81684D.txt,False,
{F-0013009},08/25/2026 22:32:34,FA0005,PC-1005,720C1838.xlsx,False,
{F-0023813},08/25/2026 22:32:34,LA0011,PC-1011,4B33630C.doc,False,
{F-0009612},08/25/2026 22:38:34,DA0003,PC-1003,AC6B26BC.doc,False,
{F-0011635},08/25/2026 22:40:34,EA0004,PC-1004,E2529D76.pdf,False,
{F-0021826},08/25/2026 22:40:34,KA0010,PC-1010,5E1150B5.jpg,False,
{F-0025792},08/25/2026 22:42:34,MA0012,PC-1012,8455C2A1.jpg,False,
{F-0019863},08/25/2026 22:45:34,JA0009,PC-1009,7D02137F.doc,False,
{F-0009611},08/25/2026 22:48:34,DA0003,PC-1003,F00077C8.xls,False,
{F-0033409},08/25/2026 22:50:34,QA0016,PC-1016,A8CA82DF.pdf,False,
{F-0011639},08/25/2026 22:51:34,EA0004,PC-1004,A7B06439.doc,False,
{F-0014984},08/25/2026 22:51:34,GA0006,PC-1006,983DC34F.jpg,False,
{F-0006695},08/25/2026 22:52:34,CA0002,PC-1002,A920D605.xls,False,
{F-0033411},08/25/2026 22:52:34,QA0016,PC-1016,33AA4D11.txt,False,
{F-0016684},08/25/2026 22:57:34,HA0007,PC-1007,393958DA.txt,False,
{F-0001272},08/25/2026 22:59:34,AA0000,PC-1000,2E25FDC4.xlsx,False,
{F-0029778},08/25/2026 23:00:34,OA0014,PC-1014,66C42F36.doc,False,
{F-0001273},08/25/2026 23:06:34,AA0000,PC-1000,66C49395.txt,False,
{F-0006691},08/25/2026 23:06:34,CA0002,PC-1002,B53288FD.xls,False,
{F-0013007},08/25/2026 23:07:34,FA0005,PC-1005,7749434F.xls,False,
{F-0021830},08/25/2026 23:08:34,KA0010,PC-1010,FFCA254B.jpg,False,
{F-0025794},08/25/2026 23:09:34,MA0012,PC-1012,4DBA93A1.doc,False,
{F-0016680},08/25/2026 23:14:34,HA0007,PC-1007,6E8F906A.txt,False,
{F-0016683},08/25/2026 23:15:34,HA0007,PC-1007,EEB20CF3.txt,False,
{F-0009600},08/25/2026 23:16:34,DA0003,PC-1003,028CEAA7.doc,False,
{F-0013005},08/25/2026 23:20:34,FA0005,PC-1005,72C3C38C.xls,False,
{F-0017905},08/25/2026 23:20:34,IA0008,PC-1008,91AA2E3E.doc,False,
{F-0014990},08/25/2026 23:21:34,GA0006,PC-1006,0324C62E.txt,False,
{F-0003792},08/25/2026 23:22:34,BA0001,PC-1001,7328EE50.pdf,False,
{F-0025793},08/25/2026 23:26:34,MA0012,PC-1012,7FA86F42.jpg,False,
{F-0006676},08/25/2026 23:27:34,CA0002,PC-1002,405E9238.doc,False,
{F-0019855},08/25/2026 23:29:34,JA0009,PC-1009,889364B3.doc,False,
{F-0013004},08/25/2026 23:33:34,FA0005,PC-1005,842859D6.xls,False,
{F-0021836},08/25/2026 23:36:34,KA0010,PC-1010,7F3623E8.pdf,False,
{F-0003786},08/25/2026 23:41:34,BA0001,PC-1001,CCBB93A1.xlsx,False,
{F-0003791},08/25/2026 23:46:34,BA0001,PC-1001,AB3E7D67.xlsx,False,
{F-0017896},08/25/2026 23:46:34,IA0008,PC-1008,92FF4D40.xls,False,
{F-0006684},08/25/2026 23:48:34,CA0002,PC-1002,60638D94.xls,False,
{F-0014979},08/25/2026 23:48:34,GA0006,PC-1006,AAC4D2D1.jpg,False,
{F-0019870},08/25/2026 23:55:34,JA0009,PC-1009,57B2DDB9.doc,False,
{F-0012999},08/25/2026 23:58:34,FA0005,PC-1005,62B4943E.doc,False,
{F-0014988},08/25/2026 23:58:34,GA0006,PC-1006,8F0938C6.xls,False,
{F-0014976},08/26/2026 00:04:34,GA0006,PC-1006,D91DBED8.doc,False,
{F-0017899},08/26/2026 00:11:34,IA0008,PC-1008,F9C99B8D.pdf,False,
{F-0023797},08/26/2026 00:13:34,LA0011,PC-1011,FD90E1BE.xlsx,False,
{F-0006692},08/26/2026 00:14:34,CA0002,PC-1002,314DBA09.doc,False,
{F-0029785},08/26/2026 00:15:34,OA0014,PC-1014,9AA315F7.xls,False,
{F-0031901},08/26/2026 00:17:34,PA0015,PC-1015,ABE3410B.doc,False,
{F-0017910},08/26/2026 00:18:34,IA0008,PC-1008,9F24D710.doc,False,
{F-0019871},08/26/2026 00:19:34,JA0009,PC-1009,3D3FF973.doc,False,
{F-0014977},08/26/2026 00:20:34,GA0006,PC-1006,A3003E8A.pdf,False,
{F-0001271},08/26/2026 00:25:34,AA0000,PC-1000,704A023B.doc,False,
{F-0014989},08/26/2026 00:31:34,GA0006,PC-1006,0AD989B8.pdf,False,
{F-0006683},08/26/2026 00:33:34,CA0002,PC-1002,B08AD477.xls,False,
{F-0003788},08/26/2026 00:34:34,BA0001,PC-1001,3553671D.xls,False,
{F-0006677},08/26/2026 00:35:34,CA0002,PC-1002,3D7FC7DC.xlsx,False,
{F-0009607},08/26/2026 00:35:34,DA0003,PC-1003,698BF92C.jpg,False,
{F-0034637},08/26/2026 00:36:34,RA0017,PC-1017,BC3327A1.jpg,False,
{F-0006680},08/26/2026 00:37:34,CA0002,PC-1002,0FA2CB06.jpg,False,
{F-0021829},08/26/2026 00:39:34,KA0010,PC-1010,11888C58.txt,False,
{F-0006697},08/26/2026 00:41:34,CA0002,PC-1002,54AC7746.xls,False,
{F-0019862},08/26/2026 00:41:34,JA0009,PC-1009,0A66A900.jpg,False,
{F-0023805},08/26/2026 00:43:34,LA0011,PC-1011,DA93D898.jpg,False,
{F-0027628},08/26/2026 00:45:34,NA0013,PC-1013,C1C68CA5.xlsx,False,
{F-0009608},08/26/2026 00:47:34,DA0003,PC-1003,10E0B815.xlsx,False,
{F-0014986},08/26/2026 00:49:34,GA0006,PC-1006,FD57A90C.jpg,False,
{F-0021838},08/26/2026 00:50:34,KA0010,PC-1010,662BA491.jpg,False,
{F-0029782},08/26/2026 00:50:34,OA0014,PC-1014,BB4C0DC7.pdf,False,
{F-0006686},08/26/2026 00:56:34,CA0002,PC-1002,C05DA5B6.doc,False,
{F-0019866},08/26/2026 00:57:34,JA0009,PC-1009,FB92430A.pdf,False,
{F-0001270},08/26/2026 01:00:34,AA0000,PC-1000,40BEF268.txt,False,
{F-0006690},08/26/2026 01:00:34,CA0002,PC-1002,E91BA078.pdf,False,
{F-0011638},08/26/2026 01:02:34,EA0004,PC-1004,944C7D6F.xls,False,
{F-0013006},08/26/2026 01:04:34,FA0005,PC-1005,FFCBCB04.doc,False,
{F-0019865},08/26/2026 01:05:34,JA0009,PC-1009,7943DD89.xlsx,False,
{F-0006687},08/26/2026 01:06:34,CA0002,PC-1002,00A0EFBE.txt,False,
{F-0012994},08/26/2026 01:06:34,FA0005,PC-1005,2A27CA00.xlsx,False,
{F-0025795},08/26/2026 01:07:34,MA0012,PC-1012,E5BCEEF3.doc,False,
{F-0019861},08/26/2026 01:11:34,JA0009,PC-1009,39A1A9EE.xlsx,False,
{F-0003797},08/26/2026 01:17:34,BA0001,PC-1001,E34634E4.doc,False,
{F-0009601},08/26/2026 01:17:34,DA0003,PC-1003,7BBDC1BC.xls,False,
{F-0031900},08/26/2026 01:22:34,PA0015,PC-1015,9AB1B49D.xlsx,False,
{F-0016678},08/26/2026 01:24:34,HA0007,PC-1007,B783E9A5.xls,False,
{F-0006679},08/26/2026 01:25:34,CA0002,PC-1002,2D89EA3C.pdf,False,
{F-0023816},08/26/2026 01:26:34,LA0011,PC-1011,9D4E7F21.doc,False,
{F-0017902},08/26/2026 01:28:34,IA0008,PC-1008,8356526E.doc,False,
{F-0011633},08/26/2026 01:29:34,EA0004,PC-1004,AFFCFA48.txt,False,
{F-0009610},08/26/2026 01:32:34,DA0003,PC-1003,10784A6D.doc,False,
{F-0017903},08/26/2026 01:33:34,IA0008,PC-1008,0B0B6846.txt,False,
{F-0025797},08/26/2026 01:33:34,MA0012,PC-1012,7C26E7D4.pdf,False,
{F-0034638},08/26/2026 01:33:34,RA0017,PC-1017,DA6DFA22.pdf,False,
{F-0014981},08/26/2026 01:34:34,GA0006,PC-1006,164F8F20.doc,False,
{F-0019867},08/26/2026 01:36:34,JA0009,PC-1009,AB1EEEE6.xls,False,
{F-0023818},08/26/2026 01:36:34,LA0011,PC-1011,ED91A7AA.doc,False,
{F-0023819},08/26/2026 01:41:34,LA0011,PC-1011,A5E187EE.jpg,False,
{F-0003799},08/26/2026 01:46:34,BA0001,PC-1001,C5312A0B.xls,False,
{F-0014983},08/26/2026 01:48:34,GA0006,PC-1006,5D0575B5.doc,False,
{F-0023817},08/26/2026 01:48:34,LA0011,PC-1011,C97C3157.xlsx,False,
{F-0013008},08/26/2026 01:50:34,FA0005,PC-1005,4FDB65C6.doc,False,
{F-0017894},08/26/2026 01:50:34,IA0008,PC-1008,72E85080.pdf,False,
{F-0006685},08/26/2026 01:52:34,CA0002,PC-1002,F7EE03FF.txt,False,
{F-0014980},08/26/2026 01:52:34,GA0006,PC-1006,EE2D8A56.jpg,False,
{F-0003796},08/26/2026 01:53:34,BA0001,PC-1001,C0F2E4FA.doc,False,
{F-0003784},08/26/2026 01:55:34,BA0001,PC-1001,DC8997F0.xlsx,False,
{F-0012996},08/26/2026 01:55:34,FA0005,PC-1005,9E05EDF8.doc,False,
{F-0025796},08/26/2026 02:04:34,MA0012,PC-1012,53C66CE8.jpg,False,
{F-0019854},08/26/2026 02:09:34,JA0009,PC-1009,FE6CE047.doc,False,
{F-0029776},08/26/2026 02:09:34,OA0014,PC-1014,270F304E.xls,False,
{F-0021820},08/26/2026 02:10:34,KA0010,PC-1010,7CB35BAF.txt,False,
{F-0011637},08/26/2026 02:12:34,EA0004,PC-1004,BD89A007.jpg,False,
{F-0019858},08/26/2026 02:12:34,JA0009,PC-1009,BDCF8431.doc,False,
{F-0021832},08/26/2026 02:17:34,KA0010,PC-1010,20ED2AE7.pdf,False,
{F-0011636},08/26/2026 02:18:34,EA0004,PC-1004,CA8FA48C.doc,False,
{F-0025800},08/26/2026 02:22:34,MA0012,PC-1012,1D01697E.doc,False,
{F-0017906},08/26/2026 02:23:34,IA0008,PC-1008,700737C1.xlsx,False,
{F-0019857},08/26/2026 02:23:34,JA0009,PC-1009,ADF3693C.xlsx,False,
{F-0012992},08/26/2026 02:26:34,FA0005,PC-1005,FAC460DB.xlsx,False,
{F-0021834},08/26/2026 02:26:34,KA0010,PC-1010,1815B8AA.xls,False,
{F-0009605},08/26/2026 02:32:34,DA0003,PC-1003,3D539212.doc,False,
{F-0011640},08/26/2026 02:34:34,EA0004,PC-1004,F98D5065.xlsx,False,
{F-0029787},08/26/2026 02:34:34,OA0014,PC-1014,741C971E.doc,False,
{F-0003787},08/26/2026 02:36:34,BA0001,PC-1001,4E816831.xlsx,False,
{F-0003798},08/26/2026 02:36:34,BA0001,PC-1001,8F8CB56D.jpg,False,
{F-0009599},08/26/2026 02:38:34,DA0003,PC-1003,C76B7170.jpg,False,
{F-0017909},08/26/2026 02:39:34,IA0008,PC-1008,B174B896.txt,False,
{F-0019860},08/26/2026 02:50:34,JA0009,PC-1009,653C16FC.pdf,False,
{F-0034639},08/26/2026 02:50:34,RA0017,PC-1017,8FA1BF9D.jpg,False,
{F-0029780},08/26/2026 02:53:34,OA0014,PC-1014,9D3BA38A.jpg,False,
{F-0031903},08/26/2026 03:00:34,PA0015,PC-1015,38319206.xls,False,
{F-0027627},08/26/2026 03:06:34,NA0013,PC-1013,36C6650E.pdf,False,
{F-0029786},08/26/2026 03:06:34,OA0014,PC-1014,30155AC0.txt,False,
{F-0006689},08/26/2026 03:07:34,CA0002,PC-1002,911B78DF.jpg,False,
{F-0009602},08/26/2026 03:08:34,DA0003,PC-1003,47B65449.doc,False,
{F-0013002},08/26/2026 03:09:34,FA0005,PC-1005,AB36ADC0.txt,False,
{F-0017900},08/26/2026 03:15:34,IA0008,PC-1008,CDF912EA.xls,False,
{F-0033408},08/26/2026 03:15:34,QA0016,PC-1016,CD62055C.jpg,False,
{F-0013010},08/26/2026 03:17:34,FA0005,PC-1005,162A9662.doc,False,
{F-0013001},08/26/2026 03:21:34,FA0005,PC-1005,EC9F8A9D.xls,False,
{F-0013000},08/26/2026 03:22:34,FA0005,PC-1005,81474354.doc,False,
{F-0012993},08/26/2026 03:26:34,FA0005,PC-1005,B89B57B3.jpg,False,
{F-0031902},08/26/2026 03:31:34,PA0015,PC-1015,DB4E28C2.xlsx,False,
{F-0025798},08/26/2026 03:32:34,MA0012,PC-1012,C96C145A.doc,False,
{F-0029783},08/26/2026 03:35:34,OA0014,PC-1014,A5C340A4.doc,False,
{F-0021828},08/26/2026 03:46:34,KA0010,PC-1010,E7786208.pdf,False,
{F-0016687},08/26/2026 03:47:34,HA0007,PC-1007,5C54B4A6.xls,False,
{F-0021827},08/26/2026 03:50:34,KA0010,PC-1010,F5D021E5.jpg,False,
{F-0016681},08/26/2026 03:52:34,HA0007,PC-1007,4027C679.jpg,False,
{F-0023811},08/26/2026 03:52:34,LA0011,PC-1011,1FC67A6F.doc,False,
{F-0001268},08/26/2026 03:55:34,AA0000,PC-1000,968D3B30.xlsx,False,
{F-0027632},08/26/2026 03:58:34,NA0013,PC-1013,6A7277C2.xlsx,False,
{F-0027626},08/26/2026 04:09:34,NA0013,PC-1013,613366C1.doc,False,
{F-0023815},08/26/2026 04:11:34,LA0011,PC-1011,6293677A.jpg,False,
{F-0034636},08/26/2026 04:21:34,RA0017,PC-1017,7688136A.xls,False,
{F-0021835},08/26/2026 04:22:34,KA0010,PC-1010,A44DB8B0.xlsx,False,
{F-0029775},08/26/2026 04:22:34,OA0014,PC-1014,C9677F6E.txt,False,
{F-0003795},08/26/2026 04:23:34,BA0001,PC-1001,E34320CE.xlsx,False,
{F-0012997},08/26/2026 04:28:34,FA0005,PC-1005,4B7DEDA2.xlsx,False,
{F-0021831},08/26/2026 04:34:34,KA0010,PC-1010,20497CD4.txt,False,
{F-0003794},08/26/2026 04:35:34,BA0001,PC-1001,BD0730D2.txt,False,
{F-0006693},08/26/2026 04:49:34,CA0002,PC-1002,A4A3A293.xls,False,
{F-0012995},08/26/2026 05:25:34,FA0005,PC-1005,3D905F13.txt,False,
{F-0023861},08/26/2026 18:17:34,LA0011,PC-1011,56EB9B7C.xlsx,False,
{F-0023862},08/26/2026 18:20:34,LA0011,PC-1011,638A93C0.jpg,False,
{F-0023846},08/26/2026 18:37:34,LA0011,PC-1011,1D3EB071.jpg,False,
{F-0017956},08/26/2026 18:46:34,IA0008,PC-1008,27A0D9F8.pdf,False,
{F-0023878},08/26/2026 18:59:34,LA0011,PC-1011,6F852F45.xls,False,
{F-0017961},08/26/2026 19:21:34,IA0008,PC-1008,ECA61B83.jpg,False,
{F-0009681},08/26/2026 19:22:34,DA0003,PC-1003,C4CCDBBB.jpg,False,
{F-0015045},08/26/2026 19:23:34,GA0006,PC-1006,79503C68.xls,False,
{F-0025836},08/26/2026 19:32:34,MA0012,PC-1012,53CB764E.txt,False,
{F-0023865},08/26/2026 19:35:34,LA0011,PC-1011,0FB6264C.doc,False,
{F-0009678},08/26/2026 19:44:34,DA0003,PC-1003,77DB45E0.doc,False,
{F-0029832},08/26/2026 19:44:34,OA0014,PC-1014,D038676C.doc,False,
{F-0009677},08/26/2026 19:46:34,DA0003,PC-1003,87FF3B1B.pdf,False,
{F-0019920},08/26/2026 19:46:34,JA0009,PC-1009,90807921.xlsx,False,
{F-0017955},08/26/2026 19:52:34,IA0008,PC-1008,34AB3CE0.xlsx,False,
{F-0017944},08/26/2026 19:55:34,IA0008,PC-1008,32903933.pdf,False,
{F-0023876},08/26/2026 19:55:34,LA0011,PC-1011,DC5F986C.doc,False,
{F-0023871},08/26/2026 19:56:34,LA0011,PC-1011,57AD423C.doc,False,
{F-0015038},08/26/2026 19:58:34,GA0006,PC-1006,EB24BD58.pdf,False,
{F-0023849},08/26/2026 20:01:34,LA0011,PC-1011,7DE08CE4.doc,False,
{F-0006778},08/26/2026 20:02:34,CA0002,PC-1002,B98F1FB1.doc,False,
{F-0006769},08/26/2026 20:03:34,CA0002,PC-1002,633C6295.xlsx,False,
{F-0015041},08/26/2026 20:05:34,GA0006,PC-1006,F251FBDD.doc,False,
{F-0025834},08/26/2026 20:08:34,MA0012,PC-1012,FB7EF555.doc,False,
{F-0029840},08/26/2026 20:10:34,OA0014,PC-1014,92A3A49F.doc,False,
{F-0006775},08/26/2026 20:16:34,CA0002,PC-1002,77C7F877.doc,False,
{F-0015044},08/26/2026 20:27:34,GA0006,PC-1006,39912C22.doc,False,
{F-0023850},08/26/2026 20:32:34,LA0011,PC-1011,3595050B.txt,False,
{F-0027675},08/26/2026 20:33:34,NA0013,PC-1013,098E929E.xlsx,False,
{F-0019912},08/26/2026 20:35:34,JA0009,PC-1009,E0D70943.xls,False,
{F-0011667},08/26/2026 20:37:34,EA0004,PC-1004,11B81E4D.pdf,False,
{F-0006777},08/26/2026 20:41:34,CA0002,PC-1002,7662C483.doc,False,
{F-0031935},08/26/2026 20:41:34,PA0015,PC-1015,88F5A0A6.xlsx,False,
{F-0023868},08/26/2026 20:42:34,LA0011,PC-1011,D621527B.xls,False,
{F-0009685},08/26/2026 20:43:34,DA0003,PC-1003,441BC88B.doc,False,
{F-0023872},08/26/2026 20:43:34,LA0011,PC-1011,BF52D9A4.xls,False,
{F-0015036},08/26/2026 20:44:34,GA0006,PC-1006,0B2BA165.jpg,False,
{F-0023853},08/26/2026 20:44:34,LA0011,PC-1011,D7D69B65.txt,False,
{F-0015043},08/26/2026 20:48:34,GA0006,PC-1006,86439D91.txt,False,
{F-0021872},08/26/2026 20:52:34,KA0010,PC-1010,A5500232.xlsx,False,
{F-0023856},08/26/2026 20:52:34,LA0011,PC-1011,36E93E8D.doc,False,
{F-0009686},08/26/2026 20:54:34,DA0003,PC-1003,47DBADE7.jpg,False,
{F-0017958},08/26/2026 21:00:34,IA0008,PC-1008,6FD56CA3.txt,False,
{F-0017949},08/26/2026 21:02:34,IA0008,PC-1008,8A596BF2.txt,False,
{F-0031944},08/26/2026 21:04:34,PA0015,PC-1015,D96C1F1A.xlsx,False,
{F-0013034},08/26/2026 21:13:34,FA0005,PC-1005,6B7C93DA.txt,False,
{F-0006765},08/26/2026 21:14:34,CA0002,PC-1002,C1ABAEFE.pdf,False,
{F-0021869},08/26/2026 21:14:34,KA0010,PC-1010,F5EC6CE8.txt,False,
{F-0033439},08/26/2026 21:17:34,QA0016,PC-1016,B4CE900A.jpg,False,
{F-0021875},08/26/2026 21:19:34,KA0010,PC-1010,2866944B.jpg,False,
{F-0009687},08/26/2026 21:20:34,DA0003,PC-1003,3A72B2B8.pdf,False,
{F-0001320},08/26/2026 21:22:34,AA0000,PC-1000,985D445F.xls,False,
{F-0021874},08/26/2026 21:24:34,KA0010,PC-1010,9D726571.doc,False,
{F-0021878},08/26/2026 21:26:34,KA0010,PC-1010,42FF03B3.pdf,False,
{F-0023875},08/26/2026 21:26:34,LA0011,PC-1011,4CE4008B.xls,False,
{F-0011668},08/26/2026 21:32:34,EA0004,PC-1004,A8045EDB.pdf,False,
{F-0021876},08/26/2026 21:33:34,KA0010,PC-1010,DFB99508.jpg,False,
{F-0029834},08/26/2026 21:33:34,OA0014,PC-1014,429EB0CA.xls,False,
{F-0025835},08/26/2026 21:34:34,MA0012,PC-1012,4852FF45.jpg,False,
{F-0027677},08/26/2026 21:41:34,NA0013,PC-1013,52A078C3.pdf,False,
{F-0034666},08/26/2026 21:48:34,RA0017,PC-1017,FECE9FB5.txt,False,
{F-0027678},08/26/2026 21:54:34,NA0013,PC-1013,6BA5FD5E.txt,False,
{F-0006774},08/26/2026 21:58:34,CA0002,PC-1002,A6B3E865.pdf,False,
{F-0011659},08/26/2026 22:02:34,EA0004,PC-1004,974BAA7C.xlsx,False,
{F-0023864},08/26/2026 22:02:34,LA0011,PC-1011,8495971B.xls,False,
{F-0017948},08/26/2026 22:05:34,IA0008,PC-1008,3361C480.txt,False,
{F-0023879},08/26/2026 22:05:34,LA0011,PC-1011,A7A4C614.doc,False,
{F-0011663},08/26/2026 22:09:34,EA0004,PC-1004,D1BB99D4.xlsx,False,
{F-0031939},08/26/2026 22:10:34,PA0015,PC-1015,A9A1C594.jpg,False,
{F-0013044},08/26/2026 22:12:34,FA0005,PC-1005,23BB2798.txt,False,
{F-0001314},08/26/2026 22:13:34,AA0000,PC-1000,19C812CD.txt,False,
{F-0006772},08/26/2026 22:16:34,CA0002,PC-1002,5F23849B.txt,False,
{F-0029833},08/26/2026 22:19:34,OA0014,PC-1014,29634EDF.xlsx,False,
{F-0023870},08/26/2026 22:22:34,LA0011,PC-1011,7886E5CA.xls,False,
{F-0011662},08/26/2026 22:23:34,EA0004,PC-1004,B3C20E2A.xls,False,
{F-0001316},08/26/2026 22:25:34,AA0000,PC-1000,FC81C74E.jpg,False,
{F-0023869},08/26/2026 22:28:34,LA0011,PC-1011,C438E7AE.doc,False,
{F-0013043},08/26/2026 22:29:34,FA0005,PC-1005,C733FF61.txt,False,
{F-0023851},08/26/2026 22:31:34,LA0011,PC-1011,BFC3977E.txt,False,
{F-0013035},08/26/2026 22:37:34,FA0005,PC-1005,07378FF0.xls,False,
{F-0009676},08/26/2026 22:39:34,DA0003,PC-1003,1AC2102D.doc,False,
{F-0016699},08/26/2026 22:39:34,HA0007,PC-1007,E3F9CD80.doc,False,
{F-0019918},08/26/2026 22:39:34,JA0009,PC-1009,9A4F94AB.txt,False,
{F-0011666},08/26/2026 22:41:34,EA0004,PC-1004,7046DA0A.xls,False,
{F-0025832},08/26/2026 22:41:34,MA0012,PC-1012,250CD179.jpg,False,
{F-0006771},08/26/2026 22:51:34,CA0002,PC-1002,5DE46771.txt,False,
{F-0009691},08/26/2026 22:51:34,DA0003,PC-1003,F6EEBD89.xls,False,
{F-0015040},08/26/2026 22:54:34,GA0006,PC-1006,27D0C0C2.doc,False,
{F-0009675},08/26/2026 22:57:34,DA0003,PC-1003,A431D4B5.pdf,False,
{F-0011658},08/26/2026 22:57:34,EA0004,PC-1004,869CB4DB.jpg,False,
{F-0013037},08/26/2026 22:57:34,FA0005,PC-1005,BE040CB0.doc,False,
{F-0034665},08/26/2026 23:01:34,RA0017,PC-1017,A1B30091.doc,False,
{F-0033444},08/26/2026 23:03:34,QA0016,PC-1016,E5AA42DC.doc,False,
{F-0016700},08/26/2026 23:08:34,HA0007,PC-1007,C824E5A3.xls,False,
{F-0009684},08/26/2026 23:10:34,DA0003,PC-1003,B387283A.doc,False,
{F-0017953},08/26/2026 23:16:34,IA0008,PC-1008,3E282844.txt,False,
{F-0029836},08/26/2026 23:16:34,OA0014,PC-1014,89102659.xls,False,
{F-0016701},08/26/2026 23:22:34,HA0007,PC-1007,D6AC7CFF.doc,False,
{F-0006766},08/26/2026 23:23:34,CA0002,PC-1002,8FEA1C71.txt,False,
{F-0021882},08/26/2026 23:24:34,KA0010,PC-1010,BAB0D134.doc,False,
{F-0023867},08/26/2026 23:24:34,LA0011,PC-1011,041D8133.jpg,False,
{F-0019917},08/26/2026 23:26:34,JA0009,PC-1009,FE3E5C08.doc,False,
{F-0006785},08/26/2026 23:31:34,CA0002,PC-1002,8A112AA1.xlsx,False,
{F-0017960},08/26/2026 23:33:34,IA0008,PC-1008,511F3598.xlsx,False,
{F-0015039},08/26/2026 23:34:34,GA0006,PC-1006,DEEC8A93.doc,False,
{F-0023858},08/26/2026 23:38:34,LA0011,PC-1011,DD389611.xlsx,False,
{F-0021868},08/26/2026 23:41:34,KA0010,PC-1010,90B97726.jpg,False,
{F-0029835},08/26/2026 23:42:34,OA0014,PC-1014,1EB95999.xlsx,False,
{F-0031933},08/26/2026 23:43:34,PA0015,PC-1015,E1914420.jpg,False,
{F-0029837},08/26/2026 23:48:34,OA0014,PC-1014,B1A553F0.jpg,False,
{F-0001313},08/26/2026 23:49:34,AA0000,PC-1000,AC1DC1AB.txt,False,
{F-0013036},08/26/2026 23:51:34,FA0005,PC-1005,51A65BEE.jpg,False,
{F-0029839},08/26/2026 23:51:34,OA0014,PC-1014,B7B9D59A.jpg,False,
{F-0006780},08/26/2026 23:58:34,CA0002,PC-1002,3CBAB43C.jpg,False,
{F-0027671},08/26/2026 23:59:34,NA0013,PC-1013,950F13DF.xlsx,False,
{F-0031932},08/27/2026 00:00:34,PA0015,PC-1015,607B5145.xls,False,
{F-0001317},08/27/2026 00:04:34,AA0000,PC-1000,77FAB382.xlsx,False,
{F-0009689},08/27/2026 00:05:34,DA0003,PC-1003,88B30A91.pdf,False,
{F-0013038},08/27/2026 00:07:34,FA0005,PC-1005,25E45980.jpg,False,
{F-0006782},08/27/2026 00:10:34,CA0002,PC-1002,A4560D3E.pdf,False,
{F-0017962},08/27/2026 00:10:34,IA0008,PC-1008,FED6C1F7.jpg,False,
{F-0023877},08/27/2026 00:12:34,LA0011,PC-1011,D8EB2246.xls,False,
{F-0023860},08/27/2026 00:15:34,LA0011,PC-1011,8BD9204F.txt,False,
{F-0011669},08/27/2026 00:19:34,EA0004,PC-1004,677FC1DA.jpg,False,
{F-0019923},08/27/2026 00:19:34,JA0009,PC-1009,E1607805.jpg,False,
{F-0009674},08/27/2026 00:21:34,DA0003,PC-1003,CDD47DED.jpg,False,
{F-0006770},08/27/2026 00:22:34,CA0002,PC-1002,263F57AD.txt,False,
{F-0009683},08/27/2026 00:22:34,DA0003,PC-1003,6A9F919A.xlsx,False,
{F-0031936},08/27/2026 00:23:34,PA0015,PC-1015,C3E9EBAF.txt,False,
{F-0025839},08/27/2026 00:24:34,MA0012,PC-1012,07C59AA4.pdf,False,
{F-0011661},08/27/2026 00:28:34,EA0004,PC-1004,B842F6A1.doc,False,
{F-0033442},08/27/2026 00:28:34,QA0016,PC-1016,BC26EAF5.doc,False,
{F-0027676},08/27/2026 00:29:34,NA0013,PC-1013,A5903FB0.xls,False,
{F-0006779},08/27/2026 00:32:34,CA0002,PC-1002,2D9B4E74.doc,False,
{F-0011664},08/27/2026 00:34:34,EA0004,PC-1004,151C034D.doc,False,
{F-0017950},08/27/2026 00:41:34,IA0008,PC-1008,66DCAAE9.jpg,False,
{F-0019915},08/27/2026 00:45:34,JA0009,PC-1009,13B3D591.doc,False,
{F-0015037},08/27/2026 00:46:34,GA0006,PC-1006,D3CD2879.pdf,False,
{F-0025833},08/27/2026 00:55:34,MA0012,PC-1012,20B7C35F.xls,False,
{F-0031937},08/27/2026 01:01:34,PA0015,PC-1015,6A0B92E1.txt,False,
{F-0019914},08/27/2026 01:02:34,JA0009,PC-1009,6AD0B3A3.xls,False,
{F-0009680},08/27/2026 01:04:34,DA0003,PC-1003,473B1A2D.doc,False,
{F-0023852},08/27/2026 01:07:34,LA0011,PC-1011,49E9756B.jpg,False,
{F-0006787},08/27/2026 01:08:34,CA0002,PC-1002,7FA1047B.pdf,False,
{F-0017946},08/27/2026 01:08:34,IA0008,PC-1008,DB6BA7C3.xls,False,
{F-0017951},08/27/2026 01:08:34,IA0008,PC-1008,736F9530.doc,False,
{F-0017942},08/27/2026 01:09:34,IA0008,PC-1008,891EFEBE.jpg,False,
{F-0031938},08/27/2026 01:10:34,PA0015,PC-1015,2A6148ED.txt,False,
{F-0015042},08/27/2026 01:14:34,GA0006,PC-1006,6DF443B7.txt,False,
{F-0023873},08/27/2026 01:14:34,LA0011,PC-1011,69F4550C.doc,False,
{F-0031942},08/27/2026 01:18:34,PA0015,PC-1015,B9849A0B.xlsx,False,
{F-0009688},08/27/2026 01:25:34,DA0003,PC-1003,B84531E9.doc,False,
{F-0019916},08/27/2026 01:30:34,JA0009,PC-1009,85EC7086.txt,False,
{F-0011665},08/27/2026 01:31:34,EA0004,PC-1004,C4609F56.doc,False,
{F-0019911},08/27/2026 01:31:34,JA0009,PC-1009,39E9810D.txt,False,
{F-0013032},08/27/2026 01:32:34,FA0005,PC-1005,F5D2C3FF.doc,False,
{F-0009682},08/27/2026 01:37:34,DA0003,PC-1003,AFE325DC.pdf,False,
{F-0019909},08/27/2026 01:44:34,JA0009,PC-1009,9144C7ED.doc,False,
{F-0019919},08/27/2026 01:45:34,JA0009,PC-1009,C69AD815.xlsx,False,
{F-0034667},08/27/2026 01:45:34,RA0017,PC-1017,46A8BA9D.doc,False,
{F-0006781},08/27/2026 01:49:34,CA0002,PC-1002,2FA092C8.xlsx,False,
{F-0013030},08/27/2026 01:51:34,FA0005,PC-1005,BAC31E99.doc,False,
{F-0025838},08/27/2026 01:51:34,MA0012,PC-1012,45BFDF49.pdf,False,
{F-0033441},08/27/2026 01:52:34,QA0016,PC-1016,389EA9B3.txt,False,
{F-0017959},08/27/2026 01:54:34,IA0008,PC-1008,CCA63D07.doc,False,
{F-0023874},08/27/2026 01:55:34,LA0011,PC-1011,58C4B063.doc,False,
{F-0009679},08/27/2026 01:56:34,DA0003,PC-1003,CFE971A2.xlsx,False,
{F-0015046},08/27/2026 01:57:34,GA0006,PC-1006,B352B164.txt,False,
{F-0017952},08/27/2026 02:00:34,IA0008,PC-1008,4C9A44F5.xls,False,
{F-0017947},08/27/2026 02:02:34,IA0008,PC-1008,809034A9.txt,False,
{F-0023866},08/27/2026 02:06:34,LA0011,PC-1011,AE67A133.pdf,False,
{F-0013039},08/27/2026 02:07:34,FA0005,PC-1005,840AE632.jpg,False,
{F-0017957},08/27/2026 02:11:34,IA0008,PC-1008,A6880127.xls,False,
{F-0021880},08/27/2026 02:12:34,KA0010,PC-1010,DC89FBCA.txt,False,
{F-0013042},08/27/2026 02:17:34,FA0005,PC-1005,AD02C563.doc,False,
{F-0016702},08/27/2026 02:17:34,HA0007,PC-1007,6FD382D4.xls,False,
{F-0006768},08/27/2026 02:18:34,CA0002,PC-1002,E5FBE1CE.txt,False,
{F-0017954},08/27/2026 02:18:34,IA0008,PC-1008,06274E35.xls,False,
{F-0001318},08/27/2026 02:25:34,AA0000,PC-1000,1586008A.pdf,False,
{F-0017945},08/27/2026 02:26:34,IA0008,PC-1008,D0D68C00.doc,False,
{F-0029838},08/27/2026 02:30:34,OA0014,PC-1014,C8DC0170.pdf,False,
{F-0017943},08/27/2026 02:32:34,IA0008,PC-1008,1A2B0113.doc,False,
{F-0025837},08/27/2026 02:32:34,MA0012,PC-1012,BA0A2F42.pdf,False,
{F-0023863},08/27/2026 02:33:34,LA0011,PC-1011,E3054D4A.pdf,False,
{F-0016703},08/27/2026 02:37:34,HA0007,PC-1007,D75435B9.doc,False,
{F-0027679},08/27/2026 02:41:34,NA0013,PC-1013,AB986818.txt,False,
{F-0029841},08/27/2026 02:41:34,OA0014,PC-1014,A12A0790.pdf,False,
{F-0015035},08/27/2026 02:47:34,GA0006,PC-1006,62C46BE0.doc,False,
{F-0001315},08/27/2026 02:48:34,AA0000,PC-1000,99DC62B6.doc,False,
{F-0011660},08/27/2026 02:49:34,EA0004,PC-1004,5C101688.pdf,False,
{F-0023847},08/27/2026 02:57:34,LA0011,PC-1011,77DB5DF9.xlsx,False,
{F-0031931},08/27/2026 03:01:34,PA0015,PC-1015,0A45013F.txt,False,
{F-0006773},08/27/2026 03:05:34,CA0002,PC-1002,7D671B05.jpg,False,
{F-0023854},08/27/2026 03:06:34,LA0011,PC-1011,642E1EEB.doc,False,
{F-0006783},08/27/2026 03:08:34,CA0002,PC-1002,4272558D.jpg,False,
{F-0015047},08/27/2026 03:11:34,GA0006,PC-1006,2C7CBD86.doc,False,
{F-0019922},08/27/2026 03:14:34,JA0009,PC-1009,B073EE2C.xls,False,
{F-0027673},08/27/2026 03:15:34,NA0013,PC-1013,200C8465.doc,False,
{F-0031940},08/27/2026 03:17:34,PA0015,PC-1015,8964B1B1.jpg,False,
{F-0009690},08/27/2026 03:20:34,DA0003,PC-1003,E6358C78.jpg,False,
{F-0013041},08/27/2026 03:20:34,FA0005,PC-1005,3453D7B3.doc,False,
{F-0025831},08/27/2026 03:21:34,MA0012,PC-1012,1DD28C67.pdf,False,
{F-0006786},08/27/2026 03:22:34,CA0002,PC-1002,4CE7AE4C.xlsx,False,
{F-0023857},08/27/2026 03:29:34,LA0011,PC-1011,14F41031.txt,False,
{F-0025830},08/27/2026 03:29:34,MA0012,PC-1012,4A09F5E0.txt,False,
{F-0027672},08/27/2026 03:33:34,NA0013,PC-1013,76E17835.doc,False,
{F-0033443},08/27/2026 03:33:34,QA0016,PC-1016,C422991A.doc,False,
{F-0023855},08/27/2026 03:39:34,LA0011,PC-1011,E6B876DF.xls,False,
{F-0019924},08/27/2026 03:42:34,JA0009,PC-1009,DF79DCDD.doc,False,
{F-0033438},08/27/2026 03:42:34,QA0016,PC-1016,9074A02E.txt,False,
{F-0031934},08/27/2026 03:43:34,PA0015,PC-1015,C6148B09.txt,False,
{F-0023848},08/27/2026 03:44:34,LA0011,PC-1011,C3C987F3.pdf,False,
{F-0019910},08/27/2026 03:45:34,JA0009,PC-1009,40386957.txt,False,
{F-0021866},08/27/2026 03:46:34,KA0010,PC-1010,71D153B2.xls,False,
{F-0006776},08/27/2026 03:49:34,CA0002,PC-1002,E353C536.jpg,False,
{F-0019913},08/27/2026 03:54:34,JA0009,PC-1009,2441B3CC.xls,False,
{F-0031941},08/27/2026 03:57:34,PA0015,PC-1015,1C9770F0.doc,False,
{F-0034668},08/27/2026 03:58:34,RA0017,PC-1017,904FE422.txt,False,
{F-0023859},08/27/2026 04:01:34,LA0011,PC-1011,A1F7A00D.xlsx,False,
{F-0031943},08/27/2026 04:03:34,PA0015,PC-1015,76735BC9.doc,False,
{F-0021879},08/27/2026 04:05:34,KA0010,PC-1010,E97B3728.xlsx,False,
{F-0027674},08/27/2026 04:05:34,NA0013,PC-1013,DE7E0067.jpg,False,
{F-0019921},08/27/2026 04:06:34,JA0009,PC-1009,BBF87DD8.txt,False,
{F-0001319},08/27/2026 04:09:34,AA0000,PC-1000,5E1EA4AB.xls,False,
{F-0013040},08/27/2026 04:16:34,FA0005,PC-1005,361940FC.doc,False,
{F-0006767},08/27/2026 04:17:34,CA0002,PC-1002,6E9719B3.xls,False,
{F-0013031},08/27/2026 04:23:34,FA0005,PC-1005,890DB26D.doc,False,
{F-0006784},08/27/2026 04:27:34,CA0002,PC-1002,11E48EF1.doc,False,
{F-0021873},08/27/2026 04:27:34,KA0010,PC-1010,47B2B03C.pdf,False,
{F-0033440},08/27/2026 04:48:34,QA0016,PC-1016,F7EEEEAA.jpg,False,
{F-0021877},08/27/2026 05:01:34,KA0010,PC-1010,797E90F9.jpg,False,
{F-0021881},08/27/2026 05:01:34,KA0010,PC-1010,6910BD6E.jpg,False,
{F-0021883},08/27/2026 05:15:34,KA0010,PC-1010,CE295D99.doc,False,
{F-0021870},08/27/2026 05:24:34,KA0010,PC-1010,728D4741.xls,False,
{F-0021871},08/27/2026 05:31:34,KA0010,PC-1010,15CBA8C4.xlsx,False,
{F-0021867},08/27/2026 05:42:34,KA0010,PC-1010,02325EAB.xls,False,
{F-0013033},08/27/2026 06:02:34,FA0005,PC-1005,7F4E9806.txt,False,
{F-0018002},08/27/2026 18:53:34,IA0008,PC-1008,61DF2EC7.doc,False,
{F-0023921},08/27/2026 19:05:34,LA0011,PC-1011,89748B7F.xls,False,
{F-0009743},08/27/2026 19:07:34,DA0003,PC-1003,9D0FE5DD.doc,False,
{F-0029893},08/27/2026 19:09:34,OA0014,PC-1014,25F90FDF.doc,False,
{F-0017989},08/27/2026 19:15:34,IA0008,PC-1008,FE4F84EF.xlsx,False,
{F-0017997},08/27/2026 19:15:34,IA0008,PC-1008,59D04389.pdf,False,
{F-0023914},08/27/2026 19:19:34,LA0011,PC-1011,41C70953.doc,False,
{F-0029888},08/27/2026 19:21:34,OA0014,PC-1014,0D58588C.doc,False,
{F-0025878},08/27/2026 19:37:34,MA0012,PC-1012,8BD577B3.pdf,False,
{F-0015095},08/27/2026 19:42:34,GA0006,PC-1006,A9FFEF2F.txt,False,
{F-0003841},08/27/2026 19:47:34,BA0001,PC-1001,0F48E717.doc,False,
{F-0009744},08/27/2026 19:49:34,DA0003,PC-1003,FE32F653.txt,False,
{F-0015093},08/27/2026 19:53:34,GA0006,PC-1006,AD0D061F.xlsx,False,
{F-0021916},08/27/2026 19:58:34,KA0010,PC-1010,3C8309B1.doc,False,
{F-0015094},08/27/2026 20:05:34,GA0006,PC-1006,0696C8C5.doc,False,
{F-0023910},08/27/2026 20:06:34,LA0011,PC-1011,D06F63A8.xls,False,
{F-0023916},08/27/2026 20:06:34,LA0011,PC-1011,52AE840F.xls,False,
{F-0016726},08/27/2026 20:09:34,HA0007,PC-1007,92281D2D.xls,False,
{F-0021910},08/27/2026 20:18:34,KA0010,PC-1010,2FBF2932.xls,False,
{F-0015091},08/27/2026 20:24:34,GA0006,PC-1006,4E9E0C88.xlsx,False,
{F-0011691},08/27/2026 20:29:34,EA0004,PC-1004,5190F66B.xls,False,
{F-0025876},08/27/2026 20:30:34,MA0012,PC-1012,26C7CEF2.doc,False,
{F-0001366},08/27/2026 20:36:34,AA0000,PC-1000,B2C9265D.xls,False,
{F-0009749},08/27/2026 20:38:34,DA0003,PC-1003,147A66D4.doc,False,
{F-0011693},08/27/2026 20:38:34,EA0004,PC-1004,63D57E31.txt,False,
{F-0034700},08/27/2026 20:39:34,RA0017,PC-1017,0635243C.xlsx,False,
{F-0006861},08/27/2026 20:40:34,CA0002,PC-1002,BD6BB986.xls,False,
{F-0018000},08/27/2026 20:41:34,IA0008,PC-1008,A1F797AB.doc,False,
{F-0009759},08/27/2026 20:43:34,DA0003,PC-1003,1B67E683.xls,False,
{F-0023909},08/27/2026 20:48:34,LA0011,PC-1011,E4A81B58.xlsx,False,
{F-0003843},08/27/2026 20:50:34,BA0001,PC-1001,83E377DD.txt,False,
{F-0023923},08/27/2026 20:50:34,LA0011,PC-1011,1E2AFB29.xlsx,False,
{F-0016729},08/27/2026 20:51:34,HA0007,PC-1007,817CF020.doc,False,
{F-0001370},08/27/2026 20:53:34,AA0000,PC-1000,9E478156.doc,False,
{F-0021921},08/27/2026 20:53:34,KA0010,PC-1010,E2611158.txt,False,
{F-0029896},08/27/2026 20:53:34,OA0014,PC-1014,81D8A737.jpg,False,
{F-0023927},08/27/2026 20:55:34,LA0011,PC-1011,7F589392.doc,False,
{F-0006858},08/27/2026 20:56:34,CA0002,PC-1002,0CD3F563.xls,False,
{F-0009751},08/27/2026 20:56:34,DA0003,PC-1003,4CB73468.jpg,False,
{F-0011692},08/27/2026 20:57:34,EA0004,PC-1004,209BCC68.xls,False,
{F-0011699},08/27/2026 20:59:34,EA0004,PC-1004,65D9B10F.xlsx,False,
{F-0034699},08/27/2026 20:59:34,RA0017,PC-1017,4DDA6660.pdf,False,
{F-0013067},08/27/2026 21:01:34,FA0005,PC-1005,C92DAEDE.xlsx,False,
{F-0011698},08/27/2026 21:03:34,EA0004,PC-1004,A447CD2B.txt,False,
{F-0025879},08/27/2026 21:05:34,MA0012,PC-1012,15E07F78.txt,False,
{F-0011694},08/27/2026 21:06:34,EA0004,PC-1004,C60C0226.txt,False,
{F-0017999},08/27/2026 21:06:34,IA0008,PC-1008,05331D5A.txt,False,
{F-0031971},08/27/2026 21:07:34,PA0015,PC-1015,4CC5A228.pdf,False,
{F-0006848},08/27/2026 21:25:34,CA0002,PC-1002,79C69B9A.doc,False,
{F-0006862},08/27/2026 21:25:34,CA0002,PC-1002,BBA59C5F.doc,False,
{F-0016728},08/27/2026 21:26:34,HA0007,PC-1007,6F9C8DFA.jpg,False,
{F-0013062},08/27/2026 21:28:34,FA0005,PC-1005,A9E2723E.doc,False,
{F-0013069},08/27/2026 21:29:34,FA0005,PC-1005,47A09F72.doc,False,
{F-0006864},08/27/2026 21:34:34,CA0002,PC-1002,35682AA6.doc,False,
{F-0013063},08/27/2026 21:35:34,FA0005,PC-1005,E0FFA1BE.pdf,False,
{F-0029882},08/27/2026 21:35:34,OA0014,PC-1014,69E4658F.pdf,False,
{F-0023913},08/27/2026 21:37:34,LA0011,PC-1011,7ACAC6E8.pdf,False,
{F-0011701},08/27/2026 21:40:34,EA0004,PC-1004,7F5F85B7.jpg,False,
{F-0031965},08/27/2026 21:43:34,PA0015,PC-1015,B96E3693.xls,False,
{F-0034703},08/27/2026 21:43:34,RA0017,PC-1017,91CA58F3.txt,False,
{F-0017992},08/27/2026 21:44:34,IA0008,PC-1008,E5FF5055.txt,False,
{F-0013072},08/27/2026 21:45:34,FA0005,PC-1005,FC9D5167.pdf,False,
{F-0021919},08/27/2026 21:45:34,KA0010,PC-1010,BD1FD0E2.jpg,False,
{F-0009757},08/27/2026 21:49:34,DA0003,PC-1003,EBA9ED47.txt,False,
{F-0006867},08/27/2026 21:50:34,CA0002,PC-1002,8A6F6F52.doc,False,
{F-0017991},08/27/2026 21:51:34,IA0008,PC-1008,67EE0B47.jpg,False,
{F-0016724},08/27/2026 21:54:34,HA0007,PC-1007,DED7C74C.doc,False,
{F-0021911},08/27/2026 22:05:34,KA0010,PC-1010,FA3915AC.xlsx,False,
{F-0016725},08/27/2026 22:09:34,HA0007,PC-1007,B0E13B1E.xlsx,False,
{F-0013073},08/27/2026 22:11:34,FA0005,PC-1005,95FA9690.xls,False,
{F-0021906},08/27/2026 22:14:34,KA0010,PC-1010,5283ADC2.xls,False,
{F-0011702},08/27/2026 22:16:34,EA0004,PC-1004,98D5A9A4.jpg,False,
{F-0003852},08/27/2026 22:17:34,BA0001,PC-1001,3DC51AA2.txt,False,
{F-0006860},08/27/2026 22:19:34,CA0002,PC-1002,618BE89C.xls,False,
{F-0018003},08/27/2026 22:19:34,IA0008,PC-1008,5C3FABCE.doc,False,
{F-0017988},08/27/2026 22:21:34,IA0008,PC-1008,F37599E0.xlsx,False,
{F-0029886},08/27/2026 22:21:34,OA0014,PC-1014,CF48FF49.doc,False,
{F-0031967},08/27/2026 22:21:34,PA0015,PC-1015,1748CCA2.xlsx,False,
{F-0013071},08/27/2026 22:22:34,FA0005,PC-1005,C8B0933E.doc,False,
{F-0009754},08/27/2026 22:25:34,DA0003,PC-1003,C0D1F9D5.doc,False,
{F-0021918},08/27/2026 22:25:34,KA0010,PC-1010,FFE32A2D.txt,False,
{F-0017994},08/27/2026 22:27:34,IA0008,PC-1008,3A529432.pdf,False,
{F-0009752},08/27/2026 22:32:34,DA0003,PC-1003,996DC9FA.doc,False,
{F-0017986},08/27/2026 22:36:34,IA0008,PC-1008,6B5A604A.pdf,False,
{F-0009746},08/27/2026 22:37:34,DA0003,PC-1003,964B20D5.pdf,False,
{F-0017998},08/27/2026 22:37:34,IA0008,PC-1008,3914372C.doc,False,
{F-0034702},08/27/2026 22:37:34,RA0017,PC-1017,EA3DC4D0.doc,False,
{F-0015096},08/27/2026 22:41:34,GA0006,PC-1006,26235832.doc,False,
{F-0013068},08/27/2026 22:46:34,FA0005,PC-1005,4B0E0558.doc,False,
{F-0009747},08/27/2026 22:47:34,DA0003,PC-1003,CA6D6F59.pdf,False,
{F-0013064},08/27/2026 22:50:34,FA0005,PC-1005,EC506BAD.xls,False,
{F-0006852},08/27/2026 22:55:34,CA0002,PC-1002,DFADD990.doc,False,
{F-0018001},08/27/2026 22:55:34,IA0008,PC-1008,075FE88B.pdf,False,
{F-0009756},08/27/2026 23:01:34,DA0003,PC-1003,497A442C.doc,False,
{F-0021904},08/27/2026 23:06:34,KA0010,PC-1010,D39330F7.jpg,False,
{F-0015090},08/27/2026 23:07:34,GA0006,PC-1006,D0534B96.txt,False,
{F-0017995},08/27/2026 23:08:34,IA0008,PC-1008,B72D6E38.doc,False,
{F-0034698},08/27/2026 23:09:34,RA0017,PC-1017,D66FD12E.xlsx,False,
{F-0031969},08/27/2026 23:12:34,PA0015,PC-1015,6AF26D32.jpg,False,
{F-0003847},08/27/2026 23:18:34,BA0001,PC-1001,F9B019D9.doc,False,
{F-0013065},08/27/2026 23:27:34,FA0005,PC-1005,E9176032.jpg,False,
{F-0006866},08/27/2026 23:28:34,CA0002,PC-1002,54F3EC3D.jpg,False,
{F-0029887},08/27/2026 23:34:34,OA0014,PC-1014,6DE58145.xls,False,
{F-0023917},08/27/2026 23:37:34,LA0011,PC-1011,FDAE95BF.xlsx,False,
{F-0006863},08/27/2026 23:38:34,CA0002,PC-1002,7E51F74D.xls,False,
{F-0021909},08/27/2026 23:41:34,KA0010,PC-1010,369AF693.doc,False,
{F-0016731},08/27/2026 23:55:34,HA0007,PC-1007,D3C6867E.xls,False,
{F-0011695},08/27/2026 23:56:34,EA0004,PC-1004,0FE1EBC4.doc,False,
{F-0029894},08/27/2026 23:56:34,OA0014,PC-1014,AC49A273.doc,False,
{F-0009760},08/27/2026 23:57:34,DA0003,PC-1003,E3C81142.xls,False,
{F-0001368},08/27/2026 23:59:34,AA0000,PC-1000,1C4903F3.xls,False,
{F-0009753},08/27/2026 23:59:34,DA0003,PC-1003,20F6FB95.xlsx,False,
{F-0001365},08/28/2026 00:00:34,AA0000,PC-1000,C990BCF2.xls,False,
{F-0009742},08/28/2026 00:03:34,DA0003,PC-1003,924497B2.doc,False,
{F-0013061},08/28/2026 00:08:34,FA0005,PC-1005,C7C77974.doc,False,
{F-0021905},08/28/2026 00:08:34,KA0010,PC-1010,ADF9942D.xlsx,False,
{F-0001364},08/28/2026 00:10:34,AA0000,PC-1000,B76CA8EC.doc,False,
{F-0017996},08/28/2026 00:14:34,IA0008,PC-1008,0E909C64.txt,False,
{F-0013070},08/28/2026 00:15:34,FA0005,PC-1005,2E1AE65D.doc,False,
{F-0023924},08/28/2026 00:17:34,LA0011,PC-1011,F5D8D1F4.doc,False,
{F-0006855},08/28/2026 00:21:34,CA0002,PC-1002,39CB15B6.txt,False,
{F-0021915},08/28/2026 00:26:34,KA0010,PC-1010,7EBECB09.txt,False,
{F-0021917},08/28/2026 00:31:34,KA0010,PC-1010,B561C98F.jpg,False,
{F-0015092},08/28/2026 00:36:34,GA0006,PC-1006,40A1AEE6.doc,False,
{F-0017993},08/28/2026 00:36:34,IA0008,PC-1008,3EA65E4D.txt,False,
{F-0029890},08/28/2026 00:37:34,OA0014,PC-1014,65E242CA.xls,False,
{F-0006853},08/28/2026 00:43:34,CA0002,PC-1002,5FDE2FAA.pdf,False,
{F-0029889},08/28/2026 00:43:34,OA0014,PC-1014,CBE87EC8.jpg,False,
{F-0031966},08/28/2026 00:43:34,PA0015,PC-1015,3DF299ED.doc,False,
{F-0023919},08/28/2026 00:45:34,LA0011,PC-1011,97AC0E4F.pdf,False,
{F-0006856},08/28/2026 00:48:34,CA0002,PC-1002,A0280223.pdf,False,
{F-0017990},08/28/2026 00:53:34,IA0008,PC-1008,712F3B7B.xls,False,
{F-0013075},08/28/2026 00:55:34,FA0005,PC-1005,FF092131.xlsx,False,
{F-0021913},08/28/2026 00:55:34,KA0010,PC-1010,53E4E69D.doc,False,
{F-0006865},08/28/2026 00:58:34,CA0002,PC-1002,D94AD314.txt,False,
{F-0003846},08/28/2026 00:59:34,BA0001,PC-1001,4A691AF5.xls,False,
{F-0031970},08/28/2026 01:11:34,PA0015,PC-1015,03C27D44.xlsx,False,
{F-0029891},08/28/2026 01:12:34,OA0014,PC-1014,74290515.txt,False,
{F-0017987},08/28/2026 01:19:34,IA0008,PC-1008,96CEEE2D.txt,False,
{F-0009745},08/28/2026 01:22:34,DA0003,PC-1003,B7F396F8.doc,False,
{F-0025880},08/28/2026 01:22:34,MA0012,PC-1012,53BDDCD0.doc,False,
{F-0033477},08/28/2026 01:26:34,QA0016,PC-1016,F42C30B2.doc,False,
{F-0029885},08/28/2026 01:29:34,OA0014,PC-1014,35A29166.txt,False,
{F-0025875},08/28/2026 01:32:34,MA0012,PC-1012,90E03147.doc,False,
{F-0009755},08/28/2026 01:33:34,DA0003,PC-1003,E2DA5162.doc,False,
{F-0009748},08/28/2026 01:39:34,DA0003,PC-1003,6D083EC5.xls,False,
{F-0023926},08/28/2026 01:39:34,LA0011,PC-1011,810C1517.xlsx,False,
{F-0006857},08/28/2026 01:42:34,CA0002,PC-1002,ED8E44D1.doc,False,
{F-0003850},08/28/2026 01:50:34,BA0001,PC-1001,13337F5E.xlsx,False,
{F-0009758},08/28/2026 01:50:34,DA0003,PC-1003,6B63378A.xlsx,False,
{F-0013066},08/28/2026 01:50:34,FA0005,PC-1005,3FEDBF2C.xls,False,
{F-0003839},08/28/2026 01:51:34,BA0001,PC-1001,347E1606.txt,False,
{F-0006854},08/28/2026 01:51:34,CA0002,PC-1002,A9B816F9.pdf,False,
{F-0021908},08/28/2026 01:51:34,KA0010,PC-1010,9EE71727.doc,False,
{F-0016730},08/28/2026 01:58:34,HA0007,PC-1007,969750C6.doc,False,
{F-0029883},08/28/2026 02:04:34,OA0014,PC-1014,B9D7188D.doc,False,
{F-0023922},08/28/2026 02:09:34,LA0011,PC-1011,98D2B87A.jpg,False,
{F-0016723},08/28/2026 02:11:34,HA0007,PC-1007,181B3A52.jpg,False,
{F-0003844},08/28/2026 02:14:34,BA0001,PC-1001,EC3F7997.doc,False,
{F-0006847},08/28/2026 02:14:34,CA0002,PC-1002,B0CEA175.txt,False,
{F-0021907},08/28/2026 02:18:34,KA0010,PC-1010,2D3280D9.pdf,False,
{F-0025881},08/28/2026 02:20:34,MA0012,PC-1012,61B1BBE2.xlsx,False,
{F-0031968},08/28/2026 02:21:34,PA0015,PC-1015,188EB7D1.xlsx,False,
{F-0003845},08/28/2026 02:22:34,BA0001,PC-1001,3331CECD.txt,False,
{F-0011696},08/28/2026 02:22:34,EA0004,PC-1004,767674C3.xls,False,
{F-0011700},08/28/2026 02:24:34,EA0004,PC-1004,58CFD212.jpg,False,
{F-0021912},08/28/2026 02:26:34,KA0010,PC-1010,2F5AE868.xlsx,False,
{F-0023920},08/28/2026 02:30:34,LA0011,PC-1011,9774BED3.doc,False,
{F-0023915},08/28/2026 02:35:34,LA0011,PC-1011,09308A83.doc,False,
{F-0011697},08/28/2026 02:36:34,EA0004,PC-1004,747C6DC0.txt,False,
{F-0029892},08/28/2026 02:46:34,OA0014,PC-1014,73B35934.doc,False,
{F-0001367},08/28/2026 02:54:34,AA0000,PC-1000,A43E40F4.xls,False,
{F-0009741},08/28/2026 02:57:34,DA0003,PC-1003,E1721954.xls,False,
{F-0015097},08/28/2026 02:57:34,GA0006,PC-1006,78F5AFCE.txt,False,
{F-0011703},08/28/2026 03:02:34,EA0004,PC-1004,0A7EE91A.doc,False,
{F-0006849},08/28/2026 03:04:34,CA0002,PC-1002,8E3B4D4A.txt,False,
{F-0021903},08/28/2026 03:05:34,KA0010,PC-1010,182BAD0D.xlsx,False,
{F-0021920},08/28/2026 03:05:34,KA0010,PC-1010,1609F767.xlsx,False,
{F-0034701},08/28/2026 03:08:34,RA0017,PC-1017,664E7232.doc,False,
{F-0023925},08/28/2026 03:11:34,LA0011,PC-1011,8CB7F0CD.doc,False,
{F-0023912},08/28/2026 03:14:34,LA0011,PC-1011,25D7E120.doc,False,
{F-0009750},08/28/2026 03:17:34,DA0003,PC-1003,44F077D2.doc,False,
{F-0029884},08/28/2026 03:17:34,OA0014,PC-1014,A4FFCE4A.jpg,False,
{F-0003848},08/28/2026 03:21:34,BA0001,PC-1001,91B19061.xls,False,
{F-0003851},08/28/2026 03:23:34,BA0001,PC-1001,FF0C6C43.doc,False,
{F-0025877},08/28/2026 03:23:34,MA0012,PC-1012,7E4D06C2.txt,False,
{F-0006851},08/28/2026 03:26:34,CA0002,PC-1002,E1B47B88.doc,False,
{F-0023911},08/28/2026 03:29:34,LA0011,PC-1011,07278824.doc,False,
{F-0016727},08/28/2026 03:36:34,HA0007,PC-1007,0074CE4F.jpg,False,
{F-0003849},08/28/2026 03:40:34,BA0001,PC-1001,48EE74CF.xls,False,
{F-0029895},08/28/2026 03:54:34,OA0014,PC-1014,2B171EDB.doc,False,
{F-0006850},08/28/2026 03:58:34,CA0002,PC-1002,57077AC4.xlsx,False,
{F-0003842},08/28/2026 04:04:34,BA0001,PC-1001,6EECCB36.txt,False,
{F-0006859},08/28/2026 04:06:34,CA0002,PC-1002,4075BA2A.xlsx,False,
{F-0003840},08/28/2026 04:10:34,BA0001,PC-1001,B9277FC9.jpg,False,
{F-0003838},08/28/2026 04:13:34,BA0001,PC-1001,BDE6E4D7.doc,False,
{F-0013074},08/28/2026 04:15:34,FA0005,PC-1005,92652912.xls,False,
{F-0021914},08/28/2026 04:17:34,KA0010,PC-1010,E4F04ED9.doc,False,
{F-0033475},08/28/2026 04:23:34,QA0016,PC-1016,34FD4B4B.xlsx,False,
{F-0001369},08/28/2026 04:37:34,AA0000,PC-1000,F5937BBC.doc,False,
{F-0023918},08/28/2026 04:44:34,LA0011,PC-1011,7896B2AE.doc,False,
{F-0033476},08/28/2026 04:46:34,QA0016,PC-1016,CFB9C31E.pdf,False,
{F-0025922},08/30/2026 18:39:34,MA0012,PC-1012,14419458.txt,False,
{F-0027714},08/30/2026 18:51:34,NA0013,PC-1013,FDA4D923.doc,False,
{F-0018032},08/30/2026 18:53:34,IA0008,PC-1008,8B90C80D.xls,False,
{F-0025923},08/30/2026 18:54:34,MA0012,PC-1012,D0E7DE48.xls,False,
{F-0018031},08/30/2026 19:18:34,IA0008,PC-1008,16304A31.doc,False,
{F-0009820},08/30/2026 19:26:34,DA0003,PC-1003,6B04B95C.xls,False,
{F-0009815},08/30/2026 19:37:34,DA0003,PC-1003,4BEB7841.doc,False,
{F-0023952},08/30/2026 19:45:34,LA0011,PC-1011,1F806EA2.jpg,False,
{F-0029979},08/30/2026 19:46:34,OA0014,PC-1014,BD4289A9.txt,False,
{F-0009828},08/30/2026 19:47:34,DA0003,PC-1003,B8347DB7.jpg,False,
{F-0001422},08/30/2026 19:48:34,AA0000,PC-1000,E4F9B42F.txt,False,
{F-0023960},08/30/2026 19:49:34,LA0011,PC-1011,E6ADE590.doc,False,
{F-0009822},08/30/2026 19:51:34,DA0003,PC-1003,9A637F84.xlsx,False,
{F-0015136},08/30/2026 19:57:34,GA0006,PC-1006,B0714CE3.doc,False,
{F-0009825},08/30/2026 19:59:34,DA0003,PC-1003,67BF57AB.xlsx,False,
{F-0009819},08/30/2026 20:00:34,DA0003,PC-1003,EB00563F.txt,False,
{F-0009821},08/30/2026 20:01:34,DA0003,PC-1003,BBBE7383.pdf,False,
{F-0019962},08/30/2026 20:04:34,JA0009,PC-1009,E976C371.pdf,False,
{F-0018029},08/30/2026 20:06:34,IA0008,PC-1008,F4470D1A.xls,False,
{F-0015133},08/30/2026 20:07:34,GA0006,PC-1006,34153174.doc,False,
{F-0021957},08/30/2026 20:07:34,KA0010,PC-1010,67AF937B.doc,False,
{F-0023962},08/30/2026 20:08:34,LA0011,PC-1011,F2A7235C.xlsx,False,
{F-0009829},08/30/2026 20:12:34,DA0003,PC-1003,54AEFC25.doc,False,
{F-0034720},08/30/2026 20:15:34,RA0017,PC-1017,3A1DF082.pdf,False,
{F-0016746},08/30/2026 20:23:34,HA0007,PC-1007,E673AF9F.pdf,False,
{F-0011729},08/30/2026 20:27:34,EA0004,PC-1004,9AC981A8.doc,False,
{F-0019964},08/30/2026 20:27:34,JA0009,PC-1009,054D70EB.jpg,False,
{F-0006918},08/30/2026 20:29:34,CA0002,PC-1002,C1840886.doc,False,
{F-0034724},08/30/2026 20:33:34,RA0017,PC-1017,9DBD0B26.xlsx,False,
{F-0003898},08/30/2026 20:35:34,BA0001,PC-1001,7017ED7E.doc,False,
{F-0019957},08/30/2026 20:35:34,JA0009,PC-1009,93098A97.doc,False,
{F-0001420},08/30/2026 20:37:34,AA0000,PC-1000,BF81FD47.xlsx,False,
{F-0021951},08/30/2026 20:42:34,KA0010,PC-1010,2E6B741D.xlsx,False,
{F-0023955},08/30/2026 20:46:34,LA0011,PC-1011,5E23F2CF.doc,False,
{F-0006924},08/30/2026 20:49:34,CA0002,PC-1002,9B268A88.xls,False,
{F-0006915},08/30/2026 20:50:34,CA0002,PC-1002,30F763B7.xlsx,False,
{F-0006921},08/30/2026 20:50:34,CA0002,PC-1002,E5E9E7F6.txt,False,
{F-0029981},08/30/2026 20:52:34,OA0014,PC-1014,299B1FFC.txt,False,
{F-0029975},08/30/2026 20:53:34,OA0014,PC-1014,A09E1220.jpg,False,
{F-0006926},08/30/2026 20:54:34,CA0002,PC-1002,13F813CC.txt,False,
{F-0006916},08/30/2026 20:55:34,CA0002,PC-1002,BA146028.txt,False,
{F-0015129},08/30/2026 20:58:34,GA0006,PC-1006,86849928.xls,False,
{F-0018027},08/30/2026 21:02:34,IA0008,PC-1008,77992FA4.xls,False,
{F-0003906},08/30/2026 21:03:34,BA0001,PC-1001,8FD8C05F.xls,False,
{F-0019966},08/30/2026 21:03:34,JA0009,PC-1009,CDE2E06F.doc,False,
{F-0015134},08/30/2026 21:07:34,GA0006,PC-1006,3B5C204B.pdf,False,
{F-0013107},08/30/2026 21:11:34,FA0005,PC-1005,74D31186.txt,False,
{F-0015135},08/30/2026 21:11:34,GA0006,PC-1006,99CE70F8.doc,False,
{F-0023958},08/30/2026 21:12:34,LA0011,PC-1011,FC8AF61F.xlsx,False,
{F-0003899},08/30/2026 21:13:34,BA0001,PC-1001,5AD6A761.doc,False,
{F-0013094},08/30/2026 21:13:34,FA0005,PC-1005,B3AD5A00.txt,False,
{F-0013102},08/30/2026 21:13:34,FA0005,PC-1005,DCF25D80.xls,False,
{F-0006938},08/30/2026 21:17:34,CA0002,PC-1002,2EBBFAE4.doc,False,
{F-0032011},08/30/2026 21:19:34,PA0015,PC-1015,39159ECF.doc,False,
{F-0011731},08/30/2026 21:21:34,EA0004,PC-1004,CEE718BA.txt,False,
{F-0011734},08/30/2026 21:21:34,EA0004,PC-1004,5B4219E8.doc,False,
{F-0015138},08/30/2026 21:29:34,GA0006,PC-1006,FF0D9F85.pdf,False,
{F-0027722},08/30/2026 21:29:34,NA0013,PC-1013,51DB3D63.doc,False,
{F-0034718},08/30/2026 21:29:34,RA0017,PC-1017,B6708160.xls,False,
{F-0032017},08/30/2026 21:32:34,PA0015,PC-1015,A7D14570.pdf,False,
{F-0003893},08/30/2026 21:34:34,BA0001,PC-1001,AEF1ED76.txt,False,
{F-0027720},08/30/2026 21:38:34,NA0013,PC-1013,74DB34F0.xlsx,False,
{F-0003895},08/30/2026 21:41:34,BA0001,PC-1001,6A9EBF4F.pdf,False,
{F-0006917},08/30/2026 21:42:34,CA0002,PC-1002,105F1127.xlsx,False,
{F-0018033},08/30/2026 21:52:34,IA0008,PC-1008,44BCDA95.doc,False,
{F-0018036},08/30/2026 21:52:34,IA0008,PC-1008,7E53C966.doc,False,
{F-0019956},08/30/2026 21:53:34,JA0009,PC-1009,8396AD47.xlsx,False,
{F-0034723},08/30/2026 21:53:34,RA0017,PC-1017,4B13ED43.doc,False,
{F-0015139},08/30/2026 21:55:34,GA0006,PC-1006,04918AE6.pdf,False,
{F-0009812},08/30/2026 21:56:34,DA0003,PC-1003,38BD2F33.xls,False,
{F-0001416},08/30/2026 21:59:34,AA0000,PC-1000,28607DEC.doc,False,
{F-0023956},08/30/2026 22:00:34,LA0011,PC-1011,13F2C100.jpg,False,
{F-0009831},08/30/2026 22:03:34,DA0003,PC-1003,49DD49A4.jpg,False,
{F-0021953},08/30/2026 22:05:34,KA0010,PC-1010,B24B1A16.doc,False,
{F-0027719},08/30/2026 22:07:34,NA0013,PC-1013,D334B065.xlsx,False,
{F-0015137},08/30/2026 22:08:34,GA0006,PC-1006,609C61BD.xlsx,False,
{F-0003905},08/30/2026 22:14:34,BA0001,PC-1001,261CE14F.doc,False,
{F-0006935},08/30/2026 22:18:34,CA0002,PC-1002,2ACC4243.xlsx,False,
{F-0029972},08/30/2026 22:24:34,OA0014,PC-1014,30359A20.pdf,False,
{F-0016747},08/30/2026 22:33:34,HA0007,PC-1007,62DC675F.pdf,False,
{F-0029973},08/30/2026 22:33:34,OA0014,PC-1014,92B7E430.xlsx,False,
{F-0023954},08/30/2026 22:36:34,LA0011,PC-1011,58FFCC3E.pdf,False,
{F-0019961},08/30/2026 22:38:34,JA0009,PC-1009,6C000B44.txt,False,
{F-0013104},08/30/2026 22:40:34,FA0005,PC-1005,07547159.jpg,False,
{F-0033508},08/30/2026 22:40:34,QA0016,PC-1016,90611BB9.xlsx,False,
{F-0018025},08/30/2026 22:41:34,IA0008,PC-1008,F488D092.xls,False,
{F-0011735},08/30/2026 22:43:34,EA0004,PC-1004,AC0096A1.xls,False,
{F-0009826},08/30/2026 22:45:34,DA0003,PC-1003,08754217.pdf,False,
{F-0006937},08/30/2026 22:46:34,CA0002,PC-1002,E20CF22C.xls,False,
{F-0003901},08/30/2026 22:48:34,BA0001,PC-1001,24BB89C4.xls,False,
{F-0001417},08/30/2026 22:51:34,AA0000,PC-1000,A5E3D420.txt,False,
{F-0003909},08/30/2026 22:55:34,BA0001,PC-1001,0C0CA23B.xlsx,False,
{F-0032010},08/30/2026 22:57:34,PA0015,PC-1015,EDF55C0C.doc,False,
{F-0013090},08/30/2026 22:58:34,FA0005,PC-1005,BF8491EB.xls,False,
{F-0029978},08/30/2026 22:58:34,OA0014,PC-1014,0E470BA6.jpg,False,
{F-0003897},08/30/2026 23:01:34,BA0001,PC-1001,259296FA.doc,False,
{F-0009813},08/30/2026 23:05:34,DA0003,PC-1003,475051E1.txt,False,
{F-0019959},08/30/2026 23:05:34,JA0009,PC-1009,F8318958.doc,False,
{F-0021958},08/30/2026 23:11:34,KA0010,PC-1010,9F562F1B.pdf,False,
{F-0009824},08/30/2026 23:12:34,DA0003,PC-1003,697B15C1.jpg,False,
{F-0019953},08/30/2026 23:13:34,JA0009,PC-1009,2F023FD2.doc,False,
{F-0019954},08/30/2026 23:16:34,JA0009,PC-1009,00DB6DB6.xlsx,False,
{F-0029974},08/30/2026 23:17:34,OA0014,PC-1014,1B73F4A1.doc,False,
{F-0009817},08/30/2026 23:21:34,DA0003,PC-1003,0ABBF6BB.txt,False,
{F-0023953},08/30/2026 23:25:34,LA0011,PC-1011,6760A6E1.doc,False,
{F-0025924},08/30/2026 23:26:34,MA0012,PC-1012,3E5D8838.doc,False,
{F-0011728},08/30/2026 23:34:34,EA0004,PC-1004,E96701B2.xls,False,
{F-0001415},08/30/2026 23:37:34,AA0000,PC-1000,4191FD7C.doc,False,
{F-0009827},08/30/2026 23:42:34,DA0003,PC-1003,A12B7603.txt,False,
{F-0016748},08/30/2026 23:43:34,HA0007,PC-1007,988A43BD.doc,False,
{F-0015128},08/30/2026 23:56:34,GA0006,PC-1006,6EE752B5.pdf,False,
{F-0003891},08/31/2026 00:03:34,BA0001,PC-1001,8B4E48B3.pdf,False,
{F-0027717},08/31/2026 00:05:34,NA0013,PC-1013,4822E4F9.jpg,False,
{F-0019958},08/31/2026 00:06:34,JA0009,PC-1009,EB5645E5.xlsx,False,
{F-0006930},08/31/2026 00:07:34,CA0002,PC-1002,BE07B7C0.jpg,False,
{F-0013095},08/31/2026 00:16:34,FA0005,PC-1005,470B42A8.pdf,False,
{F-0009816},08/31/2026 00:19:34,DA0003,PC-1003,E9EF77F3.doc,False,
{F-0019955},08/31/2026 00:19:34,JA0009,PC-1009,78D201F8.xlsx,False,
{F-0018034},08/31/2026 00:21:34,IA0008,PC-1008,67A3C14F.jpg,False,
{F-0003907},08/31/2026 00:29:34,BA0001,PC-1001,369B52D7.xlsx,False,
{F-0009832},08/31/2026 00:29:34,DA0003,PC-1003,E85DD98D.txt,False,
{F-0027715},08/31/2026 00:32:34,NA0013,PC-1013,99481BFD.jpg,False,
{F-0001418},08/31/2026 00:34:34,AA0000,PC-1000,14D7F661.txt,False,
{F-0015140},08/31/2026 00:34:34,GA0006,PC-1006,4875F1EC.doc,False,
{F-0015130},08/31/2026 00:35:34,GA0006,PC-1006,E3B6CC29.txt,False,
{F-0018026},08/31/2026 00:37:34,IA0008,PC-1008,D8A4BD0A.txt,False,
{F-0013106},08/31/2026 00:39:34,FA0005,PC-1005,F9A5D756.doc,False,
{F-0006931},08/31/2026 00:45:34,CA0002,PC-1002,CCCFEA5A.xlsx,False,
{F-0034721},08/31/2026 00:46:34,RA0017,PC-1017,CC14E0D8.doc,False,
{F-0006925},08/31/2026 00:50:34,CA0002,PC-1002,7A014080.doc,False,
{F-0033509},08/31/2026 00:54:34,QA0016,PC-1016,A8742345.jpg,False,
{F-0033507},08/31/2026 00:55:34,QA0016,PC-1016,C3930EC6.txt,False,
{F-0009823},08/31/2026 00:58:34,DA0003,PC-1003,7AF077AA.pdf,False,
{F-0013093},08/31/2026 01:05:34,FA0005,PC-1005,8919C237.pdf,False,
{F-0015141},08/31/2026 01:05:34,GA0006,PC-1006,852E3CCE.jpg,False,
{F-0006929},08/31/2026 01:12:34,CA0002,PC-1002,ED381BF7.jpg,False,
{F-0018024},08/31/2026 01:13:34,IA0008,PC-1008,62ED8294.pdf,False,
{F-0018030},08/31/2026 01:13:34,IA0008,PC-1008,862AE2BB.xls,False,
{F-0032009},08/31/2026 01:15:34,PA0015,PC-1015,8892FD72.doc,False,
{F-0032015},08/31/2026 01:15:34,PA0015,PC-1015,1126F98F.xls,False,
{F-0034719},08/31/2026 01:19:34,RA0017,PC-1017,0CF02183.jpg,False,
{F-0009818},08/31/2026 01:20:34,DA0003,PC-1003,454D97BC.xls,False,
{F-0015131},08/31/2026 01:21:34,GA0006,PC-1006,9B91B61E.xlsx,False,
{F-0021955},08/31/2026 01:22:34,KA0010,PC-1010,9ECE5A14.pdf,False,
{F-0032014},08/31/2026 01:27:34,PA0015,PC-1015,26DAE5CB.txt,False,
{F-0009814},08/31/2026 01:29:34,DA0003,PC-1003,957B19A9.txt,False,
{F-0032013},08/31/2026 01:33:34,PA0015,PC-1015,A0F1799A.xls,False,
{F-0013103},08/31/2026 01:35:34,FA0005,PC-1005,73A8B5C9.xls,False,
{F-0009830},08/31/2026 01:39:34,DA0003,PC-1003,31067451.doc,False,
{F-0027716},08/31/2026 01:43:34,NA0013,PC-1013,63C9D386.doc,False,
{F-0006933},08/31/2026 01:45:34,CA0002,PC-1002,A397049E.xls,False,
{F-0019963},08/31/2026 01:50:34,JA0009,PC-1009,A24E5670.doc,False,
{F-0021952},08/31/2026 01:50:34,KA0010,PC-1010,DA6EED66.xlsx,False,
{F-0015132},08/31/2026 01:51:34,GA0006,PC-1006,EC3AAE2D.txt,False,
{F-0001414},08/31/2026 01:55:34,AA0000,PC-1000,F93279EC.txt,False,
{F-0013087},08/31/2026 01:57:34,FA0005,PC-1005,D33041DE.doc,False,
{F-0034722},08/31/2026 02:03:34,RA0017,PC-1017,E67275E7.txt,False,
{F-0013088},08/31/2026 02:06:34,FA0005,PC-1005,D195916E.jpg,False,
{F-0018037},08/31/2026 02:11:34,IA0008,PC-1008,7C0D3FFB.doc,False,
{F-0027721},08/31/2026 02:12:34,NA0013,PC-1013,A806BE39.xls,False,
{F-0027718},08/31/2026 02:19:34,NA0013,PC-1013,CAA750F9.txt,False,
{F-0015127},08/31/2026 02:20:34,GA0006,PC-1006,797C314B.xlsx,False,
{F-0019965},08/31/2026 02:24:34,JA0009,PC-1009,22AF1A5E.pdf,False,
{F-0011730},08/31/2026 02:27:34,EA0004,PC-1004,8DA1B059.jpg,False,
{F-0001423},08/31/2026 02:31:34,AA0000,PC-1000,3837CCCF.doc,False,
{F-0029982},08/31/2026 02:32:34,OA0014,PC-1014,28717FA7.xlsx,False,
{F-0003910},08/31/2026 02:35:34,BA0001,PC-1001,E4237C32.doc,False,
{F-0023961},08/31/2026 02:35:34,LA0011,PC-1011,C2906D3A.pdf,False,
{F-0023957},08/31/2026 02:37:34,LA0011,PC-1011,CCDC3638.doc,False,
{F-0018035},08/31/2026 02:39:34,IA0008,PC-1008,A4E2334F.pdf,False,
{F-0001421},08/31/2026 02:44:34,AA0000,PC-1000,38D761D6.txt,False,
{F-0001424},08/31/2026 02:48:34,AA0000,PC-1000,168DD26C.pdf,False,
{F-0006920},08/31/2026 02:50:34,CA0002,PC-1002,1E2A3B23.doc,False,
{F-0006927},08/31/2026 02:50:34,CA0002,PC-1002,B00AE45A.xlsx,False,
{F-0006922},08/31/2026 02:53:34,CA0002,PC-1002,8D9FC57D.xlsx,False,
{F-0013099},08/31/2026 02:53:34,FA0005,PC-1005,F83D3ED4.xls,False,
{F-0003890},08/31/2026 02:54:34,BA0001,PC-1001,9A53BD88.doc,False,
{F-0021950},08/31/2026 03:02:34,KA0010,PC-1010,2E6819E2.pdf,False,
{F-0023950},08/31/2026 03:02:34,LA0011,PC-1011,825F6E8C.doc,False,
{F-0011733},08/31/2026 03:10:34,EA0004,PC-1004,07D396A4.xlsx,False,
{F-0013089},08/31/2026 03:11:34,FA0005,PC-1005,34978237.xls,False,
{F-0013097},08/31/2026 03:13:34,FA0005,PC-1005,66B0FDF1.xls,False,
{F-0029977},08/31/2026 03:13:34,OA0014,PC-1014,7973F240.doc,False,
{F-0001419},08/31/2026 03:16:34,AA0000,PC-1000,3F3F570D.xls,False,
{F-0003894},08/31/2026 03:17:34,BA0001,PC-1001,F862BEC8.xls,False,
{F-0006919},08/31/2026 03:17:34,CA0002,PC-1002,3F685AE3.jpg,False,
{F-0006939},08/31/2026 03:18:34,CA0002,PC-1002,BA247457.pdf,False,
{F-0016745},08/31/2026 03:21:34,HA0007,PC-1007,8B11D6EC.doc,False,
{F-0019960},08/31/2026 03:21:34,JA0009,PC-1009,87D1D914.txt,False,
{F-0018023},08/31/2026 03:24:34,IA0008,PC-1008,877F8F7A.pdf,False,
{F-0011732},08/31/2026 03:26:34,EA0004,PC-1004,110DCA32.doc,False,
{F-0029976},08/31/2026 03:28:34,OA0014,PC-1014,329C4EE7.jpg,False,
{F-0003903},08/31/2026 03:30:34,BA0001,PC-1001,A931DA4A.xls,False,
{F-0003892},08/31/2026 03:35:34,BA0001,PC-1001,DB6323F9.jpg,False,
{F-0021956},08/31/2026 03:35:34,KA0010,PC-1010,D4233297.txt,False,
{F-0025926},08/31/2026 03:35:34,MA0012,PC-1012,0BF48FE3.pdf,False,
{F-0006936},08/31/2026 03:41:34,CA0002,PC-1002,2844786A.jpg,False,
{F-0023949},08/31/2026 03:43:34,LA0011,PC-1011,B73039FA.xlsx,False,
{F-0006923},08/31/2026 03:48:34,CA0002,PC-1002,11CEF08B.xlsx,False,
{F-0032016},08/31/2026 03:56:34,PA0015,PC-1015,FFAE13A0.pdf,False,
{F-0013098},08/31/2026 03:58:34,FA0005,PC-1005,9554ABA1.doc,False,
{F-0021949},08/31/2026 03:58:34,KA0010,PC-1010,6FF3DC3C.txt,False,
{F-0029980},08/31/2026 03:58:34,OA0014,PC-1014,7EBF703D.xls,False,
{F-0018028},08/31/2026 04:00:34,IA0008,PC-1008,D79E9B17.pdf,False,
{F-0025927},08/31/2026 04:03:34,MA0012,PC-1012,8BEA2892.xlsx,False,
{F-0003900},08/31/2026 04:04:34,BA0001,PC-1001,9C6E42DD.xls,False,
{F-0013101},08/31/2026 04:05:34,FA0005,PC-1005,74E68D84.xlsx,False,
{F-0013100},08/31/2026 04:06:34,FA0005,PC-1005,9A5EB700.doc,False,
{F-0021948},08/31/2026 04:08:34,KA0010,PC-1010,D6CD6850.pdf,False,
{F-0032012},08/31/2026 04:18:34,PA0015,PC-1015,A6B5EC12.pdf,False,
{F-0027713},08/31/2026 04:19:34,NA0013,PC-1013,C993CD7E.xls,False,
{F-0021954},08/31/2026 04:20:34,KA0010,PC-1010,13104951.pdf,False,
{F-0023959},08/31/2026 04:23:34,LA0011,PC-1011,56C29E9A.doc,False,
{F-0025925},08/31/2026 04:28:34,MA0012,PC-1012,B26CA738.xlsx,False,
{F-0003908},08/31/2026 04:36:34,BA0001,PC-1001,F363734B.xls,False,
{F-0003904},08/31/2026 04:41:34,BA0001,PC-1001,5162C5CA.doc,False,
{F-0023951},08/31/2026 04:41:34,LA0011,PC-1011,D7B1331B.xls,False,
{F-0013096},08/31/2026 04:55:34,FA0005,PC-1005,765F519C.txt,False,
{F-0006932},08/31/2026 05:00:34,CA0002,PC-1002,2D60C581.xls,False,
{F-0006934},08/31/2026 05:01:34,CA0002,PC-1002,623FC0AD.xlsx,False,
{F-0003902},08/31/2026 05:04:34,BA0001,PC-1001,1DAC37E1.doc,False,
{F-0003896},08/31/2026 05:06:34,BA0001,PC-1001,275DB8F0.txt,False,
{F-0006928},08/31/2026 05:16:34,CA0002,PC-1002,79B95BE1.pdf,False,
{F-0013091},08/31/2026 05:20:34,FA0005,PC-1005,5FE60887.xlsx,False,
{F-0013092},08/31/2026 05:39:34,FA0005,PC-1005,57E04695.jpg,False,
{F-0013105},08/31/2026 05:52:34,FA0005,PC-1005,EF5D11B8.txt,False,
{F-0027762},08/31/2026 18:32:34,NA0013,PC-1013,1355C9DB.xls,False,
{F-0001494},08/31/2026 19:07:34,AA0000,PC-1000,28C8E385.pdf,False,
{F-0027770},08/31/2026 19:15:34,NA0013,PC-1013,8B5B047A.pdf,False,
{F-0001492},08/31/2026 19:23:34,AA0000,PC-1000,2D6D7935.doc,False,
{F-0009894},08/31/2026 19:25:34,DA0003,PC-1003,33A38504.jpg,False,
{F-0023994},08/31/2026 19:38:34,LA0011,PC-1011,B48A881C.pdf,False,
{F-0015199},08/31/2026 19:42:34,GA0006,PC-1006,BBA1AE4E.doc,False,
{F-0001491},08/31/2026 19:45:34,AA0000,PC-1000,635F0D15.doc,False,
{F-0015206},08/31/2026 19:46:34,GA0006,PC-1006,ECF2F0AA.doc,False,
{F-0023992},08/31/2026 19:47:34,LA0011,PC-1011,F424AC80.doc,False,
{F-0027764},08/31/2026 19:47:34,NA0013,PC-1013,03718B66.pdf,False,
{F-0027765},08/31/2026 19:49:34,NA0013,PC-1013,6041770A.doc,False,
{F-0015204},08/31/2026 19:50:34,GA0006,PC-1006,DF60A0D0.pdf,False,
{F-0009884},08/31/2026 19:51:34,DA0003,PC-1003,ECCDFFAE.txt,False,
{F-0023984},08/31/2026 19:57:34,LA0011,PC-1011,60E4D4A4.xls,False,
{F-0018063},08/31/2026 19:58:34,IA0008,PC-1008,FD9F2571.txt,False,
{F-0023983},08/31/2026 20:04:34,LA0011,PC-1011,2B1C607E.doc,False,
{F-0009897},08/31/2026 20:10:34,DA0003,PC-1003,3CFE2CFD.jpg,False,
{F-0016766},08/31/2026 20:14:34,HA0007,PC-1007,2F645BE4.pdf,False,
{F-0030035},08/31/2026 20:16:34,OA0014,PC-1014,C260AC66.doc,False,
{F-0007006},08/31/2026 20:19:34,CA0002,PC-1002,F2517B9C.jpg,False,
{F-0001484},08/31/2026 20:21:34,AA0000,PC-1000,CABDBDA7.jpg,False,
{F-0025980},08/31/2026 20:22:34,MA0012,PC-1012,974C94AF.doc,False,
{F-0027772},08/31/2026 20:25:34,NA0013,PC-1013,62393347.doc,False,
{F-0001495},08/31/2026 20:27:34,AA0000,PC-1000,E2000680.doc,False,
{F-0018079},08/31/2026 20:29:34,IA0008,PC-1008,F83273A1.xls,False,
{F-0018068},08/31/2026 20:32:34,IA0008,PC-1008,E9391968.txt,False,
{F-0003954},08/31/2026 20:36:34,BA0001,PC-1001,C30730C7.jpg,False,
{F-0015197},08/31/2026 20:42:34,GA0006,PC-1006,B3A92110.pdf,False,
{F-0015201},08/31/2026 20:44:34,GA0006,PC-1006,FF4D828A.txt,False,
{F-0030041},08/31/2026 20:44:34,OA0014,PC-1014,125BE00B.jpg,False,
{F-0030047},08/31/2026 20:44:34,OA0014,PC-1014,D4B02C8A.xls,False,
{F-0009891},08/31/2026 20:47:34,DA0003,PC-1003,8C9CD085.pdf,False,
{F-0018073},08/31/2026 20:48:34,IA0008,PC-1008,6AD69D50.xls,False,
{F-0032043},08/31/2026 20:48:34,PA0015,PC-1015,D4EC4114.pdf,False,
{F-0003942},08/31/2026 20:49:34,BA0001,PC-1001,3A8BF5A4.pdf,False,
{F-0013131},08/31/2026 20:52:34,FA0005,PC-1005,ABECAC8D.xls,False,
{F-0025981},08/31/2026 20:53:34,MA0012,PC-1012,04503E4A.doc,False,
{F-0015203},08/31/2026 21:02:34,GA0006,PC-1006,2DE5FC78.jpg,False,
{F-0003953},08/31/2026 21:03:34,BA0001,PC-1001,85632220.xlsx,False,
{F-0034751},08/31/2026 21:05:34,RA0017,PC-1017,0A6B64C0.doc,False,
{F-0003947},08/31/2026 21:06:34,BA0001,PC-1001,9859EBB9.xlsx,False,
{F-0018075},08/31/2026 21:10:34,IA0008,PC-1008,D506559A.doc,False,
{F-0018071},08/31/2026 21:11:34,IA0008,PC-1008,3DE95F9F.doc,False,
{F-0027768},08/31/2026 21:13:34,NA0013,PC-1013,CEA6069E.doc,False,
{F-0003950},08/31/2026 21:18:34,BA0001,PC-1001,D6CBB2D0.txt,False,
{F-0009885},08/31/2026 21:18:34,DA0003,PC-1003,24255D6F.jpg,False,
{F-0007004},08/31/2026 21:20:34,CA0002,PC-1002,795E8E5E.jpg,False,
{F-0018074},08/31/2026 21:21:34,IA0008,PC-1008,72669382.txt,False,
{F-0007003},08/31/2026 21:23:34,CA0002,PC-1002,3EB7C912.jpg,False,
{F-0001483},08/31/2026 21:25:34,AA0000,PC-1000,C59EEB13.xls,False,
{F-0011756},08/31/2026 21:27:34,EA0004,PC-1004,6D465C5C.doc,False,
{F-0021982},08/31/2026 21:28:34,KA0010,PC-1010,C9EB063D.xlsx,False,
{F-0013129},08/31/2026 21:30:34,FA0005,PC-1005,C1BE732C.xlsx,False,
{F-0023979},08/31/2026 21:37:34,LA0011,PC-1011,EAD4C487.doc,False,
{F-0003941},08/31/2026 21:38:34,BA0001,PC-1001,602DF05D.txt,False,
{F-0030040},08/31/2026 21:39:34,OA0014,PC-1014,C0A076D1.doc,False,
{F-0018069},08/31/2026 21:40:34,IA0008,PC-1008,10C13178.xlsx,False,
{F-0003948},08/31/2026 21:41:34,BA0001,PC-1001,DE741BB0.xls,False,
{F-0033542},08/31/2026 21:43:34,QA0016,PC-1016,E1E749FB.xlsx,False,
{F-0007014},08/31/2026 21:49:34,CA0002,PC-1002,E19519E0.doc,False,
{F-0007017},08/31/2026 21:50:34,CA0002,PC-1002,11125D8A.pdf,False,
{F-0030045},08/31/2026 21:52:34,OA0014,PC-1014,04255EBA.jpg,False,
{F-0007026},08/31/2026 21:57:34,CA0002,PC-1002,29AD3214.doc,False,
{F-0011758},08/31/2026 21:58:34,EA0004,PC-1004,EE4770B0.jpg,False,
{F-0011752},08/31/2026 22:00:34,EA0004,PC-1004,FADDF40E.pdf,False,
{F-0009888},08/31/2026 22:03:34,DA0003,PC-1003,109C2B49.doc,False,
{F-0021991},08/31/2026 22:06:34,KA0010,PC-1010,6D93C111.jpg,False,
{F-0001490},08/31/2026 22:07:34,AA0000,PC-1000,E8742168.pdf,False,
{F-0007020},08/31/2026 22:08:34,CA0002,PC-1002,27ECCA71.pdf,False,
{F-0009882},08/31/2026 22:10:34,DA0003,PC-1003,67224FCC.doc,False,
{F-0018067},08/31/2026 22:10:34,IA0008,PC-1008,07065947.doc,False,
{F-0001499},08/31/2026 22:11:34,AA0000,PC-1000,441B88C8.xls,False,
{F-0001497},08/31/2026 22:14:34,AA0000,PC-1000,DEFE4C42.jpg,False,
{F-0018076},08/31/2026 22:15:34,IA0008,PC-1008,DBAFD569.txt,False,
{F-0023982},08/31/2026 22:15:34,LA0011,PC-1011,5D0D917C.doc,False,
{F-0021988},08/31/2026 22:17:34,KA0010,PC-1010,43D1A33F.xls,False,
{F-0003939},08/31/2026 22:18:34,BA0001,PC-1001,40335042.jpg,False,
{F-0016764},08/31/2026 22:19:34,HA0007,PC-1007,5590D709.xlsx,False,
{F-0025984},08/31/2026 22:19:34,MA0012,PC-1012,140D72CA.jpg,False,
{F-0009893},08/31/2026 22:22:34,DA0003,PC-1003,685750E1.jpg,False,
{F-0021986},08/31/2026 22:25:34,KA0010,PC-1010,5981C4D6.doc,False,
{F-0023995},08/31/2026 22:28:34,LA0011,PC-1011,55C4D6BC.txt,False,
{F-0030043},08/31/2026 22:28:34,OA0014,PC-1014,B3158518.pdf,False,
{F-0025986},08/31/2026 22:29:34,MA0012,PC-1012,4838CED2.xls,False,
{F-0007025},08/31/2026 22:32:34,CA0002,PC-1002,4BEDAB46.xls,False,
{F-0034750},08/31/2026 22:33:34,RA0017,PC-1017,D9E0C638.doc,False,
{F-0001482},08/31/2026 22:34:34,AA0000,PC-1000,0C5F75AD.doc,False,
{F-0001498},08/31/2026 22:34:34,AA0000,PC-1000,8AACB710.doc,False,
{F-0009895},08/31/2026 22:36:34,DA0003,PC-1003,E6BCD5E5.doc,False,
{F-0018077},08/31/2026 22:39:34,IA0008,PC-1008,EE85986F.pdf,False,
{F-0021989},08/31/2026 22:40:34,KA0010,PC-1010,4ACC0A07.pdf,False,
{F-0025985},08/31/2026 22:42:34,MA0012,PC-1012,6B69E467.doc,False,
{F-0023980},08/31/2026 22:43:34,LA0011,PC-1011,3054FC4A.jpg,False,
{F-0003943},08/31/2026 22:44:34,BA0001,PC-1001,48C613E3.doc,False,
{F-0016765},08/31/2026 22:44:34,HA0007,PC-1007,1A939AAD.jpg,False,
{F-0021977},08/31/2026 22:44:34,KA0010,PC-1010,02B0EC17.pdf,False,
{F-0025982},08/31/2026 22:46:34,MA0012,PC-1012,5BB37701.doc,False,
{F-0013128},08/31/2026 22:47:34,FA0005,PC-1005,5E29F32F.pdf,False,
{F-0023981},08/31/2026 22:54:34,LA0011,PC-1011,ACB7A5E7.doc,False,
{F-0011754},08/31/2026 22:57:34,EA0004,PC-1004,A0210E14.doc,False,
{F-0001496},08/31/2026 23:00:34,AA0000,PC-1000,9A3218C8.xlsx,False,
{F-0009892},08/31/2026 23:01:34,DA0003,PC-1003,8A9316DB.txt,False,
{F-0015205},08/31/2026 23:08:34,GA0006,PC-1006,B1202D84.xlsx,False,
{F-0018065},08/31/2026 23:26:34,IA0008,PC-1008,9C29BD31.pdf,False,
{F-0009881},08/31/2026 23:27:34,DA0003,PC-1003,CA2BA4AA.pdf,False,
{F-0001488},08/31/2026 23:29:34,AA0000,PC-1000,CCD05FE1.xls,False,
{F-0003945},08/31/2026 23:29:34,BA0001,PC-1001,B864153F.doc,False,
{F-0024000},08/31/2026 23:29:34,LA0011,PC-1011,5F6DA54C.doc,False,
{F-0009887},08/31/2026 23:40:34,DA0003,PC-1003,D8F8940B.xls,False,
{F-0023989},08/31/2026 23:42:34,LA0011,PC-1011,605C52FE.doc,False,
{F-0018072},08/31/2026 23:43:34,IA0008,PC-1008,D8A3AD63.xlsx,False,
{F-0003946},08/31/2026 23:47:34,BA0001,PC-1001,92B5603D.pdf,False,
{F-0001487},08/31/2026 23:48:34,AA0000,PC-1000,2E2BB7B4.xls,False,
{F-0027766},08/31/2026 23:49:34,NA0013,PC-1013,765FCA6D.jpg,False,
{F-0030038},08/31/2026 23:49:34,OA0014,PC-1014,A55F028E.jpg,False,
{F-0001486},08/31/2026 23:53:34,AA0000,PC-1000,B81E8906.doc,False,
{F-0032046},08/31/2026 23:54:34,PA0015,PC-1015,E3D2454E.pdf,False,
{F-0021978},08/31/2026 23:55:34,KA0010,PC-1010,0C8834B2.doc,False,
{F-0003955},09/01/2026 00:05:34,BA0001,PC-1001,B3A0FE09.doc,False,
{F-0023996},09/01/2026 00:05:34,LA0011,PC-1011,AB2B3ECF.jpg,False,
{F-0018062},09/01/2026 00:08:34,IA0008,PC-1008,7963587A.jpg,False,
{F-0003957},09/01/2026 00:09:34,BA0001,PC-1001,F7EC3673.pdf,False,
{F-0025976},09/01/2026 00:10:34,MA0012,PC-1012,6039E7A3.doc,False,
{F-0030037},09/01/2026 00:12:34,OA0014,PC-1014,FC8BFD72.xlsx,False,
{F-0018070},09/01/2026 00:15:34,IA0008,PC-1008,CC4DB523.xlsx,False,
{F-0009896},09/01/2026 00:21:34,DA0003,PC-1003,DF5C70A3.jpg,False,
{F-0033538},09/01/2026 00:23:34,QA0016,PC-1016,4E5FB428.doc,False,
{F-0001480},09/01/2026 00:29:34,AA0000,PC-1000,4496E29B.xlsx,False,
{F-0032040},09/01/2026 00:29:34,PA0015,PC-1015,375CE105.txt,False,
{F-0009886},09/01/2026 00:31:34,DA0003,PC-1003,2E9365E0.txt,False,
{F-0018078},09/01/2026 00:33:34,IA0008,PC-1008,DA809023.xls,False,
{F-0023999},09/01/2026 00:35:34,LA0011,PC-1011,119E6BB4.xlsx,False,
{F-0030042},09/01/2026 00:40:34,OA0014,PC-1014,AFCECFFA.xlsx,False,
{F-0007002},09/01/2026 00:41:34,CA0002,PC-1002,58FBB502.pdf,False,
{F-0013130},09/01/2026 00:41:34,FA0005,PC-1005,D8F13B2D.doc,False,
{F-0025978},09/01/2026 00:42:34,MA0012,PC-1012,C5D026CC.txt,False,
{F-0016767},09/01/2026 00:43:34,HA0007,PC-1007,11DA9DC3.txt,False,
{F-0027769},09/01/2026 00:46:34,NA0013,PC-1013,8068F51D.doc,False,
{F-0030044},09/01/2026 00:46:34,OA0014,PC-1014,B79DA217.doc,False,
{F-0027771},09/01/2026 00:51:34,NA0013,PC-1013,2885B8E3.txt,False,
{F-0032042},09/01/2026 00:51:34,PA0015,PC-1015,15D40BB6.xlsx,False,
{F-0009883},09/01/2026 00:52:34,DA0003,PC-1003,EA37EB7A.xlsx,False,
{F-0025977},09/01/2026 00:52:34,MA0012,PC-1012,761DA0ED.doc,False,
{F-0007007},09/01/2026 00:55:34,CA0002,PC-1002,6AECB810.pdf,False,
{F-0023997},09/01/2026 00:56:34,LA0011,PC-1011,B59A6413.doc,False,
{F-0011757},09/01/2026 00:57:34,EA0004,PC-1004,5876B7BB.xlsx,False,
{F-0025983},09/01/2026 00:57:34,MA0012,PC-1012,5A650C65.doc,False,
{F-0023978},09/01/2026 00:58:34,LA0011,PC-1011,1A822206.xlsx,False,
{F-0013132},09/01/2026 01:02:34,FA0005,PC-1005,D8DABEBD.doc,False,
{F-0032044},09/01/2026 01:02:34,PA0015,PC-1015,FB414178.doc,False,
{F-0033541},09/01/2026 01:03:34,QA0016,PC-1016,C6F84F39.txt,False,
{F-0011755},09/01/2026 01:04:34,EA0004,PC-1004,861BF73D.txt,False,
{F-0033543},09/01/2026 01:05:34,QA0016,PC-1016,B6C5DC40.xlsx,False,
{F-0023986},09/01/2026 01:13:34,LA0011,PC-1011,CCD29CC4.xlsx,False,
{F-0009889},09/01/2026 01:16:34,DA0003,PC-1003,A564E031.pdf,False,
{F-0013126},09/01/2026 01:19:34,FA0005,PC-1005,7B4575C1.xls,False,
{F-0007022},09/01/2026 01:26:34,CA0002,PC-1002,9C54E8B7.pdf,False,
{F-0007005},09/01/2026 01:31:34,CA0002,PC-1002,B711866E.doc,False,
{F-0023998},09/01/2026 01:34:34,LA0011,PC-1011,CFD28668.jpg,False,
{F-0023987},09/01/2026 01:35:34,LA0011,PC-1011,FD3DAAE4.txt,False,
{F-0030036},09/01/2026 01:41:34,OA0014,PC-1014,91CDE694.xls,False,
{F-0007021},09/01/2026 01:42:34,CA0002,PC-1002,B0589353.txt,False,
{F-0030039},09/01/2026 01:42:34,OA0014,PC-1014,34DAF9C7.xlsx,False,
{F-0003944},09/01/2026 01:43:34,BA0001,PC-1001,D63A218F.jpg,False,
{F-0007012},09/01/2026 01:51:34,CA0002,PC-1002,FD6AB017.jpg,False,
{F-0015202},09/01/2026 01:52:34,GA0006,PC-1006,AF520FB8.doc,False,
{F-0030046},09/01/2026 01:52:34,OA0014,PC-1014,9934E466.jpg,False,
{F-0033546},09/01/2026 01:53:34,QA0016,PC-1016,B9CC47AF.txt,False,
{F-0033544},09/01/2026 01:54:34,QA0016,PC-1016,68E5CBD8.txt,False,
{F-0007015},09/01/2026 01:55:34,CA0002,PC-1002,0E314470.xls,False,
{F-0007027},09/01/2026 01:56:34,CA0002,PC-1002,CF427DC8.xlsx,False,
{F-0021987},09/01/2026 01:56:34,KA0010,PC-1010,79B91324.xls,False,
{F-0024001},09/01/2026 01:58:34,LA0011,PC-1011,3A637049.doc,False,
{F-0007023},09/01/2026 01:59:34,CA0002,PC-1002,CB13955C.jpg,False,
{F-0027763},09/01/2026 02:09:34,NA0013,PC-1013,3B3A499C.pdf,False,
{F-0025987},09/01/2026 02:11:34,MA0012,PC-1012,67D9A658.xlsx,False,
{F-0001485},09/01/2026 02:16:34,AA0000,PC-1000,479DCBFA.txt,False,
{F-0021990},09/01/2026 02:16:34,KA0010,PC-1010,1C0C7743.xls,False,
{F-0021979},09/01/2026 02:27:34,KA0010,PC-1010,61DBFBD5.doc,False,
{F-0032041},09/01/2026 02:27:34,PA0015,PC-1015,224B6BCE.jpg,False,
{F-0001481},09/01/2026 02:28:34,AA0000,PC-1000,C20DAF2F.doc,False,
{F-0023990},09/01/2026 02:32:34,LA0011,PC-1011,D6AD5254.doc,False,
{F-0027767},09/01/2026 02:36:34,NA0013,PC-1013,1D19F476.txt,False,
{F-0001500},09/01/2026 02:37:34,AA0000,PC-1000,4A7139C8.xls,False,
{F-0003940},09/01/2026 02:38:34,BA0001,PC-1001,0B1546A7.jpg,False,
{F-0003952},09/01/2026 02:40:34,BA0001,PC-1001,DFD0D55D.pdf,False,
{F-0007019},09/01/2026 02:43:34,CA0002,PC-1002,862444CE.doc,False,
{F-0018064},09/01/2026 02:43:34,IA0008,PC-1008,99D77084.txt,False,
{F-0032047},09/01/2026 02:47:34,PA0015,PC-1015,7D69BC1F.pdf,False,
{F-0033539},09/01/2026 02:49:34,QA0016,PC-1016,3522895A.txt,False,
{F-0007029},09/01/2026 02:50:34,CA0002,PC-1002,9A3616C1.xls,False,
{F-0007011},09/01/2026 02:52:34,CA0002,PC-1002,9411D6D7.txt,False,
{F-0007018},09/01/2026 02:52:34,CA0002,PC-1002,EDA76651.doc,False,
{F-0015207},09/01/2026 02:53:34,GA0006,PC-1006,F2727059.xls,False,
{F-0007016},09/01/2026 02:54:34,CA0002,PC-1002,95A8D481.jpg,False,
{F-0003949},09/01/2026 02:55:34,BA0001,PC-1001,5EAC15EF.xlsx,False,
{F-0018066},09/01/2026 03:01:34,IA0008,PC-1008,D35CCDFA.txt,False,
{F-0007010},09/01/2026 03:03:34,CA0002,PC-1002,03733EC9.jpg,False,
{F-0023988},09/01/2026 03:05:34,LA0011,PC-1011,38B53052.xls,False,
{F-0021983},09/01/2026 03:08:34,KA0010,PC-1010,60702466.jpg,False,
{F-0032039},09/01/2026 03:08:34,PA0015,PC-1015,0C833190.xls,False,
{F-0007001},09/01/2026 03:11:34,CA0002,PC-1002,367B4CCD.pdf,False,
{F-0015200},09/01/2026 03:11:34,GA0006,PC-1006,84771D8E.xlsx,False,
{F-0015198},09/01/2026 03:13:34,GA0006,PC-1006,FDF79A32.xls,False,
{F-0011753},09/01/2026 03:22:34,EA0004,PC-1004,852F3B2C.xls,False,
{F-0034752},09/01/2026 03:22:34,RA0017,PC-1017,706C2A20.doc,False,
{F-0032045},09/01/2026 03:30:34,PA0015,PC-1015,785A9B84.jpg,False,
{F-0034753},09/01/2026 03:30:34,RA0017,PC-1017,60BC895C.jpg,False,
{F-0009890},09/01/2026 03:32:34,DA0003,PC-1003,CE451F7A.xls,False,
{F-0013127},09/01/2026 03:33:34,FA0005,PC-1005,0A4520C3.txt,False,
{F-0023991},09/01/2026 03:35:34,LA0011,PC-1011,94DCCD22.xlsx,False,
{F-0001489},09/01/2026 03:36:34,AA0000,PC-1000,506CC7E6.txt,False,
{F-0007024},09/01/2026 03:41:34,CA0002,PC-1002,1201C103.doc,False,
{F-0021985},09/01/2026 03:42:34,KA0010,PC-1010,DF058930.doc,False,
{F-0007008},09/01/2026 03:46:34,CA0002,PC-1002,57CC20B6.pdf,False,
{F-0003956},09/01/2026 03:49:34,BA0001,PC-1001,01CCA597.doc,False,
{F-0021980},09/01/2026 03:49:34,KA0010,PC-1010,2FFB9096.pdf,False,
{F-0023985},09/01/2026 03:52:34,LA0011,PC-1011,CBD0C2E5.doc,False,
{F-0033545},09/01/2026 03:52:34,QA0016,PC-1016,08CDFEE7.doc,False,
{F-0001493},09/01/2026 03:55:34,AA0000,PC-1000,A04E56EC.doc,False,
{F-0025979},09/01/2026 04:01:34,MA0012,PC-1012,61A456A8.txt,False,
{F-0007013},09/01/2026 04:08:34,CA0002,PC-1002,982A46C4.xlsx,False,
{F-0007028},09/01/2026 04:17:34,CA0002,PC-1002,AD30C68E.txt,False,
{F-0007009},09/01/2026 04:21:34,CA0002,PC-1002,C328DD7D.doc,False,
{F-0003951},09/01/2026 04:26:34,BA0001,PC-1001,FA1DD4A6.doc,False,
{F-0034754},09/01/2026 04:37:34,RA0017,PC-1017,A4B52F70.jpg,False,
{F-0024002},09/01/2026 04:39:34,LA0011,PC-1011,3073A478.pdf,False,
{F-0023993},09/01/2026 04:47:34,LA0011,PC-1011,069823E8.xls,False,
{F-0033540},09/01/2026 05:04:34,QA0016,PC-1016,EB37239F.pdf,False,
{F-0021984},09/01/2026 05:58:34,KA0010,PC-1010,B00A74F6.doc,False,
{F-0021981},09/01/2026 06:01:34,KA0010,PC-1010,1CB9CDE1.jpg,False,
{F-0018127},09/01/2026 18:49:34,IA0008,PC-1008,D2D14A6F.doc,False,
{F-0018128},09/01/2026 18:54:34,IA0008,PC-1008,DB790C55.doc,False,
{F-0026022},09/01/2026 19:00:34,MA0012,PC-1012,CF2D0645.doc,False,
{F-0018117},09/01/2026 19:14:34,IA0008,PC-1008,408AABD5.doc,False,
{F-0020012},09/01/2026 19:31:34,JA0009,PC-1009,72AEF2B3.txt,False,
{F-0004006},09/01/2026 19:33:34,BA0001,PC-1001,63DBD4A4.xls,False,
{F-0024029},09/01/2026 19:40:34,LA0011,PC-1011,A4D34B7B.doc,False,
{F-0003998},09/01/2026 19:41:34,BA0001,PC-1001,A91993EA.jpg,False,
{F-0009943},09/01/2026 19:41:34,DA0003,PC-1003,C1CCDDEF.doc,False,
{F-0020021},09/01/2026 19:41:34,JA0009,PC-1009,89B8C0DB.doc,False,
{F-0020022},09/01/2026 19:41:34,JA0009,PC-1009,CE3DE52B.doc,False,
{F-0016784},09/01/2026 19:43:34,HA0007,PC-1007,6A4E20FF.xlsx,False,
{F-0015252},09/01/2026 19:47:34,GA0006,PC-1006,8A0249DE.pdf,False,
{F-0015254},09/01/2026 19:47:34,GA0006,PC-1006,D2B64527.txt,False,
{F-0018124},09/01/2026 19:47:34,IA0008,PC-1008,966D4C1C.pdf,False,
{F-0020023},09/01/2026 19:47:34,JA0009,PC-1009,871A910E.txt,False,
{F-0030115},09/01/2026 19:51:34,OA0014,PC-1014,714392C2.pdf,False,
{F-0026019},09/01/2026 19:53:34,MA0012,PC-1012,E218294F.xlsx,False,
{F-0015253},09/01/2026 20:00:34,GA0006,PC-1006,16D96430.doc,False,
{F-0015259},09/01/2026 20:10:34,GA0006,PC-1006,06842388.xls,False,
{F-0003993},09/01/2026 20:13:34,BA0001,PC-1001,D061948A.pdf,False,
{F-0024038},09/01/2026 20:14:34,LA0011,PC-1011,50D9DCFD.xlsx,False,
{F-0003994},09/01/2026 20:18:34,BA0001,PC-1001,E9FF6001.xlsx,False,
{F-0026025},09/01/2026 20:19:34,MA0012,PC-1012,1BB318BF.jpg,False,
{F-0020020},09/01/2026 20:20:34,JA0009,PC-1009,B8BF0713.jpg,False,
{F-0001544},09/01/2026 20:22:34,AA0000,PC-1000,BBC48CAD.xlsx,False,
{F-0022020},09/01/2026 20:25:34,KA0010,PC-1010,CD7866C4.xls,False,
{F-0020013},09/01/2026 20:26:34,JA0009,PC-1009,3547CFBA.pdf,False,
{F-0030118},09/01/2026 20:26:34,OA0014,PC-1014,3B0904C3.txt,False,
{F-0032079},09/01/2026 20:29:34,PA0015,PC-1015,D39DDC9C.pdf,False,
{F-0001542},09/01/2026 20:32:34,AA0000,PC-1000,01E63193.pdf,False,
{F-0001545},09/01/2026 20:41:34,AA0000,PC-1000,3394B809.txt,False,
{F-0018120},09/01/2026 20:45:34,IA0008,PC-1008,FF0CF0A1.xlsx,False,
{F-0030120},09/01/2026 20:45:34,OA0014,PC-1014,38CCA6FC.doc,False,
{F-0001541},09/01/2026 20:49:34,AA0000,PC-1000,8CDF3E54.jpg,False,
{F-0001537},09/01/2026 20:50:34,AA0000,PC-1000,A268B392.doc,False,
{F-0003999},09/01/2026 20:52:34,BA0001,PC-1001,D364926D.jpg,False,
{F-0020025},09/01/2026 20:52:34,JA0009,PC-1009,046755FB.jpg,False,
{F-0034761},09/01/2026 20:56:34,RA0017,PC-1017,11A1F03C.txt,False,
{F-0001547},09/01/2026 20:58:34,AA0000,PC-1000,7DC972B5.doc,False,
{F-0024031},09/01/2026 21:00:34,LA0011,PC-1011,C207C737.xls,False,
{F-0015260},09/01/2026 21:01:34,GA0006,PC-1006,F1C207EA.doc,False,
{F-0032080},09/01/2026 21:03:34,PA0015,PC-1015,5CC31255.pdf,False,
{F-0015247},09/01/2026 21:09:34,GA0006,PC-1006,AF5CE4FD.xls,False,
{F-0004001},09/01/2026 21:15:34,BA0001,PC-1001,514B8491.pdf,False,
{F-0013158},09/01/2026 21:18:34,FA0005,PC-1005,01ED3DD2.jpg,False,
{F-0001540},09/01/2026 21:20:34,AA0000,PC-1000,986606F2.doc,False,
{F-0026026},09/01/2026 21:21:34,MA0012,PC-1012,A6CE99B0.xlsx,False,
{F-0007109},09/01/2026 21:22:34,CA0002,PC-1002,3105DA40.txt,False,
{F-0018125},09/01/2026 21:25:34,IA0008,PC-1008,20D0878D.txt,False,
{F-0015258},09/01/2026 21:31:34,GA0006,PC-1006,0C6475E2.xlsx,False,
{F-0004005},09/01/2026 21:35:34,BA0001,PC-1001,A85A25A7.jpg,False,
{F-0007103},09/01/2026 21:36:34,CA0002,PC-1002,02FCEE45.txt,False,
{F-0009936},09/01/2026 21:37:34,DA0003,PC-1003,9D93B9DC.xlsx,False,
{F-0009949},09/01/2026 21:40:34,DA0003,PC-1003,E50B2EB6.txt,False,
{F-0009940},09/01/2026 21:41:34,DA0003,PC-1003,9192D2A3.xls,False,
{F-0026021},09/01/2026 21:43:34,MA0012,PC-1012,856F5492.txt,False,
{F-0013163},09/01/2026 21:44:34,FA0005,PC-1005,9029B95A.xls,False,
{F-0020024},09/01/2026 21:45:34,JA0009,PC-1009,56D5AD05.xlsx,False,
{F-0030111},09/01/2026 21:45:34,OA0014,PC-1014,943F7651.doc,False,
{F-0007100},09/01/2026 21:47:34,CA0002,PC-1002,30EA2D07.xls,False,
{F-0007124},09/01/2026 21:47:34,CA0002,PC-1002,F2BCAAD6.pdf,False,
{F-0020015},09/01/2026 21:48:34,JA0009,PC-1009,87845A22.txt,False,
{F-0009939},09/01/2026 21:50:34,DA0003,PC-1003,D5292FC6.xlsx,False,
{F-0009935},09/01/2026 21:51:34,DA0003,PC-1003,4B22D5B2.xlsx,False,
{F-0030114},09/01/2026 21:59:34,OA0014,PC-1014,09E3E53A.jpg,False,
{F-0013168},09/01/2026 22:01:34,FA0005,PC-1005,CEB7A35D.pdf,False,
{F-0013173},09/01/2026 22:01:34,FA0005,PC-1005,7433E88F.doc,False,
{F-0030108},09/01/2026 22:08:34,OA0014,PC-1014,7EBDF553.jpg,False,
{F-0020014},09/01/2026 22:12:34,JA0009,PC-1009,66C871A6.xlsx,False,
{F-0022014},09/01/2026 22:12:34,KA0010,PC-1010,3B540AAF.pdf,False,
{F-0030121},09/01/2026 22:13:34,OA0014,PC-1014,04355672.doc,False,
{F-0018126},09/01/2026 22:14:34,IA0008,PC-1008,2532B9A6.txt,False,
{F-0013177},09/01/2026 22:19:34,FA0005,PC-1005,D561227C.doc,False,
{F-0022019},09/01/2026 22:22:34,KA0010,PC-1010,972B91ED.xls,False,
{F-0033576},09/01/2026 22:22:34,QA0016,PC-1016,CD0B901E.doc,False,
{F-0024033},09/01/2026 22:25:34,LA0011,PC-1011,41876EFB.doc,False,
{F-0007105},09/01/2026 22:28:34,CA0002,PC-1002,CC1983D7.txt,False,
{F-0015249},09/01/2026 22:33:34,GA0006,PC-1006,F11D68B5.jpg,False,
{F-0007106},09/01/2026 22:34:34,CA0002,PC-1002,99DC0253.jpg,False,
{F-0018114},09/01/2026 22:35:34,IA0008,PC-1008,0A80C5D1.doc,False,
{F-0018121},09/01/2026 22:39:34,IA0008,PC-1008,2CCA8F05.pdf,False,
{F-0003990},09/01/2026 22:40:34,BA0001,PC-1001,09A7961B.jpg,False,
{F-0001546},09/01/2026 22:41:34,AA0000,PC-1000,CAB9E5D3.doc,False,
{F-0009950},09/01/2026 22:44:34,DA0003,PC-1003,68C9AF9D.pdf,False,
{F-0001548},09/01/2026 22:47:34,AA0000,PC-1000,AEEB74B8.xls,False,
{F-0004007},09/01/2026 22:53:34,BA0001,PC-1001,63CB9F3D.jpg,False,
{F-0013162},09/01/2026 22:58:34,FA0005,PC-1005,73EF0DC8.pdf,False,
{F-0022016},09/01/2026 22:59:34,KA0010,PC-1010,67C43A45.pdf,False,
{F-0007110},09/01/2026 23:02:34,CA0002,PC-1002,A95EEBCD.doc,False,
{F-0026017},09/01/2026 23:02:34,MA0012,PC-1012,2B357D99.txt,False,
{F-0004002},09/01/2026 23:07:34,BA0001,PC-1001,6B0C10E8.jpg,False,
{F-0015251},09/01/2026 23:08:34,GA0006,PC-1006,FE92131E.xls,False,
{F-0030112},09/01/2026 23:08:34,OA0014,PC-1014,C82C0FBD.txt,False,
{F-0013170},09/01/2026 23:09:34,FA0005,PC-1005,D4EA6249.txt,False,
{F-0013164},09/01/2026 23:15:34,FA0005,PC-1005,9DCB22D6.jpg,False,
{F-0030110},09/01/2026 23:18:34,OA0014,PC-1014,F83B2999.txt,False,
{F-0016783},09/01/2026 23:19:34,HA0007,PC-1007,1253B077.doc,False,
{F-0013175},09/01/2026 23:20:34,FA0005,PC-1005,7EC53C2E.xlsx,False,
{F-0007118},09/01/2026 23:22:34,CA0002,PC-1002,249E37DF.doc,False,
{F-0020018},09/01/2026 23:22:34,JA0009,PC-1009,A16F61D4.doc,False,
{F-0022015},09/01/2026 23:23:34,KA0010,PC-1010,A8BF1DB2.doc,False,
{F-0011772},09/01/2026 23:24:34,EA0004,PC-1004,7C233BF6.jpg,False,
{F-0015248},09/01/2026 23:30:34,GA0006,PC-1006,52F5AE08.doc,False,
{F-0003992},09/01/2026 23:32:34,BA0001,PC-1001,1EB6B817.doc,False,
{F-0018115},09/01/2026 23:35:34,IA0008,PC-1008,1AD1A32E.txt,False,
{F-0009941},09/01/2026 23:36:34,DA0003,PC-1003,C4D6D335.xlsx,False,
{F-0001538},09/01/2026 23:39:34,AA0000,PC-1000,9B0B85BF.xls,False,
{F-0033572},09/01/2026 23:39:34,QA0016,PC-1016,37971F15.jpg,False,
{F-0033573},09/01/2026 23:40:34,QA0016,PC-1016,7D3699AE.xlsx,False,
{F-0020017},09/01/2026 23:41:34,JA0009,PC-1009,78E6CC7E.txt,False,
{F-0015246},09/01/2026 23:43:34,GA0006,PC-1006,C0B22CD8.xls,False,
{F-0007098},09/01/2026 23:45:34,CA0002,PC-1002,073131C5.xls,False,
{F-0026023},09/01/2026 23:45:34,MA0012,PC-1012,758F50CC.jpg,False,
{F-0027805},09/01/2026 23:46:34,NA0013,PC-1013,2B5604C0.doc,False,
{F-0027806},09/01/2026 23:47:34,NA0013,PC-1013,38B66A0A.doc,False,
{F-0003991},09/01/2026 23:48:34,BA0001,PC-1001,B41D853F.txt,False,
{F-0007117},09/01/2026 23:48:34,CA0002,PC-1002,1D2D8F00.txt,False,
{F-0018122},09/01/2026 23:50:34,IA0008,PC-1008,BF8A68D1.doc,False,
{F-0030117},09/01/2026 23:59:34,OA0014,PC-1014,AEBB12F6.doc,False,
{F-0018118},09/02/2026 00:01:34,IA0008,PC-1008,4A0F496A.doc,False,
{F-0026018},09/02/2026 00:04:34,MA0012,PC-1012,60B417E6.xls,False,
{F-0013174},09/02/2026 00:05:34,FA0005,PC-1005,5F265082.jpg,False,
{F-0018123},09/02/2026 00:05:34,IA0008,PC-1008,9C8763B2.txt,False,
{F-0032078},09/02/2026 00:05:34,PA0015,PC-1015,FA0B5486.doc,False,
{F-0001539},09/02/2026 00:12:34,AA0000,PC-1000,6B6E940C.doc,False,
{F-0007107},09/02/2026 00:14:34,CA0002,PC-1002,912F96CB.jpg,False,
{F-0013154},09/02/2026 00:16:34,FA0005,PC-1005,0F9CD403.txt,False,
{F-0007108},09/02/2026 00:17:34,CA0002,PC-1002,63BFFE12.jpg,False,
{F-0026024},09/02/2026 00:18:34,MA0012,PC-1012,19A9AEE2.xls,False,
{F-0020028},09/02/2026 00:26:34,JA0009,PC-1009,A53FA7EB.xlsx,False,
{F-0009942},09/02/2026 00:28:34,DA0003,PC-1003,37CD8607.txt,False,
{F-0024034},09/02/2026 00:31:34,LA0011,PC-1011,62F4B3F8.jpg,False,
{F-0016782},09/02/2026 00:33:34,HA0007,PC-1007,7B84A3A6.xls,False,
{F-0032083},09/02/2026 00:33:34,PA0015,PC-1015,8F83CB93.doc,False,
{F-0030119},09/02/2026 00:37:34,OA0014,PC-1014,B22A2F03.xlsx,False,
{F-0001543},09/02/2026 00:39:34,AA0000,PC-1000,339D9CFE.doc,False,
{F-0024030},09/02/2026 00:41:34,LA0011,PC-1011,6C5AF6EF.xls,False,
{F-0009945},09/02/2026 00:42:34,DA0003,PC-1003,C59D0EA1.xlsx,False,
{F-0007104},09/02/2026 00:43:34,CA0002,PC-1002,6E62AD44.pdf,False,
{F-0009938},09/02/2026 00:43:34,DA0003,PC-1003,FACA9C91.xls,False,
{F-0030116},09/02/2026 00:44:34,OA0014,PC-1014,D8149A8D.jpg,False,
{F-0018116},09/02/2026 00:51:34,IA0008,PC-1008,0B763D2D.xls,False,
{F-0016785},09/02/2026 00:52:34,HA0007,PC-1007,4898B449.xlsx,False,
{F-0009946},09/02/2026 00:53:34,DA0003,PC-1003,074B3A12.txt,False,
{F-0034762},09/02/2026 00:55:34,RA0017,PC-1017,E6E80C23.xls,False,
{F-0004000},09/02/2026 00:57:34,BA0001,PC-1001,0D3AF7E1.doc,False,
{F-0013171},09/02/2026 00:58:34,FA0005,PC-1005,F2521947.txt,False,
{F-0027809},09/02/2026 00:58:34,NA0013,PC-1013,3C90516B.xls,False,
{F-0027810},09/02/2026 00:58:34,NA0013,PC-1013,5CAD19A6.jpg,False,
{F-0020027},09/02/2026 00:59:34,JA0009,PC-1009,CA90B4FD.pdf,False,
{F-0027808},09/02/2026 01:00:34,NA0013,PC-1013,0E5595D2.doc,False,
{F-0018113},09/02/2026 01:03:34,IA0008,PC-1008,36E0A50B.doc,False,
{F-0009951},09/02/2026 01:09:34,DA0003,PC-1003,A78F78FA.doc,False,
{F-0024032},09/02/2026 01:09:34,LA0011,PC-1011,B3121311.txt,False,
{F-0032081},09/02/2026 01:10:34,PA0015,PC-1015,0BD5FFCB.xlsx,False,
{F-0032085},09/02/2026 01:10:34,PA0015,PC-1015,46EAB9AF.doc,False,
{F-0009948},09/02/2026 01:13:34,DA0003,PC-1003,9D641E0F.jpg,False,
{F-0015250},09/02/2026 01:19:34,GA0006,PC-1006,09494D2E.jpg,False,
{F-0020011},09/02/2026 01:23:34,JA0009,PC-1009,3AD5E286.txt,False,
{F-0022025},09/02/2026 01:27:34,KA0010,PC-1010,D280FEA8.doc,False,
{F-0026020},09/02/2026 01:30:34,MA0012,PC-1012,938C9F36.xls,False,
{F-0027804},09/02/2026 01:33:34,NA0013,PC-1013,97C23EBF.doc,False,
{F-0013165},09/02/2026 01:36:34,FA0005,PC-1005,13BD7E80.doc,False,
{F-0022017},09/02/2026 01:38:34,KA0010,PC-1010,CDBC5129.xlsx,False,
{F-0022023},09/02/2026 01:38:34,KA0010,PC-1010,E3CD2E52.doc,False,
{F-0032084},09/02/2026 01:39:34,PA0015,PC-1015,46DD8580.pdf,False,
{F-0003995},09/02/2026 01:40:34,BA0001,PC-1001,6A9AF82D.xls,False,
{F-0004003},09/02/2026 01:47:34,BA0001,PC-1001,93E55437.txt,False,
{F-0020019},09/02/2026 01:47:34,JA0009,PC-1009,1CF7A908.xlsx,False,
{F-0004004},09/02/2026 01:48:34,BA0001,PC-1001,7A896B12.xls,False,
{F-0013166},09/02/2026 01:50:34,FA0005,PC-1005,A7BF1045.doc,False,
{F-0009937},09/02/2026 01:53:34,DA0003,PC-1003,87E039EF.pdf,False,
{F-0024037},09/02/2026 01:58:34,LA0011,PC-1011,5A522258.jpg,False,
{F-0015255},09/02/2026 02:02:34,GA0006,PC-1006,9322B44F.xlsx,False,
{F-0007102},09/02/2026 02:03:34,CA0002,PC-1002,7D18DE34.doc,False,
{F-0030122},09/02/2026 02:03:34,OA0014,PC-1014,E0A3162B.doc,False,
{F-0015256},09/02/2026 02:11:34,GA0006,PC-1006,E9B2BEA4.txt,False,
{F-0015257},09/02/2026 02:11:34,GA0006,PC-1006,BF2350E1.xlsx,False,
{F-0003997},09/02/2026 02:13:34,BA0001,PC-1001,2FE82558.doc,False,
{F-0013155},09/02/2026 02:22:34,FA0005,PC-1005,F7798EFD.txt,False,
{F-0013167},09/02/2026 02:27:34,FA0005,PC-1005,AFC94312.jpg,False,
{F-0022018},09/02/2026 02:27:34,KA0010,PC-1010,251300A1.pdf,False,
{F-0007114},09/02/2026 02:33:34,CA0002,PC-1002,94AFB926.xls,False,
{F-0013160},09/02/2026 02:34:34,FA0005,PC-1005,EFF21FC3.jpg,False,
{F-0033571},09/02/2026 02:37:34,QA0016,PC-1016,A11816FB.doc,False,
{F-0004008},09/02/2026 02:38:34,BA0001,PC-1001,9EAF3882.jpg,False,
{F-0013156},09/02/2026 02:41:34,FA0005,PC-1005,AF8FA8F3.jpg,False,
{F-0030113},09/02/2026 02:42:34,OA0014,PC-1014,AB83E4A2.pdf,False,
{F-0018119},09/02/2026 02:51:34,IA0008,PC-1008,AB7E6035.doc,False,
{F-0007123},09/02/2026 02:52:34,CA0002,PC-1002,229F8B11.doc,False,
{F-0020026},09/02/2026 02:52:34,JA0009,PC-1009,35EC66AB.txt,False,
{F-0020016},09/02/2026 02:54:34,JA0009,PC-1009,FB3C3E1C.jpg,False,
{F-0007113},09/02/2026 02:55:34,CA0002,PC-1002,5C31FC08.jpg,False,
{F-0030109},09/02/2026 02:55:34,OA0014,PC-1014,3756B62A.doc,False,
{F-0001549},09/02/2026 02:58:34,AA0000,PC-1000,2008935E.pdf,False,
{F-0007121},09/02/2026 03:03:34,CA0002,PC-1002,20DD9DE9.xls,False,
{F-0034764},09/02/2026 03:07:34,RA0017,PC-1017,37D081C2.doc,False,
{F-0022022},09/02/2026 03:09:34,KA0010,PC-1010,F7748ED0.doc,False,
{F-0007101},09/02/2026 03:14:34,CA0002,PC-1002,AEAF4BD9.jpg,False,
{F-0009944},09/02/2026 03:17:34,DA0003,PC-1003,EAE63B65.xls,False,
{F-0024035},09/02/2026 03:22:34,LA0011,PC-1011,DD9BD9FB.doc,False,
{F-0027807},09/02/2026 03:23:34,NA0013,PC-1013,201DEC6E.xls,False,
{F-0003996},09/02/2026 03:26:34,BA0001,PC-1001,37702054.jpg,False,
{F-0009947},09/02/2026 03:29:34,DA0003,PC-1003,8A9955C9.xls,False,
{F-0032082},09/02/2026 03:30:34,PA0015,PC-1015,7935258E.txt,False,
{F-0007122},09/02/2026 03:32:34,CA0002,PC-1002,3AFFD48F.txt,False,
{F-0024036},09/02/2026 03:34:34,LA0011,PC-1011,96B40DE6.xlsx,False,
{F-0033577},09/02/2026 03:46:34,QA0016,PC-1016,3021B8FF.jpg,False,
{F-0013159},09/02/2026 03:48:34,FA0005,PC-1005,EC62A82F.txt,False,
{F-0007116},09/02/2026 03:49:34,CA0002,PC-1002,7FB5DE97.txt,False,
{F-0007111},09/02/2026 03:54:34,CA0002,PC-1002,81F8D73F.xls,False,
{F-0013176},09/02/2026 03:58:34,FA0005,PC-1005,F8CB34F7.doc,False,
{F-0007120},09/02/2026 04:10:34,CA0002,PC-1002,DD8FAE47.jpg,False,
{F-0013153},09/02/2026 04:10:34,FA0005,PC-1005,A5874977.doc,False,
{F-0033574},09/02/2026 04:11:34,QA0016,PC-1016,21B7132F.pdf,False,
{F-0022021},09/02/2026 04:25:34,KA0010,PC-1010,19CC7D56.jpg,False,
{F-0034763},09/02/2026 04:26:34,RA0017,PC-1017,CDF320CC.doc,False,
{F-0011774},09/02/2026 04:31:34,EA0004,PC-1004,46BB165E.xls,False,
{F-0011773},09/02/2026 04:32:34,EA0004,PC-1004,BA733B47.jpg,False,
{F-0022024},09/02/2026 04:41:34,KA0010,PC-1010,B5D2887C.pdf,False,
{F-0013161},09/02/2026 04:45:34,FA0005,PC-1005,39E0F048.jpg,False,
{F-0013157},09/02/2026 04:48:34,FA0005,PC-1005,0A3BFC72.jpg,False,
{F-0013169},09/02/2026 04:55:34,FA0005,PC-1005,C1478DEF.xls,False,
{F-0007112},09/02/2026 05:31:34,CA0002,PC-1002,BC94BDAD.jpg,False,
{F-0013172},09/02/2026 05:31:34,FA0005,PC-1005,38E42536.doc,False,
{F-0007119},09/02/2026 05:33:34,CA0002,PC-1002,BCB04B8B.pdf,False,
{F-0007115},09/02/2026 05:47:34,CA0002,PC-1002,8D7FAA90.txt,False,
{F-0033575},09/02/2026 05:48:34,QA0016,PC-1016,5F5EDBF6.txt,False,
{F-0007099},09/02/2026 06:00:34,CA0002,PC-1002,38353B8E.xlsx,False,
{F-0026061},09/02/2026 18:46:34,MA0012,PC-1012,566E93EF.txt,False,
{F-0024077},09/02/2026 18:54:34,LA0011,PC-1011,9567E1EE.xls,False,
{F-0026060},09/02/2026 19:03:34,MA0012,PC-1012,C3E6CA1C.pdf,False,
{F-0024076},09/02/2026 19:05:34,LA0011,PC-1011,CE4F7FDE.xls,False,
{F-0010004},09/02/2026 19:13:34,DA0003,PC-1003,7B8453FD.doc,False,
{F-0010014},09/02/2026 19:14:34,DA0003,PC-1003,1AB68387.pdf,False,
{F-0024084},09/02/2026 19:20:34,LA0011,PC-1011,D36EA86B.xlsx,False,
{F-0010017},09/02/2026 19:23:34,DA0003,PC-1003,D40FEAF7.xlsx,False,
{F-0010023},09/02/2026 19:31:34,DA0003,PC-1003,80F73CF9.txt,False,
{F-0026054},09/02/2026 19:31:34,MA0012,PC-1012,B8ACE73B.pdf,False,
{F-0024074},09/02/2026 19:40:34,LA0011,PC-1011,E8F3076D.xlsx,False,
{F-0024085},09/02/2026 19:43:34,LA0011,PC-1011,3AA92FD5.txt,False,
{F-0016808},09/02/2026 19:47:34,HA0007,PC-1007,375E91F6.xlsx,False,
{F-0024081},09/02/2026 19:49:34,LA0011,PC-1011,8DD76A18.pdf,False,
{F-0016803},09/02/2026 19:57:34,HA0007,PC-1007,4ABAFE0C.txt,False,
{F-0024068},09/02/2026 19:59:34,LA0011,PC-1011,BAB729EA.xls,False,
{F-0024082},09/02/2026 20:00:34,LA0011,PC-1011,9EC7CEE3.pdf,False,
{F-0010019},09/02/2026 20:19:34,DA0003,PC-1003,D60083FF.xlsx,False,
{F-0010008},09/02/2026 20:23:34,DA0003,PC-1003,BAC0F6F5.txt,False,
{F-0010010},09/02/2026 20:23:34,DA0003,PC-1003,ABC1E03A.doc,False,
{F-0010009},09/02/2026 20:25:34,DA0003,PC-1003,B51FFB48.jpg,False,
{F-0032115},09/02/2026 20:28:34,PA0015,PC-1015,AE1868E0.doc,False,
{F-0015323},09/02/2026 20:32:34,GA0006,PC-1006,972C9B60.jpg,False,
{F-0015325},09/02/2026 20:32:34,GA0006,PC-1006,C5062E2A.pdf,False,
{F-0015329},09/02/2026 20:34:34,GA0006,PC-1006,1FD5E1A7.txt,False,
{F-0024073},09/02/2026 20:35:34,LA0011,PC-1011,5FCB5643.xlsx,False,
{F-0030160},09/02/2026 20:36:34,OA0014,PC-1014,22F4D2A6.doc,False,
{F-0011799},09/02/2026 20:37:34,EA0004,PC-1004,E6FE00C7.doc,False,
{F-0032122},09/02/2026 20:39:34,PA0015,PC-1015,627E933E.jpg,False,
{F-0024067},09/02/2026 20:42:34,LA0011,PC-1011,A4DC710E.xls,False,
{F-0011800},09/02/2026 20:46:34,EA0004,PC-1004,86512ED4.pdf,False,
{F-0020064},09/02/2026 20:51:34,JA0009,PC-1009,0622C88B.xlsx,False,
{F-0011802},09/02/2026 20:53:34,EA0004,PC-1004,248E2C73.pdf,False,
{F-0022068},09/02/2026 20:55:34,KA0010,PC-1010,FCF4B007.xlsx,False,
{F-0024071},09/02/2026 20:57:34,LA0011,PC-1011,A448D1CE.doc,False,
{F-0016800},09/02/2026 21:01:34,HA0007,PC-1007,D89EE8CA.doc,False,
{F-0030163},09/02/2026 21:01:34,OA0014,PC-1014,BFA7885D.doc,False,
{F-0007193},09/02/2026 21:04:34,CA0002,PC-1002,4E717EF6.txt,False,
{F-0018158},09/02/2026 21:04:34,IA0008,PC-1008,06141ED7.xlsx,False,
{F-0020080},09/02/2026 21:06:34,JA0009,PC-1009,1116B227.xls,False,
{F-0010018},09/02/2026 21:07:34,DA0003,PC-1003,4A6358F5.xls,False,
{F-0030174},09/02/2026 21:12:34,OA0014,PC-1014,6C4DCF94.pdf,False,
{F-0007206},09/02/2026 21:14:34,CA0002,PC-1002,90672CA3.doc,False,
{F-0030165},09/02/2026 21:15:34,OA0014,PC-1014,6761CB94.doc,False,
{F-0024063},09/02/2026 21:16:34,LA0011,PC-1011,A3198CB9.txt,False,
{F-0010011},09/02/2026 21:17:34,DA0003,PC-1003,5C22BFE7.pdf,False,
{F-0030167},09/02/2026 21:18:34,OA0014,PC-1014,89F47D88.txt,False,
{F-0010006},09/02/2026 21:24:34,DA0003,PC-1003,879B3B1A.jpg,False,
{F-0024079},09/02/2026 21:24:34,LA0011,PC-1011,6579CBB3.jpg,False,
{F-0015327},09/02/2026 21:25:34,GA0006,PC-1006,DA45CAEF.xls,False,
{F-0007199},09/02/2026 21:31:34,CA0002,PC-1002,DFA91A56.xlsx,False,
{F-0033614},09/02/2026 21:31:34,QA0016,PC-1016,7C1EDE8F.pdf,False,
{F-0032114},09/02/2026 21:32:34,PA0015,PC-1015,AD303CBF.doc,False,
{F-0013194},09/02/2026 21:34:34,FA0005,PC-1005,66038D88.txt,False,
{F-0016801},09/02/2026 21:34:34,HA0007,PC-1007,EF56CA80.txt,False,
{F-0011801},09/02/2026 21:37:34,EA0004,PC-1004,4E67C670.xlsx,False,
{F-0030156},09/02/2026 21:37:34,OA0014,PC-1014,EA3A8B4B.xlsx,False,
{F-0010015},09/02/2026 21:41:34,DA0003,PC-1003,78A8DEDB.jpg,False,
{F-0010013},09/02/2026 21:43:34,DA0003,PC-1003,82619CDF.jpg,False,
{F-0013193},09/02/2026 21:46:34,FA0005,PC-1005,E62FEB10.jpg,False,
{F-0032125},09/02/2026 21:53:34,PA0015,PC-1015,7D3DC6BF.pdf,False,
{F-0026059},09/02/2026 21:55:34,MA0012,PC-1012,666DF4CC.xlsx,False,
{F-0024066},09/02/2026 21:56:34,LA0011,PC-1011,EEB96FF9.pdf,False,
{F-0004050},09/02/2026 21:58:34,BA0001,PC-1001,86745C6A.jpg,False,
{F-0007207},09/02/2026 21:59:34,CA0002,PC-1002,D2D91C7B.xlsx,False,
{F-0032129},09/02/2026 22:00:34,PA0015,PC-1015,F6820B4E.xls,False,
{F-0016806},09/02/2026 22:02:34,HA0007,PC-1007,343ED767.doc,False,
{F-0007204},09/02/2026 22:03:34,CA0002,PC-1002,FA6504D8.xls,False,
{F-0020081},09/02/2026 22:07:34,JA0009,PC-1009,FA72BCA4.pdf,False,
{F-0011797},09/02/2026 22:09:34,EA0004,PC-1004,AFB2E5D3.pdf,False,
{F-0013195},09/02/2026 22:13:34,FA0005,PC-1005,31700ED4.doc,False,
{F-0020067},09/02/2026 22:13:34,JA0009,PC-1009,D4C04370.jpg,False,
{F-0024072},09/02/2026 22:17:34,LA0011,PC-1011,1E9F9C42.xls,False,
{F-0022065},09/02/2026 22:18:34,KA0010,PC-1010,3BB1FFEE.xlsx,False,
{F-0020077},09/02/2026 22:20:34,JA0009,PC-1009,731F380E.doc,False,
{F-0010016},09/02/2026 22:29:34,DA0003,PC-1003,19C3652E.doc,False,
{F-0030169},09/02/2026 22:34:34,OA0014,PC-1014,52E5F2D8.jpg,False,
{F-0018162},09/02/2026 22:35:34,IA0008,PC-1008,DC9910C1.txt,False,
{F-0015318},09/02/2026 22:36:34,GA0006,PC-1006,6E60E39B.pdf,False,
{F-0024078},09/02/2026 22:36:34,LA0011,PC-1011,1F3C9438.doc,False,
{F-0004051},09/02/2026 22:40:34,BA0001,PC-1001,BBC33530.doc,False,
{F-0027846},09/02/2026 22:43:34,NA0013,PC-1013,CFBCBEF8.pdf,False,
{F-0010020},09/02/2026 22:45:34,DA0003,PC-1003,0D92F095.txt,False,
{F-0016805},09/02/2026 22:48:34,HA0007,PC-1007,BCB97BD2.doc,False,
{F-0022066},09/02/2026 22:58:34,KA0010,PC-1010,3A8DCE37.xlsx,False,
{F-0034784},09/02/2026 22:59:34,RA0017,PC-1017,4069A1FD.xlsx,False,
{F-0010022},09/02/2026 23:00:34,DA0003,PC-1003,AA25F66F.doc,False,
{F-0034789},09/02/2026 23:04:34,RA0017,PC-1017,23607733.doc,False,
{F-0010007},09/02/2026 23:12:34,DA0003,PC-1003,AFBB5E17.xlsx,False,
{F-0013197},09/02/2026 23:12:34,FA0005,PC-1005,EAB7456B.doc,False,
{F-0032121},09/02/2026 23:12:34,PA0015,PC-1015,55769269.txt,False,
{F-0007191},09/02/2026 23:13:34,CA0002,PC-1002,C264435F.xlsx,False,
{F-0018160},09/02/2026 23:13:34,IA0008,PC-1008,E5EF74CE.jpg,False,
{F-0013196},09/02/2026 23:18:34,FA0005,PC-1005,883609D3.xls,False,
{F-0018157},09/02/2026 23:19:34,IA0008,PC-1008,DF4814F7.xls,False,
{F-0010021},09/02/2026 23:22:34,DA0003,PC-1003,7EDCE126.xlsx,False,
{F-0022069},09/02/2026 23:22:34,KA0010,PC-1010,F817D609.xlsx,False,
{F-0030161},09/02/2026 23:23:34,OA0014,PC-1014,2F99F940.jpg,False,
{F-0024062},09/02/2026 23:25:34,LA0011,PC-1011,E6B38F1D.doc,False,
{F-0030158},09/02/2026 23:26:34,OA0014,PC-1014,83E94A98.txt,False,
{F-0004058},09/02/2026 23:27:34,BA0001,PC-1001,9DF12121.txt,False,
{F-0013202},09/02/2026 23:27:34,FA0005,PC-1005,1804E886.doc,False,
{F-0010026},09/02/2026 23:29:34,DA0003,PC-1003,CFB5AB0E.jpg,False,
{F-0004059},09/02/2026 23:31:34,BA0001,PC-1001,94AE3CDC.doc,False,
{F-0020072},09/02/2026 23:35:34,JA0009,PC-1009,CDD9AA41.xlsx,False,
{F-0007200},09/02/2026 23:37:34,CA0002,PC-1002,1CFDC971.pdf,False,
{F-0004055},09/02/2026 23:39:34,BA0001,PC-1001,D01FD727.doc,False,
{F-0016802},09/02/2026 23:41:34,HA0007,PC-1007,AE05E077.doc,False,
{F-0015320},09/02/2026 23:43:34,GA0006,PC-1006,F8946DCF.pdf,False,
{F-0015326},09/02/2026 23:50:34,GA0006,PC-1006,6BD4FCB5.xls,False,
{F-0026052},09/02/2026 23:54:34,MA0012,PC-1012,7A6D9EAB.xls,False,
{F-0018166},09/02/2026 23:55:34,IA0008,PC-1008,689B84AC.xlsx,False,
{F-0026056},09/02/2026 23:56:34,MA0012,PC-1012,D35D2648.xlsx,False,
{F-0032124},09/02/2026 23:56:34,PA0015,PC-1015,9F5CDE99.jpg,False,
{F-0022064},09/02/2026 23:59:34,KA0010,PC-1010,AAF8CA4C.xls,False,
{F-0018164},09/03/2026 00:00:34,IA0008,PC-1008,65A6C592.doc,False,
{F-0010024},09/03/2026 00:04:34,DA0003,PC-1003,2CBC100A.pdf,False,
{F-0022063},09/03/2026 00:06:34,KA0010,PC-1010,BA5EE2C9.doc,False,
{F-0007190},09/03/2026 00:07:34,CA0002,PC-1002,6C25839D.jpg,False,
{F-0013206},09/03/2026 00:09:34,FA0005,PC-1005,E7E2F5F2.xlsx,False,
{F-0013201},09/03/2026 00:11:34,FA0005,PC-1005,CBC91752.pdf,False,
{F-0004060},09/03/2026 00:12:34,BA0001,PC-1001,C796C295.xls,False,
{F-0018159},09/03/2026 00:17:34,IA0008,PC-1008,387EB857.txt,False,
{F-0018167},09/03/2026 00:17:34,IA0008,PC-1008,8D047998.txt,False,
{F-0033616},09/03/2026 00:20:34,QA0016,PC-1016,16D6031B.doc,False,
{F-0004049},09/03/2026 00:23:34,BA0001,PC-1001,D6085D3F.pdf,False,
{F-0004057},09/03/2026 00:25:34,BA0001,PC-1001,88865290.xls,False,
{F-0007197},09/03/2026 00:27:34,CA0002,PC-1002,EF5D3AFF.doc,False,
{F-0020078},09/03/2026 00:27:34,JA0009,PC-1009,4D73F6D5.xlsx,False,
{F-0007202},09/03/2026 00:28:34,CA0002,PC-1002,4408FA2F.doc,False,
{F-0034785},09/03/2026 00:33:34,RA0017,PC-1017,F8BCEC91.txt,False,
{F-0004056},09/03/2026 00:36:34,BA0001,PC-1001,DB1F2976.jpg,False,
{F-0030168},09/03/2026 00:36:34,OA0014,PC-1014,ED4DA365.txt,False,
{F-0013200},09/03/2026 00:39:34,FA0005,PC-1005,69CAB20B.jpg,False,
{F-0026058},09/03/2026 00:44:34,MA0012,PC-1012,9CB95772.jpg,False,
{F-0030162},09/03/2026 00:44:34,OA0014,PC-1014,266773CE.xls,False,
{F-0032112},09/03/2026 00:44:34,PA0015,PC-1015,8CB6EF63.xls,False,
{F-0007189},09/03/2026 00:46:34,CA0002,PC-1002,7B66E55C.doc,False,
{F-0011795},09/03/2026 00:47:34,EA0004,PC-1004,4D7DADF4.xls,False,
{F-0022070},09/03/2026 00:49:34,KA0010,PC-1010,2AA26D14.txt,False,
{F-0018168},09/03/2026 00:50:34,IA0008,PC-1008,90984AE9.jpg,False,
{F-0024075},09/03/2026 00:54:34,LA0011,PC-1011,B63FCF75.xlsx,False,
{F-0015321},09/03/2026 00:55:34,GA0006,PC-1006,397864D8.xls,False,
{F-0030171},09/03/2026 01:00:34,OA0014,PC-1014,EBCC4B5B.jpg,False,
{F-0032130},09/03/2026 01:01:34,PA0015,PC-1015,90575D8B.doc,False,
{F-0032119},09/03/2026 01:11:34,PA0015,PC-1015,B5BF954F.pdf,False,
{F-0034787},09/03/2026 01:12:34,RA0017,PC-1017,CC84439A.txt,False,
{F-0022072},09/03/2026 01:13:34,KA0010,PC-1010,1CF8C365.jpg,False,
{F-0020073},09/03/2026 01:14:34,JA0009,PC-1009,8B12B90E.doc,False,
{F-0026062},09/03/2026 01:16:34,MA0012,PC-1012,5478D611.doc,False,
{F-0013198},09/03/2026 01:18:34,FA0005,PC-1005,1079D5F1.jpg,False,
{F-0020075},09/03/2026 01:21:34,JA0009,PC-1009,8CAF28F1.xls,False,
{F-0016804},09/03/2026 01:24:34,HA0007,PC-1007,F333F06E.txt,False,
{F-0010005},09/03/2026 01:25:34,DA0003,PC-1003,677AC2EC.doc,False,
{F-0022067},09/03/2026 01:25:34,KA0010,PC-1010,FF34EAA5.xls,False,
{F-0024080},09/03/2026 01:25:34,LA0011,PC-1011,04739684.pdf,False,
{F-0024064},09/03/2026 01:28:34,LA0011,PC-1011,D1AD3E88.doc,False,
{F-0015319},09/03/2026 01:32:34,GA0006,PC-1006,3EDDE1C0.doc,False,
{F-0024069},09/03/2026 01:32:34,LA0011,PC-1011,9CD283A7.xlsx,False,
{F-0015324},09/03/2026 01:33:34,GA0006,PC-1006,BB0B5652.xlsx,False,
{F-0020068},09/03/2026 01:33:34,JA0009,PC-1009,899FAE20.jpg,False,
{F-0027843},09/03/2026 01:37:34,NA0013,PC-1013,F86D95EF.txt,False,
{F-0020074},09/03/2026 01:39:34,JA0009,PC-1009,E235E9AF.xls,False,
{F-0015322},09/03/2026 01:44:34,GA0006,PC-1006,758AB2B9.txt,False,
{F-0016799},09/03/2026 01:44:34,HA0007,PC-1007,6278C069.pdf,False,
{F-0030157},09/03/2026 01:49:34,OA0014,PC-1014,F6DE972A.doc,False,
{F-0030166},09/03/2026 01:50:34,OA0014,PC-1014,50205981.txt,False,
{F-0032126},09/03/2026 01:53:34,PA0015,PC-1015,8452ED59.doc,False,
{F-0024070},09/03/2026 01:58:34,LA0011,PC-1011,10109010.xlsx,False,
{F-0020071},09/03/2026 01:59:34,JA0009,PC-1009,DDF2DAE1.doc,False,
{F-0030170},09/03/2026 01:59:34,OA0014,PC-1014,1E47BC0D.doc,False,
{F-0015328},09/03/2026 02:04:34,GA0006,PC-1006,75AAA7DD.jpg,False,
{F-0030164},09/03/2026 02:05:34,OA0014,PC-1014,E4A27F1E.xls,False,
{F-0018169},09/03/2026 02:15:34,IA0008,PC-1008,29A4D5CE.pdf,False,
{F-0032116},09/03/2026 02:17:34,PA0015,PC-1015,789DD92F.doc,False,
{F-0026053},09/03/2026 02:20:34,MA0012,PC-1012,81083740.txt,False,
{F-0027841},09/03/2026 02:21:34,NA0013,PC-1013,0E852383.doc,False,
{F-0027844},09/03/2026 02:21:34,NA0013,PC-1013,52240719.jpg,False,
{F-0018165},09/03/2026 02:28:34,IA0008,PC-1008,872AE9A0.pdf,False,
{F-0030172},09/03/2026 02:29:34,OA0014,PC-1014,55C5E14A.xls,False,
{F-0013208},09/03/2026 02:30:34,FA0005,PC-1005,140E50B6.jpg,False,
{F-0010012},09/03/2026 02:38:34,DA0003,PC-1003,E9CB1DFD.doc,False,
{F-0024083},09/03/2026 02:38:34,LA0011,PC-1011,48E5A3F5.pdf,False,
{F-0011796},09/03/2026 02:39:34,EA0004,PC-1004,2F635F72.doc,False,
{F-0033615},09/03/2026 02:41:34,QA0016,PC-1016,B783B046.xlsx,False,
{F-0004053},09/03/2026 02:42:34,BA0001,PC-1001,5F493A8A.xls,False,
{F-0020066},09/03/2026 02:45:34,JA0009,PC-1009,65836D78.txt,False,
{F-0030159},09/03/2026 02:48:34,OA0014,PC-1014,E1C6F6A6.jpg,False,
{F-0024065},09/03/2026 02:49:34,LA0011,PC-1011,EA61FEC9.txt,False,
{F-0032128},09/03/2026 02:49:34,PA0015,PC-1015,55BE7189.jpg,False,
{F-0010025},09/03/2026 02:51:34,DA0003,PC-1003,00CA1FB7.doc,False,
{F-0016807},09/03/2026 02:53:34,HA0007,PC-1007,38DFC053.xls,False,
{F-0010027},09/03/2026 02:55:34,DA0003,PC-1003,F0424D72.xlsx,False,
{F-0034786},09/03/2026 02:55:34,RA0017,PC-1017,E6C3A8CB.jpg,False,
{F-0007192},09/03/2026 03:02:34,CA0002,PC-1002,9D662F03.pdf,False,
{F-0013204},09/03/2026 03:04:34,FA0005,PC-1005,3413A8C2.xlsx,False,
{F-0004061},09/03/2026 03:05:34,BA0001,PC-1001,394E24A7.xls,False,
{F-0022073},09/03/2026 03:08:34,KA0010,PC-1010,A92A04E2.xls,False,
{F-0020070},09/03/2026 03:09:34,JA0009,PC-1009,A82F8613.doc,False,
{F-0024061},09/03/2026 03:09:34,LA0011,PC-1011,79F067F7.doc,False,
{F-0007201},09/03/2026 03:10:34,CA0002,PC-1002,C40906EF.xlsx,False,
{F-0013209},09/03/2026 03:10:34,FA0005,PC-1005,97259CFA.xls,False,
{F-0020079},09/03/2026 03:15:34,JA0009,PC-1009,699EA0D9.txt,False,
{F-0032117},09/03/2026 03:15:34,PA0015,PC-1015,2D2B39BA.xls,False,
{F-0034788},09/03/2026 03:15:34,RA0017,PC-1017,C6E42F66.xls,False,
{F-0032118},09/03/2026 03:16:34,PA0015,PC-1015,7412340E.pdf,False,
{F-0026055},09/03/2026 03:19:34,MA0012,PC-1012,AE3EFBDC.xlsx,False,
{F-0026063},09/03/2026 03:20:34,MA0012,PC-1012,4A9142C2.xls,False,
{F-0013199},09/03/2026 03:22:34,FA0005,PC-1005,93C830A3.jpg,False,
{F-0022062},09/03/2026 03:22:34,KA0010,PC-1010,A2E8BF07.doc,False,
{F-0007196},09/03/2026 03:25:34,CA0002,PC-1002,88F04924.jpg,False,
{F-0004052},09/03/2026 03:27:34,BA0001,PC-1001,8C39D73D.pdf,False,
{F-0015330},09/03/2026 03:27:34,GA0006,PC-1006,D951ABEB.jpg,False,
{F-0022071},09/03/2026 03:34:34,KA0010,PC-1010,4958A435.pdf,False,
{F-0018161},09/03/2026 03:36:34,IA0008,PC-1008,74F89164.txt,False,
{F-0030173},09/03/2026 03:37:34,OA0014,PC-1014,9C66F29F.txt,False,
{F-0018163},09/03/2026 03:42:34,IA0008,PC-1008,D5A1BFE1.jpg,False,
{F-0027845},09/03/2026 03:43:34,NA0013,PC-1013,BEB9415D.jpg,False,
{F-0011798},09/03/2026 03:44:34,EA0004,PC-1004,58291589.jpg,False,
{F-0013205},09/03/2026 03:45:34,FA0005,PC-1005,6F591708.xlsx,False,
{F-0004054},09/03/2026 03:48:34,BA0001,PC-1001,3EC081A1.pdf,False,
{F-0020069},09/03/2026 03:53:34,JA0009,PC-1009,F2F8171C.jpg,False,
{F-0007195},09/03/2026 03:55:34,CA0002,PC-1002,1D3B5CE3.xlsx,False,
{F-0032131},09/03/2026 03:57:34,PA0015,PC-1015,D73ACCD4.doc,False,
{F-0020076},09/03/2026 03:59:34,JA0009,PC-1009,79619AE6.doc,False,
{F-0032127},09/03/2026 03:59:34,PA0015,PC-1015,1D65A1E3.xls,False,
{F-0032123},09/03/2026 04:01:34,PA0015,PC-1015,54C629CB.pdf,False,
{F-0022074},09/03/2026 04:04:34,KA0010,PC-1010,EE329C11.xlsx,False,
{F-0032113},09/03/2026 04:15:34,PA0015,PC-1015,3994CC52.doc,False,
{F-0026057},09/03/2026 04:18:34,MA0012,PC-1012,872C95B8.doc,False,
{F-0020065},09/03/2026 04:22:34,JA0009,PC-1009,884C0D50.doc,False,
{F-0032120},09/03/2026 04:22:34,PA0015,PC-1015,D92BB4E3.doc,False,
{F-0007205},09/03/2026 04:23:34,CA0002,PC-1002,EC642814.jpg,False,
{F-0007198},09/03/2026 04:32:34,CA0002,PC-1002,BC9CD471.txt,False,
{F-0027842},09/03/2026 04:51:34,NA0013,PC-1013,0428C7CA.txt,False,
{F-0013207},09/03/2026 05:05:34,FA0005,PC-1005,4C3C2FA6.xls,False,
{F-0013203},09/03/2026 05:16:34,FA0005,PC-1005,CF950778.xlsx,False,
{F-0007208},09/03/2026 05:18:34,CA0002,PC-1002,9266F074.pdf,False,
{F-0007194},09/03/2026 05:33:34,CA0002,PC-1002,06245DFF.pdf,False,
{F-0007203},09/03/2026 05:36:34,CA0002,PC-1002,BF52B933.txt,False,
{F-0018188},09/03/2026 18:34:34,IA0008,PC-1008,2D4F436C.xlsx,False,
{F-0018187},09/03/2026 18:37:34,IA0008,PC-1008,7FEC96EC.jpg,False,
{F-0018211},09/03/2026 18:38:34,IA0008,PC-1008,AE503E3C.xls,False,
{F-0018194},09/03/2026 19:03:34,IA0008,PC-1008,80E65975.doc,False,
{F-0018201},09/03/2026 19:05:34,IA0008,PC-1008,4F9BFAE3.jpg,False,
{F-0024117},09/03/2026 19:07:34,LA0011,PC-1011,E22542BB.txt,False,
{F-0018191},09/03/2026 19:17:34,IA0008,PC-1008,EE6CD57A.doc,False,
{F-0010075},09/03/2026 19:22:34,DA0003,PC-1003,66B9C15D.xls,False,
{F-0001609},09/03/2026 19:26:34,AA0000,PC-1000,DBBE1F63.xls,False,
{F-0030219},09/03/2026 19:32:34,OA0014,PC-1014,61FA4BEF.doc,False,
{F-0015383},09/03/2026 19:37:34,GA0006,PC-1006,809E0250.jpg,False,
{F-0018204},09/03/2026 19:39:34,IA0008,PC-1008,5014C978.doc,False,
{F-0016824},09/03/2026 19:45:34,HA0007,PC-1007,A381DBDE.xls,False,
{F-0030221},09/03/2026 19:52:34,OA0014,PC-1014,070AB4E9.xlsx,False,
{F-0001611},09/03/2026 19:53:34,AA0000,PC-1000,D73352E6.jpg,False,
{F-0030222},09/03/2026 19:53:34,OA0014,PC-1014,65278A3A.jpg,False,
{F-0015389},09/03/2026 19:56:34,GA0006,PC-1006,4947A72D.pdf,False,
{F-0016823},09/03/2026 19:56:34,HA0007,PC-1007,44F632CF.doc,False,
{F-0010074},09/03/2026 20:00:34,DA0003,PC-1003,3DD4ACED.xlsx,False,
{F-0020111},09/03/2026 20:06:34,JA0009,PC-1009,5DB9E1F7.doc,False,
{F-0033633},09/03/2026 20:06:34,QA0016,PC-1016,1B3DD602.jpg,False,
{F-0015388},09/03/2026 20:09:34,GA0006,PC-1006,9402CA5E.pdf,False,
{F-0018198},09/03/2026 20:17:34,IA0008,PC-1008,826B8014.pdf,False,
{F-0015385},09/03/2026 20:22:34,GA0006,PC-1006,C48857AD.pdf,False,
{F-0011827},09/03/2026 20:25:34,EA0004,PC-1004,0DB556C6.xlsx,False,
{F-0007280},09/03/2026 20:26:34,CA0002,PC-1002,586B6933.jpg,False,
{F-0011826},09/03/2026 20:31:34,EA0004,PC-1004,A51F6A50.doc,False,
{F-0030225},09/03/2026 20:34:34,OA0014,PC-1014,8598B4FA.pdf,False,
{F-0011823},09/03/2026 20:35:34,EA0004,PC-1004,B091AC02.txt,False,
{F-0007283},09/03/2026 20:37:34,CA0002,PC-1002,C1CF2ADF.xls,False,
{F-0018210},09/03/2026 20:39:34,IA0008,PC-1008,6378EA8A.xlsx,False,
{F-0032169},09/03/2026 20:39:34,PA0015,PC-1015,1DBBD039.jpg,False,
{F-0024118},09/03/2026 20:42:34,LA0011,PC-1011,1CB9C011.doc,False,
{F-0027880},09/03/2026 20:49:34,NA0013,PC-1013,FE29FF3A.pdf,False,
{F-0013241},09/03/2026 20:52:34,FA0005,PC-1005,F4804390.xlsx,False,
{F-0001614},09/03/2026 21:00:34,AA0000,PC-1000,31A24B40.xlsx,False,
{F-0013226},09/03/2026 21:00:34,FA0005,PC-1005,D5F7877C.jpg,False,
{F-0018212},09/03/2026 21:01:34,IA0008,PC-1008,97734E2C.txt,False,
{F-0027887},09/03/2026 21:01:34,NA0013,PC-1013,2676EF1F.jpg,False,
{F-0001621},09/03/2026 21:07:34,AA0000,PC-1000,AAC8F007.doc,False,
{F-0007284},09/03/2026 21:11:34,CA0002,PC-1002,1F74D1AC.doc,False,
{F-0013237},09/03/2026 21:11:34,FA0005,PC-1005,EB760AA3.txt,False,
{F-0020107},09/03/2026 21:19:34,JA0009,PC-1009,0AD0ED95.xls,False,
{F-0007272},09/03/2026 21:20:34,CA0002,PC-1002,5FBD53C8.doc,False,
{F-0018195},09/03/2026 21:22:34,IA0008,PC-1008,23DC73F1.doc,False,
{F-0022110},09/03/2026 21:26:34,KA0010,PC-1010,C4EC629C.jpg,False,
{F-0007273},09/03/2026 21:27:34,CA0002,PC-1002,B108D7DC.xlsx,False,
{F-0034814},09/03/2026 21:30:34,RA0017,PC-1017,2DA89837.xls,False,
{F-0022125},09/03/2026 21:32:34,KA0010,PC-1010,FCC3A9B0.xls,False,
{F-0007263},09/03/2026 21:33:34,CA0002,PC-1002,9C21377C.xls,False,
{F-0032176},09/03/2026 21:40:34,PA0015,PC-1015,EDCB76CF.pdf,False,
{F-0022127},09/03/2026 21:48:34,KA0010,PC-1010,03CC921D.doc,False,
{F-0022122},09/03/2026 21:49:34,KA0010,PC-1010,D3142717.doc,False,
{F-0018213},09/03/2026 21:55:34,IA0008,PC-1008,046AB5F1.jpg,False,
{F-0010081},09/03/2026 21:58:34,DA0003,PC-1003,09C41D1A.txt,False,
{F-0001619},09/03/2026 22:02:34,AA0000,PC-1000,7FD1598C.jpg,False,
{F-0007277},09/03/2026 22:02:34,CA0002,PC-1002,453EA871.xls,False,
{F-0011832},09/03/2026 22:04:34,EA0004,PC-1004,9FC7BE5C.jpg,False,
{F-0011833},09/03/2026 22:04:34,EA0004,PC-1004,14EBD69F.xls,False,
{F-0018189},09/03/2026 22:04:34,IA0008,PC-1008,715200ED.xlsx,False,
{F-0022120},09/03/2026 22:04:34,KA0010,PC-1010,2F8D65D8.jpg,False,
{F-0030228},09/03/2026 22:04:34,OA0014,PC-1014,4068372A.xls,False,
{F-0010071},09/03/2026 22:05:34,DA0003,PC-1003,EC01C081.xls,False,
{F-0020110},09/03/2026 22:06:34,JA0009,PC-1009,E84C45DD.doc,False,
{F-0001620},09/03/2026 22:07:34,AA0000,PC-1000,83491394.txt,False,
{F-0022119},09/03/2026 22:07:34,KA0010,PC-1010,9CD959BD.pdf,False,
{F-0018199},09/03/2026 22:08:34,IA0008,PC-1008,B1207397.doc,False,
{F-0020103},09/03/2026 22:08:34,JA0009,PC-1009,FAE3E460.txt,False,
{F-0007275},09/03/2026 22:09:34,CA0002,PC-1002,5938CC36.xls,False,
{F-0018190},09/03/2026 22:11:34,IA0008,PC-1008,6683345B.pdf,False,
{F-0020109},09/03/2026 22:12:34,JA0009,PC-1009,41F1E4DF.doc,False,
{F-0030223},09/03/2026 22:16:34,OA0014,PC-1014,3B239EC0.xlsx,False,
{F-0032178},09/03/2026 22:16:34,PA0015,PC-1015,4B3EFBDD.txt,False,
{F-0027885},09/03/2026 22:19:34,NA0013,PC-1013,A8C0A264.pdf,False,
{F-0013245},09/03/2026 22:25:34,FA0005,PC-1005,2B5DA296.xls,False,
{F-0016821},09/03/2026 22:26:34,HA0007,PC-1007,A0CE482D.pdf,False,
{F-0013238},09/03/2026 22:32:34,FA0005,PC-1005,DB49D886.pdf,False,
{F-0024116},09/03/2026 22:33:34,LA0011,PC-1011,3A55B593.pdf,False,
{F-0013230},09/03/2026 22:44:34,FA0005,PC-1005,2B629B3D.pdf,False,
{F-0018205},09/03/2026 22:48:34,IA0008,PC-1008,57AC1B6B.xlsx,False,
{F-0010079},09/03/2026 22:50:34,DA0003,PC-1003,2BD663B2.xlsx,False,
{F-0007281},09/03/2026 22:55:34,CA0002,PC-1002,AD00D014.pdf,False,
{F-0030232},09/03/2026 22:56:34,OA0014,PC-1014,8B80AFC0.doc,False,
{F-0013235},09/03/2026 23:01:34,FA0005,PC-1005,433D2C56.xls,False,
{F-0013236},09/03/2026 23:01:34,FA0005,PC-1005,78D5B13E.jpg,False,
{F-0007274},09/03/2026 23:03:34,CA0002,PC-1002,0567AE9B.doc,False,
{F-0013227},09/03/2026 23:04:34,FA0005,PC-1005,1FC9D504.txt,False,
{F-0010076},09/03/2026 23:05:34,DA0003,PC-1003,05754BEC.jpg,False,
{F-0024122},09/03/2026 23:09:34,LA0011,PC-1011,36A6650B.doc,False,
{F-0011830},09/03/2026 23:10:34,EA0004,PC-1004,B0BDBB80.pdf,False,
{F-0007285},09/03/2026 23:12:34,CA0002,PC-1002,70DBFE9E.pdf,False,
{F-0032168},09/03/2026 23:12:34,PA0015,PC-1015,BF70B6C4.doc,False,
{F-0010073},09/03/2026 23:13:34,DA0003,PC-1003,700E711F.doc,False,
{F-0018200},09/03/2026 23:15:34,IA0008,PC-1008,A1BE22EE.xlsx,False,
{F-0013228},09/03/2026 23:17:34,FA0005,PC-1005,3230D9B1.txt,False,
{F-0007262},09/03/2026 23:20:34,CA0002,PC-1002,D6B3DDEE.jpg,False,
{F-0024121},09/03/2026 23:23:34,LA0011,PC-1011,D706E953.txt,False,
{F-0004105},09/03/2026 23:24:34,BA0001,PC-1001,BBD238F1.pdf,False,
{F-0033636},09/03/2026 23:27:34,QA0016,PC-1016,FA4EEE96.pdf,False,
{F-0015390},09/03/2026 23:29:34,GA0006,PC-1006,5D24686F.xls,False,
{F-0011825},09/03/2026 23:36:34,EA0004,PC-1004,597849CE.txt,False,
{F-0015386},09/03/2026 23:40:34,GA0006,PC-1006,AA261CEF.xls,False,
{F-0001617},09/03/2026 23:41:34,AA0000,PC-1000,94EA63B6.doc,False,
{F-0033632},09/03/2026 23:42:34,QA0016,PC-1016,6E7E55DF.xlsx,False,
{F-0020108},09/03/2026 23:47:34,JA0009,PC-1009,01C66605.doc,False,
{F-0024123},09/03/2026 23:58:34,LA0011,PC-1011,2197F629.pdf,False,
{F-0018209},09/04/2026 00:02:34,IA0008,PC-1008,956A1BB5.doc,False,
{F-0030229},09/04/2026 00:07:34,OA0014,PC-1014,5B8A1A97.doc,False,
{F-0022116},09/04/2026 00:08:34,KA0010,PC-1010,BCE20E16.doc,False,
{F-0034812},09/04/2026 00:08:34,RA0017,PC-1017,F4AA51C5.txt,False,
{F-0016822},09/04/2026 00:14:34,HA0007,PC-1007,E0027F87.txt,False,
{F-0010084},09/04/2026 00:16:34,DA0003,PC-1003,272F0844.pdf,False,
{F-0011820},09/04/2026 00:17:34,EA0004,PC-1004,8167D417.xls,False,
{F-0010080},09/04/2026 00:20:34,DA0003,PC-1003,1B2C1F7C.txt,False,
{F-0018206},09/04/2026 00:20:34,IA0008,PC-1008,DB473FA2.pdf,False,
{F-0013225},09/04/2026 00:27:34,FA0005,PC-1005,E7C4E309.txt,False,
{F-0015381},09/04/2026 00:28:34,GA0006,PC-1006,A8AB481E.doc,False,
{F-0032174},09/04/2026 00:33:34,PA0015,PC-1015,C2AEEC56.xlsx,False,
{F-0027881},09/04/2026 00:37:34,NA0013,PC-1013,BED721A1.xlsx,False,
{F-0022124},09/04/2026 00:38:34,KA0010,PC-1010,37835D40.doc,False,
{F-0026093},09/04/2026 00:39:34,MA0012,PC-1012,B435BBAA.doc,False,
{F-0018208},09/04/2026 00:45:34,IA0008,PC-1008,96E5C6D1.jpg,False,
{F-0016820},09/04/2026 00:46:34,HA0007,PC-1007,93E076C9.jpg,False,
{F-0026097},09/04/2026 00:46:34,MA0012,PC-1012,BB7ED3CD.pdf,False,
{F-0010082},09/04/2026 00:47:34,DA0003,PC-1003,52F5993E.txt,False,
{F-0013232},09/04/2026 00:47:34,FA0005,PC-1005,5DD7DE62.doc,False,
{F-0004106},09/04/2026 00:49:34,BA0001,PC-1001,FC476718.xlsx,False,
{F-0001615},09/04/2026 00:50:34,AA0000,PC-1000,6CAFD87E.xlsx,False,
{F-0001607},09/04/2026 00:54:34,AA0000,PC-1000,8B25765E.xls,False,
{F-0010083},09/04/2026 00:54:34,DA0003,PC-1003,9FB7F64F.pdf,False,
{F-0026094},09/04/2026 01:02:34,MA0012,PC-1012,D5C16955.jpg,False,
{F-0027882},09/04/2026 01:02:34,NA0013,PC-1013,C8D2FD4A.jpg,False,
{F-0018196},09/04/2026 01:04:34,IA0008,PC-1008,36BAA690.xlsx,False,
{F-0032177},09/04/2026 01:09:34,PA0015,PC-1015,0BC32E67.doc,False,
{F-0018192},09/04/2026 01:16:34,IA0008,PC-1008,59DDB376.pdf,False,
{F-0001616},09/04/2026 01:17:34,AA0000,PC-1000,2999C633.xlsx,False,
{F-0022112},09/04/2026 01:19:34,KA0010,PC-1010,F033225D.doc,False,
{F-0004108},09/04/2026 01:21:34,BA0001,PC-1001,EF87AB65.doc,False,
{F-0020099},09/04/2026 01:21:34,JA0009,PC-1009,EC5D6103.jpg,False,
{F-0010078},09/04/2026 01:22:34,DA0003,PC-1003,82D1CFD9.jpg,False,
{F-0015382},09/04/2026 01:23:34,GA0006,PC-1006,C97C179F.xlsx,False,
{F-0034815},09/04/2026 01:24:34,RA0017,PC-1017,95528C5E.xlsx,False,
{F-0013240},09/04/2026 01:26:34,FA0005,PC-1005,76288A90.doc,False,
{F-0015391},09/04/2026 01:26:34,GA0006,PC-1006,20059313.doc,False,
{F-0011828},09/04/2026 01:30:34,EA0004,PC-1004,BC521244.xlsx,False,
{F-0020104},09/04/2026 01:31:34,JA0009,PC-1009,C3C16B54.xls,False,
{F-0010072},09/04/2026 01:36:34,DA0003,PC-1003,C633BBA1.txt,False,
{F-0027886},09/04/2026 01:39:34,NA0013,PC-1013,435E9221.xls,False,
{F-0032175},09/04/2026 01:51:34,PA0015,PC-1015,F0B663D8.xls,False,
{F-0018202},09/04/2026 01:53:34,IA0008,PC-1008,7ECFCE13.pdf,False,
{F-0030230},09/04/2026 01:56:34,OA0014,PC-1014,9A5F8531.xls,False,
{F-0013223},09/04/2026 02:00:34,FA0005,PC-1005,46ADA061.xls,False,
{F-0007265},09/04/2026 02:02:34,CA0002,PC-1002,E85A427F.txt,False,
{F-0013234},09/04/2026 02:02:34,FA0005,PC-1005,031745BE.jpg,False,
{F-0022108},09/04/2026 02:02:34,KA0010,PC-1010,08B64B70.doc,False,
{F-0032171},09/04/2026 02:03:34,PA0015,PC-1015,634A4044.xls,False,
{F-0007268},09/04/2026 02:05:34,CA0002,PC-1002,31DCCF7B.doc,False,
{F-0026095},09/04/2026 02:05:34,MA0012,PC-1012,9F207522.doc,False,
{F-0024120},09/04/2026 02:06:34,LA0011,PC-1011,D53655D5.pdf,False,
{F-0010077},09/04/2026 02:07:34,DA0003,PC-1003,04CA9D92.jpg,False,
{F-0026096},09/04/2026 02:11:34,MA0012,PC-1012,DDAD94E3.doc,False,
{F-0027879},09/04/2026 02:11:34,NA0013,PC-1013,D73485AF.xlsx,False,
{F-0030226},09/04/2026 02:11:34,OA0014,PC-1014,E03F7496.xls,False,
{F-0013231},09/04/2026 02:15:34,FA0005,PC-1005,4886E76E.xlsx,False,
{F-0013239},09/04/2026 02:17:34,FA0005,PC-1005,D9650B61.jpg,False,
{F-0020101},09/04/2026 02:18:34,JA0009,PC-1009,ACDAE71F.xlsx,False,
{F-0015387},09/04/2026 02:20:34,GA0006,PC-1006,1113D3E3.xlsx,False,
{F-0027883},09/04/2026 02:20:34,NA0013,PC-1013,BD1D7A16.txt,False,
{F-0018193},09/04/2026 02:22:34,IA0008,PC-1008,083734F0.pdf,False,
{F-0030224},09/04/2026 02:24:34,OA0014,PC-1014,292F1519.txt,False,
{F-0007271},09/04/2026 02:25:34,CA0002,PC-1002,91A11311.pdf,False,
{F-0011818},09/04/2026 02:30:34,EA0004,PC-1004,8AC488E0.doc,False,
{F-0007282},09/04/2026 02:31:34,CA0002,PC-1002,420AC09E.doc,False,
{F-0001610},09/04/2026 02:32:34,AA0000,PC-1000,2DA0934B.xlsx,False,
{F-0007278},09/04/2026 02:32:34,CA0002,PC-1002,6710A4CA.doc,False,
{F-0001608},09/04/2026 02:34:34,AA0000,PC-1000,005E4AF0.xlsx,False,
{F-0024119},09/04/2026 02:37:34,LA0011,PC-1011,4EC41987.xls,False,
{F-0030227},09/04/2026 02:37:34,OA0014,PC-1014,1D240433.xlsx,False,
{F-0015384},09/04/2026 02:38:34,GA0006,PC-1006,4BB5B09F.txt,False,
{F-0007267},09/04/2026 02:40:34,CA0002,PC-1002,2930C413.xlsx,False,
{F-0001613},09/04/2026 02:41:34,AA0000,PC-1000,AEAB4DEC.txt,False,
{F-0007269},09/04/2026 02:41:34,CA0002,PC-1002,A337D814.xls,False,
{F-0007270},09/04/2026 02:41:34,CA0002,PC-1002,DE24EF21.xlsx,False,
{F-0001618},09/04/2026 02:43:34,AA0000,PC-1000,B8FE5004.jpg,False,
{F-0011821},09/04/2026 02:43:34,EA0004,PC-1004,3A4511CF.doc,False,
{F-0004109},09/04/2026 02:44:34,BA0001,PC-1001,8E6FAE57.xls,False,
{F-0020105},09/04/2026 02:46:34,JA0009,PC-1009,47618169.xls,False,
{F-0020100},09/04/2026 02:47:34,JA0009,PC-1009,DD5DDB10.xlsx,False,
{F-0022113},09/04/2026 02:54:34,KA0010,PC-1010,B3569D3D.doc,False,
{F-0022115},09/04/2026 02:58:34,KA0010,PC-1010,952FE363.doc,False,
{F-0034813},09/04/2026 02:58:34,RA0017,PC-1017,1A7DDFD1.doc,False,
{F-0007261},09/04/2026 03:03:34,CA0002,PC-1002,A1837858.pdf,False,
{F-0011831},09/04/2026 03:04:34,EA0004,PC-1004,462D64B3.jpg,False,
{F-0011829},09/04/2026 03:05:34,EA0004,PC-1004,F106E53B.xls,False,
{F-0018207},09/04/2026 03:08:34,IA0008,PC-1008,4845C8FB.doc,False,
{F-0007276},09/04/2026 03:10:34,CA0002,PC-1002,5C2DA0E6.txt,False,
{F-0032173},09/04/2026 03:10:34,PA0015,PC-1015,78960D86.xlsx,False,
{F-0027884},09/04/2026 03:15:34,NA0013,PC-1013,756E7A1F.txt,False,
{F-0024125},09/04/2026 03:18:34,LA0011,PC-1011,D81986AC.xlsx,False,
{F-0030233},09/04/2026 03:19:34,OA0014,PC-1014,D05A4D03.doc,False,
{F-0018203},09/04/2026 03:20:34,IA0008,PC-1008,2E04BDA5.doc,False,
{F-0001612},09/04/2026 03:26:34,AA0000,PC-1000,6041142A.xls,False,
{F-0018197},09/04/2026 03:26:34,IA0008,PC-1008,A0782E26.doc,False,
{F-0018185},09/04/2026 03:28:34,IA0008,PC-1008,C8E73C29.jpg,False,
{F-0007279},09/04/2026 03:30:34,CA0002,PC-1002,20F0BF9B.doc,False,
{F-0020102},09/04/2026 03:31:34,JA0009,PC-1009,00A1DFC4.doc,False,
{F-0030231},09/04/2026 03:31:34,OA0014,PC-1014,28EE6E07.doc,False,
{F-0007259},09/04/2026 03:33:34,CA0002,PC-1002,406953DC.jpg,False,
{F-0011822},09/04/2026 03:34:34,EA0004,PC-1004,30C50EA7.txt,False,
{F-0018186},09/04/2026 03:40:34,IA0008,PC-1008,F8B797E5.xlsx,False,
{F-0020106},09/04/2026 03:40:34,JA0009,PC-1009,C50C9477.jpg,False,
{F-0033631},09/04/2026 03:41:34,QA0016,PC-1016,0335F33F.pdf,False,
{F-0022111},09/04/2026 03:42:34,KA0010,PC-1010,A83B0F0B.doc,False,
{F-0022118},09/04/2026 03:45:34,KA0010,PC-1010,D7E975BA.jpg,False,
{F-0022109},09/04/2026 03:46:34,KA0010,PC-1010,EB021278.doc,False,
{F-0022123},09/04/2026 03:46:34,KA0010,PC-1010,A75DA3A0.doc,False,
{F-0024124},09/04/2026 03:49:34,LA0011,PC-1011,B5237073.jpg,False,
{F-0032170},09/04/2026 03:51:34,PA0015,PC-1015,7FA35BFB.txt,False,
{F-0032172},09/04/2026 03:51:34,PA0015,PC-1015,FF521728.xls,False,
{F-0032167},09/04/2026 03:54:34,PA0015,PC-1015,78B8051C.txt,False,
{F-0013242},09/04/2026 03:55:34,FA0005,PC-1005,7FC3E215.pdf,False,
{F-0033635},09/04/2026 03:55:34,QA0016,PC-1016,D48771EA.doc,False,
{F-0030220},09/04/2026 03:57:34,OA0014,PC-1014,A16FF0A1.xlsx,False,
{F-0007266},09/04/2026 04:05:34,CA0002,PC-1002,744D4938.xlsx,False,
{F-0011824},09/04/2026 04:09:34,EA0004,PC-1004,C7B84FAD.jpg,False,
{F-0011819},09/04/2026 04:10:34,EA0004,PC-1004,13820A15.doc,False,
{F-0007264},09/04/2026 04:22:34,CA0002,PC-1002,E429B4AD.xlsx,False,
{F-0013244},09/04/2026 04:25:34,FA0005,PC-1005,ED3E985A.pdf,False,
{F-0004107},09/04/2026 04:26:34,BA0001,PC-1001,A1DADBBB.doc,False,
{F-0007258},09/04/2026 04:30:34,CA0002,PC-1002,33E17712.doc,False,
{F-0013229},09/04/2026 04:33:34,FA0005,PC-1005,3789E8EF.doc,False,
{F-0022114},09/04/2026 04:33:34,KA0010,PC-1010,A737D9C6.doc,False,
{F-0022126},09/04/2026 04:34:34,KA0010,PC-1010,826FC2D4.jpg,False,
{F-0022117},09/04/2026 04:39:34,KA0010,PC-1010,BB0A4DF5.jpg,False,
{F-0022121},09/04/2026 04:43:34,KA0010,PC-1010,84858912.doc,False,
{F-0033634},09/04/2026 04:49:34,QA0016,PC-1016,F0C8226A.txt,False,
{F-0007260},09/04/2026 04:50:34,CA0002,PC-1002,4554AAC7.doc,False,
{F-0004110},09/04/2026 04:51:34,BA0001,PC-1001,26DD346E.doc,False,
{F-0013233},09/04/2026 04:52:34,FA0005,PC-1005,A19BAC19.jpg,False,
{F-0034811},09/04/2026 05:17:34,RA0017,PC-1017,B449E3E5.doc,False,
{F-0013224},09/04/2026 05:19:34,FA0005,PC-1005,9603A39F.pdf,False,
{F-0013243},09/04/2026 06:20:34,FA0005,PC-1005,40C53710.doc,False,
{F-0018253},09/06/2026 18:53:34,IA0008,PC-1008,077FC09C.jpg,False,
{F-0027928},09/06/2026 18:56:34,NA0013,PC-1013,0C00E2EE.doc,False,
{F-0026160},09/06/2026 18:58:34,MA0012,PC-1012,16DD3807.xls,False,
{F-0018254},09/06/2026 19:14:34,IA0008,PC-1008,1486C228.xls,False,
{F-0010155},09/06/2026 19:23:34,DA0003,PC-1003,EA244432.xls,False,
{F-0026154},09/06/2026 19:24:34,MA0012,PC-1012,75EFC995.pdf,False,
{F-0026159},09/06/2026 19:26:34,MA0012,PC-1012,C0CD3CE3.doc,False,
{F-0024175},09/06/2026 19:29:34,LA0011,PC-1011,74AE1802.doc,False,
{F-0020156},09/06/2026 19:32:34,JA0009,PC-1009,86FF9FFE.txt,False,
{F-0004169},09/06/2026 19:48:34,BA0001,PC-1001,58FB52AE.jpg,False,
{F-0010162},09/06/2026 19:49:34,DA0003,PC-1003,0A1521A3.doc,False,
{F-0016846},09/06/2026 19:54:34,HA0007,PC-1007,E3859E40.pdf,False,
{F-0018241},09/06/2026 19:54:34,IA0008,PC-1008,1C4EEA09.xls,False,
{F-0016842},09/06/2026 20:06:34,HA0007,PC-1007,164735CF.xlsx,False,
{F-0010149},09/06/2026 20:07:34,DA0003,PC-1003,43F40B4E.xlsx,False,
{F-0010160},09/06/2026 20:08:34,DA0003,PC-1003,34CC906E.doc,False,
{F-0004167},09/06/2026 20:09:34,BA0001,PC-1001,79DCA167.jpg,False,
{F-0018252},09/06/2026 20:10:34,IA0008,PC-1008,7E5D2C25.xlsx,False,
{F-0010156},09/06/2026 20:11:34,DA0003,PC-1003,50311098.jpg,False,
{F-0022153},09/06/2026 20:13:34,KA0010,PC-1010,3867C863.xls,False,
{F-0030289},09/06/2026 20:13:34,OA0014,PC-1014,9748734C.doc,False,
{F-0022159},09/06/2026 20:14:34,KA0010,PC-1010,9A4A9A34.xls,False,
{F-0020151},09/06/2026 20:21:34,JA0009,PC-1009,E69098B2.doc,False,
{F-0030290},09/06/2026 20:21:34,OA0014,PC-1014,29C5F22F.xlsx,False,
{F-0024171},09/06/2026 20:25:34,LA0011,PC-1011,6940533D.xlsx,False,
{F-0022165},09/06/2026 20:29:34,KA0010,PC-1010,3445CB34.pdf,False,
{F-0024173},09/06/2026 20:29:34,LA0011,PC-1011,E05AC6AA.xls,False,
{F-0024172},09/06/2026 20:31:34,LA0011,PC-1011,E07CEF7D.doc,False,
{F-0004166},09/06/2026 20:40:34,BA0001,PC-1001,9135ACCB.jpg,False,
{F-0004175},09/06/2026 20:45:34,BA0001,PC-1001,1C2DF8E0.xlsx,False,
{F-0010159},09/06/2026 20:45:34,DA0003,PC-1003,4402D16A.doc,False,
{F-0011863},09/06/2026 20:46:34,EA0004,PC-1004,3756E978.doc,False,
{F-0024169},09/06/2026 20:49:34,LA0011,PC-1011,67442B3D.pdf,False,
{F-0010153},09/06/2026 20:53:34,DA0003,PC-1003,98BF2231.txt,False,
{F-0033668},09/06/2026 20:56:34,QA0016,PC-1016,2B3C7814.doc,False,
{F-0024181},09/06/2026 21:02:34,LA0011,PC-1011,96C895D5.txt,False,
{F-0007346},09/06/2026 21:06:34,CA0002,PC-1002,B6C5EE3C.pdf,False,
{F-0018244},09/06/2026 21:08:34,IA0008,PC-1008,E1082872.txt,False,
{F-0013281},09/06/2026 21:09:34,FA0005,PC-1005,AD74939C.doc,False,
{F-0011854},09/06/2026 21:13:34,EA0004,PC-1004,5D7F5487.doc,False,
{F-0030288},09/06/2026 21:17:34,OA0014,PC-1014,78A835EE.pdf,False,
{F-0024162},09/06/2026 21:21:34,LA0011,PC-1011,C9F3793B.txt,False,
{F-0024160},09/06/2026 21:22:34,LA0011,PC-1011,EB4B7853.doc,False,
{F-0030291},09/06/2026 21:26:34,OA0014,PC-1014,4BC017FC.pdf,False,
{F-0020147},09/06/2026 21:29:34,JA0009,PC-1009,804ED3C2.txt,False,
{F-0022167},09/06/2026 21:29:34,KA0010,PC-1010,F9803FAA.doc,False,
{F-0007352},09/06/2026 21:32:34,CA0002,PC-1002,9FC8D61A.xlsx,False,
{F-0026155},09/06/2026 21:32:34,MA0012,PC-1012,27E58239.txt,False,
{F-0020159},09/06/2026 21:33:34,JA0009,PC-1009,DE2A33D2.doc,False,
{F-0022166},09/06/2026 21:39:34,KA0010,PC-1010,F3F19C98.doc,False,
{F-0026152},09/06/2026 21:39:34,MA0012,PC-1012,44DA1200.doc,False,
{F-0015408},09/06/2026 21:40:34,GA0006,PC-1006,02E720C1.jpg,False,
{F-0004174},09/06/2026 21:42:34,BA0001,PC-1001,2D4918F8.xlsx,False,
{F-0007355},09/06/2026 21:43:34,CA0002,PC-1002,69361625.pdf,False,
{F-0030285},09/06/2026 21:44:34,OA0014,PC-1014,E2ED650F.doc,False,
{F-0022157},09/06/2026 21:45:34,KA0010,PC-1010,3EE98351.doc,False,
{F-0026151},09/06/2026 21:52:34,MA0012,PC-1012,BBFEA2A2.pdf,False,
{F-0010150},09/06/2026 21:54:34,DA0003,PC-1003,C7C08C57.doc,False,
{F-0007350},09/06/2026 21:56:34,CA0002,PC-1002,4375D708.xlsx,False,
{F-0018251},09/06/2026 21:57:34,IA0008,PC-1008,54A63BB4.xls,False,
{F-0020155},09/06/2026 21:58:34,JA0009,PC-1009,8969B06C.xlsx,False,
{F-0011857},09/06/2026 21:59:34,EA0004,PC-1004,220A104D.txt,False,
{F-0026158},09/06/2026 21:59:34,MA0012,PC-1012,1B53B28A.txt,False,
{F-0011860},09/06/2026 22:00:34,EA0004,PC-1004,888B5BFE.doc,False,
{F-0004163},09/06/2026 22:02:34,BA0001,PC-1001,013E8AC2.pdf,False,
{F-0011849},09/06/2026 22:04:34,EA0004,PC-1004,F03A1510.jpg,False,
{F-0022163},09/06/2026 22:05:34,KA0010,PC-1010,79E0A390.txt,False,
{F-0011848},09/06/2026 22:07:34,EA0004,PC-1004,2E50A415.doc,False,
{F-0016843},09/06/2026 22:07:34,HA0007,PC-1007,15C02127.doc,False,
{F-0027918},09/06/2026 22:08:34,NA0013,PC-1013,5A9BCDF0.xls,False,
{F-0024158},09/06/2026 22:10:34,LA0011,PC-1011,98DA089B.xls,False,
{F-0010152},09/06/2026 22:11:34,DA0003,PC-1003,D46D0670.xlsx,False,
{F-0011851},09/06/2026 22:11:34,EA0004,PC-1004,40DB6290.txt,False,
{F-0032214},09/06/2026 22:14:34,PA0015,PC-1015,7AC0E2C1.doc,False,
{F-0013270},09/06/2026 22:17:34,FA0005,PC-1005,05557252.xlsx,False,
{F-0007354},09/06/2026 22:20:34,CA0002,PC-1002,09E69803.jpg,False,
{F-0027919},09/06/2026 22:26:34,NA0013,PC-1013,662185B8.xlsx,False,
{F-0024179},09/06/2026 22:29:34,LA0011,PC-1011,D9058E4D.txt,False,
{F-0032221},09/06/2026 22:31:34,PA0015,PC-1015,704BB37D.xlsx,False,
{F-0022161},09/06/2026 22:34:34,KA0010,PC-1010,C4DBB66D.txt,False,
{F-0033666},09/06/2026 22:34:34,QA0016,PC-1016,33F990E1.doc,False,
{F-0020153},09/06/2026 22:35:34,JA0009,PC-1009,C62D07F9.xlsx,False,
{F-0024161},09/06/2026 22:35:34,LA0011,PC-1011,77B94A85.doc,False,
{F-0011855},09/06/2026 22:39:34,EA0004,PC-1004,14046084.doc,False,
{F-0022156},09/06/2026 22:43:34,KA0010,PC-1010,336DF7C1.xlsx,False,
{F-0011859},09/06/2026 22:44:34,EA0004,PC-1004,17F5A654.txt,False,
{F-0022158},09/06/2026 22:44:34,KA0010,PC-1010,E96B2D50.jpg,False,
{F-0024174},09/06/2026 22:46:34,LA0011,PC-1011,AE4F8C99.pdf,False,
{F-0007347},09/06/2026 22:52:34,CA0002,PC-1002,B9DAC7B2.xls,False,
{F-0024178},09/06/2026 22:52:34,LA0011,PC-1011,C7FCDC47.pdf,False,
{F-0030287},09/06/2026 22:56:34,OA0014,PC-1014,42500424.xls,False,
{F-0007349},09/06/2026 22:57:34,CA0002,PC-1002,E6F539D5.jpg,False,
{F-0016840},09/06/2026 23:00:34,HA0007,PC-1007,415B8039.xlsx,False,
{F-0016845},09/06/2026 23:00:34,HA0007,PC-1007,F7937940.jpg,False,
{F-0026153},09/06/2026 23:00:34,MA0012,PC-1012,ABD7C506.txt,False,
{F-0004172},09/06/2026 23:07:34,BA0001,PC-1001,D7B3562D.pdf,False,
{F-0022160},09/06/2026 23:07:34,KA0010,PC-1010,1F54B7DE.txt,False,
{F-0010157},09/06/2026 23:11:34,DA0003,PC-1003,10EAA4D9.xls,False,
{F-0015401},09/06/2026 23:13:34,GA0006,PC-1006,09488725.jpg,False,
{F-0016847},09/06/2026 23:14:34,HA0007,PC-1007,3DF346DE.xls,False,
{F-0027926},09/06/2026 23:18:34,NA0013,PC-1013,EF6947FE.pdf,False,
{F-0015407},09/06/2026 23:20:34,GA0006,PC-1006,E351C2B0.xls,False,
{F-0024166},09/06/2026 23:23:34,LA0011,PC-1011,D100DBB1.doc,False,
{F-0015402},09/06/2026 23:24:34,GA0006,PC-1006,4E475BBA.xls,False,
{F-0024155},09/06/2026 23:24:34,LA0011,PC-1011,F484DD32.jpg,False,
{F-0027925},09/06/2026 23:24:34,NA0013,PC-1013,81F42693.xls,False,
{F-0032217},09/06/2026 23:24:34,PA0015,PC-1015,A85D57DF.pdf,False,
{F-0015405},09/06/2026 23:27:34,GA0006,PC-1006,5D678C30.doc,False,
{F-0018247},09/06/2026 23:31:34,IA0008,PC-1008,5BC620F0.xlsx,False,
{F-0024159},09/06/2026 23:36:34,LA0011,PC-1011,9EDD5C94.doc,False,
{F-0020157},09/06/2026 23:40:34,JA0009,PC-1009,D8E4CFD9.xlsx,False,
{F-0026157},09/06/2026 23:42:34,MA0012,PC-1012,04273B82.xlsx,False,
{F-0024164},09/06/2026 23:46:34,LA0011,PC-1011,9FA6D607.doc,False,
{F-0024153},09/06/2026 23:47:34,LA0011,PC-1011,EC671E17.doc,False,
{F-0010154},09/06/2026 23:48:34,DA0003,PC-1003,664532B5.doc,False,
{F-0024157},09/06/2026 23:50:34,LA0011,PC-1011,0DBFC8DA.xls,False,
{F-0018240},09/06/2026 23:51:34,IA0008,PC-1008,544C5EC7.xls,False,
{F-0018243},09/06/2026 23:51:34,IA0008,PC-1008,2A7843B1.xlsx,False,
{F-0020150},09/06/2026 23:55:34,JA0009,PC-1009,A4F80646.jpg,False,
{F-0010161},09/06/2026 23:58:34,DA0003,PC-1003,4BACB1D9.doc,False,
{F-0018246},09/06/2026 23:59:34,IA0008,PC-1008,F1C8C552.xls,False,
{F-0013278},09/07/2026 00:02:34,FA0005,PC-1005,2DB04C0C.pdf,False,
{F-0016844},09/07/2026 00:05:34,HA0007,PC-1007,7658A3C0.pdf,False,
{F-0022154},09/07/2026 00:06:34,KA0010,PC-1010,0FD6B4CF.xlsx,False,
{F-0027921},09/07/2026 00:08:34,NA0013,PC-1013,F5418968.xls,False,
{F-0024180},09/07/2026 00:12:34,LA0011,PC-1011,FCDCC7EC.xlsx,False,
{F-0022169},09/07/2026 00:16:34,KA0010,PC-1010,B0C08C21.xlsx,False,
{F-0024154},09/07/2026 00:16:34,LA0011,PC-1011,9C2C3050.jpg,False,
{F-0032215},09/07/2026 00:17:34,PA0015,PC-1015,8F912953.txt,False,
{F-0027922},09/07/2026 00:19:34,NA0013,PC-1013,53941D2F.doc,False,
{F-0004181},09/07/2026 00:22:34,BA0001,PC-1001,5545E582.txt,False,
{F-0022162},09/07/2026 00:22:34,KA0010,PC-1010,8584A0C0.xls,False,
{F-0030293},09/07/2026 00:26:34,OA0014,PC-1014,5A5AAD99.txt,False,
{F-0020154},09/07/2026 00:27:34,JA0009,PC-1009,218E919B.doc,False,
{F-0024165},09/07/2026 00:27:34,LA0011,PC-1011,232C2053.doc,False,
{F-0032213},09/07/2026 00:28:34,PA0015,PC-1015,98B7A5DA.jpg,False,
{F-0015406},09/07/2026 00:31:34,GA0006,PC-1006,8B90FA41.doc,False,
{F-0034832},09/07/2026 00:31:34,RA0017,PC-1017,D77A5DE3.pdf,False,
{F-0011858},09/07/2026 00:41:34,EA0004,PC-1004,9A9FE8BC.pdf,False,
{F-0026156},09/07/2026 00:46:34,MA0012,PC-1012,B531DDEC.xlsx,False,
{F-0013267},09/07/2026 00:49:34,FA0005,PC-1005,CDA46E0C.jpg,False,
{F-0020148},09/07/2026 00:50:34,JA0009,PC-1009,1022B2F7.xls,False,
{F-0011862},09/07/2026 00:51:34,EA0004,PC-1004,9C686D53.txt,False,
{F-0022168},09/07/2026 00:53:34,KA0010,PC-1010,8118B3B0.doc,False,
{F-0018242},09/07/2026 00:56:34,IA0008,PC-1008,38D23BBC.doc,False,
{F-0024176},09/07/2026 00:57:34,LA0011,PC-1011,2EE791A8.txt,False,
{F-0016841},09/07/2026 01:00:34,HA0007,PC-1007,98529EE7.xlsx,False,
{F-0004180},09/07/2026 01:02:34,BA0001,PC-1001,3309E240.doc,False,
{F-0010148},09/07/2026 01:05:34,DA0003,PC-1003,7C8686A1.txt,False,
{F-0013275},09/07/2026 01:10:34,FA0005,PC-1005,9AAD65FF.txt,False,
{F-0004176},09/07/2026 01:12:34,BA0001,PC-1001,A57045E0.jpg,False,
{F-0020160},09/07/2026 01:21:34,JA0009,PC-1009,5E29D9DA.xlsx,False,
{F-0004164},09/07/2026 01:23:34,BA0001,PC-1001,9248C049.doc,False,
{F-0018248},09/07/2026 01:23:34,IA0008,PC-1008,A02E54A0.pdf,False,
{F-0015403},09/07/2026 01:27:34,GA0006,PC-1006,036E8DC3.txt,False,
{F-0022155},09/07/2026 01:27:34,KA0010,PC-1010,56BE5D11.pdf,False,
{F-0020152},09/07/2026 01:28:34,JA0009,PC-1009,FC9E4028.xls,False,
{F-0013268},09/07/2026 01:32:34,FA0005,PC-1005,595392A4.xlsx,False,
{F-0004171},09/07/2026 01:35:34,BA0001,PC-1001,98D6211A.xls,False,
{F-0032223},09/07/2026 01:37:34,PA0015,PC-1015,54307840.xlsx,False,
{F-0007351},09/07/2026 01:40:34,CA0002,PC-1002,6E4B44CE.doc,False,
{F-0022171},09/07/2026 01:44:34,KA0010,PC-1010,2C482892.xlsx,False,
{F-0004170},09/07/2026 01:49:34,BA0001,PC-1001,B838697B.doc,False,
{F-0027923},09/07/2026 01:49:34,NA0013,PC-1013,8801BD7C.xlsx,False,
{F-0015409},09/07/2026 01:55:34,GA0006,PC-1006,046C70AD.xlsx,False,
{F-0007344},09/07/2026 01:58:34,CA0002,PC-1002,D0F08406.doc,False,
{F-0007348},09/07/2026 02:02:34,CA0002,PC-1002,91A9EDC0.jpg,False,
{F-0010163},09/07/2026 02:06:34,DA0003,PC-1003,B734E35B.xlsx,False,
{F-0018245},09/07/2026 02:10:34,IA0008,PC-1008,BAE95328.jpg,False,
{F-0024177},09/07/2026 02:12:34,LA0011,PC-1011,61A0B807.jpg,False,
{F-0030292},09/07/2026 02:13:34,OA0014,PC-1014,D2F491C3.jpg,False,
{F-0032219},09/07/2026 02:13:34,PA0015,PC-1015,DE29A05C.xlsx,False,
{F-0015404},09/07/2026 02:23:34,GA0006,PC-1006,66A89328.xls,False,
{F-0004168},09/07/2026 02:24:34,BA0001,PC-1001,37DDF76A.doc,False,
{F-0020158},09/07/2026 02:25:34,JA0009,PC-1009,0A3466B0.doc,False,
{F-0013276},09/07/2026 02:29:34,FA0005,PC-1005,19ADD984.doc,False,
{F-0020149},09/07/2026 02:29:34,JA0009,PC-1009,84FA0B01.jpg,False,
{F-0020161},09/07/2026 02:29:34,JA0009,PC-1009,9C82488D.doc,False,
{F-0024170},09/07/2026 02:36:34,LA0011,PC-1011,CF4A1D02.doc,False,
{F-0024151},09/07/2026 02:46:34,LA0011,PC-1011,3A9D2BB7.xls,False,
{F-0027924},09/07/2026 02:46:34,NA0013,PC-1013,9DF2E91F.doc,False,
{F-0024167},09/07/2026 02:48:34,LA0011,PC-1011,EE0E9EBB.doc,False,
{F-0011861},09/07/2026 02:50:34,EA0004,PC-1004,601379FC.pdf,False,
{F-0022170},09/07/2026 02:50:34,KA0010,PC-1010,C7C66DCC.doc,False,
{F-0007353},09/07/2026 02:51:34,CA0002,PC-1002,BB1CE464.txt,False,
{F-0011856},09/07/2026 02:54:34,EA0004,PC-1004,EC317B80.jpg,False,
{F-0020162},09/07/2026 02:56:34,JA0009,PC-1009,E4B7EFD5.xls,False,
{F-0030286},09/07/2026 02:58:34,OA0014,PC-1014,DE2F7664.doc,False,
{F-0018250},09/07/2026 02:59:34,IA0008,PC-1008,560AAF5E.xls,False,
{F-0030284},09/07/2026 03:01:34,OA0014,PC-1014,3CC51E90.xls,False,
{F-0010158},09/07/2026 03:02:34,DA0003,PC-1003,F661CE66.doc,False,
{F-0032222},09/07/2026 03:02:34,PA0015,PC-1015,761B98E4.doc,False,
{F-0032220},09/07/2026 03:03:34,PA0015,PC-1015,FEE1AB87.doc,False,
{F-0011852},09/07/2026 03:04:34,EA0004,PC-1004,DB9DAC97.txt,False,
{F-0013269},09/07/2026 03:10:34,FA0005,PC-1005,A4A19397.xls,False,
{F-0004173},09/07/2026 03:15:34,BA0001,PC-1001,9D80B9F9.pdf,False,
{F-0004179},09/07/2026 03:15:34,BA0001,PC-1001,40292A76.jpg,False,
{F-0010151},09/07/2026 03:17:34,DA0003,PC-1003,538365CC.xls,False,
{F-0018249},09/07/2026 03:17:34,IA0008,PC-1008,6C4A24EB.xls,False,
{F-0032216},09/07/2026 03:29:34,PA0015,PC-1015,5A4C3D87.doc,False,
{F-0004165},09/07/2026 03:36:34,BA0001,PC-1001,53096CD1.jpg,False,
{F-0024163},09/07/2026 03:42:34,LA0011,PC-1011,730EA7DE.xls,False,
{F-0004177},09/07/2026 03:44:34,BA0001,PC-1001,82230B13.doc,False,
{F-0011850},09/07/2026 03:46:34,EA0004,PC-1004,68C71B6C.txt,False,
{F-0030294},09/07/2026 03:46:34,OA0014,PC-1014,DECF6ACC.xlsx,False,
{F-0011853},09/07/2026 03:49:34,EA0004,PC-1004,F1D3A03C.txt,False,
{F-0004178},09/07/2026 03:54:34,BA0001,PC-1001,C9092466.xls,False,
{F-0027927},09/07/2026 03:54:34,NA0013,PC-1013,AF708FFC.doc,False,
{F-0007345},09/07/2026 03:56:34,CA0002,PC-1002,874BBA4B.xls,False,
{F-0024152},09/07/2026 03:58:34,LA0011,PC-1011,BB3C766B.doc,False,
{F-0013274},09/07/2026 04:00:34,FA0005,PC-1005,D4E785D4.txt,False,
{F-0033667},09/07/2026 04:00:34,QA0016,PC-1016,4871CBA0.txt,False,
{F-0022151},09/07/2026 04:05:34,KA0010,PC-1010,CB0297F5.xls,False,
{F-0027920},09/07/2026 04:05:34,NA0013,PC-1013,114F4C0E.xlsx,False,
{F-0013273},09/07/2026 04:10:34,FA0005,PC-1005,28B2F5C5.jpg,False,
{F-0022164},09/07/2026 04:21:34,KA0010,PC-1010,362A56D9.txt,False,
{F-0022172},09/07/2026 04:23:34,KA0010,PC-1010,69EEA8F0.doc,False,
{F-0034834},09/07/2026 04:28:34,RA0017,PC-1017,10E03DF2.pdf,False,
{F-0013277},09/07/2026 04:30:34,FA0005,PC-1005,E86712A4.doc,False,
{F-0013280},09/07/2026 04:33:34,FA0005,PC-1005,CD71CBD1.xlsx,False,
{F-0022152},09/07/2026 04:33:34,KA0010,PC-1010,386171CE.xlsx,False,
{F-0034833},09/07/2026 04:33:34,RA0017,PC-1017,6006DD24.doc,False,
{F-0013279},09/07/2026 04:34:34,FA0005,PC-1005,A5B32ABF.xlsx,False,
{F-0024156},09/07/2026 04:36:34,LA0011,PC-1011,4D6B6D6B.xls,False,
{F-0032218},09/07/2026 04:38:34,PA0015,PC-1015,42013B3A.doc,False,
{F-0013271},09/07/2026 04:39:34,FA0005,PC-1005,F0F181A3.jpg,False,
{F-0013272},09/07/2026 04:42:34,FA0005,PC-1005,86C5B38A.doc,False,
{F-0024168},09/07/2026 04:43:34,LA0011,PC-1011,B5C596D0.xls,False,
{F-0024182},09/07/2026 05:19:34,LA0011,PC-1011,05A201C4.doc,False,
{F-0013282},09/07/2026 05:21:34,FA0005,PC-1005,144B5261.xls,False,
{F-0027964},09/07/2026 18:24:34,NA0013,PC-1013,035E744C.txt,False,
{F-0027963},09/07/2026 18:29:34,NA0013,PC-1013,533209CC.pdf,False,
{F-0024221},09/07/2026 19:05:34,LA0011,PC-1011,A8AF025D.xlsx,False,
{F-0024206},09/07/2026 19:21:34,LA0011,PC-1011,BE73CB36.xlsx,False,
{F-0024225},09/07/2026 19:21:34,LA0011,PC-1011,BD66FC70.pdf,False,
{F-0026193},09/07/2026 19:21:34,MA0012,PC-1012,3142C8C1.doc,False,
{F-0020188},09/07/2026 19:35:34,JA0009,PC-1009,353E169E.pdf,False,
{F-0020195},09/07/2026 19:36:34,JA0009,PC-1009,C40C1767.xlsx,False,
{F-0030350},09/07/2026 19:37:34,OA0014,PC-1014,55104EBE.doc,False,
{F-0020186},09/07/2026 19:39:34,JA0009,PC-1009,32BB82D7.jpg,False,
{F-0015462},09/07/2026 19:46:34,GA0006,PC-1006,B74D5468.doc,False,
{F-0010224},09/07/2026 19:47:34,DA0003,PC-1003,E19D400E.doc,False,
{F-0030341},09/07/2026 19:48:34,OA0014,PC-1014,311A5298.doc,False,
{F-0024219},09/07/2026 19:53:34,LA0011,PC-1011,E1E58085.pdf,False,
{F-0010211},09/07/2026 19:55:34,DA0003,PC-1003,B9104A38.xlsx,False,
{F-0020196},09/07/2026 19:55:34,JA0009,PC-1009,96ADC5E3.doc,False,
{F-0026190},09/07/2026 20:00:34,MA0012,PC-1012,BCA5A871.xlsx,False,
{F-0030345},09/07/2026 20:02:34,OA0014,PC-1014,A81F08F1.xlsx,False,
{F-0020183},09/07/2026 20:07:34,JA0009,PC-1009,B6232CDE.doc,False,
{F-0027962},09/07/2026 20:11:34,NA0013,PC-1013,A0C28F12.doc,False,
{F-0026196},09/07/2026 20:20:34,MA0012,PC-1012,CE12CAFF.pdf,False,
{F-0004235},09/07/2026 20:30:34,BA0001,PC-1001,11600589.txt,False,
{F-0030351},09/07/2026 20:32:34,OA0014,PC-1014,E723AE4B.xlsx,False,
{F-0022200},09/07/2026 20:34:34,KA0010,PC-1010,9A13115F.pdf,False,
{F-0027959},09/07/2026 20:37:34,NA0013,PC-1013,74EA88D3.doc,False,
{F-0022215},09/07/2026 20:38:34,KA0010,PC-1010,5078CAE3.doc,False,
{F-0033687},09/07/2026 20:38:34,QA0016,PC-1016,8BF14A21.doc,False,
{F-0033688},09/07/2026 20:40:34,QA0016,PC-1016,57529F49.xls,False,
{F-0010215},09/07/2026 20:43:34,DA0003,PC-1003,57CC7714.jpg,False,
{F-0001669},09/07/2026 20:45:34,AA0000,PC-1000,9ED1F426.doc,False,
{F-0026197},09/07/2026 20:45:34,MA0012,PC-1012,551A663A.doc,False,
{F-0022206},09/07/2026 20:50:34,KA0010,PC-1010,12281FCD.xls,False,
{F-0030346},09/07/2026 20:50:34,OA0014,PC-1014,41680992.doc,False,
{F-0013298},09/07/2026 20:52:34,FA0005,PC-1005,1FE18DF9.doc,False,
{F-0013310},09/07/2026 20:58:34,FA0005,PC-1005,E9105C54.doc,False,
{F-0030354},09/07/2026 20:58:34,OA0014,PC-1014,93B5CDDF.pdf,False,
{F-0022201},09/07/2026 21:02:34,KA0010,PC-1010,1BF6CFB3.doc,False,
{F-0030355},09/07/2026 21:03:34,OA0014,PC-1014,B62E63FF.jpg,False,
{F-0007427},09/07/2026 21:04:34,CA0002,PC-1002,5492B21F.pdf,False,
{F-0033686},09/07/2026 21:04:34,QA0016,PC-1016,531DD446.xls,False,
{F-0007419},09/07/2026 21:06:34,CA0002,PC-1002,E7BB6085.xlsx,False,
{F-0001667},09/07/2026 21:07:34,AA0000,PC-1000,BCF88656.doc,False,
{F-0030352},09/07/2026 21:07:34,OA0014,PC-1014,12575818.xls,False,
{F-0024204},09/07/2026 21:11:34,LA0011,PC-1011,A98E4E35.txt,False,
{F-0010218},09/07/2026 21:17:34,DA0003,PC-1003,03289C3E.xls,False,
{F-0020194},09/07/2026 21:20:34,JA0009,PC-1009,8143E3FB.xlsx,False,
{F-0024208},09/07/2026 21:22:34,LA0011,PC-1011,FDD63AD0.pdf,False,
{F-0027957},09/07/2026 21:26:34,NA0013,PC-1013,AE2E445C.doc,False,
{F-0030357},09/07/2026 21:29:34,OA0014,PC-1014,575E42D2.xls,False,
{F-0010219},09/07/2026 21:30:34,DA0003,PC-1003,8A7D399F.xls,False,
{F-0024220},09/07/2026 21:31:34,LA0011,PC-1011,1FA3A77C.xlsx,False,
{F-0018278},09/07/2026 21:41:34,IA0008,PC-1008,B87113C4.txt,False,
{F-0011892},09/07/2026 21:42:34,EA0004,PC-1004,9A2F0E8E.xlsx,False,
{F-0007418},09/07/2026 21:43:34,CA0002,PC-1002,EBB58443.xls,False,
{F-0018282},09/07/2026 21:46:34,IA0008,PC-1008,BC9A4A30.doc,False,
{F-0004230},09/07/2026 21:52:34,BA0001,PC-1001,0C92B67E.jpg,False,
{F-0020201},09/07/2026 21:52:34,JA0009,PC-1009,7C287BD1.xlsx,False,
{F-0011885},09/07/2026 21:53:34,EA0004,PC-1004,C2D6568D.pdf,False,
{F-0013307},09/07/2026 21:54:34,FA0005,PC-1005,5B707691.jpg,False,
{F-0024198},09/07/2026 21:55:34,LA0011,PC-1011,594D1070.txt,False,
{F-0015459},09/07/2026 21:56:34,GA0006,PC-1006,9A402011.xls,False,
{F-0027961},09/07/2026 21:56:34,NA0013,PC-1013,51AB299A.xlsx,False,
{F-0018284},09/07/2026 22:03:34,IA0008,PC-1008,FAD16728.doc,False,
{F-0030353},09/07/2026 22:05:34,OA0014,PC-1014,A028C72A.xlsx,False,
{F-0007421},09/07/2026 22:06:34,CA0002,PC-1002,36FF9DF7.xls,False,
{F-0007423},09/07/2026 22:09:34,CA0002,PC-1002,74F19193.doc,False,
{F-0027965},09/07/2026 22:12:34,NA0013,PC-1013,793D0C46.txt,False,
{F-0015468},09/07/2026 22:15:34,GA0006,PC-1006,4CB0EFB6.doc,False,
{F-0024207},09/07/2026 22:15:34,LA0011,PC-1011,8DA30DF0.doc,False,
{F-0022209},09/07/2026 22:16:34,KA0010,PC-1010,F76A3B48.txt,False,
{F-0010227},09/07/2026 22:19:34,DA0003,PC-1003,64CA09C2.xlsx,False,
{F-0022204},09/07/2026 22:19:34,KA0010,PC-1010,E69F1C35.xlsx,False,
{F-0010221},09/07/2026 22:20:34,DA0003,PC-1003,97B6ACF6.jpg,False,
{F-0010222},09/07/2026 22:22:34,DA0003,PC-1003,FFACC041.doc,False,
{F-0011896},09/07/2026 22:22:34,EA0004,PC-1004,497283CE.xls,False,
{F-0022212},09/07/2026 22:24:34,KA0010,PC-1010,D9D137BB.doc,False,
{F-0027960},09/07/2026 22:26:34,NA0013,PC-1013,7049FE6B.jpg,False,
{F-0010220},09/07/2026 22:31:34,DA0003,PC-1003,1812D7D5.jpg,False,
{F-0010213},09/07/2026 22:40:34,DA0003,PC-1003,D913FFDB.doc,False,
{F-0015463},09/07/2026 22:41:34,GA0006,PC-1006,4EBA08E9.doc,False,
{F-0001666},09/07/2026 22:46:34,AA0000,PC-1000,5E788617.txt,False,
{F-0020197},09/07/2026 22:48:34,JA0009,PC-1009,46CDBBC7.doc,False,
{F-0022205},09/07/2026 22:48:34,KA0010,PC-1010,4851860F.doc,False,
{F-0026198},09/07/2026 22:48:34,MA0012,PC-1012,A2CA963A.doc,False,
{F-0030342},09/07/2026 22:48:34,OA0014,PC-1014,4A5F786C.xls,False,
{F-0013313},09/07/2026 22:50:34,FA0005,PC-1005,3C0E7990.xlsx,False,
{F-0022210},09/07/2026 22:52:34,KA0010,PC-1010,2D6E544A.doc,False,
{F-0018277},09/07/2026 22:53:34,IA0008,PC-1008,7687ECA8.txt,False,
{F-0004234},09/07/2026 22:55:34,BA0001,PC-1001,5F6BFA21.xls,False,
{F-0015457},09/07/2026 23:00:34,GA0006,PC-1006,029B4332.xls,False,
{F-0004231},09/07/2026 23:02:34,BA0001,PC-1001,51F12ED4.pdf,False,
{F-0020189},09/07/2026 23:05:34,JA0009,PC-1009,C96ACC9C.pdf,False,
{F-0007429},09/07/2026 23:06:34,CA0002,PC-1002,4B2EAA5F.jpg,False,
{F-0020185},09/07/2026 23:07:34,JA0009,PC-1009,44731344.doc,False,
{F-0013301},09/07/2026 23:08:34,FA0005,PC-1005,7AD01981.xlsx,False,
{F-0010217},09/07/2026 23:13:34,DA0003,PC-1003,C06C3FBB.xlsx,False,
{F-0013309},09/07/2026 23:13:34,FA0005,PC-1005,B3D17786.pdf,False,
{F-0020192},09/07/2026 23:17:34,JA0009,PC-1009,4991288B.txt,False,
{F-0027966},09/07/2026 23:18:34,NA0013,PC-1013,6540C9AB.xlsx,False,
{F-0004229},09/07/2026 23:25:34,BA0001,PC-1001,6BB18934.xlsx,False,
{F-0007420},09/07/2026 23:25:34,CA0002,PC-1002,91CBEE29.pdf,False,
{F-0010223},09/07/2026 23:25:34,DA0003,PC-1003,4AEB9C06.xlsx,False,
{F-0013300},09/07/2026 23:26:34,FA0005,PC-1005,174342C1.jpg,False,
{F-0030347},09/07/2026 23:27:34,OA0014,PC-1014,4FCCB439.pdf,False,
{F-0018275},09/07/2026 23:29:34,IA0008,PC-1008,0A53DBE5.doc,False,
{F-0011887},09/07/2026 23:33:34,EA0004,PC-1004,56529EF3.pdf,False,
{F-0015461},09/07/2026 23:42:34,GA0006,PC-1006,6A9A00E2.xlsx,False,
{F-0007431},09/07/2026 23:44:34,CA0002,PC-1002,240D9099.pdf,False,
{F-0024214},09/07/2026 23:47:34,LA0011,PC-1011,4E5E44E1.doc,False,
{F-0018274},09/07/2026 23:50:34,IA0008,PC-1008,02E91BA4.txt,False,
{F-0020198},09/07/2026 23:50:34,JA0009,PC-1009,5506E14E.txt,False,
{F-0018273},09/07/2026 23:52:34,IA0008,PC-1008,8756C05D.jpg,False,
{F-0024212},09/07/2026 23:52:34,LA0011,PC-1011,5C2E6AEB.doc,False,
{F-0024224},09/07/2026 23:52:34,LA0011,PC-1011,C5528A85.txt,False,
{F-0020182},09/07/2026 23:57:34,JA0009,PC-1009,DE3F5446.jpg,False,
{F-0001673},09/08/2026 00:04:34,AA0000,PC-1000,8FB6CB84.jpg,False,
{F-0010229},09/08/2026 00:05:34,DA0003,PC-1003,4FEFC86F.doc,False,
{F-0004232},09/08/2026 00:08:34,BA0001,PC-1001,A8BFE39A.doc,False,
{F-0024211},09/08/2026 00:09:34,LA0011,PC-1011,034849BD.pdf,False,
{F-0020191},09/08/2026 00:12:34,JA0009,PC-1009,724A71A5.doc,False,
{F-0001670},09/08/2026 00:13:34,AA0000,PC-1000,4FC5A1F0.doc,False,
{F-0024200},09/08/2026 00:15:34,LA0011,PC-1011,146962F8.xls,False,
{F-0030349},09/08/2026 00:17:34,OA0014,PC-1014,D7476A83.pdf,False,
{F-0013299},09/08/2026 00:20:34,FA0005,PC-1005,74EC3676.doc,False,
{F-0022198},09/08/2026 00:23:34,KA0010,PC-1010,0B2D280B.doc,False,
{F-0030343},09/08/2026 00:23:34,OA0014,PC-1014,D1353A4B.jpg,False,
{F-0010212},09/08/2026 00:25:34,DA0003,PC-1003,B75C679E.xls,False,
{F-0010216},09/08/2026 00:25:34,DA0003,PC-1003,4CB8219E.doc,False,
{F-0018272},09/08/2026 00:25:34,IA0008,PC-1008,68139850.pdf,False,
{F-0020199},09/08/2026 00:28:34,JA0009,PC-1009,88328A18.pdf,False,
{F-0024215},09/08/2026 00:29:34,LA0011,PC-1011,CDEAF967.xls,False,
{F-0011888},09/08/2026 00:37:34,EA0004,PC-1004,B6ACCB18.pdf,False,
{F-0004228},09/08/2026 00:38:34,BA0001,PC-1001,1CC0D6E1.xlsx,False,
{F-0018279},09/08/2026 00:38:34,IA0008,PC-1008,92F35582.jpg,False,
{F-0015464},09/08/2026 00:42:34,GA0006,PC-1006,DEB0168B.xls,False,
{F-0015456},09/08/2026 00:43:34,GA0006,PC-1006,4B49603F.xlsx,False,
{F-0030358},09/08/2026 00:43:34,OA0014,PC-1014,2147E3A8.doc,False,
{F-0034855},09/08/2026 00:43:34,RA0017,PC-1017,0D1A4CFA.doc,False,
{F-0024209},09/08/2026 00:44:34,LA0011,PC-1011,5FD29F27.pdf,False,
{F-0013315},09/08/2026 00:45:34,FA0005,PC-1005,77BAEF83.xlsx,False,
{F-0033689},09/08/2026 00:46:34,QA0016,PC-1016,6E64FE8F.xlsx,False,
{F-0004233},09/08/2026 00:51:34,BA0001,PC-1001,E3BDBFC1.doc,False,
{F-0020184},09/08/2026 00:54:34,JA0009,PC-1009,5051E3DE.jpg,False,
{F-0022208},09/08/2026 00:54:34,KA0010,PC-1010,793A920A.pdf,False,
{F-0015466},09/08/2026 00:55:34,GA0006,PC-1006,4EE5708A.txt,False,
{F-0024202},09/08/2026 00:56:34,LA0011,PC-1011,0FC14E1F.jpg,False,
{F-0015471},09/08/2026 00:59:34,GA0006,PC-1006,77A45670.pdf,False,
{F-0024203},09/08/2026 00:59:34,LA0011,PC-1011,A1D0D82F.doc,False,
{F-0001664},09/08/2026 01:00:34,AA0000,PC-1000,88250BBD.xls,False,
{F-0020187},09/08/2026 01:04:34,JA0009,PC-1009,6CDF6AE3.pdf,False,
{F-0026189},09/08/2026 01:07:34,MA0012,PC-1012,DE2F3F53.xlsx,False,
{F-0030340},09/08/2026 01:08:34,OA0014,PC-1014,D6CED398.pdf,False,
{F-0010226},09/08/2026 01:13:34,DA0003,PC-1003,F8FE15CC.xlsx,False,
{F-0022203},09/08/2026 01:14:34,KA0010,PC-1010,DC917EBA.jpg,False,
{F-0007428},09/08/2026 01:27:34,CA0002,PC-1002,244864A7.jpg,False,
{F-0001675},09/08/2026 01:33:34,AA0000,PC-1000,347126E2.jpg,False,
{F-0010225},09/08/2026 01:33:34,DA0003,PC-1003,FB65DF1B.jpg,False,
{F-0010230},09/08/2026 01:35:34,DA0003,PC-1003,83EF7309.pdf,False,
{F-0010214},09/08/2026 01:38:34,DA0003,PC-1003,EF693771.doc,False,
{F-0011893},09/08/2026 01:41:34,EA0004,PC-1004,2FB21952.txt,False,
{F-0030348},09/08/2026 01:41:34,OA0014,PC-1014,9453F986.doc,False,
{F-0010228},09/08/2026 01:42:34,DA0003,PC-1003,E7E13CB9.doc,False,
{F-0020200},09/08/2026 01:46:34,JA0009,PC-1009,7D911958.jpg,False,
{F-0015458},09/08/2026 01:53:34,GA0006,PC-1006,451E3DA3.xls,False,
{F-0027958},09/08/2026 01:53:34,NA0013,PC-1013,3AE69B0B.jpg,False,
{F-0024216},09/08/2026 01:54:34,LA0011,PC-1011,D4D62884.xls,False,
{F-0018270},09/08/2026 01:55:34,IA0008,PC-1008,B6FF7140.doc,False,
{F-0007432},09/08/2026 01:56:34,CA0002,PC-1002,77BF603B.doc,False,
{F-0007434},09/08/2026 01:57:34,CA0002,PC-1002,F4E2C76A.doc,False,
{F-0034856},09/08/2026 01:58:34,RA0017,PC-1017,416D70DE.pdf,False,
{F-0015465},09/08/2026 02:00:34,GA0006,PC-1006,B949231E.jpg,False,
{F-0015470},09/08/2026 02:06:34,GA0006,PC-1006,1FE7BDF3.xls,False,
{F-0013303},09/08/2026 02:08:34,FA0005,PC-1005,3F40ACFE.doc,False,
{F-0022207},09/08/2026 02:08:34,KA0010,PC-1010,973BCE31.xls,False,
{F-0011891},09/08/2026 02:12:34,EA0004,PC-1004,88DC3449.xlsx,False,
{F-0030356},09/08/2026 02:12:34,OA0014,PC-1014,1A9FCE2F.xls,False,
{F-0015467},09/08/2026 02:16:34,GA0006,PC-1006,CBA7919C.txt,False,
{F-0011883},09/08/2026 02:17:34,EA0004,PC-1004,CD9CDDAE.jpg,False,
{F-0007424},09/08/2026 02:20:34,CA0002,PC-1002,E58040C9.doc,False,
{F-0011884},09/08/2026 02:21:34,EA0004,PC-1004,891951DE.txt,False,
{F-0024226},09/08/2026 02:21:34,LA0011,PC-1011,5A9CF3E5.txt,False,
{F-0007422},09/08/2026 02:23:34,CA0002,PC-1002,9E4BB878.xls,False,
{F-0024213},09/08/2026 02:24:34,LA0011,PC-1011,0B664759.doc,False,
{F-0024222},09/08/2026 02:26:34,LA0011,PC-1011,AA56FD8B.pdf,False,
{F-0026191},09/08/2026 02:26:34,MA0012,PC-1012,8DF8B60D.txt,False,
{F-0013304},09/08/2026 02:30:34,FA0005,PC-1005,61579B16.txt,False,
{F-0015460},09/08/2026 02:31:34,GA0006,PC-1006,17D0877F.jpg,False,
{F-0001676},09/08/2026 02:33:34,AA0000,PC-1000,60CAB88E.xlsx,False,
{F-0013308},09/08/2026 02:34:34,FA0005,PC-1005,D66F57A4.txt,False,
{F-0020190},09/08/2026 02:35:34,JA0009,PC-1009,D7795E64.pdf,False,
{F-0011894},09/08/2026 02:38:34,EA0004,PC-1004,0B4E9218.xls,False,
{F-0030339},09/08/2026 02:39:34,OA0014,PC-1014,E9E5136F.txt,False,
{F-0001665},09/08/2026 02:40:34,AA0000,PC-1000,F8959EEE.xlsx,False,
{F-0001668},09/08/2026 02:42:34,AA0000,PC-1000,C27AB938.xls,False,
{F-0024199},09/08/2026 02:53:34,LA0011,PC-1011,41611D88.xls,False,
{F-0030344},09/08/2026 02:53:34,OA0014,PC-1014,981FCA7C.xls,False,
{F-0018280},09/08/2026 02:54:34,IA0008,PC-1008,91261B49.doc,False,
{F-0020193},09/08/2026 02:55:34,JA0009,PC-1009,7D1BB335.xls,False,
{F-0011882},09/08/2026 02:57:34,EA0004,PC-1004,4518FE7B.xlsx,False,
{F-0024223},09/08/2026 02:59:34,LA0011,PC-1011,DE69543F.doc,False,
{F-0007435},09/08/2026 03:00:34,CA0002,PC-1002,7AAA0F6F.doc,False,
{F-0018271},09/08/2026 03:00:34,IA0008,PC-1008,3E9BD213.jpg,False,
{F-0001663},09/08/2026 03:01:34,AA0000,PC-1000,ADE1E4D7.jpg,False,
{F-0018281},09/08/2026 03:03:34,IA0008,PC-1008,D2B6FB5F.txt,False,
{F-0015469},09/08/2026 03:07:34,GA0006,PC-1006,CF870785.jpg,False,
{F-0024217},09/08/2026 03:07:34,LA0011,PC-1011,31B1776D.xlsx,False,
{F-0026192},09/08/2026 03:08:34,MA0012,PC-1012,E4EE6EC5.txt,False,
{F-0001674},09/08/2026 03:09:34,AA0000,PC-1000,5ED0E633.jpg,False,
{F-0011886},09/08/2026 03:09:34,EA0004,PC-1004,EEE59170.txt,False,
{F-0026194},09/08/2026 03:12:34,MA0012,PC-1012,89DE02A6.xlsx,False,
{F-0011889},09/08/2026 03:15:34,EA0004,PC-1004,1B17E6B6.doc,False,
{F-0013314},09/08/2026 03:15:34,FA0005,PC-1005,4E118AA3.txt,False,
{F-0024210},09/08/2026 03:16:34,LA0011,PC-1011,AE10EEC1.doc,False,
{F-0022213},09/08/2026 03:21:34,KA0010,PC-1010,DCE6CE74.jpg,False,
{F-0013305},09/08/2026 03:26:34,FA0005,PC-1005,5AB58385.doc,False,
{F-0013312},09/08/2026 03:28:34,FA0005,PC-1005,2EB95F95.xls,False,
{F-0026195},09/08/2026 03:32:34,MA0012,PC-1012,BDC9586B.xlsx,False,
{F-0022202},09/08/2026 03:34:34,KA0010,PC-1010,5CAD703D.xls,False,
{F-0004236},09/08/2026 03:36:34,BA0001,PC-1001,FEAA3113.pdf,False,
{F-0007416},09/08/2026 03:45:34,CA0002,PC-1002,690BC3CD.txt,False,
{F-0018283},09/08/2026 03:47:34,IA0008,PC-1008,E607D77E.pdf,False,
{F-0018276},09/08/2026 03:49:34,IA0008,PC-1008,FA095EF6.pdf,False,
{F-0011890},09/08/2026 03:50:34,EA0004,PC-1004,70BC4276.xls,False,
{F-0024205},09/08/2026 04:08:34,LA0011,PC-1011,8C3C7427.jpg,False,
{F-0024218},09/08/2026 04:12:34,LA0011,PC-1011,876DEC5C.pdf,False,
{F-0007426},09/08/2026 04:16:34,CA0002,PC-1002,22758439.jpg,False,
{F-0022199},09/08/2026 04:16:34,KA0010,PC-1010,4C34C66A.xlsx,False,
{F-0007430},09/08/2026 04:17:34,CA0002,PC-1002,3B8DDE5A.xlsx,False,
{F-0011895},09/08/2026 04:19:34,EA0004,PC-1004,7127711A.jpg,False,
{F-0001671},09/08/2026 04:20:34,AA0000,PC-1000,02E7D0C5.pdf,False,
{F-0022211},09/08/2026 04:23:34,KA0010,PC-1010,0F491D4D.doc,False,
{F-0022214},09/08/2026 04:26:34,KA0010,PC-1010,AFA57000.xlsx,False,
{F-0013317},09/08/2026 04:30:34,FA0005,PC-1005,502EC4F0.xls,False,
{F-0001672},09/08/2026 04:35:34,AA0000,PC-1000,204109AA.txt,False,
{F-0013311},09/08/2026 04:37:34,FA0005,PC-1005,C360501E.pdf,False,
{F-0007436},09/08/2026 04:42:34,CA0002,PC-1002,BB83690B.xlsx,False,
{F-0024201},09/08/2026 04:44:34,LA0011,PC-1011,A4057273.doc,False,
{F-0013316},09/08/2026 04:48:34,FA0005,PC-1005,867FB76D.xlsx,False,
{F-0007415},09/08/2026 05:05:34,CA0002,PC-1002,D8F19055.pdf,False,
{F-0013306},09/08/2026 05:14:34,FA0005,PC-1005,A9B7E0AB.xls,False,
{F-0007433},09/08/2026 05:25:34,CA0002,PC-1002,F8680E50.xls,False,
{F-0007417},09/08/2026 06:13:34,CA0002,PC-1002,1D2A6F0D.pdf,False,
{F-0007425},09/08/2026 06:14:34,CA0002,PC-1002,B162A75E.pdf,False,
{F-0013302},09/08/2026 06:20:34,FA0005,PC-1005,5EEE1F04.xlsx,False,
{F-0028001},09/08/2026 18:21:34,NA0013,PC-1013,086CE3E0.txt,False,
{F-0028005},09/08/2026 18:28:34,NA0013,PC-1013,38618FAD.xlsx,False,
{F-0027996},09/08/2026 18:31:34,NA0013,PC-1013,6BEC1302.xls,False,
{F-0028002},09/08/2026 18:43:34,NA0013,PC-1013,D24829C6.xlsx,False,
{F-0030412},09/08/2026 18:51:34,OA0014,PC-1014,C6FE1132.doc,False,
{F-0026244},09/08/2026 19:06:34,MA0012,PC-1012,C4A3B7A7.xls,False,
{F-0015504},09/08/2026 19:22:34,GA0006,PC-1006,A0780023.xls,False,
{F-0024271},09/08/2026 19:22:34,LA0011,PC-1011,913E6C90.pdf,False,
{F-0010309},09/08/2026 19:25:34,DA0003,PC-1003,0B20CB62.doc,False,
{F-0016868},09/08/2026 19:30:34,HA0007,PC-1007,7C36FC7B.doc,False,
{F-0016863},09/08/2026 19:32:34,HA0007,PC-1007,26B4D487.jpg,False,
{F-0024265},09/08/2026 19:35:34,LA0011,PC-1011,FAD7578A.doc,False,
{F-0024275},09/08/2026 19:36:34,LA0011,PC-1011,4D8A157B.doc,False,
{F-0018302},09/08/2026 19:39:34,IA0008,PC-1008,A805469C.txt,False,
{F-0026242},09/08/2026 19:39:34,MA0012,PC-1012,03AAE4C4.txt,False,
{F-0024268},09/08/2026 19:41:34,LA0011,PC-1011,85BDB6F7.jpg,False,
{F-0024259},09/08/2026 19:45:34,LA0011,PC-1011,92E430D7.xlsx,False,
{F-0024260},09/08/2026 19:48:34,LA0011,PC-1011,C36E131F.xls,False,
{F-0027999},09/08/2026 19:51:34,NA0013,PC-1013,E65A5572.pdf,False,
{F-0020251},09/08/2026 19:53:34,JA0009,PC-1009,16109932.txt,False,
{F-0026245},09/08/2026 19:55:34,MA0012,PC-1012,C0CB91CC.txt,False,
{F-0020246},09/08/2026 19:59:34,JA0009,PC-1009,3A3BEDB6.xls,False,
{F-0024270},09/08/2026 20:00:34,LA0011,PC-1011,ACB5023E.doc,False,
{F-0020241},09/08/2026 20:02:34,JA0009,PC-1009,67177935.doc,False,
{F-0016867},09/08/2026 20:05:34,HA0007,PC-1007,E54FC73E.xlsx,False,
{F-0026238},09/08/2026 20:07:34,MA0012,PC-1012,FA4CA8B6.jpg,False,
{F-0027998},09/08/2026 20:12:34,NA0013,PC-1013,17297F98.xlsx,False,
{F-0028003},09/08/2026 20:16:34,NA0013,PC-1013,A05F31F6.xlsx,False,
{F-0024264},09/08/2026 20:27:34,LA0011,PC-1011,58BAB9D7.xls,False,
{F-0010310},09/08/2026 20:28:34,DA0003,PC-1003,6DBC0938.txt,False,
{F-0018308},09/08/2026 20:28:34,IA0008,PC-1008,4AD23FA3.jpg,False,
{F-0028000},09/08/2026 20:29:34,NA0013,PC-1013,7A51E4B6.jpg,False,
{F-0018305},09/08/2026 20:34:34,IA0008,PC-1008,4A7E1C01.doc,False,
{F-0033709},09/08/2026 20:35:34,QA0016,PC-1016,55F3947E.jpg,False,
{F-0007505},09/08/2026 20:39:34,CA0002,PC-1002,9A1B9AAA.xls,False,
{F-0011920},09/08/2026 20:39:34,EA0004,PC-1004,462955C5.txt,False,
{F-0013338},09/08/2026 20:42:34,FA0005,PC-1005,8018C038.xls,False,
{F-0010308},09/08/2026 20:44:34,DA0003,PC-1003,8DB8A151.doc,False,
{F-0026234},09/08/2026 20:47:34,MA0012,PC-1012,139508C3.pdf,False,
{F-0032260},09/08/2026 20:51:34,PA0015,PC-1015,905330CC.doc,False,
{F-0004292},09/08/2026 20:58:34,BA0001,PC-1001,D546EEB6.xlsx,False,
{F-0015507},09/08/2026 20:58:34,GA0006,PC-1006,692F2596.jpg,False,
{F-0015508},09/08/2026 21:04:34,GA0006,PC-1006,657A923A.xlsx,False,
{F-0030404},09/08/2026 21:06:34,OA0014,PC-1014,6A84C731.txt,False,
{F-0011925},09/08/2026 21:13:34,EA0004,PC-1004,2631668B.xls,False,
{F-0011922},09/08/2026 21:22:34,EA0004,PC-1004,E8324F94.pdf,False,
{F-0026243},09/08/2026 21:22:34,MA0012,PC-1012,AD918DF4.doc,False,
{F-0030410},09/08/2026 21:22:34,OA0014,PC-1014,4BA4BA31.doc,False,
{F-0026240},09/08/2026 21:26:34,MA0012,PC-1012,8904B140.xls,False,
{F-0013339},09/08/2026 21:27:34,FA0005,PC-1005,9F0685CF.jpg,False,
{F-0026236},09/08/2026 21:27:34,MA0012,PC-1012,E166664A.pdf,False,
{F-0018303},09/08/2026 21:32:34,IA0008,PC-1008,EF9CF7ED.doc,False,
{F-0007498},09/08/2026 21:34:34,CA0002,PC-1002,AB021626.pdf,False,
{F-0007493},09/08/2026 21:35:34,CA0002,PC-1002,028FB01F.pdf,False,
{F-0010306},09/08/2026 21:40:34,DA0003,PC-1003,2194AC90.txt,False,
{F-0004288},09/08/2026 21:50:34,BA0001,PC-1001,1D8E9C5D.pdf,False,
{F-0020250},09/08/2026 21:55:34,JA0009,PC-1009,E74F9CC0.doc,False,
{F-0018300},09/08/2026 22:04:34,IA0008,PC-1008,80FA84F1.xlsx,False,
{F-0032261},09/08/2026 22:04:34,PA0015,PC-1015,16FD71F6.pdf,False,
{F-0032258},09/08/2026 22:08:34,PA0015,PC-1015,0FECEB32.jpg,False,
{F-0010305},09/08/2026 22:09:34,DA0003,PC-1003,BFA88236.doc,False,
{F-0030408},09/08/2026 22:12:34,OA0014,PC-1014,59EDCD2D.xls,False,
{F-0010297},09/08/2026 22:15:34,DA0003,PC-1003,60E398C4.txt,False,
{F-0016864},09/08/2026 22:17:34,HA0007,PC-1007,DB9916CB.doc,False,
{F-0020252},09/08/2026 22:19:34,JA0009,PC-1009,EE3ADBFE.jpg,False,
{F-0013348},09/08/2026 22:20:34,FA0005,PC-1005,EC1F794A.xlsx,False,
{F-0004282},09/08/2026 22:22:34,BA0001,PC-1001,E73BDA81.doc,False,
{F-0024262},09/08/2026 22:23:34,LA0011,PC-1011,5535E65E.pdf,False,
{F-0007497},09/08/2026 22:26:34,CA0002,PC-1002,26B51B6D.xls,False,
{F-0030413},09/08/2026 22:27:34,OA0014,PC-1014,515F57B9.xlsx,False,
{F-0011915},09/08/2026 22:28:34,EA0004,PC-1004,557682AD.xls,False,
{F-0007491},09/08/2026 22:31:34,CA0002,PC-1002,6049C1A8.pdf,False,
{F-0020245},09/08/2026 22:34:34,JA0009,PC-1009,6876EF76.jpg,False,
{F-0032251},09/08/2026 22:38:34,PA0015,PC-1015,84BD74B9.doc,False,
{F-0007510},09/08/2026 22:39:34,CA0002,PC-1002,E0D1ECB8.pdf,False,
{F-0027997},09/08/2026 22:44:34,NA0013,PC-1013,CAA62108.pdf,False,
{F-0026241},09/08/2026 22:49:34,MA0012,PC-1012,5BD1ED56.xlsx,False,
{F-0016866},09/08/2026 22:50:34,HA0007,PC-1007,6E1C0919.doc,False,
{F-0013336},09/08/2026 22:52:34,FA0005,PC-1005,E0301909.jpg,False,
{F-0010296},09/08/2026 22:55:34,DA0003,PC-1003,A1CFE36E.xls,False,
{F-0015503},09/08/2026 23:00:34,GA0006,PC-1006,DE176E92.xls,False,
{F-0032259},09/08/2026 23:03:34,PA0015,PC-1015,EDCB89C9.xls,False,
{F-0030405},09/08/2026 23:07:34,OA0014,PC-1014,A1C1EE75.txt,False,
{F-0015502},09/08/2026 23:15:34,GA0006,PC-1006,5227849D.doc,False,
{F-0010302},09/08/2026 23:16:34,DA0003,PC-1003,E7725A42.doc,False,
{F-0018304},09/08/2026 23:16:34,IA0008,PC-1008,D789A18C.pdf,False,
{F-0024263},09/08/2026 23:22:34,LA0011,PC-1011,5673C695.doc,False,
{F-0011926},09/08/2026 23:26:34,EA0004,PC-1004,A2AE4972.jpg,False,
{F-0007495},09/08/2026 23:30:34,CA0002,PC-1002,D962D084.xlsx,False,
{F-0010304},09/08/2026 23:30:34,DA0003,PC-1003,448FED46.pdf,False,
{F-0016865},09/08/2026 23:31:34,HA0007,PC-1007,DAC54A48.xlsx,False,
{F-0018313},09/08/2026 23:33:34,IA0008,PC-1008,C92875FD.xls,False,
{F-0024261},09/08/2026 23:33:34,LA0011,PC-1011,65EAB9A2.doc,False,
{F-0030406},09/08/2026 23:34:34,OA0014,PC-1014,30D9919F.doc,False,
{F-0007500},09/08/2026 23:38:34,CA0002,PC-1002,244FC3FC.pdf,False,
{F-0013335},09/08/2026 23:40:34,FA0005,PC-1005,53EF05D4.xlsx,False,
{F-0013341},09/08/2026 23:42:34,FA0005,PC-1005,2422EFD8.pdf,False,
{F-0030403},09/08/2026 23:43:34,OA0014,PC-1014,61E4330E.txt,False,
{F-0026239},09/08/2026 23:54:34,MA0012,PC-1012,A81B7871.xlsx,False,
{F-0007489},09/08/2026 23:55:34,CA0002,PC-1002,8DBC82D0.doc,False,
{F-0026235},09/08/2026 23:55:34,MA0012,PC-1012,8E269473.xlsx,False,
{F-0034872},09/08/2026 23:56:34,RA0017,PC-1017,A8097582.xlsx,False,
{F-0004289},09/09/2026 00:02:34,BA0001,PC-1001,2BE95D87.pdf,False,
{F-0007494},09/09/2026 00:02:34,CA0002,PC-1002,1A825E87.jpg,False,
{F-0010300},09/09/2026 00:04:34,DA0003,PC-1003,CD95C823.doc,False,
{F-0018306},09/09/2026 00:06:34,IA0008,PC-1008,06E23E33.xls,False,
{F-0015509},09/09/2026 00:07:34,GA0006,PC-1006,1B7E560C.pdf,False,
{F-0007501},09/09/2026 00:11:34,CA0002,PC-1002,CFCF6782.xls,False,
{F-0018311},09/09/2026 00:17:34,IA0008,PC-1008,3F653F0F.jpg,False,
{F-0030407},09/09/2026 00:23:34,OA0014,PC-1014,40257E40.jpg,False,
{F-0020240},09/09/2026 00:29:34,JA0009,PC-1009,41383B16.doc,False,
{F-0010303},09/09/2026 00:38:34,DA0003,PC-1003,E00F4061.txt,False,
{F-0010298},09/09/2026 00:39:34,DA0003,PC-1003,66B4B430.pdf,False,
{F-0024276},09/09/2026 00:45:34,LA0011,PC-1011,980D102F.doc,False,
{F-0033710},09/09/2026 00:45:34,QA0016,PC-1016,5F4D09E4.jpg,False,
{F-0018301},09/09/2026 00:50:34,IA0008,PC-1008,6C5377D7.xls,False,
{F-0020249},09/09/2026 00:50:34,JA0009,PC-1009,CFA15468.pdf,False,
{F-0016862},09/09/2026 00:55:34,HA0007,PC-1007,BA2A5BC8.doc,False,
{F-0004290},09/09/2026 00:56:34,BA0001,PC-1001,B69FB02D.pdf,False,
{F-0018307},09/09/2026 00:58:34,IA0008,PC-1008,3E0DEF96.jpg,False,
{F-0024272},09/09/2026 01:03:34,LA0011,PC-1011,20B53489.txt,False,
{F-0007503},09/09/2026 01:05:34,CA0002,PC-1002,A23B920A.txt,False,
{F-0011919},09/09/2026 01:06:34,EA0004,PC-1004,05D01293.doc,False,
{F-0007507},09/09/2026 01:08:34,CA0002,PC-1002,F184211E.jpg,False,
{F-0028006},09/09/2026 01:09:34,NA0013,PC-1013,A30A82D4.pdf,False,
{F-0011923},09/09/2026 01:15:34,EA0004,PC-1004,AD62758E.txt,False,
{F-0033715},09/09/2026 01:19:34,QA0016,PC-1016,A88C3F6E.doc,False,
{F-0007492},09/09/2026 01:22:34,CA0002,PC-1002,3B98E838.xls,False,
{F-0024274},09/09/2026 01:26:34,LA0011,PC-1011,76B33D07.doc,False,
{F-0011916},09/09/2026 01:27:34,EA0004,PC-1004,F6A602B5.xls,False,
{F-0015510},09/09/2026 01:29:34,GA0006,PC-1006,4A0D5FCF.doc,False,
{F-0011917},09/09/2026 01:31:34,EA0004,PC-1004,B79DF44C.xls,False,
{F-0020247},09/09/2026 01:32:34,JA0009,PC-1009,CEC664DC.pdf,False,
{F-0004287},09/09/2026 01:35:34,BA0001,PC-1001,A6298D98.xlsx,False,
{F-0010301},09/09/2026 01:38:34,DA0003,PC-1003,53C26985.xls,False,
{F-0015506},09/09/2026 01:40:34,GA0006,PC-1006,1DF57190.jpg,False,
{F-0034874},09/09/2026 01:40:34,RA0017,PC-1017,54EDF9D3.jpg,False,
{F-0030409},09/09/2026 01:41:34,OA0014,PC-1014,8AE79BB1.xlsx,False,
{F-0030411},09/09/2026 01:42:34,OA0014,PC-1014,51DC4ADC.doc,False,
{F-0007508},09/09/2026 01:43:34,CA0002,PC-1002,0160F2F9.jpg,False,
{F-0004291},09/09/2026 01:45:34,BA0001,PC-1001,5E3DAFD5.xlsx,False,
{F-0024277},09/09/2026 01:51:34,LA0011,PC-1011,86C6D076.xls,False,
{F-0004285},09/09/2026 01:58:34,BA0001,PC-1001,0F81BE56.xlsx,False,
{F-0032253},09/09/2026 01:59:34,PA0015,PC-1015,96C66FD7.xls,False,
{F-0015505},09/09/2026 02:11:34,GA0006,PC-1006,F93229C9.xlsx,False,
{F-0011918},09/09/2026 02:15:34,EA0004,PC-1004,24512171.xlsx,False,
{F-0032252},09/09/2026 02:16:34,PA0015,PC-1015,72065380.xls,False,
{F-0007488},09/09/2026 02:17:34,CA0002,PC-1002,B06EF8B7.doc,False,
{F-0013340},09/09/2026 02:27:34,FA0005,PC-1005,3FEB82A6.txt,False,
{F-0007490},09/09/2026 02:38:34,CA0002,PC-1002,4F0731E5.xls,False,
{F-0007504},09/09/2026 02:40:34,CA0002,PC-1002,BE496D97.doc,False,
{F-0007496},09/09/2026 02:42:34,CA0002,PC-1002,A51B78A4.jpg,False,
{F-0020243},09/09/2026 02:43:34,JA0009,PC-1009,E97485D3.xlsx,False,
{F-0026246},09/09/2026 02:44:34,MA0012,PC-1012,FFDCBDEE.doc,False,
{F-0013343},09/09/2026 02:46:34,FA0005,PC-1005,79758D38.doc,False,
{F-0033712},09/09/2026 02:48:34,QA0016,PC-1016,7E02D0CC.xlsx,False,
{F-0004286},09/09/2026 02:50:34,BA0001,PC-1001,29DC11DE.xlsx,False,
{F-0011921},09/09/2026 02:51:34,EA0004,PC-1004,7523C98B.doc,False,
{F-0028004},09/09/2026 02:52:34,NA0013,PC-1013,F2A548E3.doc,False,
{F-0007506},09/09/2026 02:56:34,CA0002,PC-1002,08318B2E.doc,False,
{F-0010307},09/09/2026 02:58:34,DA0003,PC-1003,92DF2DB5.doc,False,
{F-0007499},09/09/2026 03:07:34,CA0002,PC-1002,A67E52B8.xlsx,False,
{F-0024273},09/09/2026 03:07:34,LA0011,PC-1011,E9884205.jpg,False,
{F-0018310},09/09/2026 03:13:34,IA0008,PC-1008,B1BC167C.jpg,False,
{F-0032255},09/09/2026 03:16:34,PA0015,PC-1015,2843134B.txt,False,
{F-0032254},09/09/2026 03:20:34,PA0015,PC-1015,D79A276B.doc,False,
{F-0018309},09/09/2026 03:22:34,IA0008,PC-1008,EC27F729.txt,False,
{F-0020248},09/09/2026 03:25:34,JA0009,PC-1009,4D9B75F0.xlsx,False,
{F-0007509},09/09/2026 03:26:34,CA0002,PC-1002,66EE890E.doc,False,
{F-0024269},09/09/2026 03:28:34,LA0011,PC-1011,4E4FFFAE.doc,False,
{F-0004284},09/09/2026 03:29:34,BA0001,PC-1001,0CBF3CF1.txt,False,
{F-0010299},09/09/2026 03:30:34,DA0003,PC-1003,9E410795.xlsx,False,
{F-0033713},09/09/2026 03:34:34,QA0016,PC-1016,4416ABEE.doc,False,
{F-0034873},09/09/2026 03:34:34,RA0017,PC-1017,8A33C622.txt,False,
{F-0004283},09/09/2026 03:35:34,BA0001,PC-1001,8088CC06.pdf,False,
{F-0020242},09/09/2026 03:38:34,JA0009,PC-1009,F1695784.jpg,False,
{F-0013351},09/09/2026 03:41:34,FA0005,PC-1005,4DEF3FE5.doc,False,
{F-0018312},09/09/2026 03:42:34,IA0008,PC-1008,987DAD39.xlsx,False,
{F-0007502},09/09/2026 03:43:34,CA0002,PC-1002,AC273BBA.txt,False,
{F-0020244},09/09/2026 03:43:34,JA0009,PC-1009,1AEE655F.xls,False,
{F-0032256},09/09/2026 03:46:34,PA0015,PC-1015,326FB5CB.xls,False,
{F-0024267},09/09/2026 03:49:34,LA0011,PC-1011,789C3CED.pdf,False,
{F-0028007},09/09/2026 03:52:34,NA0013,PC-1013,6EAF5F61.xlsx,False,
{F-0024279},09/09/2026 04:05:34,LA0011,PC-1011,AF661B4A.xlsx,False,
{F-0024278},09/09/2026 04:10:34,LA0011,PC-1011,BC46C985.doc,False,
{F-0026237},09/09/2026 04:11:34,MA0012,PC-1012,7E97257B.doc,False,
{F-0024266},09/09/2026 04:14:34,LA0011,PC-1011,3C7BDD05.doc,False,
{F-0013346},09/09/2026 04:15:34,FA0005,PC-1005,CE2496E5.xls,False,
{F-0011924},09/09/2026 04:20:34,EA0004,PC-1004,6D6C1578.doc,False,
{F-0013345},09/09/2026 04:23:34,FA0005,PC-1005,CA4A21C5.pdf,False,
{F-0013342},09/09/2026 04:32:34,FA0005,PC-1005,1BCE8C76.doc,False,
{F-0032257},09/09/2026 04:37:34,PA0015,PC-1015,A102B7F0.jpg,False,
{F-0013349},09/09/2026 05:09:34,FA0005,PC-1005,C2519C84.xls,False,
{F-0013350},09/09/2026 05:18:34,FA0005,PC-1005,66C64514.xls,False,
{F-0013347},09/09/2026 05:22:34,FA0005,PC-1005,E3A6B367.xls,False,
{F-0033714},09/09/2026 05:26:34,QA0016,PC-1016,8BF58205.xlsx,False,
{F-0033711},09/09/2026 05:30:34,QA0016,PC-1016,C58B0AF3.doc,False,
{F-0013344},09/09/2026 05:36:34,FA0005,PC-1005,091DD7C0.jpg,False,
{F-0013337},09/09/2026 05:42:34,FA0005,PC-1005,AD76D2F6.txt,False,
{F-0028057},09/09/2026 18:12:34,NA0013,PC-1013,CE4C6B93.jpg,False,
{F-0028048},09/09/2026 18:33:34,NA0013,PC-1013,7DE4C094.jpg,False,
{F-0028053},09/09/2026 18:33:34,NA0013,PC-1013,47A5ADB7.txt,False,
{F-0028049},09/09/2026 18:46:34,NA0013,PC-1013,66C4FEBA.doc,False,
{F-0026279},09/09/2026 18:49:34,MA0012,PC-1012,A7E4E752.doc,False,
{F-0024314},09/09/2026 19:05:34,LA0011,PC-1011,E0F4F29E.xls,False,
{F-0028056},09/09/2026 19:22:34,NA0013,PC-1013,0BA1858B.txt,False,
{F-0024306},09/09/2026 19:23:34,LA0011,PC-1011,3E038358.pdf,False,
{F-0018340},09/09/2026 19:24:34,IA0008,PC-1008,65D83D2F.pdf,False,
{F-0018343},09/09/2026 19:28:34,IA0008,PC-1008,556F55D4.jpg,False,
{F-0016886},09/09/2026 19:30:34,HA0007,PC-1007,2E06721B.xlsx,False,
{F-0015548},09/09/2026 19:33:34,GA0006,PC-1006,0453E5C2.jpg,False,
{F-0028050},09/09/2026 19:34:34,NA0013,PC-1013,2B4DEF46.txt,False,
{F-0018328},09/09/2026 19:46:34,IA0008,PC-1008,6C702902.txt,False,
{F-0020298},09/09/2026 19:47:34,JA0009,PC-1009,0792CCB3.jpg,False,
{F-0010351},09/09/2026 19:54:34,DA0003,PC-1003,25A21C22.doc,False,
{F-0020290},09/09/2026 19:55:34,JA0009,PC-1009,3B859E25.doc,False,
{F-0004331},09/09/2026 19:56:34,BA0001,PC-1001,45BD1C23.doc,False,
{F-0020302},09/09/2026 19:57:34,JA0009,PC-1009,0CDB6612.doc,False,
{F-0024304},09/09/2026 20:01:34,LA0011,PC-1011,E19AA180.xls,False,
{F-0020286},09/09/2026 20:06:34,JA0009,PC-1009,762B3E85.xls,False,
{F-0020292},09/09/2026 20:07:34,JA0009,PC-1009,C23D8B93.doc,False,
{F-0022263},09/09/2026 20:09:34,KA0010,PC-1010,DAC1A87F.xlsx,False,
{F-0020294},09/09/2026 20:11:34,JA0009,PC-1009,BD21D5C5.jpg,False,
{F-0018337},09/09/2026 20:12:34,IA0008,PC-1008,7332E716.pdf,False,
{F-0026273},09/09/2026 20:12:34,MA0012,PC-1012,4A38EB82.xlsx,False,
{F-0001741},09/09/2026 20:15:34,AA0000,PC-1000,4D748840.jpg,False,
{F-0022253},09/09/2026 20:18:34,KA0010,PC-1010,FF7743B4.jpg,False,
{F-0018342},09/09/2026 20:20:34,IA0008,PC-1008,DA1FE87B.xls,False,
{F-0020283},09/09/2026 20:27:34,JA0009,PC-1009,CBBDCA54.doc,False,
{F-0024303},09/09/2026 20:31:34,LA0011,PC-1011,8A56CE46.pdf,False,
{F-0018331},09/09/2026 20:32:34,IA0008,PC-1008,FB9C5599.jpg,False,
{F-0033750},09/09/2026 20:32:34,QA0016,PC-1016,AA59EE73.xls,False,
{F-0020295},09/09/2026 20:33:34,JA0009,PC-1009,E41E9D5D.doc,False,
{F-0007570},09/09/2026 20:34:34,CA0002,PC-1002,B86CF99B.doc,False,
{F-0018332},09/09/2026 20:34:34,IA0008,PC-1008,1E531B65.doc,False,
{F-0024311},09/09/2026 20:35:34,LA0011,PC-1011,A2097E14.pdf,False,
{F-0020296},09/09/2026 20:36:34,JA0009,PC-1009,3438080D.xlsx,False,
{F-0013377},09/09/2026 20:39:34,FA0005,PC-1005,F3EC47A5.doc,False,
{F-0018350},09/09/2026 20:39:34,IA0008,PC-1008,B4D4CC37.txt,False,
{F-0007557},09/09/2026 20:41:34,CA0002,PC-1002,084C82DD.xlsx,False,
{F-0001737},09/09/2026 20:47:34,AA0000,PC-1000,778CAF46.txt,False,
{F-0011949},09/09/2026 20:47:34,EA0004,PC-1004,B84C2258.jpg,False,
{F-0018339},09/09/2026 20:47:34,IA0008,PC-1008,BAF9458E.xlsx,False,
{F-0032283},09/09/2026 20:48:34,PA0015,PC-1015,84CE2568.doc,False,
{F-0020299},09/09/2026 20:50:34,JA0009,PC-1009,3526E03B.doc,False,
{F-0007558},09/09/2026 20:51:34,CA0002,PC-1002,93454ED9.pdf,False,
{F-0001740},09/09/2026 20:54:34,AA0000,PC-1000,461FF631.doc,False,
{F-0007564},09/09/2026 20:57:34,CA0002,PC-1002,19F15C27.txt,False,
{F-0007579},09/09/2026 20:57:34,CA0002,PC-1002,24459C2F.jpg,False,
{F-0026275},09/09/2026 20:58:34,MA0012,PC-1012,00001C4D.txt,False,
{F-0007556},09/09/2026 21:01:34,CA0002,PC-1002,4BFDA1DD.doc,False,
{F-0007583},09/09/2026 21:02:34,CA0002,PC-1002,DA3354A0.pdf,False,
{F-0020304},09/09/2026 21:07:34,JA0009,PC-1009,A506D468.txt,False,
{F-0013367},09/09/2026 21:12:34,FA0005,PC-1005,0293FD6D.doc,False,
{F-0007568},09/09/2026 21:13:34,CA0002,PC-1002,53BBA184.xls,False,
{F-0018346},09/09/2026 21:15:34,IA0008,PC-1008,BD686654.xls,False,
{F-0013378},09/09/2026 21:17:34,FA0005,PC-1005,BBDFA7C4.pdf,False,
{F-0013371},09/09/2026 21:19:34,FA0005,PC-1005,F6CFCE90.xlsx,False,
{F-0013393},09/09/2026 21:20:34,FA0005,PC-1005,43B8B347.doc,False,
{F-0010355},09/09/2026 21:23:34,DA0003,PC-1003,997A0A32.doc,False,
{F-0007586},09/09/2026 21:26:34,CA0002,PC-1002,92B5DCC9.doc,False,
{F-0011953},09/09/2026 21:28:34,EA0004,PC-1004,194721CF.pdf,False,
{F-0004326},09/09/2026 21:32:34,BA0001,PC-1001,35389877.xls,False,
{F-0028058},09/09/2026 21:32:34,NA0013,PC-1013,96065904.xls,False,
{F-0034890},09/09/2026 21:33:34,RA0017,PC-1017,BF1F1E76.pdf,False,
{F-0013389},09/09/2026 21:35:34,FA0005,PC-1005,22E394F6.txt,False,
{F-0011951},09/09/2026 21:36:34,EA0004,PC-1004,609BFDDD.doc,False,
{F-0004323},09/09/2026 21:37:34,BA0001,PC-1001,CD170539.jpg,False,
{F-0016883},09/09/2026 21:42:34,HA0007,PC-1007,B4BEE6F3.doc,False,
{F-0020293},09/09/2026 21:45:34,JA0009,PC-1009,A9C327A6.xls,False,
{F-0022260},09/09/2026 21:49:34,KA0010,PC-1010,FB714931.xls,False,
{F-0001736},09/09/2026 21:51:34,AA0000,PC-1000,76AA6268.xls,False,
{F-0032286},09/09/2026 21:53:34,PA0015,PC-1015,9E914755.xls,False,
{F-0007561},09/09/2026 21:59:34,CA0002,PC-1002,79626028.jpg,False,
{F-0016888},09/09/2026 22:01:34,HA0007,PC-1007,5C6185AC.jpg,False,
{F-0010354},09/09/2026 22:04:34,DA0003,PC-1003,81B05983.pdf,False,
{F-0010356},09/09/2026 22:04:34,DA0003,PC-1003,25B33E2D.jpg,False,
{F-0013390},09/09/2026 22:05:34,FA0005,PC-1005,B451D71A.xlsx,False,
{F-0022258},09/09/2026 22:06:34,KA0010,PC-1010,A0B249F0.jpg,False,
{F-0033747},09/09/2026 22:09:34,QA0016,PC-1016,8F3C9AD8.jpg,False,
{F-0018341},09/09/2026 22:18:34,IA0008,PC-1008,F33B872B.doc,False,
{F-0028045},09/09/2026 22:21:34,NA0013,PC-1013,98D88298.txt,False,
{F-0016885},09/09/2026 22:25:34,HA0007,PC-1007,B70E3615.txt,False,
{F-0018325},09/09/2026 22:26:34,IA0008,PC-1008,C05E7C6E.pdf,False,
{F-0028055},09/09/2026 22:33:34,NA0013,PC-1013,3DEA2D51.doc,False,
{F-0004325},09/09/2026 22:37:34,BA0001,PC-1001,0A7B32F4.xls,False,
{F-0026276},09/09/2026 22:41:34,MA0012,PC-1012,44F69821.txt,False,
{F-0004332},09/09/2026 22:43:34,BA0001,PC-1001,3D78D8F7.xlsx,False,
{F-0024312},09/09/2026 22:43:34,LA0011,PC-1011,DB8B1914.xlsx,False,
{F-0018327},09/09/2026 22:45:34,IA0008,PC-1008,AB3A1749.xlsx,False,
{F-0007569},09/09/2026 22:48:34,CA0002,PC-1002,5F728472.txt,False,
{F-0020306},09/09/2026 22:48:34,JA0009,PC-1009,5DF1B957.doc,False,
{F-0022261},09/09/2026 22:48:34,KA0010,PC-1010,D7F5E665.doc,False,
{F-0020282},09/09/2026 22:49:34,JA0009,PC-1009,A3975141.txt,False,
{F-0013373},09/09/2026 22:52:34,FA0005,PC-1005,76C9CA7E.txt,False,
{F-0016887},09/09/2026 22:53:34,HA0007,PC-1007,82EE9B33.xlsx,False,
{F-0020303},09/09/2026 22:53:34,JA0009,PC-1009,59A0CC70.xlsx,False,
{F-0022257},09/09/2026 22:59:34,KA0010,PC-1010,33729E0F.pdf,False,
{F-0016884},09/09/2026 23:07:34,HA0007,PC-1007,564CEEF5.xls,False,
{F-0022264},09/09/2026 23:08:34,KA0010,PC-1010,CF04251B.doc,False,
{F-0018333},09/09/2026 23:13:34,IA0008,PC-1008,35635813.pdf,False,
{F-0018354},09/09/2026 23:13:34,IA0008,PC-1008,61CB04F0.xlsx,False,
{F-0018326},09/09/2026 23:18:34,IA0008,PC-1008,1BA91FE0.xls,False,
{F-0020289},09/09/2026 23:24:34,JA0009,PC-1009,A6372E93.jpg,False,
{F-0010357},09/09/2026 23:25:34,DA0003,PC-1003,F194CDA0.xls,False,
{F-0020305},09/09/2026 23:34:34,JA0009,PC-1009,8673FCBB.txt,False,
{F-0022250},09/09/2026 23:37:34,KA0010,PC-1010,3A241929.doc,False,
{F-0020301},09/09/2026 23:39:34,JA0009,PC-1009,105F92EB.xlsx,False,
{F-0007575},09/09/2026 23:40:34,CA0002,PC-1002,031F0F0A.jpg,False,
{F-0022265},09/09/2026 23:41:34,KA0010,PC-1010,99AC17A1.txt,False,
{F-0013383},09/09/2026 23:42:34,FA0005,PC-1005,77E437B3.doc,False,
{F-0034891},09/09/2026 23:42:34,RA0017,PC-1017,ECE9AF55.doc,False,
{F-0022259},09/09/2026 23:46:34,KA0010,PC-1010,AC3439CF.doc,False,
{F-0020300},09/09/2026 23:48:34,JA0009,PC-1009,10E40007.txt,False,
{F-0004327},09/09/2026 23:49:34,BA0001,PC-1001,4C025BCF.doc,False,
{F-0001745},09/09/2026 23:52:34,AA0000,PC-1000,59AFE04E.txt,False,
{F-0007587},09/09/2026 23:52:34,CA0002,PC-1002,151869AB.xls,False,
{F-0020284},09/09/2026 23:53:34,JA0009,PC-1009,8AD1E58D.xlsx,False,
{F-0004329},09/09/2026 23:56:34,BA0001,PC-1001,4B2F683D.jpg,False,
{F-0013382},09/09/2026 23:56:34,FA0005,PC-1005,C9E20AFD.doc,False,
{F-0030456},09/09/2026 23:57:34,OA0014,PC-1014,6BE7D251.jpg,False,
{F-0026271},09/09/2026 23:59:34,MA0012,PC-1012,D7D97820.doc,False,
{F-0004330},09/10/2026 00:11:34,BA0001,PC-1001,2A394629.doc,False,
{F-0015551},09/10/2026 00:14:34,GA0006,PC-1006,D7427FC5.txt,False,
{F-0034889},09/10/2026 00:14:34,RA0017,PC-1017,198002A2.doc,False,
{F-0015549},09/10/2026 00:20:34,GA0006,PC-1006,3B900C43.pdf,False,
{F-0015547},09/10/2026 00:26:34,GA0006,PC-1006,A84E677C.xls,False,
{F-0011947},09/10/2026 00:28:34,EA0004,PC-1004,A8352CE5.doc,False,
{F-0032287},09/10/2026 00:28:34,PA0015,PC-1015,620EE03A.xls,False,
{F-0028054},09/10/2026 00:31:34,NA0013,PC-1013,33B3DE72.doc,False,
{F-0030459},09/10/2026 00:31:34,OA0014,PC-1014,AEA8F005.pdf,False,
{F-0007567},09/10/2026 00:36:34,CA0002,PC-1002,1359980E.jpg,False,
{F-0010350},09/10/2026 00:38:34,DA0003,PC-1003,74F5399D.doc,False,
{F-0020291},09/10/2026 00:40:34,JA0009,PC-1009,2DC9F382.txt,False,
{F-0011946},09/10/2026 00:44:34,EA0004,PC-1004,37ADC8DD.pdf,False,
{F-0018336},09/10/2026 00:44:34,IA0008,PC-1008,6521BC1B.pdf,False,
{F-0001739},09/10/2026 00:45:34,AA0000,PC-1000,4D0FCED5.xlsx,False,
{F-0018349},09/10/2026 00:45:34,IA0008,PC-1008,8895146C.jpg,False,
{F-0034893},09/10/2026 00:46:34,RA0017,PC-1017,06160BAD.xlsx,False,
{F-0018347},09/10/2026 00:47:34,IA0008,PC-1008,50CD6CA6.xlsx,False,
{F-0018352},09/10/2026 00:48:34,IA0008,PC-1008,57E9DDB1.xlsx,False,
{F-0013368},09/10/2026 00:51:34,FA0005,PC-1005,5F0677BD.txt,False,
{F-0007566},09/10/2026 00:53:34,CA0002,PC-1002,901C923C.txt,False,
{F-0011948},09/10/2026 00:55:34,EA0004,PC-1004,70D7F907.doc,False,
{F-0030460},09/10/2026 00:56:34,OA0014,PC-1014,9E1895EB.pdf,False,
{F-0034895},09/10/2026 00:57:34,RA0017,PC-1017,EFE55281.jpg,False,
{F-0004333},09/10/2026 00:59:34,BA0001,PC-1001,8A7D9A33.xls,False,
{F-0028051},09/10/2026 01:01:34,NA0013,PC-1013,D16070D1.jpg,False,
{F-0013385},09/10/2026 01:02:34,FA0005,PC-1005,583D9133.doc,False,
{F-0018348},09/10/2026 01:02:34,IA0008,PC-1008,FADF4A5E.doc,False,
{F-0013376},09/10/2026 01:07:34,FA0005,PC-1005,D94B3AA1.xlsx,False,
{F-0028047},09/10/2026 01:09:34,NA0013,PC-1013,FA996721.jpg,False,
{F-0007572},09/10/2026 01:10:34,CA0002,PC-1002,FF1C704D.doc,False,
{F-0007563},09/10/2026 01:14:34,CA0002,PC-1002,41B2ED24.xls,False,
{F-0001746},09/10/2026 01:17:34,AA0000,PC-1000,EED8FF5D.jpg,False,
{F-0016882},09/10/2026 01:17:34,HA0007,PC-1007,8622BF12.doc,False,
{F-0015550},09/10/2026 01:21:34,GA0006,PC-1006,17F9887D.doc,False,
{F-0010353},09/10/2026 01:22:34,DA0003,PC-1003,E4E279EF.jpg,False,
{F-0018335},09/10/2026 01:24:34,IA0008,PC-1008,7BF0F28E.pdf,False,
{F-0018330},09/10/2026 01:27:34,IA0008,PC-1008,CCABB788.doc,False,
{F-0034892},09/10/2026 01:28:34,RA0017,PC-1017,805171D1.pdf,False,
{F-0004324},09/10/2026 01:29:34,BA0001,PC-1001,D2E8F711.txt,False,
{F-0007589},09/10/2026 01:30:34,CA0002,PC-1002,CCB80647.doc,False,
{F-0010348},09/10/2026 01:30:34,DA0003,PC-1003,E9D1E887.txt,False,
{F-0024307},09/10/2026 01:31:34,LA0011,PC-1011,176A85F6.txt,False,
{F-0007588},09/10/2026 01:35:34,CA0002,PC-1002,54AE7327.xls,False,
{F-0020297},09/10/2026 01:35:34,JA0009,PC-1009,568B1B9B.jpg,False,
{F-0022252},09/10/2026 01:36:34,KA0010,PC-1010,8EF6ACD8.pdf,False,
{F-0022249},09/10/2026 01:38:34,KA0010,PC-1010,DA48D1D4.doc,False,
{F-0007560},09/10/2026 01:42:34,CA0002,PC-1002,B596DC3B.doc,False,
{F-0018334},09/10/2026 01:42:34,IA0008,PC-1008,60164F32.xls,False,
{F-0018351},09/10/2026 01:45:34,IA0008,PC-1008,98200419.doc,False,
{F-0020288},09/10/2026 01:46:34,JA0009,PC-1009,B39AF275.doc,False,
{F-0013381},09/10/2026 01:48:34,FA0005,PC-1005,B0A77B62.pdf,False,
{F-0001742},09/10/2026 01:49:34,AA0000,PC-1000,31F852D4.txt,False,
{F-0007582},09/10/2026 01:51:34,CA0002,PC-1002,45954C0C.jpg,False,
{F-0022256},09/10/2026 01:52:34,KA0010,PC-1010,40255DC9.jpg,False,
{F-0024308},09/10/2026 01:52:34,LA0011,PC-1011,31BBE011.xlsx,False,
{F-0010349},09/10/2026 01:54:34,DA0003,PC-1003,25D166BD.pdf,False,
{F-0016889},09/10/2026 01:55:34,HA0007,PC-1007,75408332.doc,False,
{F-0007571},09/10/2026 01:56:34,CA0002,PC-1002,956C750E.jpg,False,
{F-0018345},09/10/2026 01:56:34,IA0008,PC-1008,26C08201.doc,False,
{F-0018353},09/10/2026 01:57:34,IA0008,PC-1008,47115D65.jpg,False,
{F-0032285},09/10/2026 01:57:34,PA0015,PC-1015,F95A9E4A.doc,False,
{F-0026272},09/10/2026 01:59:34,MA0012,PC-1012,74EEFE07.xlsx,False,
{F-0011945},09/10/2026 02:01:34,EA0004,PC-1004,153C6F8D.xlsx,False,
{F-0018338},09/10/2026 02:01:34,IA0008,PC-1008,91F5010C.jpg,False,
{F-0022251},09/10/2026 02:06:34,KA0010,PC-1010,B8C8F910.doc,False,
{F-0001747},09/10/2026 02:07:34,AA0000,PC-1000,4385C0E9.xlsx,False,
{F-0018344},09/10/2026 02:08:34,IA0008,PC-1008,826E5F2F.doc,False,
{F-0024316},09/10/2026 02:13:34,LA0011,PC-1011,97730282.pdf,False,
{F-0026277},09/10/2026 02:22:34,MA0012,PC-1012,50A588A5.pdf,False,
{F-0007559},09/10/2026 02:23:34,CA0002,PC-1002,99E5310E.jpg,False,
{F-0026278},09/10/2026 02:28:34,MA0012,PC-1012,063190D2.doc,False,
{F-0024315},09/10/2026 02:30:34,LA0011,PC-1011,EAF0A802.txt,False,
{F-0013386},09/10/2026 02:34:34,FA0005,PC-1005,1DC32445.jpg,False,
{F-0013387},09/10/2026 02:34:34,FA0005,PC-1005,610CA3B7.doc,False,
{F-0018329},09/10/2026 02:35:34,IA0008,PC-1008,64921794.jpg,False,
{F-0032284},09/10/2026 02:36:34,PA0015,PC-1015,06FABB23.xls,False,
{F-0001744},09/10/2026 02:41:34,AA0000,PC-1000,11C9BCB6.pdf,False,
{F-0013369},09/10/2026 02:47:34,FA0005,PC-1005,4A0DAFBB.txt,False,
{F-0007580},09/10/2026 02:48:34,CA0002,PC-1002,4D027DD5.xlsx,False,
{F-0030457},09/10/2026 03:00:34,OA0014,PC-1014,655AEF66.xlsx,False,
{F-0007576},09/10/2026 03:01:34,CA0002,PC-1002,7B98979F.pdf,False,
{F-0011950},09/10/2026 03:02:34,EA0004,PC-1004,813BADB8.pdf,False,
{F-0026274},09/10/2026 03:02:34,MA0012,PC-1012,20414604.txt,False,
{F-0028059},09/10/2026 03:02:34,NA0013,PC-1013,B76D1CFD.jpg,False,
{F-0032288},09/10/2026 03:07:34,PA0015,PC-1015,5C980D7F.doc,False,
{F-0034894},09/10/2026 03:07:34,RA0017,PC-1017,B6E5FEBE.pdf,False,
{F-0024310},09/10/2026 03:12:34,LA0011,PC-1011,CFF169C7.txt,False,
{F-0028046},09/10/2026 03:12:34,NA0013,PC-1013,A3167B0A.doc,False,
{F-0028060},09/10/2026 03:14:34,NA0013,PC-1013,C9F7BA04.xls,False,
{F-0024302},09/10/2026 03:15:34,LA0011,PC-1011,EA620F79.doc,False,
{F-0022255},09/10/2026 03:16:34,KA0010,PC-1010,D47E62C0.doc,False,
{F-0011943},09/10/2026 03:24:34,EA0004,PC-1004,AD54789A.doc,False,
{F-0020287},09/10/2026 03:24:34,JA0009,PC-1009,5A65B793.xls,False,
{F-0033748},09/10/2026 03:29:34,QA0016,PC-1016,B857CD05.xlsx,False,
{F-0020285},09/10/2026 03:31:34,JA0009,PC-1009,5AF28718.doc,False,
{F-0013388},09/10/2026 03:34:34,FA0005,PC-1005,52775996.jpg,False,
{F-0015552},09/10/2026 03:35:34,GA0006,PC-1006,F7A47583.doc,False,
{F-0028052},09/10/2026 03:36:34,NA0013,PC-1013,E4825250.pdf,False,
{F-0024309},09/10/2026 03:42:34,LA0011,PC-1011,544C9BA3.jpg,False,
{F-0010352},09/10/2026 03:44:34,DA0003,PC-1003,6A06FDE1.doc,False,
{F-0030458},09/10/2026 03:47:34,OA0014,PC-1014,CF341215.txt,False,
{F-0022262},09/10/2026 03:49:34,KA0010,PC-1010,33184C7C.xlsx,False,
{F-0032282},09/10/2026 03:49:34,PA0015,PC-1015,55C6ADCE.jpg,False,
{F-0011952},09/10/2026 03:52:34,EA0004,PC-1004,F98A13E6.xls,False,
{F-0004328},09/10/2026 03:54:34,BA0001,PC-1001,177E5A1E.jpg,False,
{F-0024305},09/10/2026 03:54:34,LA0011,PC-1011,3B3C3DD4.jpg,False,
{F-0011944},09/10/2026 03:55:34,EA0004,PC-1004,119534C7.xlsx,False,
{F-0024313},09/10/2026 03:58:34,LA0011,PC-1011,F174D234.doc,False,
{F-0024317},09/10/2026 03:59:34,LA0011,PC-1011,59315A74.pdf,False,
{F-0001738},09/10/2026 04:02:34,AA0000,PC-1000,3236011D.xlsx,False,
{F-0013392},09/10/2026 04:03:34,FA0005,PC-1005,2D596B79.xls,False,
{F-0001743},09/10/2026 04:05:34,AA0000,PC-1000,5D39042C.txt,False,
{F-0007581},09/10/2026 04:09:34,CA0002,PC-1002,C695B61C.xlsx,False,
{F-0007577},09/10/2026 04:15:34,CA0002,PC-1002,12A83531.xls,False,
{F-0007562},09/10/2026 04:20:34,CA0002,PC-1002,B47E4E24.txt,False,
{F-0033746},09/10/2026 04:25:34,QA0016,PC-1016,59AD0C39.xlsx,False,
{F-0022254},09/10/2026 04:26:34,KA0010,PC-1010,94172CFE.txt,False,
{F-0011954},09/10/2026 04:27:34,EA0004,PC-1004,82315EAE.pdf,False,
{F-0007584},09/10/2026 04:28:34,CA0002,PC-1002,C5B00DD1.xlsx,False,
{F-0013391},09/10/2026 04:29:34,FA0005,PC-1005,0FCB5F28.doc,False,
{F-0022248},09/10/2026 04:31:34,KA0010,PC-1010,AD230EFE.xls,False,
{F-0007578},09/10/2026 04:32:34,CA0002,PC-1002,CE941F0B.xls,False,
{F-0013375},09/10/2026 04:35:34,FA0005,PC-1005,45414A87.txt,False,
{F-0013374},09/10/2026 04:38:34,FA0005,PC-1005,D17B4E1F.jpg,False,
{F-0007574},09/10/2026 04:45:34,CA0002,PC-1002,126B9C6B.xlsx,False,
{F-0007585},09/10/2026 04:59:34,CA0002,PC-1002,408F9E60.pdf,False,
{F-0007565},09/10/2026 05:00:34,CA0002,PC-1002,2D91B8F0.doc,False,
{F-0007573},09/10/2026 05:06:34,CA0002,PC-1002,AEE9DF2B.xlsx,False,
{F-0013384},09/10/2026 05:07:34,FA0005,PC-1005,2504D2D5.xlsx,False,
{F-0013380},09/10/2026 05:18:34,FA0005,PC-1005,5799E8A9.pdf,False,
{F-0013372},09/10/2026 05:20:34,FA0005,PC-1005,7B1DB041.doc,False,
{F-0013370},09/10/2026 05:28:34,FA0005,PC-1005,2329DDFD.xls,False,
{F-0033749},09/10/2026 05:28:34,QA0016,PC-1016,C1C41E50.doc,False,
{F-0013379},09/10/2026 05:43:34,FA0005,PC-1005,575668D9.xlsx,False,
{F-0018375},09/10/2026 18:37:34,IA0008,PC-1008,9C2E2022.jpg,False,
{F-0028096},09/10/2026 18:46:34,NA0013,PC-1013,23A7F875.jpg,False,
{F-0018380},09/10/2026 18:47:34,IA0008,PC-1008,97474FF9.xls,False,
{F-0028101},09/10/2026 19:10:34,NA0013,PC-1013,F6C89449.txt,False,
{F-0015615},09/10/2026 19:15:34,GA0006,PC-1006,9690EB80.doc,False,
{F-0026325},09/10/2026 19:18:34,MA0012,PC-1012,8DFFAD61.pdf,False,
{F-0028099},09/10/2026 19:23:34,NA0013,PC-1013,65022036.txt,False,
{F-0010422},09/10/2026 19:40:34,DA0003,PC-1003,869C13D8.xlsx,False,
{F-0015625},09/10/2026 19:43:34,GA0006,PC-1006,400B6204.doc,False,
{F-0015616},09/10/2026 19:47:34,GA0006,PC-1006,98DDC361.pdf,False,
{F-0028098},09/10/2026 19:51:34,NA0013,PC-1013,744DFF65.jpg,False,
{F-0024337},09/10/2026 19:52:34,LA0011,PC-1011,F0D467A1.pdf,False,
{F-0026324},09/10/2026 19:53:34,MA0012,PC-1012,E0DFAEE3.txt,False,
{F-0010426},09/10/2026 20:06:34,DA0003,PC-1003,A74B8527.xls,False,
{F-0033771},09/10/2026 20:11:34,QA0016,PC-1016,73BD22B8.pdf,False,
{F-0001792},09/10/2026 20:17:34,AA0000,PC-1000,E35840BF.pdf,False,
{F-0030516},09/10/2026 20:18:34,OA0014,PC-1014,79560288.jpg,False,
{F-0010423},09/10/2026 20:21:34,DA0003,PC-1003,C8C79CDC.xls,False,
{F-0004361},09/10/2026 20:26:34,BA0001,PC-1001,A04D4FA9.xlsx,False,
{F-0015620},09/10/2026 20:31:34,GA0006,PC-1006,DEA4EA8C.pdf,False,
{F-0022300},09/10/2026 20:33:34,KA0010,PC-1010,6BE13A64.jpg,False,
{F-0018382},09/10/2026 20:35:34,IA0008,PC-1008,9E11CB7D.txt,False,
{F-0001783},09/10/2026 20:36:34,AA0000,PC-1000,E3A62068.doc,False,
{F-0020352},09/10/2026 20:39:34,JA0009,PC-1009,85981502.xlsx,False,
{F-0020344},09/10/2026 20:40:34,JA0009,PC-1009,8AF9BCC8.pdf,False,
{F-0013416},09/10/2026 20:41:34,FA0005,PC-1005,51A7D4B5.pdf,False,
{F-0022298},09/10/2026 20:47:34,KA0010,PC-1010,73D27021.xls,False,
{F-0024338},09/10/2026 20:47:34,LA0011,PC-1011,FC51445E.doc,False,
{F-0030508},09/10/2026 20:47:34,OA0014,PC-1014,623690C1.doc,False,
{F-0020342},09/10/2026 20:50:34,JA0009,PC-1009,7A976EA7.pdf,False,
{F-0011976},09/10/2026 20:52:34,EA0004,PC-1004,3A32B470.txt,False,
{F-0010419},09/10/2026 20:53:34,DA0003,PC-1003,4C9CAE41.txt,False,
{F-0024345},09/10/2026 21:01:34,LA0011,PC-1011,C443AA2F.pdf,False,
{F-0030505},09/10/2026 21:02:34,OA0014,PC-1014,4C71A610.jpg,False,
{F-0030514},09/10/2026 21:02:34,OA0014,PC-1014,8D3BE4EC.xlsx,False,
{F-0034909},09/10/2026 21:02:34,RA0017,PC-1017,96C2FB1E.jpg,False,
{F-0015622},09/10/2026 21:07:34,GA0006,PC-1006,BD68A86C.jpg,False,
{F-0011973},09/10/2026 21:10:34,EA0004,PC-1004,217A6EC6.pdf,False,
{F-0034908},09/10/2026 21:11:34,RA0017,PC-1017,394BDACF.doc,False,
{F-0024333},09/10/2026 21:16:34,LA0011,PC-1011,E5D141A2.pdf,False,
{F-0004367},09/10/2026 21:17:34,BA0001,PC-1001,06047F4E.txt,False,
{F-0030515},09/10/2026 21:17:34,OA0014,PC-1014,EB2910E9.xlsx,False,
{F-0020348},09/10/2026 21:18:34,JA0009,PC-1009,0E870FB7.doc,False,
{F-0010420},09/10/2026 21:22:34,DA0003,PC-1003,545FEE5C.txt,False,
{F-0020353},09/10/2026 21:35:34,JA0009,PC-1009,5A195660.txt,False,
{F-0010432},09/10/2026 21:36:34,DA0003,PC-1003,32444D7C.txt,False,
{F-0015626},09/10/2026 21:36:34,GA0006,PC-1006,15CD5314.pdf,False,
{F-0033776},09/10/2026 21:38:34,QA0016,PC-1016,D79ECC93.jpg,False,
{F-0010434},09/10/2026 21:41:34,DA0003,PC-1003,5D2D3EEF.doc,False,
{F-0016908},09/10/2026 21:44:34,HA0007,PC-1007,1A5F87BD.xlsx,False,
{F-0022302},09/10/2026 21:45:34,KA0010,PC-1010,D7352771.xlsx,False,
{F-0024344},09/10/2026 21:46:34,LA0011,PC-1011,47432BFE.txt,False,
{F-0016913},09/10/2026 21:47:34,HA0007,PC-1007,E0A957F2.pdf,False,
{F-0004364},09/10/2026 21:48:34,BA0001,PC-1001,BC2A5797.xls,False,
{F-0022310},09/10/2026 21:50:34,KA0010,PC-1010,1C7F7774.xls,False,
{F-0026320},09/10/2026 21:54:34,MA0012,PC-1012,4DD99817.jpg,False,
{F-0022306},09/10/2026 22:02:34,KA0010,PC-1010,2410B07D.txt,False,
{F-0010427},09/10/2026 22:03:34,DA0003,PC-1003,07834822.xlsx,False,
{F-0010431},09/10/2026 22:03:34,DA0003,PC-1003,CC6B3304.pdf,False,
{F-0018384},09/10/2026 22:04:34,IA0008,PC-1008,5E3C8DE4.pdf,False,
{F-0020346},09/10/2026 22:06:34,JA0009,PC-1009,EB7F543D.xls,False,
{F-0018387},09/10/2026 22:13:34,IA0008,PC-1008,834ED9D6.xlsx,False,
{F-0028095},09/10/2026 22:13:34,NA0013,PC-1013,38669169.pdf,False,
{F-0016909},09/10/2026 22:15:34,HA0007,PC-1007,EF9EC286.xlsx,False,
{F-0001787},09/10/2026 22:16:34,AA0000,PC-1000,1DE90096.pdf,False,
{F-0020341},09/10/2026 22:38:34,JA0009,PC-1009,C241922F.txt,False,
{F-0030512},09/10/2026 22:39:34,OA0014,PC-1014,BCA3CD20.doc,False,
{F-0001788},09/10/2026 22:41:34,AA0000,PC-1000,A65B64EC.pdf,False,
{F-0018383},09/10/2026 22:41:34,IA0008,PC-1008,49EA1962.txt,False,
{F-0011981},09/10/2026 22:48:34,EA0004,PC-1004,326DF052.doc,False,
{F-0010424},09/10/2026 22:52:34,DA0003,PC-1003,6F4D4E62.doc,False,
{F-0015621},09/10/2026 22:55:34,GA0006,PC-1006,FA34C20B.doc,False,
{F-0018381},09/10/2026 23:01:34,IA0008,PC-1008,ABF8CE7B.doc,False,
{F-0010430},09/10/2026 23:03:34,DA0003,PC-1003,62041B27.pdf,False,
{F-0013412},09/10/2026 23:03:34,FA0005,PC-1005,A3BC80A8.txt,False,
{F-0011975},09/10/2026 23:05:34,EA0004,PC-1004,6813360A.doc,False,
{F-0022299},09/10/2026 23:08:34,KA0010,PC-1010,B79224EA.jpg,False,
{F-0001785},09/10/2026 23:09:34,AA0000,PC-1000,8F5E7D6E.xls,False,
{F-0032316},09/10/2026 23:09:34,PA0015,PC-1015,E517F97E.jpg,False,
{F-0030506},09/10/2026 23:11:34,OA0014,PC-1014,93DDA373.xls,False,
{F-0024335},09/10/2026 23:12:34,LA0011,PC-1011,EA72011F.pdf,False,
{F-0022308},09/10/2026 23:14:34,KA0010,PC-1010,21EF37E4.xls,False,
{F-0013410},09/10/2026 23:16:34,FA0005,PC-1005,81CC546A.doc,False,
{F-0015624},09/10/2026 23:18:34,GA0006,PC-1006,207A2683.doc,False,
{F-0011984},09/10/2026 23:20:34,EA0004,PC-1004,3CA455E0.pdf,False,
{F-0020347},09/10/2026 23:21:34,JA0009,PC-1009,100B0F8C.xlsx,False,
{F-0004369},09/10/2026 23:22:34,BA0001,PC-1001,1AA7DE09.xls,False,
{F-0016911},09/10/2026 23:23:34,HA0007,PC-1007,4B5EAA55.xls,False,
{F-0011983},09/10/2026 23:26:34,EA0004,PC-1004,082E0155.doc,False,
{F-0032314},09/10/2026 23:27:34,PA0015,PC-1015,E5911774.xls,False,
{F-0022303},09/10/2026 23:30:34,KA0010,PC-1010,77BED551.xlsx,False,
{F-0033773},09/10/2026 23:30:34,QA0016,PC-1016,E8975538.pdf,False,
{F-0001789},09/10/2026 23:31:34,AA0000,PC-1000,585B018B.doc,False,
{F-0013417},09/10/2026 23:32:34,FA0005,PC-1005,A0757C36.jpg,False,
{F-0024343},09/10/2026 23:35:34,LA0011,PC-1011,21E612BA.txt,False,
{F-0022314},09/10/2026 23:38:34,KA0010,PC-1010,E1C753C7.jpg,False,
{F-0030507},09/10/2026 23:45:34,OA0014,PC-1014,1D95B566.jpg,False,
{F-0026319},09/10/2026 23:49:34,MA0012,PC-1012,F022817C.xlsx,False,
{F-0010429},09/10/2026 23:54:34,DA0003,PC-1003,7F62C384.xlsx,False,
{F-0030513},09/10/2026 23:55:34,OA0014,PC-1014,9B92FA34.xls,False,
{F-0033772},09/10/2026 23:56:34,QA0016,PC-1016,B5FC56AD.pdf,False,
{F-0024331},09/10/2026 23:58:34,LA0011,PC-1011,03E6F531.doc,False,
{F-0016906},09/11/2026 00:01:34,HA0007,PC-1007,BE59662C.doc,False,
{F-0028100},09/11/2026 00:03:34,NA0013,PC-1013,9B280341.jpg,False,
{F-0032313},09/11/2026 00:06:34,PA0015,PC-1015,02039ABF.txt,False,
{F-0010428},09/11/2026 00:07:34,DA0003,PC-1003,0C9C53E9.xlsx,False,
{F-0030504},09/11/2026 00:08:34,OA0014,PC-1014,38B286C3.xls,False,
{F-0010433},09/11/2026 00:09:34,DA0003,PC-1003,E976C32D.xlsx,False,
{F-0026321},09/11/2026 00:15:34,MA0012,PC-1012,AF4E9602.xls,False,
{F-0018379},09/11/2026 00:17:34,IA0008,PC-1008,A386883B.jpg,False,
{F-0024341},09/11/2026 00:17:34,LA0011,PC-1011,A4D8D379.xlsx,False,
{F-0013411},09/11/2026 00:19:34,FA0005,PC-1005,823C42CA.xlsx,False,
{F-0001793},09/11/2026 00:24:34,AA0000,PC-1000,755AE09A.doc,False,
{F-0001794},09/11/2026 00:31:34,AA0000,PC-1000,096EF9EE.xlsx,False,
{F-0001786},09/11/2026 00:33:34,AA0000,PC-1000,45A976AE.doc,False,
{F-0030511},09/11/2026 00:34:34,OA0014,PC-1014,5046ACD1.xlsx,False,
{F-0004360},09/11/2026 00:35:34,BA0001,PC-1001,ABCA0A90.jpg,False,
{F-0011982},09/11/2026 00:35:34,EA0004,PC-1004,FCC88F0B.pdf,False,
{F-0018378},09/11/2026 00:37:34,IA0008,PC-1008,41E570B9.jpg,False,
{F-0015614},09/11/2026 00:41:34,GA0006,PC-1006,1A4FCB97.doc,False,
{F-0004363},09/11/2026 00:42:34,BA0001,PC-1001,E08D4AF4.xls,False,
{F-0011978},09/11/2026 00:43:34,EA0004,PC-1004,625B20D8.doc,False,
{F-0015623},09/11/2026 00:44:34,GA0006,PC-1006,0B9C3855.doc,False,
{F-0026323},09/11/2026 00:47:34,MA0012,PC-1012,F13BB45D.xlsx,False,
{F-0004366},09/11/2026 00:53:34,BA0001,PC-1001,2BB7460E.xlsx,False,
{F-0011980},09/11/2026 00:54:34,EA0004,PC-1004,F82B4F29.xls,False,
{F-0016904},09/11/2026 00:57:34,HA0007,PC-1007,4E5C58BE.xls,False,
{F-0018385},09/11/2026 00:57:34,IA0008,PC-1008,E3F43A4C.doc,False,
{F-0011985},09/11/2026 01:00:34,EA0004,PC-1004,0CE948F6.txt,False,
{F-0013408},09/11/2026 01:00:34,FA0005,PC-1005,0AB7B949.xlsx,False,
{F-0032315},09/11/2026 01:08:34,PA0015,PC-1015,F92BA352.jpg,False,
{F-0018386},09/11/2026 01:14:34,IA0008,PC-1008,2405912E.jpg,False,
{F-0030509},09/11/2026 01:15:34,OA0014,PC-1014,0CD3A64D.xls,False,
{F-0024342},09/11/2026 01:21:34,LA0011,PC-1011,F5106A80.doc,False,
{F-0004368},09/11/2026 01:25:34,BA0001,PC-1001,7869F8D7.pdf,False,
{F-0011977},09/11/2026 01:26:34,EA0004,PC-1004,D210A5AC.doc,False,
{F-0020350},09/11/2026 01:26:34,JA0009,PC-1009,8B65B11E.doc,False,
{F-0010421},09/11/2026 01:27:34,DA0003,PC-1003,D072FF6B.txt,False,
{F-0001782},09/11/2026 01:29:34,AA0000,PC-1000,E6A9E584.jpg,False,
{F-0030510},09/11/2026 01:29:34,OA0014,PC-1014,3001F18C.txt,False,
{F-0015618},09/11/2026 01:30:34,GA0006,PC-1006,19D151CC.doc,False,
{F-0010425},09/11/2026 01:45:34,DA0003,PC-1003,666066A0.jpg,False,
{F-0004358},09/11/2026 01:47:34,BA0001,PC-1001,E4E6A238.xlsx,False,
{F-0004355},09/11/2026 01:49:34,BA0001,PC-1001,7EB45491.xlsx,False,
{F-0024330},09/11/2026 01:56:34,LA0011,PC-1011,7CA7B387.jpg,False,
{F-0020351},09/11/2026 02:00:34,JA0009,PC-1009,3B0A8764.xls,False,
{F-0024339},09/11/2026 02:08:34,LA0011,PC-1011,EB8E8BF9.xlsx,False,
{F-0016907},09/11/2026 02:09:34,HA0007,PC-1007,B63C4E67.doc,False,
{F-0030517},09/11/2026 02:14:34,OA0014,PC-1014,95814162.txt,False,
{F-0026322},09/11/2026 02:15:34,MA0012,PC-1012,D6462325.pdf,False,
{F-0024340},09/11/2026 02:17:34,LA0011,PC-1011,782051FD.pdf,False,
{F-0015613},09/11/2026 02:18:34,GA0006,PC-1006,A77103C8.xlsx,False,
{F-0020345},09/11/2026 02:18:34,JA0009,PC-1009,E5F101AC.doc,False,
{F-0030503},09/11/2026 02:22:34,OA0014,PC-1014,AA4AAD9D.txt,False,
{F-0011979},09/11/2026 02:23:34,EA0004,PC-1004,0DFC3B35.jpg,False,
{F-0022307},09/11/2026 02:24:34,KA0010,PC-1010,DC5CD189.jpg,False,
{F-0024332},09/11/2026 02:25:34,LA0011,PC-1011,3BE33EDB.doc,False,
{F-0020343},09/11/2026 02:27:34,JA0009,PC-1009,01ACB246.txt,False,
{F-0024334},09/11/2026 02:27:34,LA0011,PC-1011,24EE3ED8.txt,False,
{F-0016905},09/11/2026 02:28:34,HA0007,PC-1007,2C8A2D78.doc,False,
{F-0020349},09/11/2026 02:32:34,JA0009,PC-1009,7993EF36.txt,False,
{F-0011974},09/11/2026 02:35:34,EA0004,PC-1004,CDEE63EA.doc,False,
{F-0024336},09/11/2026 02:35:34,LA0011,PC-1011,FC933CBF.pdf,False,
{F-0011972},09/11/2026 02:36:34,EA0004,PC-1004,E7DCFF5F.jpg,False,
{F-0004362},09/11/2026 02:38:34,BA0001,PC-1001,53154AC6.xls,False,
{F-0026326},09/11/2026 02:45:34,MA0012,PC-1012,2C18AA04.doc,False,
{F-0001784},09/11/2026 02:51:34,AA0000,PC-1000,E9BED006.xlsx,False,
{F-0016912},09/11/2026 02:52:34,HA0007,PC-1007,E7228514.xlsx,False,
{F-0013409},09/11/2026 02:53:34,FA0005,PC-1005,72A100E0.xls,False,
{F-0015617},09/11/2026 02:59:34,GA0006,PC-1006,ED5AB356.doc,False,
{F-0013415},09/11/2026 03:03:34,FA0005,PC-1005,E49F662D.xlsx,False,
{F-0004357},09/11/2026 03:04:34,BA0001,PC-1001,D09B5295.pdf,False,
{F-0033769},09/11/2026 03:06:34,QA0016,PC-1016,71D7250F.doc,False,
{F-0026318},09/11/2026 03:16:34,MA0012,PC-1012,CA95DFF5.doc,False,
{F-0004356},09/11/2026 03:20:34,BA0001,PC-1001,015F93EA.txt,False,
{F-0022305},09/11/2026 03:21:34,KA0010,PC-1010,D9CEFBF2.pdf,False,
{F-0004365},09/11/2026 03:38:34,BA0001,PC-1001,8DA74572.doc,False,
{F-0015619},09/11/2026 03:39:34,GA0006,PC-1006,0581B5CB.doc,False,
{F-0018376},09/11/2026 03:40:34,IA0008,PC-1008,FCF97B5A.txt,False,
{F-0022313},09/11/2026 03:42:34,KA0010,PC-1010,10EA668A.txt,False,
{F-0028097},09/11/2026 03:42:34,NA0013,PC-1013,7632F8EE.xls,False,
{F-0013418},09/11/2026 03:45:34,FA0005,PC-1005,F7174724.xls,False,
{F-0001790},09/11/2026 03:50:34,AA0000,PC-1000,54213364.xlsx,False,
{F-0033775},09/11/2026 03:50:34,QA0016,PC-1016,1E48F35F.txt,False,
{F-0013407},09/11/2026 03:54:34,FA0005,PC-1005,685D4BDC.pdf,False,
{F-0001791},09/11/2026 03:58:34,AA0000,PC-1000,25AE7708.xlsx,False,
{F-0004359},09/11/2026 03:58:34,BA0001,PC-1001,989CE37D.jpg,False,
{F-0022312},09/11/2026 04:00:34,KA0010,PC-1010,C7235707.txt,False,
{F-0016910},09/11/2026 04:06:34,HA0007,PC-1007,4A2AFA70.xlsx,False,
{F-0018377},09/11/2026 04:10:34,IA0008,PC-1008,6070118A.xlsx,False,
{F-0033770},09/11/2026 04:23:34,QA0016,PC-1016,5E9966B2.doc,False,
{F-0022309},09/11/2026 04:31:34,KA0010,PC-1010,D0096E33.doc,False,
{F-0022301},09/11/2026 04:50:34,KA0010,PC-1010,E03C60AC.doc,False,
{F-0033774},09/11/2026 04:58:34,QA0016,PC-1016,8ADAF5A2.pdf,False,
{F-0013413},09/11/2026 05:00:34,FA0005,PC-1005,727E0571.doc,False,
{F-0013414},09/11/2026 05:03:34,FA0005,PC-1005,99400E42.txt,False,
{F-0022311},09/11/2026 05:04:34,KA0010,PC-1010,54D13FA9.jpg,False,
{F-0022304},09/11/2026 05:08:34,KA0010,PC-1010,B73F1CAA.doc,False,
{F-0004370},09/11/2026 05:13:34,BA0001,PC-1001,48A45FF0.doc,False,
{F-0034910},09/11/2026 05:28:34,RA0017,PC-1017,A8B51243.xls,False,
{F-0033768},09/11/2026 05:31:34,QA0016,PC-1016,F62442AF.doc,False,
{F-0026360},09/13/2026 19:04:34,MA0012,PC-1012,99470034.doc,False,
{F-0030572},09/13/2026 19:15:34,OA0014,PC-1014,D6994A77.txt,False,
{F-0026357},09/13/2026 19:19:34,MA0012,PC-1012,A8E546E9.doc,False,
{F-0020372},09/13/2026 19:25:34,JA0009,PC-1009,A026341D.doc,False,
{F-0024371},09/13/2026 19:25:34,LA0011,PC-1011,2108FBB5.pdf,False,
{F-0030580},09/13/2026 19:31:34,OA0014,PC-1014,33B08B61.pdf,False,
{F-0024375},09/13/2026 19:33:34,LA0011,PC-1011,234A121E.xls,False,
{F-0024378},09/13/2026 19:37:34,LA0011,PC-1011,9D6E848F.doc,False,
{F-0024385},09/13/2026 19:37:34,LA0011,PC-1011,C2E69257.txt,False,
{F-0004402},09/13/2026 19:40:34,BA0001,PC-1001,2202885B.xlsx,False,
{F-0001839},09/13/2026 19:43:34,AA0000,PC-1000,63F43226.xls,False,
{F-0018396},09/13/2026 19:48:34,IA0008,PC-1008,9606A18C.doc,False,
{F-0020375},09/13/2026 19:52:34,JA0009,PC-1009,2C63BC51.xlsx,False,
{F-0018411},09/13/2026 19:54:34,IA0008,PC-1008,B37FF9EC.txt,False,
{F-0030570},09/13/2026 19:54:34,OA0014,PC-1014,539CA720.doc,False,
{F-0010477},09/13/2026 19:55:34,DA0003,PC-1003,71F65130.xls,False,
{F-0010478},09/13/2026 19:57:34,DA0003,PC-1003,4490B066.xlsx,False,
{F-0032353},09/13/2026 20:04:34,PA0015,PC-1015,FAACE01D.xlsx,False,
{F-0004388},09/13/2026 20:15:34,BA0001,PC-1001,9BDC15B2.jpg,False,
{F-0007696},09/13/2026 20:18:34,CA0002,PC-1002,BCA3263C.xlsx,False,
{F-0022335},09/13/2026 20:21:34,KA0010,PC-1010,3D1002F3.xls,False,
{F-0032345},09/13/2026 20:24:34,PA0015,PC-1015,D3349C4F.txt,False,
{F-0033816},09/13/2026 20:31:34,QA0016,PC-1016,C86AF00D.txt,False,
{F-0007691},09/13/2026 20:32:34,CA0002,PC-1002,C5FF7686.xlsx,False,
{F-0020376},09/13/2026 20:34:34,JA0009,PC-1009,05B3E3B6.xlsx,False,
{F-0026364},09/13/2026 20:36:34,MA0012,PC-1012,25A2BBA6.doc,False,
{F-0028135},09/13/2026 20:36:34,NA0013,PC-1013,D41CBB27.xlsx,False,
{F-0030578},09/13/2026 20:37:34,OA0014,PC-1014,AFB71A7F.pdf,False,
{F-0024384},09/13/2026 20:38:34,LA0011,PC-1011,FD190066.txt,False,
{F-0007657},09/13/2026 20:40:34,CA0002,PC-1002,3DA5A300.xls,False,
{F-0018406},09/13/2026 20:40:34,IA0008,PC-1008,1895F3F4.doc,False,
{F-0007693},09/13/2026 20:53:34,CA0002,PC-1002,891820A5.doc,False,
{F-0010483},09/13/2026 20:55:34,DA0003,PC-1003,1F0CB49E.doc,False,
{F-0024376},09/13/2026 20:55:34,LA0011,PC-1011,C78AAB94.pdf,False,
{F-0018397},09/13/2026 20:56:34,IA0008,PC-1008,7BADF1AE.xlsx,False,
{F-0022331},09/13/2026 20:57:34,KA0010,PC-1010,3E75E369.xlsx,False,
{F-0028139},09/13/2026 21:03:34,NA0013,PC-1013,71A37578.pdf,False,
{F-0028128},09/13/2026 21:05:34,NA0013,PC-1013,C05650A0.xlsx,False,
{F-0030573},09/13/2026 21:05:34,OA0014,PC-1014,181C8A8F.txt,False,
{F-0033817},09/13/2026 21:06:34,QA0016,PC-1016,F4348812.jpg,False,
{F-0013446},09/13/2026 21:10:34,FA0005,PC-1005,ECE621D5.xls,False,
{F-0015672},09/13/2026 21:15:34,GA0006,PC-1006,755890B3.doc,False,
{F-0033815},09/13/2026 21:15:34,QA0016,PC-1016,43E3FCE1.jpg,False,
{F-0010484},09/13/2026 21:16:34,DA0003,PC-1003,C296B46F.txt,False,
{F-0013452},09/13/2026 21:17:34,FA0005,PC-1005,8C5E4C25.doc,False,
{F-0010476},09/13/2026 21:18:34,DA0003,PC-1003,2EBE2D75.doc,False,
{F-0012000},09/13/2026 21:19:34,EA0004,PC-1004,F7491556.pdf,False,
{F-0032354},09/13/2026 21:19:34,PA0015,PC-1015,302E9271.pdf,False,
{F-0018402},09/13/2026 21:20:34,IA0008,PC-1008,2062D6BE.xlsx,False,
{F-0020378},09/13/2026 21:22:34,JA0009,PC-1009,95338B05.txt,False,
{F-0013443},09/13/2026 21:26:34,FA0005,PC-1005,D85CC161.xls,False,
{F-0007672},09/13/2026 21:30:34,CA0002,PC-1002,96187D4D.doc,False,
{F-0007680},09/13/2026 21:35:34,CA0002,PC-1002,7B6F1876.jpg,False,
{F-0022342},09/13/2026 21:35:34,KA0010,PC-1010,58A458CF.txt,False,
{F-0018401},09/13/2026 21:37:34,IA0008,PC-1008,DD0F16A0.xlsx,False,
{F-0030574},09/13/2026 21:38:34,OA0014,PC-1014,7216EC0B.pdf,False,
{F-0030568},09/13/2026 21:41:34,OA0014,PC-1014,EF5BD9A7.xlsx,False,
{F-0007660},09/13/2026 21:43:34,CA0002,PC-1002,EB3E4D7A.xls,False,
{F-0024386},09/13/2026 21:46:34,LA0011,PC-1011,EE0086BA.xls,False,
{F-0030576},09/13/2026 21:53:34,OA0014,PC-1014,830AA214.xls,False,
{F-0020364},09/13/2026 21:54:34,JA0009,PC-1009,01602518.doc,False,
{F-0018409},09/13/2026 21:56:34,IA0008,PC-1008,8BC8D605.doc,False,
{F-0024389},09/13/2026 21:56:34,LA0011,PC-1011,78100E22.xlsx,False,
{F-0007670},09/13/2026 22:00:34,CA0002,PC-1002,1F93A335.txt,False,
{F-0016932},09/13/2026 22:04:34,HA0007,PC-1007,9CE39B3A.pdf,False,
{F-0032356},09/13/2026 22:07:34,PA0015,PC-1015,371E67D5.pdf,False,
{F-0010475},09/13/2026 22:16:34,DA0003,PC-1003,DF049756.pdf,False,
{F-0001835},09/13/2026 22:19:34,AA0000,PC-1000,27C4B28C.xls,False,
{F-0016930},09/13/2026 22:20:34,HA0007,PC-1007,C57F53AD.xlsx,False,
{F-0018404},09/13/2026 22:20:34,IA0008,PC-1008,C7387746.xlsx,False,
{F-0032350},09/13/2026 22:26:34,PA0015,PC-1015,F5A8A240.jpg,False,
{F-0007667},09/13/2026 22:27:34,CA0002,PC-1002,8CC67E80.txt,False,
{F-0010481},09/13/2026 22:35:34,DA0003,PC-1003,F9FA7F86.txt,False,
{F-0020374},09/13/2026 22:35:34,JA0009,PC-1009,B2DADC2E.txt,False,
{F-0001833},09/13/2026 22:37:34,AA0000,PC-1000,5128AAA7.txt,False,
{F-0012006},09/13/2026 22:39:34,EA0004,PC-1004,394A917C.doc,False,
{F-0012002},09/13/2026 22:40:34,EA0004,PC-1004,0F36581E.doc,False,
{F-0011998},09/13/2026 22:50:34,EA0004,PC-1004,9081B337.xlsx,False,
{F-0024379},09/13/2026 22:51:34,LA0011,PC-1011,D5C3E559.pdf,False,
{F-0011996},09/13/2026 22:53:34,EA0004,PC-1004,74253BE5.txt,False,
{F-0020367},09/13/2026 22:53:34,JA0009,PC-1009,B1AEF946.xls,False,
{F-0010482},09/13/2026 22:54:34,DA0003,PC-1003,93F1FCE9.xls,False,
{F-0004389},09/13/2026 22:55:34,BA0001,PC-1001,E8A4ADE2.pdf,False,
{F-0007687},09/13/2026 22:56:34,CA0002,PC-1002,200C340C.xls,False,
{F-0013440},09/13/2026 22:57:34,FA0005,PC-1005,7133DB7A.xls,False,
{F-0022343},09/13/2026 22:59:34,KA0010,PC-1010,C59F3237.doc,False,
{F-0012005},09/13/2026 23:00:34,EA0004,PC-1004,EE6663AE.xlsx,False,
{F-0018395},09/13/2026 23:05:34,IA0008,PC-1008,74929541.doc,False,
{F-0018407},09/13/2026 23:05:34,IA0008,PC-1008,768F19BB.xls,False,
{F-0001829},09/13/2026 23:06:34,AA0000,PC-1000,5D8E5506.doc,False,
{F-0020373},09/13/2026 23:06:34,JA0009,PC-1009,3A100E24.doc,False,
{F-0007681},09/13/2026 23:07:34,CA0002,PC-1002,8D20D5D1.pdf,False,
{F-0030567},09/13/2026 23:07:34,OA0014,PC-1014,7E6B9A39.jpg,False,
{F-0004399},09/13/2026 23:09:34,BA0001,PC-1001,68681313.jpg,False,
{F-0007658},09/13/2026 23:09:34,CA0002,PC-1002,871707D4.doc,False,
{F-0007697},09/13/2026 23:10:34,CA0002,PC-1002,0F55EE18.jpg,False,
{F-0013445},09/13/2026 23:14:34,FA0005,PC-1005,97300F84.txt,False,
{F-0024373},09/13/2026 23:14:34,LA0011,PC-1011,652F8DE9.doc,False,
{F-0013450},09/13/2026 23:17:34,FA0005,PC-1005,7CA339CB.jpg,False,
{F-0024381},09/13/2026 23:17:34,LA0011,PC-1011,32D377B9.jpg,False,
{F-0034928},09/13/2026 23:18:34,RA0017,PC-1017,46E03733.xls,False,
{F-0004386},09/13/2026 23:25:34,BA0001,PC-1001,6754888D.doc,False,
{F-0030579},09/13/2026 23:27:34,OA0014,PC-1014,0770BCAA.pdf,False,
{F-0024393},09/13/2026 23:31:34,LA0011,PC-1011,8E96E023.xls,False,
{F-0007661},09/13/2026 23:36:34,CA0002,PC-1002,712A04D6.doc,False,
{F-0026365},09/13/2026 23:37:34,MA0012,PC-1012,917BEE99.xlsx,False,
{F-0024388},09/13/2026 23:38:34,LA0011,PC-1011,C0B90733.txt,False,
{F-0016933},09/13/2026 23:43:34,HA0007,PC-1007,BB757277.jpg,False,
{F-0007677},09/13/2026 23:48:34,CA0002,PC-1002,34D9948D.doc,False,
{F-0020379},09/13/2026 23:48:34,JA0009,PC-1009,A035C7DC.xls,False,
{F-0024382},09/13/2026 23:50:34,LA0011,PC-1011,B16700ED.pdf,False,
{F-0013442},09/13/2026 23:55:34,FA0005,PC-1005,14173F00.xlsx,False,
{F-0001827},09/13/2026 23:57:34,AA0000,PC-1000,5208A5C5.doc,False,
{F-0010474},09/13/2026 23:58:34,DA0003,PC-1003,C375CB76.jpg,False,
{F-0012001},09/13/2026 23:58:34,EA0004,PC-1004,2C55BBBF.jpg,False,
{F-0024391},09/13/2026 23:58:34,LA0011,PC-1011,E8F9895B.doc,False,
{F-0012007},09/14/2026 00:01:34,EA0004,PC-1004,7A2A1A33.xlsx,False,
{F-0022345},09/14/2026 00:01:34,KA0010,PC-1010,1E1CF516.jpg,False,
{F-0007689},09/14/2026 00:03:34,CA0002,PC-1002,A16B8EC9.doc,False,
{F-0010480},09/14/2026 00:06:34,DA0003,PC-1003,2ED5CD39.txt,False,
{F-0011997},09/14/2026 00:11:34,EA0004,PC-1004,98E5B96E.xlsx,False,
{F-0026361},09/14/2026 00:11:34,MA0012,PC-1012,F0F1E5CE.doc,False,
{F-0028140},09/14/2026 00:12:34,NA0013,PC-1013,2956ABA8.doc,False,
{F-0032347},09/14/2026 00:13:34,PA0015,PC-1015,C26A3371.jpg,False,
{F-0020368},09/14/2026 00:14:34,JA0009,PC-1009,BA913861.xlsx,False,
{F-0030566},09/14/2026 00:16:34,OA0014,PC-1014,D6DA008E.xlsx,False,
{F-0022337},09/14/2026 00:20:34,KA0010,PC-1010,6E0A5093.xlsx,False,
{F-0007668},09/14/2026 00:21:34,CA0002,PC-1002,70C5AFA9.doc,False,
{F-0011999},09/14/2026 00:24:34,EA0004,PC-1004,772DACD6.xls,False,
{F-0007685},09/14/2026 00:29:34,CA0002,PC-1002,E4367583.pdf,False,
{F-0004400},09/14/2026 00:31:34,BA0001,PC-1001,E98EF581.doc,False,
{F-0001836},09/14/2026 00:32:34,AA0000,PC-1000,90F993CE.xlsx,False,
{F-0030571},09/14/2026 00:33:34,OA0014,PC-1014,E0C20C0F.doc,False,
{F-0020369},09/14/2026 00:35:34,JA0009,PC-1009,F68DEFC6.txt,False,
{F-0024372},09/14/2026 00:35:34,LA0011,PC-1011,B4931A4E.doc,False,
{F-0026362},09/14/2026 00:35:34,MA0012,PC-1012,9F454580.xlsx,False,
{F-0026366},09/14/2026 00:36:34,MA0012,PC-1012,33C5F073.doc,False,
{F-0007678},09/14/2026 00:38:34,CA0002,PC-1002,D1F8D99F.doc,False,
{F-0032351},09/14/2026 00:39:34,PA0015,PC-1015,BA4E09CD.pdf,False,
{F-0004394},09/14/2026 00:40:34,BA0001,PC-1001,CF207A12.jpg,False,
{F-0020381},09/14/2026 00:42:34,JA0009,PC-1009,7AD8EB53.txt,False,
{F-0022338},09/14/2026 00:43:34,KA0010,PC-1010,69DD4EE6.xlsx,False,
{F-0024369},09/14/2026 00:45:34,LA0011,PC-1011,B4BF62B2.xlsx,False,
{F-0026358},09/14/2026 00:46:34,MA0012,PC-1012,16A0F143.doc,False,
{F-0020380},09/14/2026 00:47:34,JA0009,PC-1009,E711B8A9.doc,False,
{F-0018410},09/14/2026 00:48:34,IA0008,PC-1008,AE138FE1.doc,False,
{F-0013438},09/14/2026 00:50:34,FA0005,PC-1005,0B9F7F44.doc,False,
{F-0028136},09/14/2026 00:57:34,NA0013,PC-1013,9EDE2482.doc,False,
{F-0001841},09/14/2026 00:59:34,AA0000,PC-1000,C1B1DA62.xls,False,
{F-0001840},09/14/2026 01:04:34,AA0000,PC-1000,4D7A3AA7.txt,False,
{F-0034929},09/14/2026 01:08:34,RA0017,PC-1017,E690E79F.xls,False,
{F-0012004},09/14/2026 01:09:34,EA0004,PC-1004,A930FD40.doc,False,
{F-0020366},09/14/2026 01:12:34,JA0009,PC-1009,D70396B9.doc,False,
{F-0018400},09/14/2026 01:13:34,IA0008,PC-1008,1DE94119.xls,False,
{F-0028138},09/14/2026 01:14:34,NA0013,PC-1013,F96E201B.xls,False,
{F-0028131},09/14/2026 01:15:34,NA0013,PC-1013,F1AF92D1.xlsx,False,
{F-0028134},09/14/2026 01:17:34,NA0013,PC-1013,397C4639.doc,False,
{F-0001831},09/14/2026 01:22:34,AA0000,PC-1000,BB95C01E.doc,False,
{F-0028130},09/14/2026 01:22:34,NA0013,PC-1013,4942C7D4.pdf,False,
{F-0028133},09/14/2026 01:22:34,NA0013,PC-1013,0C3D2404.jpg,False,
{F-0004390},09/14/2026 01:23:34,BA0001,PC-1001,057EAE4C.doc,False,
{F-0020371},09/14/2026 01:23:34,JA0009,PC-1009,C5B6098E.txt,False,
{F-0004395},09/14/2026 01:25:34,BA0001,PC-1001,AFD8934C.doc,False,
{F-0007676},09/14/2026 01:25:34,CA0002,PC-1002,39207F88.doc,False,
{F-0026363},09/14/2026 01:27:34,MA0012,PC-1012,241F0BD9.doc,False,
{F-0012003},09/14/2026 01:30:34,EA0004,PC-1004,D47DE977.jpg,False,
{F-0007674},09/14/2026 01:32:34,CA0002,PC-1002,88513CEC.xls,False,
{F-0033812},09/14/2026 01:33:34,QA0016,PC-1016,E4E20B23.pdf,False,
{F-0018408},09/14/2026 01:34:34,IA0008,PC-1008,060B7D51.doc,False,
{F-0007665},09/14/2026 01:35:34,CA0002,PC-1002,852D3C41.xls,False,
{F-0020370},09/14/2026 01:40:34,JA0009,PC-1009,BE8C734E.pdf,False,
{F-0001842},09/14/2026 01:41:34,AA0000,PC-1000,EE0F7B65.doc,False,
{F-0022341},09/14/2026 01:41:34,KA0010,PC-1010,A0C07257.doc,False,
{F-0024392},09/14/2026 01:41:34,LA0011,PC-1011,7A165141.jpg,False,
{F-0028132},09/14/2026 01:41:34,NA0013,PC-1013,5841F1B9.xlsx,False,
{F-0020377},09/14/2026 01:45:34,JA0009,PC-1009,78CAD86D.pdf,False,
{F-0015668},09/14/2026 01:52:34,GA0006,PC-1006,F1D582EA.xlsx,False,
{F-0004401},09/14/2026 01:55:34,BA0001,PC-1001,364D92D6.xls,False,
{F-0018394},09/14/2026 01:58:34,IA0008,PC-1008,8D96D2F2.doc,False,
{F-0001834},09/14/2026 02:00:34,AA0000,PC-1000,5FF1F97B.jpg,False,
{F-0001837},09/14/2026 02:01:34,AA0000,PC-1000,9E5F6E4B.doc,False,
{F-0004392},09/14/2026 02:01:34,BA0001,PC-1001,E7EC2EC2.xls,False,
{F-0015671},09/14/2026 02:06:34,GA0006,PC-1006,CB441AAF.doc,False,
{F-0024368},09/14/2026 02:06:34,LA0011,PC-1011,FD982341.doc,False,
{F-0016934},09/14/2026 02:08:34,HA0007,PC-1007,45FEA8C6.xls,False,
{F-0004387},09/14/2026 02:10:34,BA0001,PC-1001,CA000C7C.pdf,False,
{F-0022339},09/14/2026 02:10:34,KA0010,PC-1010,1B3D13E4.jpg,False,
{F-0007698},09/14/2026 02:11:34,CA0002,PC-1002,C0D51471.doc,False,
{F-0024383},09/14/2026 02:14:34,LA0011,PC-1011,1FAD5CAA.txt,False,
{F-0007682},09/14/2026 02:15:34,CA0002,PC-1002,A4B3FBED.pdf,False,
{F-0007659},09/14/2026 02:16:34,CA0002,PC-1002,B8965A94.doc,False,
{F-0018398},09/14/2026 02:17:34,IA0008,PC-1008,88B9B189.xls,False,
{F-0015670},09/14/2026 02:18:34,GA0006,PC-1006,72E69977.doc,False,
{F-0022340},09/14/2026 02:20:34,KA0010,PC-1010,310040F7.doc,False,
{F-0022344},09/14/2026 02:23:34,KA0010,PC-1010,7A53EAC9.doc,False,
{F-0015669},09/14/2026 02:24:34,GA0006,PC-1006,B9C11A35.txt,False,
{F-0024374},09/14/2026 02:27:34,LA0011,PC-1011,ADEA329B.xlsx,False,
{F-0030575},09/14/2026 02:27:34,OA0014,PC-1014,20F91C83.xlsx,False,
{F-0004398},09/14/2026 02:28:34,BA0001,PC-1001,1DFAD489.pdf,False,
{F-0016935},09/14/2026 02:28:34,HA0007,PC-1007,8135B75C.doc,False,
{F-0032352},09/14/2026 02:29:34,PA0015,PC-1015,6D65E661.doc,False,
{F-0030569},09/14/2026 02:31:34,OA0014,PC-1014,F9939E25.xls,False,
{F-0022334},09/14/2026 02:32:34,KA0010,PC-1010,E15E33EA.pdf,False,
{F-0018399},09/14/2026 02:33:34,IA0008,PC-1008,9F28F74F.jpg,False,
{F-0016931},09/14/2026 02:35:34,HA0007,PC-1007,FD0328DF.txt,False,
{F-0020365},09/14/2026 02:35:34,JA0009,PC-1009,0E45043F.jpg,False,
{F-0024390},09/14/2026 02:38:34,LA0011,PC-1011,5EEDDAFD.jpg,False,
{F-0018403},09/14/2026 02:39:34,IA0008,PC-1008,E4B4F8D7.txt,False,
{F-0013447},09/14/2026 02:40:34,FA0005,PC-1005,4FFBB1F0.doc,False,
{F-0024377},09/14/2026 02:40:34,LA0011,PC-1011,B2DE85B5.xlsx,False,
{F-0028137},09/14/2026 02:40:34,NA0013,PC-1013,16855B91.xls,False,
{F-0004393},09/14/2026 02:41:34,BA0001,PC-1001,B4CBD08D.doc,False,
{F-0030577},09/14/2026 02:43:34,OA0014,PC-1014,F417565B.pdf,False,
{F-0001832},09/14/2026 02:44:34,AA0000,PC-1000,259A487E.doc,False,
{F-0018405},09/14/2026 02:47:34,IA0008,PC-1008,7CF55BFA.txt,False,
{F-0024380},09/14/2026 02:55:34,LA0011,PC-1011,4F0F8147.xls,False,
{F-0001838},09/14/2026 02:57:34,AA0000,PC-1000,322D34A7.doc,False,
{F-0010479},09/14/2026 02:58:34,DA0003,PC-1003,BF3BB1A5.xls,False,
{F-0004397},09/14/2026 03:03:34,BA0001,PC-1001,5DE38D1B.txt,False,
{F-0007669},09/14/2026 03:04:34,CA0002,PC-1002,50450560.txt,False,
{F-0013439},09/14/2026 03:06:34,FA0005,PC-1005,D533A0DA.jpg,False,
{F-0028129},09/14/2026 03:06:34,NA0013,PC-1013,85782784.pdf,False,
{F-0007679},09/14/2026 03:09:34,CA0002,PC-1002,AE872280.xls,False,
{F-0001830},09/14/2026 03:11:34,AA0000,PC-1000,19319AC6.doc,False,
{F-0022332},09/14/2026 03:16:34,KA0010,PC-1010,55822E51.pdf,False,
{F-0024387},09/14/2026 03:21:34,LA0011,PC-1011,959D668E.pdf,False,
{F-0007671},09/14/2026 03:23:34,CA0002,PC-1002,B7174C6F.xlsx,False,
{F-0013444},09/14/2026 03:24:34,FA0005,PC-1005,68F21428.pdf,False,
{F-0026359},09/14/2026 03:25:34,MA0012,PC-1012,B1B2CD7F.txt,False,
{F-0007662},09/14/2026 03:27:34,CA0002,PC-1002,E3D878DF.doc,False,
{F-0032349},09/14/2026 03:30:34,PA0015,PC-1015,B8ADF2BB.jpg,False,
{F-0013437},09/14/2026 03:32:34,FA0005,PC-1005,91B83CB0.doc,False,
{F-0007692},09/14/2026 03:34:34,CA0002,PC-1002,F7A8AA47.txt,False,
{F-0022346},09/14/2026 03:36:34,KA0010,PC-1010,6E5E1785.doc,False,
{F-0034927},09/14/2026 03:36:34,RA0017,PC-1017,1BE12FB3.xlsx,False,
{F-0022333},09/14/2026 03:39:34,KA0010,PC-1010,0688F7F3.xls,False,
{F-0022336},09/14/2026 03:45:34,KA0010,PC-1010,D19D7E0B.xlsx,False,
{F-0001828},09/14/2026 03:47:34,AA0000,PC-1000,E3928658.xlsx,False,
{F-0033814},09/14/2026 03:47:34,QA0016,PC-1016,F472101C.xlsx,False,
{F-0007664},09/14/2026 03:50:34,CA0002,PC-1002,B4147060.jpg,False,
{F-0007655},09/14/2026 03:52:34,CA0002,PC-1002,7D9050C7.jpg,False,
{F-0004396},09/14/2026 03:59:34,BA0001,PC-1001,FF8EA48D.doc,False,
{F-0001826},09/14/2026 04:01:34,AA0000,PC-1000,21E1273E.doc,False,
{F-0007666},09/14/2026 04:03:34,CA0002,PC-1002,64325351.doc,False,
{F-0032348},09/14/2026 04:04:34,PA0015,PC-1015,A80C6D7C.xls,False,
{F-0007686},09/14/2026 04:05:34,CA0002,PC-1002,92D59BD7.doc,False,
{F-0004391},09/14/2026 04:10:34,BA0001,PC-1001,722E6E46.doc,False,
{F-0032346},09/14/2026 04:18:34,PA0015,PC-1015,7BDFD59A.xlsx,False,
{F-0024370},09/14/2026 04:22:34,LA0011,PC-1011,A01FC958.doc,False,
{F-0007690},09/14/2026 04:25:34,CA0002,PC-1002,5194F6E1.jpg,False,
{F-0007684},09/14/2026 04:27:34,CA0002,PC-1002,4239A819.txt,False,
{F-0032357},09/14/2026 04:32:34,PA0015,PC-1015,905BA74C.txt,False,
{F-0013448},09/14/2026 04:33:34,FA0005,PC-1005,28D3D9D3.xlsx,False,
{F-0032355},09/14/2026 04:36:34,PA0015,PC-1015,C2E47C9F.jpg,False,
{F-0034930},09/14/2026 04:36:34,RA0017,PC-1017,DF054FA6.jpg,False,
{F-0007683},09/14/2026 04:37:34,CA0002,PC-1002,5DC84265.doc,False,
{F-0007673},09/14/2026 04:47:34,CA0002,PC-1002,F1949045.txt,False,
{F-0007694},09/14/2026 04:51:34,CA0002,PC-1002,0FF6EF11.doc,False,
{F-0007656},09/14/2026 04:59:34,CA0002,PC-1002,9EB83680.doc,False,
{F-0033813},09/14/2026 05:00:34,QA0016,PC-1016,FFB48B7C.pdf,False,
{F-0007688},09/14/2026 05:05:34,CA0002,PC-1002,B2657E74.txt,False,
{F-0013451},09/14/2026 05:06:34,FA0005,PC-1005,54886EA5.doc,False,
{F-0007695},09/14/2026 05:12:34,CA0002,PC-1002,29C53C91.doc,False,
{F-0007663},09/14/2026 05:17:34,CA0002,PC-1002,775A1E97.pdf,False,
{F-0007675},09/14/2026 05:26:34,CA0002,PC-1002,7F28F43E.xls,False,
{F-0013449},09/14/2026 05:39:34,FA0005,PC-1005,8FDB6AB4.doc,False,
{F-0013441},09/14/2026 05:56:34,FA0005,PC-1005,C850B6EF.jpg,False,
{F-0028164},09/14/2026 18:19:34,NA0013,PC-1013,95497205.jpg,False,
{F-0010517},09/14/2026 19:04:34,DA0003,PC-1003,043F4954.xls,False,
{F-0024432},09/14/2026 19:04:34,LA0011,PC-1011,61C76281.xlsx,False,
{F-0015689},09/14/2026 19:11:34,GA0006,PC-1006,407F5EBF.doc,False,
{F-0028159},09/14/2026 19:30:34,NA0013,PC-1013,CCBBFE78.xlsx,False,
{F-0010518},09/14/2026 19:32:34,DA0003,PC-1003,7405C8C6.doc,False,
{F-0016956},09/14/2026 19:32:34,HA0007,PC-1007,4C04F36B.doc,False,
{F-0026422},09/14/2026 19:45:34,MA0012,PC-1012,F8FB5538.jpg,False,
{F-0016949},09/14/2026 19:47:34,HA0007,PC-1007,5010437D.jpg,False,
{F-0016951},09/14/2026 19:47:34,HA0007,PC-1007,26434E71.jpg,False,
{F-0026431},09/14/2026 20:08:34,MA0012,PC-1012,644E1BBB.pdf,False,
{F-0030608},09/14/2026 20:08:34,OA0014,PC-1014,ADFE7324.pdf,False,
{F-0030613},09/14/2026 20:11:34,OA0014,PC-1014,7A339814.txt,False,
{F-0032394},09/14/2026 20:11:34,PA0015,PC-1015,B0697A10.doc,False,
{F-0028158},09/14/2026 20:14:34,NA0013,PC-1013,1553409C.xls,False,
{F-0015694},09/14/2026 20:15:34,GA0006,PC-1006,CF1DF494.doc,False,
{F-0030611},09/14/2026 20:23:34,OA0014,PC-1014,B17FB236.doc,False,
{F-0028157},09/14/2026 20:24:34,NA0013,PC-1013,C96FD273.txt,False,
{F-0004461},09/14/2026 20:28:34,BA0001,PC-1001,C062DF7B.doc,False,
{F-0022386},09/14/2026 20:29:34,KA0010,PC-1010,615A7158.xls,False,
{F-0016952},09/14/2026 20:31:34,HA0007,PC-1007,743EB49D.jpg,False,
{F-0022388},09/14/2026 20:34:34,KA0010,PC-1010,D6E84C44.doc,False,
{F-0007780},09/14/2026 20:40:34,CA0002,PC-1002,A3AA42A1.txt,False,
{F-0024422},09/14/2026 20:40:34,LA0011,PC-1011,7D867919.pdf,False,
{F-0004459},09/14/2026 20:42:34,BA0001,PC-1001,F2721990.txt,False,
{F-0024428},09/14/2026 20:42:34,LA0011,PC-1011,FAC9EA31.doc,False,
{F-0012029},09/14/2026 20:44:34,EA0004,PC-1004,66F38023.pdf,False,
{F-0033853},09/14/2026 20:44:34,QA0016,PC-1016,898CAF7D.doc,False,
{F-0004467},09/14/2026 20:45:34,BA0001,PC-1001,A71D93F4.pdf,False,
{F-0030619},09/14/2026 20:47:34,OA0014,PC-1014,C0BA37DD.txt,False,
{F-0032396},09/14/2026 20:49:34,PA0015,PC-1015,3CDCB6D1.jpg,False,
{F-0001911},09/14/2026 20:50:34,AA0000,PC-1000,929B69C3.doc,False,
{F-0030621},09/14/2026 20:59:34,OA0014,PC-1014,39CC596C.jpg,False,
{F-0004466},09/14/2026 21:00:34,BA0001,PC-1001,5CF3366C.txt,False,
{F-0013476},09/14/2026 21:04:34,FA0005,PC-1005,6B52F8AB.pdf,False,
{F-0022378},09/14/2026 21:04:34,KA0010,PC-1010,3C55B6EF.doc,False,
{F-0026432},09/14/2026 21:05:34,MA0012,PC-1012,08591C8B.doc,False,
{F-0007753},09/14/2026 21:07:34,CA0002,PC-1002,5B5A6539.xlsx,False,
{F-0024429},09/14/2026 21:07:34,LA0011,PC-1011,F1C3D95D.pdf,False,
{F-0007771},09/14/2026 21:25:34,CA0002,PC-1002,5EE078EE.pdf,False,
{F-0004479},09/14/2026 21:30:34,BA0001,PC-1001,E67E4FCE.xls,False,
{F-0022380},09/14/2026 21:31:34,KA0010,PC-1010,5AC7D3BA.txt,False,
{F-0032392},09/14/2026 21:39:34,PA0015,PC-1015,01B2A6A6.doc,False,
{F-0016958},09/14/2026 21:40:34,HA0007,PC-1007,80FA758F.xls,False,
{F-0001920},09/14/2026 21:42:34,AA0000,PC-1000,CD68B152.txt,False,
{F-0033852},09/14/2026 21:43:34,QA0016,PC-1016,2F9AFA39.pdf,False,
{F-0004463},09/14/2026 21:46:34,BA0001,PC-1001,04B26D54.doc,False,
{F-0004478},09/14/2026 21:50:34,BA0001,PC-1001,14D13B17.doc,False,
{F-0033849},09/14/2026 21:51:34,QA0016,PC-1016,14D13C12.doc,False,
{F-0015695},09/14/2026 21:52:34,GA0006,PC-1006,691D8DB2.jpg,False,
{F-0001918},09/14/2026 21:54:34,AA0000,PC-1000,1AE4D1A7.xls,False,
{F-0022384},09/14/2026 21:58:34,KA0010,PC-1010,5E2B52F2.pdf,False,
{F-0004476},09/14/2026 22:05:34,BA0001,PC-1001,7CD87BEE.txt,False,
{F-0007752},09/14/2026 22:11:34,CA0002,PC-1002,021A7DD6.jpg,False,
{F-0032391},09/14/2026 22:11:34,PA0015,PC-1015,206B763D.xls,False,
{F-0022373},09/14/2026 22:17:34,KA0010,PC-1010,C6495BA5.txt,False,
{F-0024425},09/14/2026 22:18:34,LA0011,PC-1011,B470B951.pdf,False,
{F-0013473},09/14/2026 22:19:34,FA0005,PC-1005,DBC9CD75.xls,False,
{F-0010515},09/14/2026 22:20:34,DA0003,PC-1003,62665227.pdf,False,
{F-0026430},09/14/2026 22:21:34,MA0012,PC-1012,0731A36C.xlsx,False,
{F-0024434},09/14/2026 22:23:34,LA0011,PC-1011,8F11F2A0.doc,False,
{F-0026423},09/14/2026 22:25:34,MA0012,PC-1012,459590CF.xlsx,False,
{F-0024421},09/14/2026 22:32:34,LA0011,PC-1011,6EFCD73C.doc,False,
{F-0004481},09/14/2026 22:33:34,BA0001,PC-1001,949845CC.xlsx,False,
{F-0032393},09/14/2026 22:33:34,PA0015,PC-1015,20A28C59.txt,False,
{F-0024424},09/14/2026 22:46:34,LA0011,PC-1011,A3C18442.jpg,False,
{F-0012030},09/14/2026 22:48:34,EA0004,PC-1004,C8A4D6F0.doc,False,
{F-0007770},09/14/2026 22:53:34,CA0002,PC-1002,A12E0EFD.xls,False,
{F-0013481},09/14/2026 22:58:34,FA0005,PC-1005,6EDD33AD.pdf,False,
{F-0030614},09/14/2026 22:58:34,OA0014,PC-1014,E8072C79.doc,False,
{F-0001916},09/14/2026 23:01:34,AA0000,PC-1000,60967DA2.xlsx,False,
{F-0028161},09/14/2026 23:01:34,NA0013,PC-1013,095928AD.doc,False,
{F-0030620},09/14/2026 23:02:34,OA0014,PC-1014,3DE8E060.xlsx,False,
{F-0007760},09/14/2026 23:04:34,CA0002,PC-1002,A125C532.pdf,False,
{F-0012032},09/14/2026 23:06:34,EA0004,PC-1004,A4747C60.doc,False,
{F-0024433},09/14/2026 23:07:34,LA0011,PC-1011,66BDF40B.xlsx,False,
{F-0001922},09/14/2026 23:09:34,AA0000,PC-1000,2B4EACFA.txt,False,
{F-0024417},09/14/2026 23:09:34,LA0011,PC-1011,2C2E1B23.pdf,False,
{F-0004469},09/14/2026 23:14:34,BA0001,PC-1001,F5E5A5E5.doc,False,
{F-0016954},09/14/2026 23:18:34,HA0007,PC-1007,5A9D08BA.pdf,False,
{F-0010516},09/14/2026 23:24:34,DA0003,PC-1003,54C289E3.xlsx,False,
{F-0026429},09/14/2026 23:25:34,MA0012,PC-1012,08863716.xlsx,False,
{F-0007762},09/14/2026 23:26:34,CA0002,PC-1002,7800FE6A.doc,False,
{F-0028160},09/14/2026 23:30:34,NA0013,PC-1013,D3071C92.doc,False,
{F-0007766},09/14/2026 23:32:34,CA0002,PC-1002,F0BD57F0.doc,False,
{F-0034953},09/14/2026 23:33:34,RA0017,PC-1017,BE9E4ADA.doc,False,
{F-0033854},09/14/2026 23:43:34,QA0016,PC-1016,D614BD7D.jpg,False,
{F-0013483},09/14/2026 23:45:34,FA0005,PC-1005,C7F8B21F.doc,False,
{F-0030618},09/14/2026 23:45:34,OA0014,PC-1014,3B7E1A07.pdf,False,
{F-0024416},09/14/2026 23:50:34,LA0011,PC-1011,96299AAE.xls,False,
{F-0032389},09/14/2026 23:51:34,PA0015,PC-1015,7BB2DEBC.jpg,False,
{F-0001912},09/14/2026 23:55:34,AA0000,PC-1000,F6A051EC.txt,False,
{F-0033851},09/14/2026 23:56:34,QA0016,PC-1016,A13F1307.xls,False,
{F-0001913},09/14/2026 23:57:34,AA0000,PC-1000,0BA219FB.xls,False,
{F-0013478},09/14/2026 23:57:34,FA0005,PC-1005,A127E9C2.xls,False,
{F-0004468},09/15/2026 00:03:34,BA0001,PC-1001,C43DE728.doc,False,
{F-0001915},09/15/2026 00:12:34,AA0000,PC-1000,49142FEE.pdf,False,
{F-0013474},09/15/2026 00:14:34,FA0005,PC-1005,A75C50B3.xlsx,False,
{F-0013480},09/15/2026 00:14:34,FA0005,PC-1005,DFFB6FB9.jpg,False,
{F-0022389},09/15/2026 00:16:34,KA0010,PC-1010,940AEC95.doc,False,
{F-0016950},09/15/2026 00:18:34,HA0007,PC-1007,D84B1976.jpg,False,
{F-0022379},09/15/2026 00:19:34,KA0010,PC-1010,1B936A74.doc,False,
{F-0007755},09/15/2026 00:20:34,CA0002,PC-1002,5BF2C1C2.doc,False,
{F-0015690},09/15/2026 00:24:34,GA0006,PC-1006,3E95969B.txt,False,
{F-0026425},09/15/2026 00:24:34,MA0012,PC-1012,A1D91015.pdf,False,
{F-0030612},09/15/2026 00:25:34,OA0014,PC-1014,2E2BECF6.pdf,False,
{F-0001914},09/15/2026 00:30:34,AA0000,PC-1000,BBD497EE.xls,False,
{F-0016957},09/15/2026 00:32:34,HA0007,PC-1007,06C4ADCE.jpg,False,
{F-0007783},09/15/2026 00:33:34,CA0002,PC-1002,1FEBA8D4.xlsx,False,
{F-0007757},09/15/2026 00:39:34,CA0002,PC-1002,E8E70183.jpg,False,
{F-0013477},09/15/2026 00:42:34,FA0005,PC-1005,5D671295.doc,False,
{F-0024426},09/15/2026 00:42:34,LA0011,PC-1011,3E2FF93E.doc,False,
{F-0013482},09/15/2026 00:44:34,FA0005,PC-1005,98280036.txt,False,
{F-0030610},09/15/2026 00:44:34,OA0014,PC-1014,4E97082D.pdf,False,
{F-0012031},09/15/2026 00:45:34,EA0004,PC-1004,F4954435.xlsx,False,
{F-0030617},09/15/2026 00:45:34,OA0014,PC-1014,80BC6B18.doc,False,
{F-0004472},09/15/2026 00:52:34,BA0001,PC-1001,86D6FF45.xlsx,False,
{F-0007772},09/15/2026 00:52:34,CA0002,PC-1002,C48D9106.doc,False,
{F-0022390},09/15/2026 00:54:34,KA0010,PC-1010,568931A1.jpg,False,
{F-0004477},09/15/2026 01:01:34,BA0001,PC-1001,A5CDF847.jpg,False,
{F-0007782},09/15/2026 01:01:34,CA0002,PC-1002,A07BC637.txt,False,
{F-0030609},09/15/2026 01:05:34,OA0014,PC-1014,C28B1435.doc,False,
{F-0015687},09/15/2026 01:07:34,GA0006,PC-1006,903B046E.doc,False,
{F-0012028},09/15/2026 01:11:34,EA0004,PC-1004,1D42109D.xls,False,
{F-0030616},09/15/2026 01:12:34,OA0014,PC-1014,CC653464.xlsx,False,
{F-0007768},09/15/2026 01:16:34,CA0002,PC-1002,4CC5D214.doc,False,
{F-0013475},09/15/2026 01:16:34,FA0005,PC-1005,83D89339.pdf,False,
{F-0007759},09/15/2026 01:22:34,CA0002,PC-1002,27EFCF9C.txt,False,
{F-0015696},09/15/2026 01:23:34,GA0006,PC-1006,C7F67C9B.jpg,False,
{F-0016948},09/15/2026 01:24:34,HA0007,PC-1007,36D7DBE9.doc,False,
{F-0007778},09/15/2026 01:25:34,CA0002,PC-1002,7F864F67.xls,False,
{F-0024430},09/15/2026 01:27:34,LA0011,PC-1011,BAF9F921.xls,False,
{F-0024427},09/15/2026 01:29:34,LA0011,PC-1011,5BBE4BE0.xls,False,
{F-0022387},09/15/2026 01:31:34,KA0010,PC-1010,8628CABD.doc,False,
{F-0007776},09/15/2026 01:38:34,CA0002,PC-1002,A831E6D1.doc,False,
{F-0007758},09/15/2026 01:39:34,CA0002,PC-1002,390ECA5A.doc,False,
{F-0007769},09/15/2026 01:41:34,CA0002,PC-1002,25439FFA.jpg,False,
{F-0004462},09/15/2026 01:43:34,BA0001,PC-1001,C436CC31.xlsx,False,
{F-0034952},09/15/2026 01:47:34,RA0017,PC-1017,D6903606.xls,False,
{F-0016953},09/15/2026 01:48:34,HA0007,PC-1007,9CBB36FE.doc,False,
{F-0016959},09/15/2026 01:48:34,HA0007,PC-1007,E93091E7.pdf,False,
{F-0034954},09/15/2026 01:52:34,RA0017,PC-1017,E46F0C48.doc,False,
{F-0001919},09/15/2026 01:56:34,AA0000,PC-1000,D6E93929.xls,False,
{F-0007765},09/15/2026 01:56:34,CA0002,PC-1002,C960DA08.jpg,False,
{F-0028163},09/15/2026 01:56:34,NA0013,PC-1013,6147637A.xlsx,False,
{F-0004465},09/15/2026 01:57:34,BA0001,PC-1001,268ED135.jpg,False,
{F-0022383},09/15/2026 02:00:34,KA0010,PC-1010,935948F9.txt,False,
{F-0001917},09/15/2026 02:04:34,AA0000,PC-1000,28A6E8AC.xlsx,False,
{F-0030622},09/15/2026 02:04:34,OA0014,PC-1014,0FB4D4D4.doc,False,
{F-0004483},09/15/2026 02:10:34,BA0001,PC-1001,F43ACBC4.txt,False,
{F-0026428},09/15/2026 02:10:34,MA0012,PC-1012,31A92F6B.doc,False,
{F-0033848},09/15/2026 02:11:34,QA0016,PC-1016,289BA462.pdf,False,
{F-0004482},09/15/2026 02:12:34,BA0001,PC-1001,1E1593B8.xls,False,
{F-0016955},09/15/2026 02:12:34,HA0007,PC-1007,8F49ACC8.xls,False,
{F-0007777},09/15/2026 02:13:34,CA0002,PC-1002,048BBF0F.doc,False,
{F-0030615},09/15/2026 02:15:34,OA0014,PC-1014,014E830C.doc,False,
{F-0004480},09/15/2026 02:17:34,BA0001,PC-1001,252E9CBD.doc,False,
{F-0007763},09/15/2026 02:20:34,CA0002,PC-1002,5F51DF03.doc,False,
{F-0028162},09/15/2026 02:20:34,NA0013,PC-1013,B907D0E9.jpg,False,
{F-0007773},09/15/2026 02:22:34,CA0002,PC-1002,D1D10B26.doc,False,
{F-0007774},09/15/2026 02:22:34,CA0002,PC-1002,F728B846.jpg,False,
{F-0007779},09/15/2026 02:27:34,CA0002,PC-1002,017C527A.doc,False,
{F-0004474},09/15/2026 02:31:34,BA0001,PC-1001,DDAA535B.xls,False,
{F-0022382},09/15/2026 02:31:34,KA0010,PC-1010,8DA15F92.doc,False,
{F-0007775},09/15/2026 02:35:34,CA0002,PC-1002,176103A1.pdf,False,
{F-0015688},09/15/2026 02:36:34,GA0006,PC-1006,2E099529.xls,False,
{F-0022376},09/15/2026 02:40:34,KA0010,PC-1010,D95D7525.xlsx,False,
{F-0015693},09/15/2026 02:43:34,GA0006,PC-1006,980876C3.pdf,False,
{F-0032390},09/15/2026 02:43:34,PA0015,PC-1015,474E3C0F.txt,False,
{F-0015692},09/15/2026 02:44:34,GA0006,PC-1006,572E7BE0.txt,False,
{F-0024431},09/15/2026 02:45:34,LA0011,PC-1011,D455648B.doc,False,
{F-0013485},09/15/2026 02:51:34,FA0005,PC-1005,7F094A2F.doc,False,
{F-0001923},09/15/2026 02:53:34,AA0000,PC-1000,5D999B9E.doc,False,
{F-0015691},09/15/2026 02:56:34,GA0006,PC-1006,F4D7D835.txt,False,
{F-0004471},09/15/2026 02:57:34,BA0001,PC-1001,ABCAE26E.txt,False,
{F-0007750},09/15/2026 02:57:34,CA0002,PC-1002,3CBF9966.txt,False,
{F-0022381},09/15/2026 02:58:34,KA0010,PC-1010,556C0854.doc,False,
{F-0001910},09/15/2026 03:01:34,AA0000,PC-1000,5D6C5BB1.txt,False,
{F-0004470},09/15/2026 03:02:34,BA0001,PC-1001,EC9BD29B.doc,False,
{F-0004475},09/15/2026 03:08:34,BA0001,PC-1001,E36DBC6D.pdf,False,
{F-0022374},09/15/2026 03:08:34,KA0010,PC-1010,D0C4104F.xls,False,
{F-0034951},09/15/2026 03:08:34,RA0017,PC-1017,7C7E5413.jpg,False,
{F-0007751},09/15/2026 03:13:34,CA0002,PC-1002,77F1FFD1.doc,False,
{F-0007781},09/15/2026 03:15:34,CA0002,PC-1002,F6C23AD4.doc,False,
{F-0024423},09/15/2026 03:19:34,LA0011,PC-1011,3C397E37.txt,False,
{F-0001921},09/15/2026 03:21:34,AA0000,PC-1000,966BC67A.txt,False,
{F-0033850},09/15/2026 03:34:34,QA0016,PC-1016,97177631.txt,False,
{F-0032395},09/15/2026 03:43:34,PA0015,PC-1015,0293DDD5.doc,False,
{F-0026421},09/15/2026 03:45:34,MA0012,PC-1012,4D07A7E3.doc,False,
{F-0013472},09/15/2026 03:50:34,FA0005,PC-1005,E5FD9508.jpg,False,
{F-0024414},09/15/2026 03:50:34,LA0011,PC-1011,522A88F4.xlsx,False,
{F-0004464},09/15/2026 03:52:34,BA0001,PC-1001,A81BCEC7.jpg,False,
{F-0004460},09/15/2026 03:54:34,BA0001,PC-1001,132A1D0D.jpg,False,
{F-0024420},09/15/2026 03:56:34,LA0011,PC-1011,114ECF76.txt,False,
{F-0004473},09/15/2026 04:03:34,BA0001,PC-1001,713AB7C0.xls,False,
{F-0007764},09/15/2026 04:04:34,CA0002,PC-1002,CC0A134E.doc,False,
{F-0024418},09/15/2026 04:12:34,LA0011,PC-1011,52EF0B4D.txt,False,
{F-0026427},09/15/2026 04:17:34,MA0012,PC-1012,1AE91065.txt,False,
{F-0022375},09/15/2026 04:19:34,KA0010,PC-1010,9348E94A.pdf,False,
{F-0033847},09/15/2026 04:19:34,QA0016,PC-1016,E9417A13.xlsx,False,
{F-0022385},09/15/2026 04:25:34,KA0010,PC-1010,749DA5D8.xls,False,
{F-0007786},09/15/2026 04:27:34,CA0002,PC-1002,85313103.doc,False,
{F-0022372},09/15/2026 04:27:34,KA0010,PC-1010,9329C8E0.doc,False,
{F-0007756},09/15/2026 04:29:34,CA0002,PC-1002,122BAAD5.xlsx,False,
{F-0013479},09/15/2026 04:33:34,FA0005,PC-1005,53D90F5F.doc,False,
{F-0026424},09/15/2026 04:33:34,MA0012,PC-1012,59EBFB71.txt,False,
{F-0024415},09/15/2026 04:34:34,LA0011,PC-1011,7B159F79.doc,False,
{F-0024419},09/15/2026 04:38:34,LA0011,PC-1011,41BED639.txt,False,
{F-0026426},09/15/2026 04:42:34,MA0012,PC-1012,D46B89B1.xls,False,
{F-0022377},09/15/2026 04:50:34,KA0010,PC-1010,A73F329E.doc,False,
{F-0007754},09/15/2026 05:00:34,CA0002,PC-1002,5DD15AF5.doc,False,
{F-0007761},09/15/2026 05:05:34,CA0002,PC-1002,380C3C8F.jpg,False,
{F-0013471},09/15/2026 05:06:34,FA0005,PC-1005,1F76E15C.doc,False,
{F-0007767},09/15/2026 05:15:34,CA0002,PC-1002,54239E49.xls,False,
{F-0007784},09/15/2026 05:15:34,CA0002,PC-1002,F06F3EDE.pdf,False,
{F-0013484},09/15/2026 05:32:34,FA0005,PC-1005,7AD96054.jpg,False,
{F-0007785},09/15/2026 05:33:34,CA0002,PC-1002,BD4C7ED4.doc,False,
{F-0018444},09/15/2026 18:23:34,IA0008,PC-1008,6754CCD1.txt,False,
{F-0018440},09/15/2026 19:13:34,IA0008,PC-1008,CF58C87A.xlsx,False,
{F-0028198},09/15/2026 19:13:34,NA0013,PC-1013,0C0F3D33.doc,False,
{F-0024472},09/15/2026 19:15:34,LA0011,PC-1011,FD39248F.xlsx,False,
{F-0015738},09/15/2026 19:16:34,GA0006,PC-1006,248434F3.jpg,False,
{F-0020456},09/15/2026 19:18:34,JA0009,PC-1009,69277C85.doc,False,
{F-0001979},09/15/2026 19:24:34,AA0000,PC-1000,B5BFFD65.txt,False,
{F-0024498},09/15/2026 19:27:34,LA0011,PC-1011,7FD76C18.doc,False,
{F-0026485},09/15/2026 19:39:34,MA0012,PC-1012,8A494F66.txt,False,
{F-0030691},09/15/2026 19:39:34,OA0014,PC-1014,0B8C11A1.txt,False,
{F-0028202},09/15/2026 19:40:34,NA0013,PC-1013,6E665FED.xls,False,
{F-0018439},09/15/2026 19:43:34,IA0008,PC-1008,C152E700.xls,False,
{F-0024497},09/15/2026 19:49:34,LA0011,PC-1011,ECEF5C15.doc,False,
{F-0024489},09/15/2026 19:56:34,LA0011,PC-1011,7D50DF25.txt,False,
{F-0022420},09/15/2026 20:00:34,KA0010,PC-1010,5FF10664.xlsx,False,
{F-0026490},09/15/2026 20:03:34,MA0012,PC-1012,66675776.pdf,False,
{F-0022418},09/15/2026 20:04:34,KA0010,PC-1010,BCE04A00.doc,False,
{F-0018445},09/15/2026 20:05:34,IA0008,PC-1008,4AA70437.xls,False,
{F-0032436},09/15/2026 20:11:34,PA0015,PC-1015,C114EE50.jpg,False,
{F-0001976},09/15/2026 20:12:34,AA0000,PC-1000,240E9AFB.xlsx,False,
{F-0004560},09/15/2026 20:22:34,BA0001,PC-1001,71651CA4.doc,False,
{F-0020451},09/15/2026 20:25:34,JA0009,PC-1009,10B27038.doc,False,
{F-0001969},09/15/2026 20:28:34,AA0000,PC-1000,330A902B.txt,False,
{F-0022434},09/15/2026 20:29:34,KA0010,PC-1010,C6125A11.txt,False,
{F-0022432},09/15/2026 20:30:34,KA0010,PC-1010,1140D843.doc,False,
{F-0032438},09/15/2026 20:31:34,PA0015,PC-1015,29C67D62.pdf,False,
{F-0007807},09/15/2026 20:32:34,CA0002,PC-1002,F9FA664A.xlsx,False,
{F-0004547},09/15/2026 20:36:34,BA0001,PC-1001,C80F4927.pdf,False,
{F-0033881},09/15/2026 20:36:34,QA0016,PC-1016,F8F56412.doc,False,
{F-0012058},09/15/2026 20:39:34,EA0004,PC-1004,03216B1A.txt,False,
{F-0016971},09/15/2026 20:41:34,HA0007,PC-1007,0BD36C52.doc,False,
{F-0020466},09/15/2026 20:41:34,JA0009,PC-1009,AA699D9F.jpg,False,
{F-0012062},09/15/2026 20:46:34,EA0004,PC-1004,33E678E0.xlsx,False,
{F-0020463},09/15/2026 20:46:34,JA0009,PC-1009,3B65DCF0.doc,False,
{F-0030686},09/15/2026 20:46:34,OA0014,PC-1014,3C66E938.txt,False,
{F-0022421},09/15/2026 20:48:34,KA0010,PC-1010,8E96D9CE.doc,False,
{F-0026479},09/15/2026 20:51:34,MA0012,PC-1012,22F74612.xls,False,
{F-0001981},09/15/2026 20:53:34,AA0000,PC-1000,F6B094F7.xlsx,False,
{F-0013507},09/15/2026 20:54:34,FA0005,PC-1005,A9A1F1E8.txt,False,
{F-0004559},09/15/2026 20:56:34,BA0001,PC-1001,94998CAA.txt,False,
{F-0020462},09/15/2026 20:57:34,JA0009,PC-1009,E1EA4A51.xlsx,False,
{F-0024491},09/15/2026 21:00:34,LA0011,PC-1011,0345CDF1.doc,False,
{F-0032439},09/15/2026 21:00:34,PA0015,PC-1015,EE2D2EC6.pdf,False,
{F-0004561},09/15/2026 21:02:34,BA0001,PC-1001,8680EB8D.jpg,False,
{F-0032428},09/15/2026 21:02:34,PA0015,PC-1015,EE3E207C.doc,False,
{F-0018437},09/15/2026 21:07:34,IA0008,PC-1008,773ECA50.jpg,False,
{F-0024488},09/15/2026 21:09:34,LA0011,PC-1011,9F84B896.jpg,False,
{F-0033883},09/15/2026 21:12:34,QA0016,PC-1016,205B06A8.doc,False,
{F-0007805},09/15/2026 21:14:34,CA0002,PC-1002,C0450B14.jpg,False,
{F-0015740},09/15/2026 21:18:34,GA0006,PC-1006,B4D08344.doc,False,
{F-0024475},09/15/2026 21:21:34,LA0011,PC-1011,38F0A324.doc,False,
{F-0012063},09/15/2026 21:22:34,EA0004,PC-1004,73F613EF.pdf,False,
{F-0022424},09/15/2026 21:22:34,KA0010,PC-1010,0A008F99.xls,False,
{F-0028199},09/15/2026 21:23:34,NA0013,PC-1013,B58CB18A.xlsx,False,
{F-0033885},09/15/2026 21:28:34,QA0016,PC-1016,C1520CC3.xls,False,
{F-0018448},09/15/2026 21:32:34,IA0008,PC-1008,3586DCA2.doc,False,
{F-0026481},09/15/2026 21:32:34,MA0012,PC-1012,4A24FD92.txt,False,
{F-0030694},09/15/2026 21:33:34,OA0014,PC-1014,311738A9.xlsx,False,
{F-0016975},09/15/2026 21:34:34,HA0007,PC-1007,2D625C2E.xls,False,
{F-0013503},09/15/2026 21:35:34,FA0005,PC-1005,E1E01121.jpg,False,
{F-0001982},09/15/2026 21:43:34,AA0000,PC-1000,84032033.doc,False,
{F-0004565},09/15/2026 21:45:34,BA0001,PC-1001,BFC006BC.xlsx,False,
{F-0032434},09/15/2026 21:45:34,PA0015,PC-1015,AD7BEB50.xls,False,
{F-0022428},09/15/2026 21:48:34,KA0010,PC-1010,9506B9FE.pdf,False,
{F-0004564},09/15/2026 21:52:34,BA0001,PC-1001,2FF9D2B9.txt,False,
{F-0028203},09/15/2026 21:54:34,NA0013,PC-1013,964A3F21.xls,False,
{F-0022410},09/15/2026 21:58:34,KA0010,PC-1010,AE5CC630.txt,False,
{F-0001973},09/15/2026 21:59:34,AA0000,PC-1000,647C301B.doc,False,
{F-0018447},09/15/2026 22:02:34,IA0008,PC-1008,87F2B341.xls,False,
{F-0022422},09/15/2026 22:03:34,KA0010,PC-1010,C46BE9C8.pdf,False,
{F-0022411},09/15/2026 22:05:34,KA0010,PC-1010,AC059355.doc,False,
{F-0001970},09/15/2026 22:07:34,AA0000,PC-1000,7D8CEAF2.pdf,False,
{F-0015741},09/15/2026 22:07:34,GA0006,PC-1006,2D50D64D.txt,False,
{F-0020453},09/15/2026 22:11:34,JA0009,PC-1009,1A97BC22.doc,False,
{F-0001967},09/15/2026 22:14:34,AA0000,PC-1000,34B9DCA3.xls,False,
{F-0007818},09/15/2026 22:15:34,CA0002,PC-1002,E8AD78FA.txt,False,
{F-0022408},09/15/2026 22:15:34,KA0010,PC-1010,4488C6FF.txt,False,
{F-0004558},09/15/2026 22:17:34,BA0001,PC-1001,8A0F6059.xls,False,
{F-0007816},09/15/2026 22:17:34,CA0002,PC-1002,E1141908.txt,False,
{F-0030687},09/15/2026 22:17:34,OA0014,PC-1014,CA63C770.jpg,False,
{F-0004562},09/15/2026 22:18:34,BA0001,PC-1001,4B414410.doc,False,
{F-0013512},09/15/2026 22:18:34,FA0005,PC-1005,0237CC89.doc,False,
{F-0022419},09/15/2026 22:18:34,KA0010,PC-1010,9CDE4D15.jpg,False,
{F-0024501},09/15/2026 22:18:34,LA0011,PC-1011,F09B770B.jpg,False,
{F-0015736},09/15/2026 22:19:34,GA0006,PC-1006,99E31AD2.xlsx,False,
{F-0024485},09/15/2026 22:28:34,LA0011,PC-1011,3B64FF92.doc,False,
{F-0024493},09/15/2026 22:30:34,LA0011,PC-1011,2E51AC2F.doc,False,
{F-0024471},09/15/2026 22:35:34,LA0011,PC-1011,B32A1609.txt,False,
{F-0001971},09/15/2026 22:40:34,AA0000,PC-1000,6FED5A06.jpg,False,
{F-0032429},09/15/2026 22:40:34,PA0015,PC-1015,E6C83772.xlsx,False,
{F-0004556},09/15/2026 22:41:34,BA0001,PC-1001,F3854C62.xlsx,False,
{F-0004549},09/15/2026 22:44:34,BA0001,PC-1001,CE935924.pdf,False,
{F-0026484},09/15/2026 22:46:34,MA0012,PC-1012,229ABB37.doc,False,
{F-0018446},09/15/2026 22:47:34,IA0008,PC-1008,2BB944F6.txt,False,
{F-0024478},09/15/2026 22:53:34,LA0011,PC-1011,A78F68ED.xlsx,False,
{F-0032433},09/15/2026 22:55:34,PA0015,PC-1015,DB2C63B0.xls,False,
{F-0018452},09/15/2026 22:57:34,IA0008,PC-1008,FBD7C819.doc,False,
{F-0016970},09/15/2026 22:58:34,HA0007,PC-1007,AEC5CE54.pdf,False,
{F-0004548},09/15/2026 23:05:34,BA0001,PC-1001,FE327414.pdf,False,
{F-0030689},09/15/2026 23:05:34,OA0014,PC-1014,B953BB72.pdf,False,
{F-0007813},09/15/2026 23:06:34,CA0002,PC-1002,FBBD5175.jpg,False,
{F-0028197},09/15/2026 23:07:34,NA0013,PC-1013,9F3CA453.doc,False,
{F-0012066},09/15/2026 23:10:34,EA0004,PC-1004,E3D4FF6E.doc,False,
{F-0013506},09/15/2026 23:10:34,FA0005,PC-1005,D445A637.jpg,False,
{F-0024477},09/15/2026 23:13:34,LA0011,PC-1011,6BD0A51D.xlsx,False,
{F-0033884},09/15/2026 23:13:34,QA0016,PC-1016,483FE159.doc,False,
{F-0013509},09/15/2026 23:16:34,FA0005,PC-1005,F3B814D4.xlsx,False,
{F-0032427},09/15/2026 23:16:34,PA0015,PC-1015,49383D9E.pdf,False,
{F-0028205},09/15/2026 23:17:34,NA0013,PC-1013,249511EC.txt,False,
{F-0030692},09/15/2026 23:19:34,OA0014,PC-1014,DE1D5240.txt,False,
{F-0001984},09/15/2026 23:22:34,AA0000,PC-1000,2C2967AE.doc,False,
{F-0004554},09/15/2026 23:24:34,BA0001,PC-1001,1EAF04E4.xlsx,False,
{F-0022431},09/15/2026 23:27:34,KA0010,PC-1010,E1C56FA1.xlsx,False,
{F-0024495},09/15/2026 23:27:34,LA0011,PC-1011,E8D55BDA.doc,False,
{F-0001978},09/15/2026 23:31:34,AA0000,PC-1000,A6D40141.xls,False,
{F-0020454},09/15/2026 23:31:34,JA0009,PC-1009,21BD08AC.jpg,False,
{F-0024484},09/15/2026 23:33:34,LA0011,PC-1011,67514427.doc,False,
{F-0032431},09/15/2026 23:36:34,PA0015,PC-1015,FA85647B.pdf,False,
{F-0015737},09/15/2026 23:37:34,GA0006,PC-1006,A4337AC7.pdf,False,
{F-0026487},09/15/2026 23:38:34,MA0012,PC-1012,8641ACEC.xls,False,
{F-0020459},09/15/2026 23:40:34,JA0009,PC-1009,639609AF.doc,False,
{F-0028206},09/15/2026 23:44:34,NA0013,PC-1013,E2C99994.xls,False,
{F-0004550},09/15/2026 23:45:34,BA0001,PC-1001,30691CE1.txt,False,
{F-0015732},09/15/2026 23:46:34,GA0006,PC-1006,AC8D8C57.doc,False,
{F-0007823},09/15/2026 23:47:34,CA0002,PC-1002,28CD0ED7.xls,False,
{F-0007817},09/15/2026 23:48:34,CA0002,PC-1002,D6F98F7A.xlsx,False,
{F-0022430},09/15/2026 23:49:34,KA0010,PC-1010,9FC34512.xls,False,
{F-0013510},09/15/2026 23:50:34,FA0005,PC-1005,3E5CA326.doc,False,
{F-0020452},09/15/2026 23:55:34,JA0009,PC-1009,C43A95D3.doc,False,
{F-0022425},09/15/2026 23:56:34,KA0010,PC-1010,D39FD4E1.doc,False,
{F-0016973},09/15/2026 23:59:34,HA0007,PC-1007,2E45BA90.xlsx,False,
{F-0007811},09/16/2026 00:00:34,CA0002,PC-1002,4117B03C.xls,False,
{F-0013513},09/16/2026 00:00:34,FA0005,PC-1005,D5114E0F.doc,False,
{F-0030688},09/16/2026 00:00:34,OA0014,PC-1014,409B1A26.doc,False,
{F-0015735},09/16/2026 00:01:34,GA0006,PC-1006,DC236134.xlsx,False,
{F-0026489},09/16/2026 00:01:34,MA0012,PC-1012,01089F9B.xls,False,
{F-0015734},09/16/2026 00:05:34,GA0006,PC-1006,8E6230D9.pdf,False,
{F-0026483},09/16/2026 00:05:34,MA0012,PC-1012,BB435786.doc,False,
{F-0012064},09/16/2026 00:10:34,EA0004,PC-1004,34ACCE95.doc,False,
{F-0032440},09/16/2026 00:10:34,PA0015,PC-1015,AF041B6B.pdf,False,
{F-0007822},09/16/2026 00:12:34,CA0002,PC-1002,2853E0D6.doc,False,
{F-0015733},09/16/2026 00:13:34,GA0006,PC-1006,B5DD514C.pdf,False,
{F-0007821},09/16/2026 00:17:34,CA0002,PC-1002,AD88D78B.jpg,False,
{F-0020460},09/16/2026 00:17:34,JA0009,PC-1009,14E2FCFA.doc,False,
{F-0007809},09/16/2026 00:20:34,CA0002,PC-1002,F8F06A8D.pdf,False,
{F-0013511},09/16/2026 00:26:34,FA0005,PC-1005,E21CB491.pdf,False,
{F-0022416},09/16/2026 00:26:34,KA0010,PC-1010,87B6E805.pdf,False,
{F-0022433},09/16/2026 00:26:34,KA0010,PC-1010,9D6E4FE8.doc,False,
{F-0022423},09/16/2026 00:27:34,KA0010,PC-1010,93A1D504.jpg,False,
{F-0015730},09/16/2026 00:28:34,GA0006,PC-1006,E221C631.txt,False,
{F-0024486},09/16/2026 00:29:34,LA0011,PC-1011,E6B5047C.doc,False,
{F-0018450},09/16/2026 00:31:34,IA0008,PC-1008,0A68BEC4.txt,False,
{F-0020464},09/16/2026 00:35:34,JA0009,PC-1009,BB06973F.pdf,False,
{F-0004563},09/16/2026 00:39:34,BA0001,PC-1001,DF497378.jpg,False,
{F-0026480},09/16/2026 00:39:34,MA0012,PC-1012,50E15E62.xls,False,
{F-0004552},09/16/2026 00:42:34,BA0001,PC-1001,641B190C.xls,False,
{F-0020457},09/16/2026 00:43:34,JA0009,PC-1009,537041B2.doc,False,
{F-0020461},09/16/2026 00:43:34,JA0009,PC-1009,2D3CB87A.pdf,False,
{F-0015729},09/16/2026 00:49:34,GA0006,PC-1006,C0B3EF50.jpg,False,
{F-0016969},09/16/2026 00:50:34,HA0007,PC-1007,24FF9CCB.xlsx,False,
{F-0001972},09/16/2026 00:53:34,AA0000,PC-1000,C630BCAB.jpg,False,
{F-0007808},09/16/2026 00:54:34,CA0002,PC-1002,133882AD.txt,False,
{F-0028204},09/16/2026 00:54:34,NA0013,PC-1013,84CDF346.doc,False,
{F-0004553},09/16/2026 00:55:34,BA0001,PC-1001,6C0641B4.xlsx,False,
{F-0032437},09/16/2026 00:59:34,PA0015,PC-1015,B2B426C1.txt,False,
{F-0016974},09/16/2026 01:03:34,HA0007,PC-1007,296EFC75.doc,False,
{F-0012060},09/16/2026 01:05:34,EA0004,PC-1004,00EAFD27.doc,False,
{F-0015731},09/16/2026 01:05:34,GA0006,PC-1006,05752974.doc,False,
{F-0022426},09/16/2026 01:08:34,KA0010,PC-1010,E695B302.jpg,False,
{F-0028201},09/16/2026 01:08:34,NA0013,PC-1013,A8CACFF2.doc,False,
{F-0004555},09/16/2026 01:16:34,BA0001,PC-1001,6C171E8D.xls,False,
{F-0026482},09/16/2026 01:18:34,MA0012,PC-1012,77AC2F2C.jpg,False,
{F-0024479},09/16/2026 01:19:34,LA0011,PC-1011,AD6C7CEB.jpg,False,
{F-0024483},09/16/2026 01:20:34,LA0011,PC-1011,24A9CAC8.txt,False,
{F-0026477},09/16/2026 01:20:34,MA0012,PC-1012,1A5C4997.pdf,False,
{F-0016972},09/16/2026 01:21:34,HA0007,PC-1007,ABE91AF4.pdf,False,
{F-0020455},09/16/2026 01:21:34,JA0009,PC-1009,3B923815.doc,False,
{F-0015742},09/16/2026 01:22:34,GA0006,PC-1006,EA0C0FD0.pdf,False,
{F-0004546},09/16/2026 01:23:34,BA0001,PC-1001,472DE8BC.doc,False,
{F-0024487},09/16/2026 01:24:34,LA0011,PC-1011,1D12B0B1.doc,False,
{F-0020465},09/16/2026 01:25:34,JA0009,PC-1009,640D1E39.xlsx,False,
{F-0022409},09/16/2026 01:29:34,KA0010,PC-1010,B6A833C7.doc,False,
{F-0001974},09/16/2026 01:33:34,AA0000,PC-1000,EB9734EB.jpg,False,
{F-0026491},09/16/2026 01:33:34,MA0012,PC-1012,6AC121C4.xlsx,False,
{F-0018443},09/16/2026 01:34:34,IA0008,PC-1008,50F6EA5C.xlsx,False,
{F-0032432},09/16/2026 01:36:34,PA0015,PC-1015,E77EE39A.xls,False,
{F-0024476},09/16/2026 01:37:34,LA0011,PC-1011,904221EE.xls,False,
{F-0026486},09/16/2026 01:37:34,MA0012,PC-1012,0A0FD3E2.doc,False,
{F-0022407},09/16/2026 01:39:34,KA0010,PC-1010,42044271.txt,False,
{F-0024490},09/16/2026 01:45:34,LA0011,PC-1011,7A58EE88.doc,False,
{F-0007804},09/16/2026 01:48:34,CA0002,PC-1002,CF9748E8.txt,False,
{F-0013508},09/16/2026 01:49:34,FA0005,PC-1005,649CC71D.txt,False,
{F-0024499},09/16/2026 02:02:34,LA0011,PC-1011,F6D94E90.jpg,False,
{F-0004551},09/16/2026 02:03:34,BA0001,PC-1001,C41BAB57.xlsx,False,
{F-0024496},09/16/2026 02:03:34,LA0011,PC-1011,38D754D7.doc,False,
{F-0024492},09/16/2026 02:04:34,LA0011,PC-1011,74DD9AAA.doc,False,
{F-0004557},09/16/2026 02:05:34,BA0001,PC-1001,EBACAAB4.doc,False,
{F-0028200},09/16/2026 02:05:34,NA0013,PC-1013,722B7105.doc,False,
{F-0015739},09/16/2026 02:06:34,GA0006,PC-1006,4646DBDF.jpg,False,
{F-0007820},09/16/2026 02:07:34,CA0002,PC-1002,3CD510C3.txt,False,
{F-0032430},09/16/2026 02:08:34,PA0015,PC-1015,DD9A5FE0.doc,False,
{F-0012055},09/16/2026 02:10:34,EA0004,PC-1004,7789CD9C.pdf,False,
{F-0026478},09/16/2026 02:10:34,MA0012,PC-1012,E01A0954.xls,False,
{F-0013505},09/16/2026 02:11:34,FA0005,PC-1005,E929E8E3.doc,False,
{F-0024494},09/16/2026 02:12:34,LA0011,PC-1011,38E8FC2F.doc,False,
{F-0007814},09/16/2026 02:18:34,CA0002,PC-1002,297638F7.doc,False,
{F-0018453},09/16/2026 02:18:34,IA0008,PC-1008,A8739041.pdf,False,
{F-0001975},09/16/2026 02:26:34,AA0000,PC-1000,0B4EB17B.jpg,False,
{F-0026474},09/16/2026 02:29:34,MA0012,PC-1012,E79FCF08.xlsx,False,
{F-0032435},09/16/2026 02:34:34,PA0015,PC-1015,1B51A36C.doc,False,
{F-0024481},09/16/2026 02:35:34,LA0011,PC-1011,A3749BE8.xlsx,False,
{F-0020450},09/16/2026 02:42:34,JA0009,PC-1009,2E30403D.pdf,False,
{F-0007819},09/16/2026 02:44:34,CA0002,PC-1002,CA054315.jpg,False,
{F-0030693},09/16/2026 02:44:34,OA0014,PC-1014,F16D8236.jpg,False,
{F-0022429},09/16/2026 02:46:34,KA0010,PC-1010,86BEB382.xlsx,False,
{F-0018438},09/16/2026 02:49:34,IA0008,PC-1008,91174168.jpg,False,
{F-0001966},09/16/2026 02:57:34,AA0000,PC-1000,DF8628F1.xls,False,
{F-0020458},09/16/2026 02:57:34,JA0009,PC-1009,E5376383.doc,False,
{F-0013515},09/16/2026 03:01:34,FA0005,PC-1005,6ACED692.xls,False,
{F-0001983},09/16/2026 03:03:34,AA0000,PC-1000,06CF1F66.doc,False,
{F-0012065},09/16/2026 03:06:34,EA0004,PC-1004,B4C206EF.doc,False,
{F-0026488},09/16/2026 03:06:34,MA0012,PC-1012,15257617.doc,False,
{F-0001980},09/16/2026 03:07:34,AA0000,PC-1000,8AE784C3.xlsx,False,
{F-0022412},09/16/2026 03:07:34,KA0010,PC-1010,8E2EE330.doc,False,
{F-0024474},09/16/2026 03:10:34,LA0011,PC-1011,20C1B3B5.xlsx,False,
{F-0013504},09/16/2026 03:14:34,FA0005,PC-1005,6E19F2D5.doc,False,
{F-0013501},09/16/2026 03:16:34,FA0005,PC-1005,3D373FBC.txt,False,
{F-0018451},09/16/2026 03:16:34,IA0008,PC-1008,2BC4BA4E.txt,False,
{F-0024482},09/16/2026 03:18:34,LA0011,PC-1011,A210FB47.jpg,False,
{F-0018442},09/16/2026 03:20:34,IA0008,PC-1008,3922782F.xlsx,False,
{F-0012061},09/16/2026 03:26:34,EA0004,PC-1004,66FDF18B.xls,False,
{F-0013514},09/16/2026 03:27:34,FA0005,PC-1005,5D460C76.xls,False,
{F-0030690},09/16/2026 03:27:34,OA0014,PC-1014,01952688.pdf,False,
{F-0026475},09/16/2026 03:30:34,MA0012,PC-1012,02576503.xls,False,
{F-0018441},09/16/2026 03:31:34,IA0008,PC-1008,5E05A0C1.xlsx,False,
{F-0007806},09/16/2026 03:32:34,CA0002,PC-1002,3D616275.doc,False,
{F-0022414},09/16/2026 03:36:34,KA0010,PC-1010,50EF0471.doc,False,
{F-0033882},09/16/2026 03:38:34,QA0016,PC-1016,ED2A693A.pdf,False,
{F-0018449},09/16/2026 03:39:34,IA0008,PC-1008,903B3F41.doc,False,
{F-0007815},09/16/2026 03:44:34,CA0002,PC-1002,3914AAF6.xls,False,
{F-0012059},09/16/2026 03:45:34,EA0004,PC-1004,145FC130.doc,False,
{F-0022415},09/16/2026 03:45:34,KA0010,PC-1010,14F5D114.xlsx,False,
{F-0024500},09/16/2026 03:47:34,LA0011,PC-1011,FA4C34D6.pdf,False,
{F-0001968},09/16/2026 03:56:34,AA0000,PC-1000,3E97EC56.jpg,False,
{F-0024473},09/16/2026 03:59:34,LA0011,PC-1011,9AB2C5CD.xls,False,
{F-0012057},09/16/2026 04:06:34,EA0004,PC-1004,3B43C124.xlsx,False,
{F-0024480},09/16/2026 04:06:34,LA0011,PC-1011,0F9D0CB8.doc,False,
{F-0026476},09/16/2026 04:10:34,MA0012,PC-1012,24F8E6B1.txt,False,
{F-0007825},09/16/2026 04:12:34,CA0002,PC-1002,C8797970.txt,False,
{F-0001977},09/16/2026 04:16:34,AA0000,PC-1000,A396FDC1.jpg,False,
{F-0022427},09/16/2026 04:25:34,KA0010,PC-1010,CB10AA93.doc,False,
{F-0012056},09/16/2026 04:27:34,EA0004,PC-1004,D80ED1FE.jpg,False,
{F-0022417},09/16/2026 04:33:34,KA0010,PC-1010,5ED5586F.xlsx,False,
{F-0012054},09/16/2026 04:47:34,EA0004,PC-1004,097C9BC9.doc,False,
{F-0007810},09/16/2026 04:48:34,CA0002,PC-1002,F55F4446.doc,False,
{F-0022413},09/16/2026 04:55:34,KA0010,PC-1010,DEB7CD69.xlsx,False,
{F-0007812},09/16/2026 04:56:34,CA0002,PC-1002,80CAE3E5.xls,False,
{F-0007824},09/16/2026 05:03:34,CA0002,PC-1002,38452EE1.jpg,False,
{F-0013502},09/16/2026 05:38:34,FA0005,PC-1005,C66882AA.jpg,False,
{F-0018491},09/16/2026 18:53:34,IA0008,PC-1008,D1D69AB6.xlsx,False,
{F-0018497},09/16/2026 19:06:34,IA0008,PC-1008,17AAEE25.txt,False,
{F-0024542},09/16/2026 19:08:34,LA0011,PC-1011,74E473DA.pdf,False,
{F-0030759},09/16/2026 19:21:34,OA0014,PC-1014,C1504951.txt,False,
{F-0024533},09/16/2026 19:22:34,LA0011,PC-1011,04A541AD.pdf,False,
{F-0030750},09/16/2026 19:30:34,OA0014,PC-1014,8058750B.xlsx,False,
{F-0030751},09/16/2026 19:32:34,OA0014,PC-1014,6D2350AA.xls,False,
{F-0004621},09/16/2026 19:49:34,BA0001,PC-1001,427E1E1E.txt,False,
{F-0010560},09/16/2026 19:55:34,DA0003,PC-1003,CDF243CD.jpg,False,
{F-0002026},09/16/2026 19:56:34,AA0000,PC-1000,FF6BEDBC.xlsx,False,
{F-0020499},09/16/2026 19:58:34,JA0009,PC-1009,614E2EAC.jpg,False,
{F-0024552},09/16/2026 20:06:34,LA0011,PC-1011,07A13393.txt,False,
{F-0004614},09/16/2026 20:07:34,BA0001,PC-1001,C3CF1594.xls,False,
{F-0020507},09/16/2026 20:09:34,JA0009,PC-1009,24633066.jpg,False,
{F-0022475},09/16/2026 20:11:34,KA0010,PC-1010,B88FDD51.pdf,False,
{F-0022474},09/16/2026 20:15:34,KA0010,PC-1010,5AC3DF89.doc,False,
{F-0024531},09/16/2026 20:27:34,LA0011,PC-1011,D68A94DD.txt,False,
{F-0020494},09/16/2026 20:29:34,JA0009,PC-1009,7B6C17B3.xlsx,False,
{F-0022466},09/16/2026 20:30:34,KA0010,PC-1010,39EC1EC9.xlsx,False,
{F-0022472},09/16/2026 20:32:34,KA0010,PC-1010,E33F161D.xlsx,False,
{F-0013546},09/16/2026 20:35:34,FA0005,PC-1005,91288B08.doc,False,
{F-0020512},09/16/2026 20:36:34,JA0009,PC-1009,4A6D43A1.txt,False,
{F-0002039},09/16/2026 20:38:34,AA0000,PC-1000,7AF97869.doc,False,
{F-0032476},09/16/2026 20:38:34,PA0015,PC-1015,09300F89.doc,False,
{F-0030754},09/16/2026 20:40:34,OA0014,PC-1014,60A4642D.xls,False,
{F-0010556},09/16/2026 20:42:34,DA0003,PC-1003,434434C2.jpg,False,
{F-0010568},09/16/2026 20:44:34,DA0003,PC-1003,A34A9638.doc,False,
{F-0030755},09/16/2026 20:45:34,OA0014,PC-1014,5A67CCF1.txt,False,
{F-0016986},09/16/2026 20:48:34,HA0007,PC-1007,D739A928.xlsx,False,
{F-0002046},09/16/2026 20:49:34,AA0000,PC-1000,8686CBB0.xlsx,False,
{F-0024527},09/16/2026 20:53:34,LA0011,PC-1011,BCDF0E0F.txt,False,
{F-0007865},09/16/2026 20:55:34,CA0002,PC-1002,FE9EB407.doc,False,
{F-0012086},09/16/2026 20:56:34,EA0004,PC-1004,3BCECC3B.txt,False,
{F-0012085},09/16/2026 20:57:34,EA0004,PC-1004,1976F592.xlsx,False,
{F-0022473},09/16/2026 20:57:34,KA0010,PC-1010,3698E854.xlsx,False,
{F-0018488},09/16/2026 21:02:34,IA0008,PC-1008,E0E77DAD.doc,False,
{F-0002029},09/16/2026 21:03:34,AA0000,PC-1000,AFF941D7.doc,False,
{F-0032473},09/16/2026 21:04:34,PA0015,PC-1015,F3E0995F.doc,False,
{F-0026545},09/16/2026 21:05:34,MA0012,PC-1012,AD796B96.xlsx,False,
{F-0028224},09/16/2026 21:05:34,NA0013,PC-1013,362211BD.txt,False,
{F-0002042},09/16/2026 21:06:34,AA0000,PC-1000,C1B2D6B3.xlsx,False,
{F-0007881},09/16/2026 21:09:34,CA0002,PC-1002,067183C7.xlsx,False,
{F-0002043},09/16/2026 21:12:34,AA0000,PC-1000,76D10EAA.txt,False,
{F-0002025},09/16/2026 21:14:34,AA0000,PC-1000,93D8DAA5.txt,False,
{F-0002028},09/16/2026 21:14:34,AA0000,PC-1000,4DF8675B.pdf,False,
{F-0007874},09/16/2026 21:23:34,CA0002,PC-1002,8AE9607C.pdf,False,
{F-0020500},09/16/2026 21:25:34,JA0009,PC-1009,06DD1DC0.pdf,False,
{F-0016991},09/16/2026 21:27:34,HA0007,PC-1007,7C5ABB15.pdf,False,
{F-0015784},09/16/2026 21:34:34,GA0006,PC-1006,C07096A8.xlsx,False,
{F-0018489},09/16/2026 21:34:34,IA0008,PC-1008,4AAE7DE0.xls,False,
{F-0018492},09/16/2026 21:35:34,IA0008,PC-1008,0D9BA164.pdf,False,
{F-0032475},09/16/2026 21:35:34,PA0015,PC-1015,88729F75.jpg,False,
{F-0024551},09/16/2026 21:42:34,LA0011,PC-1011,D28CAAA5.pdf,False,
{F-0026544},09/16/2026 21:44:34,MA0012,PC-1012,E2C780D3.doc,False,
{F-0002041},09/16/2026 21:46:34,AA0000,PC-1000,823EFC64.doc,False,
{F-0018494},09/16/2026 21:46:34,IA0008,PC-1008,B916024F.jpg,False,
{F-0028225},09/16/2026 21:46:34,NA0013,PC-1013,0DFD57D6.doc,False,
{F-0018490},09/16/2026 21:49:34,IA0008,PC-1008,66E2A296.xlsx,False,
{F-0015787},09/16/2026 21:52:34,GA0006,PC-1006,4CBA8B75.jpg,False,
{F-0002031},09/16/2026 21:53:34,AA0000,PC-1000,147B153B.doc,False,
{F-0002027},09/16/2026 21:54:34,AA0000,PC-1000,5C6559D4.jpg,False,
{F-0022471},09/16/2026 21:54:34,KA0010,PC-1010,7A1D44B2.xls,False,
{F-0033908},09/16/2026 21:56:34,QA0016,PC-1016,2FFDAAAE.xlsx,False,
{F-0020497},09/16/2026 22:01:34,JA0009,PC-1009,AFB9C746.doc,False,
{F-0022470},09/16/2026 22:02:34,KA0010,PC-1010,C2657230.jpg,False,
{F-0007884},09/16/2026 22:05:34,CA0002,PC-1002,185A1744.txt,False,
{F-0024550},09/16/2026 22:09:34,LA0011,PC-1011,0EBC3805.xlsx,False,
{F-0018486},09/16/2026 22:11:34,IA0008,PC-1008,C365F860.doc,False,
{F-0034978},09/16/2026 22:14:34,RA0017,PC-1017,C487E046.txt,False,
{F-0007877},09/16/2026 22:16:34,CA0002,PC-1002,3914D96B.pdf,False,
{F-0012089},09/16/2026 22:17:34,EA0004,PC-1004,4D814FCA.xls,False,
{F-0010565},09/16/2026 22:19:34,DA0003,PC-1003,754096E4.xlsx,False,
{F-0020510},09/16/2026 22:20:34,JA0009,PC-1009,0C0905B1.jpg,False,
{F-0007870},09/16/2026 22:21:34,CA0002,PC-1002,EFA625FD.xlsx,False,
{F-0004612},09/16/2026 22:26:34,BA0001,PC-1001,48C74F51.pdf,False,
{F-0007880},09/16/2026 22:31:34,CA0002,PC-1002,93408807.txt,False,
{F-0013544},09/16/2026 22:33:34,FA0005,PC-1005,BAEE696B.doc,False,
{F-0018493},09/16/2026 22:33:34,IA0008,PC-1008,CD82510C.doc,False,
{F-0032477},09/16/2026 22:34:34,PA0015,PC-1015,818BBB6F.doc,False,
{F-0007868},09/16/2026 22:36:34,CA0002,PC-1002,4754C8DE.txt,False,
{F-0016992},09/16/2026 22:38:34,HA0007,PC-1007,253242AD.doc,False,
{F-0024532},09/16/2026 22:38:34,LA0011,PC-1011,2F43FFBD.doc,False,
{F-0022469},09/16/2026 22:44:34,KA0010,PC-1010,B84419FD.pdf,False,
{F-0002030},09/16/2026 22:46:34,AA0000,PC-1000,A6001447.jpg,False,
{F-0018487},09/16/2026 22:48:34,IA0008,PC-1008,A37671BF.xlsx,False,
{F-0012084},09/16/2026 22:54:34,EA0004,PC-1004,6C31A52A.xls,False,
{F-0015781},09/16/2026 22:57:34,GA0006,PC-1006,5AB14DAC.doc,False,
{F-0022467},09/16/2026 22:57:34,KA0010,PC-1010,C606F47F.pdf,False,
{F-0013541},09/16/2026 22:58:34,FA0005,PC-1005,10BCD69E.pdf,False,
{F-0020498},09/16/2026 23:01:34,JA0009,PC-1009,2A57F5B6.pdf,False,
{F-0002035},09/16/2026 23:02:34,AA0000,PC-1000,4BDCA66E.xls,False,
{F-0002040},09/16/2026 23:05:34,AA0000,PC-1000,794BC3A3.doc,False,
{F-0010561},09/16/2026 23:05:34,DA0003,PC-1003,EB83018A.pdf,False,
{F-0013536},09/16/2026 23:05:34,FA0005,PC-1005,78861F0A.doc,False,
{F-0026542},09/16/2026 23:06:34,MA0012,PC-1012,8F3DD103.pdf,False,
{F-0024534},09/16/2026 23:07:34,LA0011,PC-1011,97F3D53C.xls,False,
{F-0024536},09/16/2026 23:07:34,LA0011,PC-1011,72B97E59.xls,False,
{F-0030749},09/16/2026 23:09:34,OA0014,PC-1014,D9185E55.xlsx,False,
{F-0002032},09/16/2026 23:11:34,AA0000,PC-1000,C40F5F9A.txt,False,
{F-0024543},09/16/2026 23:14:34,LA0011,PC-1011,31C24D2A.xls,False,
{F-0033914},09/16/2026 23:14:34,QA0016,PC-1016,3390FA04.jpg,False,
{F-0004617},09/16/2026 23:15:34,BA0001,PC-1001,71151BB5.xls,False,
{F-0007879},09/16/2026 23:16:34,CA0002,PC-1002,5F6D5984.txt,False,
{F-0020505},09/16/2026 23:16:34,JA0009,PC-1009,71442202.jpg,False,
{F-0013547},09/16/2026 23:18:34,FA0005,PC-1005,0874C7ED.pdf,False,
{F-0012091},09/16/2026 23:20:34,EA0004,PC-1004,85A91221.jpg,False,
{F-0016989},09/16/2026 23:23:34,HA0007,PC-1007,186FF60A.doc,False,
{F-0024547},09/16/2026 23:24:34,LA0011,PC-1011,09660549.jpg,False,
{F-0024548},09/16/2026 23:24:34,LA0011,PC-1011,7B4A0C9F.xls,False,
{F-0010566},09/16/2026 23:26:34,DA0003,PC-1003,AA79825D.doc,False,
{F-0020503},09/16/2026 23:27:34,JA0009,PC-1009,69BEBAE1.jpg,False,
{F-0018499},09/16/2026 23:30:34,IA0008,PC-1008,A1AB3DBE.doc,False,
{F-0032472},09/16/2026 23:30:34,PA0015,PC-1015,C9CB4ED0.jpg,False,
{F-0010567},09/16/2026 23:35:34,DA0003,PC-1003,94728D01.jpg,False,
{F-0018495},09/16/2026 23:36:34,IA0008,PC-1008,4F67B325.xls,False,
{F-0024530},09/16/2026 23:43:34,LA0011,PC-1011,3914E929.pdf,False,
{F-0015783},09/16/2026 23:45:34,GA0006,PC-1006,3CA13677.doc,False,
{F-0033909},09/16/2026 23:45:34,QA0016,PC-1016,81096044.doc,False,
{F-0010559},09/16/2026 23:46:34,DA0003,PC-1003,C2588EAD.txt,False,
{F-0010562},09/16/2026 23:48:34,DA0003,PC-1003,EE41A4D3.pdf,False,
{F-0010557},09/16/2026 23:49:34,DA0003,PC-1003,0C6AD7C3.doc,False,
{F-0013543},09/16/2026 23:49:34,FA0005,PC-1005,65D94084.xls,False,
{F-0032479},09/16/2026 23:54:34,PA0015,PC-1015,2B462AF5.txt,False,
{F-0004615},09/16/2026 23:56:34,BA0001,PC-1001,F9E36802.doc,False,
{F-0013545},09/17/2026 00:01:34,FA0005,PC-1005,3F51B09D.doc,False,
{F-0020501},09/17/2026 00:05:34,JA0009,PC-1009,552319E7.txt,False,
{F-0007875},09/17/2026 00:06:34,CA0002,PC-1002,DE578B02.xls,False,
{F-0024544},09/17/2026 00:06:34,LA0011,PC-1011,9405F1D6.jpg,False,
{F-0028223},09/17/2026 00:07:34,NA0013,PC-1013,ABF5F394.jpg,False,
{F-0013552},09/17/2026 00:14:34,FA0005,PC-1005,F1CE7C7F.xlsx,False,
{F-0024546},09/17/2026 00:15:34,LA0011,PC-1011,5A5593F8.doc,False,
{F-0032474},09/17/2026 00:15:34,PA0015,PC-1015,09811D41.txt,False,
{F-0012093},09/17/2026 00:16:34,EA0004,PC-1004,572E653F.pdf,False,
{F-0020496},09/17/2026 00:23:34,JA0009,PC-1009,AB1FC6AF.doc,False,
{F-0020502},09/17/2026 00:26:34,JA0009,PC-1009,CCD5287E.doc,False,
{F-0032482},09/17/2026 00:26:34,PA0015,PC-1015,2A4F8985.doc,False,
{F-0002034},09/17/2026 00:27:34,AA0000,PC-1000,3913C770.doc,False,
{F-0010558},09/17/2026 00:32:34,DA0003,PC-1003,8DDD0449.txt,False,
{F-0033911},09/17/2026 00:32:34,QA0016,PC-1016,2E88D6B3.pdf,False,
{F-0034977},09/17/2026 00:34:34,RA0017,PC-1017,2939B30A.jpg,False,
{F-0016990},09/17/2026 00:35:34,HA0007,PC-1007,926CE022.pdf,False,
{F-0002045},09/17/2026 00:42:34,AA0000,PC-1000,B965516A.doc,False,
{F-0013538},09/17/2026 00:44:34,FA0005,PC-1005,34CDF070.jpg,False,
{F-0030757},09/17/2026 00:44:34,OA0014,PC-1014,97AE1FC0.doc,False,
{F-0032480},09/17/2026 00:44:34,PA0015,PC-1015,A96209E7.jpg,False,
{F-0032471},09/17/2026 00:46:34,PA0015,PC-1015,170A18A6.xls,False,
{F-0016987},09/17/2026 00:49:34,HA0007,PC-1007,86AF13A1.txt,False,
{F-0024539},09/17/2026 00:51:34,LA0011,PC-1011,ECA3D10C.doc,False,
{F-0010564},09/17/2026 00:53:34,DA0003,PC-1003,241717E0.pdf,False,
{F-0007867},09/17/2026 00:54:34,CA0002,PC-1002,90BF4AFD.xlsx,False,
{F-0002024},09/17/2026 00:59:34,AA0000,PC-1000,F0294F49.jpg,False,
{F-0020509},09/17/2026 00:59:34,JA0009,PC-1009,DBA6A4DF.xlsx,False,
{F-0026541},09/17/2026 01:03:34,MA0012,PC-1012,9FC5A5F4.jpg,False,
{F-0015786},09/17/2026 01:08:34,GA0006,PC-1006,53E6864C.doc,False,
{F-0012092},09/17/2026 01:09:34,EA0004,PC-1004,4E1D9015.pdf,False,
{F-0022476},09/17/2026 01:10:34,KA0010,PC-1010,1B4236DF.pdf,False,
{F-0018484},09/17/2026 01:12:34,IA0008,PC-1008,AACB49D9.jpg,False,
{F-0002036},09/17/2026 01:16:34,AA0000,PC-1000,A99F47D0.xls,False,
{F-0024545},09/17/2026 01:17:34,LA0011,PC-1011,B7123BBA.doc,False,
{F-0024541},09/17/2026 01:18:34,LA0011,PC-1011,F9EBCBA0.doc,False,
{F-0018483},09/17/2026 01:20:34,IA0008,PC-1008,C7F6EEDD.jpg,False,
{F-0026543},09/17/2026 01:20:34,MA0012,PC-1012,EDD05627.jpg,False,
{F-0013540},09/17/2026 01:22:34,FA0005,PC-1005,BF8184FC.pdf,False,
{F-0013542},09/17/2026 01:30:34,FA0005,PC-1005,08E6C737.jpg,False,
{F-0030752},09/17/2026 01:33:34,OA0014,PC-1014,E3766026.pdf,False,
{F-0026538},09/17/2026 01:34:34,MA0012,PC-1012,7DE07A34.pdf,False,
{F-0024537},09/17/2026 01:37:34,LA0011,PC-1011,D5AA2E5E.jpg,False,
{F-0026539},09/17/2026 01:41:34,MA0012,PC-1012,3CE150FF.txt,False,
{F-0013548},09/17/2026 01:42:34,FA0005,PC-1005,A1EEDBEE.xls,False,
{F-0024538},09/17/2026 01:43:34,LA0011,PC-1011,26A314B1.jpg,False,
{F-0004620},09/17/2026 01:48:34,BA0001,PC-1001,20A2048B.doc,False,
{F-0010563},09/17/2026 01:49:34,DA0003,PC-1003,1FF465C7.jpg,False,
{F-0020506},09/17/2026 01:49:34,JA0009,PC-1009,1FC56E05.pdf,False,
{F-0032481},09/17/2026 01:49:34,PA0015,PC-1015,98A11C13.jpg,False,
{F-0004618},09/17/2026 01:57:34,BA0001,PC-1001,51EB90D1.jpg,False,
{F-0007871},09/17/2026 01:58:34,CA0002,PC-1002,AB5C273C.txt,False,
{F-0002037},09/17/2026 02:00:34,AA0000,PC-1000,BC67F733.doc,False,
{F-0012090},09/17/2026 02:12:34,EA0004,PC-1004,608F4F0B.pdf,False,
{F-0007866},09/17/2026 02:16:34,CA0002,PC-1002,95F1C456.jpg,False,
{F-0012088},09/17/2026 02:16:34,EA0004,PC-1004,381B6462.jpg,False,
{F-0016988},09/17/2026 02:16:34,HA0007,PC-1007,9A7E91C1.pdf,False,
{F-0010569},09/17/2026 02:17:34,DA0003,PC-1003,9455C283.jpg,False,
{F-0020504},09/17/2026 02:18:34,JA0009,PC-1009,65045F6E.pdf,False,
{F-0012095},09/17/2026 02:19:34,EA0004,PC-1004,EE3EB129.pdf,False,
{F-0007872},09/17/2026 02:20:34,CA0002,PC-1002,D2D451B9.jpg,False,
{F-0010570},09/17/2026 02:21:34,DA0003,PC-1003,0953E2F0.doc,False,
{F-0002038},09/17/2026 02:31:34,AA0000,PC-1000,11F08DBC.xls,False,
{F-0024528},09/17/2026 02:32:34,LA0011,PC-1011,0FCAF427.doc,False,
{F-0010555},09/17/2026 02:35:34,DA0003,PC-1003,86D4111C.xlsx,False,
{F-0018496},09/17/2026 02:35:34,IA0008,PC-1008,A92CB530.pdf,False,
{F-0033910},09/17/2026 02:36:34,QA0016,PC-1016,B15EBC2B.xls,False,
{F-0018498},09/17/2026 02:40:34,IA0008,PC-1008,3EF47F14.xls,False,
{F-0024535},09/17/2026 02:42:34,LA0011,PC-1011,558481D0.xls,False,
{F-0020508},09/17/2026 02:44:34,JA0009,PC-1009,A34BEC9A.doc,False,
{F-0004616},09/17/2026 02:48:34,BA0001,PC-1001,7FB85ECB.txt,False,
{F-0004613},09/17/2026 02:49:34,BA0001,PC-1001,DF37E631.jpg,False,
{F-0015782},09/17/2026 02:54:34,GA0006,PC-1006,9F4FA9EC.jpg,False,
{F-0015785},09/17/2026 02:57:34,GA0006,PC-1006,49547700.txt,False,
{F-0033913},09/17/2026 02:59:34,QA0016,PC-1016,6225E390.jpg,False,
{F-0024529},09/17/2026 03:01:34,LA0011,PC-1011,F4783163.txt,False,
{F-0020495},09/17/2026 03:05:34,JA0009,PC-1009,25FDE324.txt,False,
{F-0004619},09/17/2026 03:09:34,BA0001,PC-1001,43118D73.doc,False,
{F-0024549},09/17/2026 03:10:34,LA0011,PC-1011,E0BE1D37.doc,False,
{F-0013539},09/17/2026 03:14:34,FA0005,PC-1005,FB4B4B1B.doc,False,
{F-0013537},09/17/2026 03:17:34,FA0005,PC-1005,20EC5928.xlsx,False,
{F-0012094},09/17/2026 03:18:34,EA0004,PC-1004,F49F1269.txt,False,
{F-0026540},09/17/2026 03:18:34,MA0012,PC-1012,018119B6.xlsx,False,
{F-0034976},09/17/2026 03:26:34,RA0017,PC-1017,A46C07D2.jpg,False,
{F-0002044},09/17/2026 03:32:34,AA0000,PC-1000,F92E7965.doc,False,
{F-0030748},09/17/2026 03:32:34,OA0014,PC-1014,9A4F0CE5.jpg,False,
{F-0002033},09/17/2026 03:37:34,AA0000,PC-1000,9C8CC190.doc,False,
{F-0007876},09/17/2026 03:37:34,CA0002,PC-1002,CB07C868.doc,False,
{F-0013549},09/17/2026 03:37:34,FA0005,PC-1005,81E701EB.doc,False,
{F-0030758},09/17/2026 03:39:34,OA0014,PC-1014,F4F35B6F.jpg,False,
{F-0020511},09/17/2026 03:40:34,JA0009,PC-1009,BA203947.pdf,False,
{F-0013553},09/17/2026 03:45:34,FA0005,PC-1005,5006A939.xls,False,
{F-0028226},09/17/2026 03:46:34,NA0013,PC-1013,D3A7DD02.txt,False,
{F-0018485},09/17/2026 03:49:34,IA0008,PC-1008,1ECE472B.xlsx,False,
{F-0033912},09/17/2026 03:49:34,QA0016,PC-1016,E4B77462.doc,False,
{F-0018500},09/17/2026 03:53:34,IA0008,PC-1008,AAE928F3.txt,False,
{F-0002047},09/17/2026 03:58:34,AA0000,PC-1000,01325AAC.jpg,False,
{F-0007873},09/17/2026 04:00:34,CA0002,PC-1002,9B5614AC.pdf,False,
{F-0007878},09/17/2026 04:07:34,CA0002,PC-1002,CB1F4217.doc,False,
{F-0030756},09/17/2026 04:08:34,OA0014,PC-1014,B502178B.xls,False,
{F-0012087},09/17/2026 04:10:34,EA0004,PC-1004,D91274E2.xls,False,
{F-0022468},09/17/2026 04:21:34,KA0010,PC-1010,0EBE63BD.txt,False,
{F-0030753},09/17/2026 04:25:34,OA0014,PC-1014,D5897D6B.pdf,False,
{F-0032478},09/17/2026 04:27:34,PA0015,PC-1015,43B22B6B.pdf,False,
{F-0034979},09/17/2026 04:27:34,RA0017,PC-1017,F270ED54.doc,False,
{F-0012083},09/17/2026 04:30:34,EA0004,PC-1004,96C0579B.xls,False,
{F-0033907},09/17/2026 04:40:34,QA0016,PC-1016,402F9652.xls,False,
{F-0024540},09/17/2026 04:42:34,LA0011,PC-1011,AE891BA4.xls,False,
{F-0024553},09/17/2026 04:42:34,LA0011,PC-1011,5B160696.xlsx,False,
{F-0007883},09/17/2026 04:50:34,CA0002,PC-1002,ECA1B31D.pdf,False,
{F-0013550},09/17/2026 04:55:34,FA0005,PC-1005,34E7A26A.pdf,False,
{F-0013551},09/17/2026 04:55:34,FA0005,PC-1005,6A8B1C0E.txt,False,
{F-0007869},09/17/2026 05:51:34,CA0002,PC-1002,49708317.xlsx,False,
{F-0007882},09/17/2026 06:18:34,CA0002,PC-1002,2600AF70.doc,False,
{F-0024577},09/17/2026 18:23:34,LA0011,PC-1011,C05800BB.doc,False,
{F-0024581},09/17/2026 18:34:34,LA0011,PC-1011,7D1A60C8.pdf,False,
{F-0030811},09/17/2026 18:55:34,OA0014,PC-1014,23E08389.xlsx,False,
{F-0026597},09/17/2026 18:58:34,MA0012,PC-1012,3AC7C748.txt,False,
{F-0015828},09/17/2026 19:23:34,GA0006,PC-1006,28C5FF64.txt,False,
{F-0010638},09/17/2026 19:28:34,DA0003,PC-1003,11045C0F.xlsx,False,
{F-0015832},09/17/2026 19:28:34,GA0006,PC-1006,69BD2EA3.xls,False,
{F-0018528},09/17/2026 19:32:34,IA0008,PC-1008,74FA5EA5.txt,False,
{F-0022512},09/17/2026 19:42:34,KA0010,PC-1010,A5383696.xlsx,False,
{F-0020551},09/17/2026 19:47:34,JA0009,PC-1009,F93A315C.doc,False,
{F-0020563},09/17/2026 19:47:34,JA0009,PC-1009,6E03A28A.doc,False,
{F-0030807},09/17/2026 19:48:34,OA0014,PC-1014,44C1541B.jpg,False,
{F-0010626},09/17/2026 19:53:34,DA0003,PC-1003,4CCC8E6B.doc,False,
{F-0020570},09/17/2026 19:59:34,JA0009,PC-1009,3B916F06.doc,False,
{F-0022517},09/17/2026 20:01:34,KA0010,PC-1010,84B540EA.jpg,False,
{F-0030809},09/17/2026 20:04:34,OA0014,PC-1014,069D243A.xls,False,
{F-0010624},09/17/2026 20:07:34,DA0003,PC-1003,5E00A4E8.txt,False,
{F-0017016},09/17/2026 20:10:34,HA0007,PC-1007,2029092B.jpg,False,
{F-0024567},09/17/2026 20:10:34,LA0011,PC-1011,C51B3C40.pdf,False,
{F-0024588},09/17/2026 20:14:34,LA0011,PC-1011,E5B9A6AF.txt,False,
{F-0012117},09/17/2026 20:16:34,EA0004,PC-1004,CF8EC7B5.xlsx,False,
{F-0020569},09/17/2026 20:19:34,JA0009,PC-1009,24135C9C.xlsx,False,
{F-0020573},09/17/2026 20:21:34,JA0009,PC-1009,52C46D0C.xls,False,
{F-0007920},09/17/2026 20:22:34,CA0002,PC-1002,6751536C.xls,False,
{F-0020552},09/17/2026 20:24:34,JA0009,PC-1009,D796BF96.xlsx,False,
{F-0012129},09/17/2026 20:25:34,EA0004,PC-1004,853F31E8.doc,False,
{F-0032509},09/17/2026 20:28:34,PA0015,PC-1015,ABF062A6.xls,False,
{F-0033952},09/17/2026 20:33:34,QA0016,PC-1016,5CBD0E67.doc,False,
{F-0012121},09/17/2026 20:37:34,EA0004,PC-1004,C9505A66.txt,False,
{F-0028271},09/17/2026 20:37:34,NA0013,PC-1013,132C32F2.doc,False,
{F-0012125},09/17/2026 20:40:34,EA0004,PC-1004,ED5E10DA.txt,False,
{F-0018532},09/17/2026 20:40:34,IA0008,PC-1008,C93B3E56.doc,False,
{F-0034999},09/17/2026 20:43:34,RA0017,PC-1017,71436083.doc,False,
{F-0022520},09/17/2026 20:44:34,KA0010,PC-1010,DBB2E64A.jpg,False,
{F-0012123},09/17/2026 20:45:34,EA0004,PC-1004,FBFCB256.doc,False,
{F-0007934},09/17/2026 20:47:34,CA0002,PC-1002,6C2F8398.doc,False,
{F-0013576},09/17/2026 20:47:34,FA0005,PC-1005,526D1DF0.xls,False,
{F-0018526},09/17/2026 20:49:34,IA0008,PC-1008,2CBF505B.xlsx,False,
{F-0017013},09/17/2026 20:51:34,HA0007,PC-1007,122E566D.pdf,False,
{F-0024571},09/17/2026 20:52:34,LA0011,PC-1011,5969EF41.doc,False,
{F-0026601},09/17/2026 20:52:34,MA0012,PC-1012,CB13B5C9.xlsx,False,
{F-0004682},09/17/2026 20:53:34,BA0001,PC-1001,450B3843.pdf,False,
{F-0030815},09/17/2026 20:53:34,OA0014,PC-1014,18B3AE5A.xls,False,
{F-0032505},09/17/2026 20:57:34,PA0015,PC-1015,C731AC05.jpg,False,
{F-0007931},09/17/2026 20:58:34,CA0002,PC-1002,EDFA59CA.doc,False,
{F-0010633},09/17/2026 20:58:34,DA0003,PC-1003,8A89FA77.txt,False,
{F-0020572},09/17/2026 20:59:34,JA0009,PC-1009,D85FA337.xls,False,
{F-0020574},09/17/2026 21:00:34,JA0009,PC-1009,95902B21.jpg,False,
{F-0020559},09/17/2026 21:03:34,JA0009,PC-1009,CAE02B91.xlsx,False,
{F-0012124},09/17/2026 21:07:34,EA0004,PC-1004,B9ADAC28.txt,False,
{F-0024575},09/17/2026 21:07:34,LA0011,PC-1011,481666CF.pdf,False,
{F-0010632},09/17/2026 21:10:34,DA0003,PC-1003,BCEF3C60.xlsx,False,
{F-0032514},09/17/2026 21:10:34,PA0015,PC-1015,4FE0A794.doc,False,
{F-0026598},09/17/2026 21:13:34,MA0012,PC-1012,671FA727.pdf,False,
{F-0017018},09/17/2026 21:15:34,HA0007,PC-1007,9D1B69C6.doc,False,
{F-0024569},09/17/2026 21:15:34,LA0011,PC-1011,02A93A0E.jpg,False,
{F-0013572},09/17/2026 21:16:34,FA0005,PC-1005,3AAD5FF9.pdf,False,
{F-0017014},09/17/2026 21:20:34,HA0007,PC-1007,5A9C0215.jpg,False,
{F-0010637},09/17/2026 21:21:34,DA0003,PC-1003,24719CA5.xlsx,False,
{F-0017020},09/17/2026 21:21:34,HA0007,PC-1007,C3767A5B.xls,False,
{F-0012120},09/17/2026 21:23:34,EA0004,PC-1004,E3868332.xls,False,
{F-0024576},09/17/2026 21:25:34,LA0011,PC-1011,339F9FE8.doc,False,
{F-0013586},09/17/2026 21:26:34,FA0005,PC-1005,6BEC8946.jpg,False,
{F-0015830},09/17/2026 21:27:34,GA0006,PC-1006,F61B8F4F.xlsx,False,
{F-0026596},09/17/2026 21:33:34,MA0012,PC-1012,AB7EFB50.txt,False,
{F-0028264},09/17/2026 21:42:34,NA0013,PC-1013,9F3A67C0.doc,False,
{F-0012122},09/17/2026 21:46:34,EA0004,PC-1004,3F5E7C11.txt,False,
{F-0015834},09/17/2026 21:52:34,GA0006,PC-1006,D671D4FD.doc,False,
{F-0013584},09/17/2026 21:55:34,FA0005,PC-1005,8EECE43E.xlsx,False,
{F-0035001},09/17/2026 21:55:34,RA0017,PC-1017,399286E2.xls,False,
{F-0012127},09/17/2026 21:56:34,EA0004,PC-1004,D8D36BF5.pdf,False,
{F-0026594},09/17/2026 22:00:34,MA0012,PC-1012,5BA56365.xlsx,False,
{F-0010625},09/17/2026 22:03:34,DA0003,PC-1003,9AC396B9.txt,False,
{F-0015833},09/17/2026 22:05:34,GA0006,PC-1006,4124F6CF.doc,False,
{F-0035000},09/17/2026 22:10:34,RA0017,PC-1017,51101603.doc,False,
{F-0024586},09/17/2026 22:11:34,LA0011,PC-1011,32CACB8F.txt,False,
{F-0007926},09/17/2026 22:12:34,CA0002,PC-1002,80B193B6.xlsx,False,
{F-0012126},09/17/2026 22:16:34,EA0004,PC-1004,D8C501C7.xls,False,
{F-0022522},09/17/2026 22:17:34,KA0010,PC-1010,E19C328A.doc,False,
{F-0026595},09/17/2026 22:17:34,MA0012,PC-1012,B4116C35.doc,False,
{F-0020566},09/17/2026 22:22:34,JA0009,PC-1009,EB1F91C5.xls,False,
{F-0033949},09/17/2026 22:25:34,QA0016,PC-1016,7B74B0CA.txt,False,
{F-0013571},09/17/2026 22:26:34,FA0005,PC-1005,1BF02CE5.doc,False,
{F-0018531},09/17/2026 22:27:34,IA0008,PC-1008,9E3E5C3A.jpg,False,
{F-0004686},09/17/2026 22:31:34,BA0001,PC-1001,CC2D3200.xls,False,
{F-0012135},09/17/2026 22:34:34,EA0004,PC-1004,2FC1F8A8.txt,False,
{F-0028269},09/17/2026 22:35:34,NA0013,PC-1013,632F5206.xlsx,False,
{F-0007936},09/17/2026 22:36:34,CA0002,PC-1002,5C209DA7.xlsx,False,
{F-0010634},09/17/2026 22:37:34,DA0003,PC-1003,4076A16F.jpg,False,
{F-0024570},09/17/2026 22:40:34,LA0011,PC-1011,B84115B1.doc,False,
{F-0018533},09/17/2026 22:42:34,IA0008,PC-1008,8DBA3B97.txt,False,
{F-0017015},09/17/2026 22:44:34,HA0007,PC-1007,4B86EAEC.txt,False,
{F-0024566},09/17/2026 22:46:34,LA0011,PC-1011,55473041.xlsx,False,
{F-0012118},09/17/2026 22:47:34,EA0004,PC-1004,20A05489.xls,False,
{F-0030803},09/17/2026 22:49:34,OA0014,PC-1014,D7DFF49F.doc,False,
{F-0013580},09/17/2026 22:51:34,FA0005,PC-1005,66EB8168.xlsx,False,
{F-0004689},09/17/2026 22:53:34,BA0001,PC-1001,615A868A.xls,False,
{F-0004681},09/17/2026 22:58:34,BA0001,PC-1001,EBE4E77B.xlsx,False,
{F-0020555},09/17/2026 22:58:34,JA0009,PC-1009,FE4A0018.xlsx,False,
{F-0012132},09/17/2026 23:00:34,EA0004,PC-1004,38B1FFDC.jpg,False,
{F-0022519},09/17/2026 23:03:34,KA0010,PC-1010,0404711B.xlsx,False,
{F-0020565},09/17/2026 23:07:34,JA0009,PC-1009,171FB640.doc,False,
{F-0018527},09/17/2026 23:08:34,IA0008,PC-1008,4C03CF74.xls,False,
{F-0020562},09/17/2026 23:08:34,JA0009,PC-1009,99869A5C.xlsx,False,
{F-0012130},09/17/2026 23:16:34,EA0004,PC-1004,7F942853.pdf,False,
{F-0026599},09/17/2026 23:16:34,MA0012,PC-1012,54330CF2.jpg,False,
{F-0033953},09/17/2026 23:18:34,QA0016,PC-1016,633035D8.txt,False,
{F-0020564},09/17/2026 23:19:34,JA0009,PC-1009,78C8D483.xls,False,
{F-0024589},09/17/2026 23:20:34,LA0011,PC-1011,1E11044B.jpg,False,
{F-0015829},09/17/2026 23:21:34,GA0006,PC-1006,7F9CF1F3.xls,False,
{F-0024578},09/17/2026 23:27:34,LA0011,PC-1011,FD650E00.xls,False,
{F-0024573},09/17/2026 23:30:34,LA0011,PC-1011,C369F524.xlsx,False,
{F-0007935},09/17/2026 23:31:34,CA0002,PC-1002,67D180DC.pdf,False,
{F-0024585},09/17/2026 23:34:34,LA0011,PC-1011,034B64E1.xlsx,False,
{F-0010635},09/17/2026 23:35:34,DA0003,PC-1003,A13F7AB9.xls,False,
{F-0020557},09/17/2026 23:43:34,JA0009,PC-1009,B4A6C088.xlsx,False,
{F-0020554},09/17/2026 23:44:34,JA0009,PC-1009,2C9B4A7E.pdf,False,
{F-0010630},09/17/2026 23:51:34,DA0003,PC-1003,13BE737D.jpg,False,
{F-0028263},09/17/2026 23:54:34,NA0013,PC-1013,5392565A.txt,False,
{F-0004694},09/18/2026 00:00:34,BA0001,PC-1001,90DA4A89.doc,False,
{F-0007921},09/18/2026 00:03:34,CA0002,PC-1002,86C6D1BA.xlsx,False,
{F-0024574},09/18/2026 00:04:34,LA0011,PC-1011,FAAC9C40.txt,False,
{F-0022524},09/18/2026 00:06:34,KA0010,PC-1010,F5118D9D.xlsx,False,
{F-0004688},09/18/2026 00:08:34,BA0001,PC-1001,E6502ED2.jpg,False,
{F-0032503},09/18/2026 00:08:34,PA0015,PC-1015,00A03BD1.doc,False,
{F-0013575},09/18/2026 00:09:34,FA0005,PC-1005,912BBF5C.xls,False,
{F-0013579},09/18/2026 00:10:34,FA0005,PC-1005,7D91BD6A.xls,False,
{F-0020556},09/18/2026 00:10:34,JA0009,PC-1009,833103FD.xlsx,False,
{F-0033951},09/18/2026 00:12:34,QA0016,PC-1016,484EDC9F.doc,False,
{F-0012119},09/18/2026 00:14:34,EA0004,PC-1004,5A209210.doc,False,
{F-0013573},09/18/2026 00:16:34,FA0005,PC-1005,0FCC1A30.xls,False,
{F-0024584},09/18/2026 00:16:34,LA0011,PC-1011,4944CAD7.txt,False,
{F-0030817},09/18/2026 00:16:34,OA0014,PC-1014,F8A2F463.xlsx,False,
{F-0010629},09/18/2026 00:17:34,DA0003,PC-1003,EC54AF63.doc,False,
{F-0028266},09/18/2026 00:21:34,NA0013,PC-1013,92EDC7DE.doc,False,
{F-0007932},09/18/2026 00:22:34,CA0002,PC-1002,8E2D2803.doc,False,
{F-0028267},09/18/2026 00:25:34,NA0013,PC-1013,9E60AE5E.txt,False,
{F-0024583},09/18/2026 00:30:34,LA0011,PC-1011,E62B44FE.xlsx,False,
{F-0007929},09/18/2026 00:32:34,CA0002,PC-1002,84D45D51.txt,False,
{F-0032507},09/18/2026 00:33:34,PA0015,PC-1015,32D43492.txt,False,
{F-0032508},09/18/2026 00:33:34,PA0015,PC-1015,7326416F.xlsx,False,
{F-0028268},09/18/2026 00:35:34,NA0013,PC-1013,4647322C.pdf,False,
{F-0004678},09/18/2026 00:39:34,BA0001,PC-1001,7F1EDCDD.doc,False,
{F-0018535},09/18/2026 00:41:34,IA0008,PC-1008,8219147C.pdf,False,
{F-0024582},09/18/2026 00:43:34,LA0011,PC-1011,1504E6AF.doc,False,
{F-0004695},09/18/2026 00:56:34,BA0001,PC-1001,BC455945.doc,False,
{F-0024580},09/18/2026 00:58:34,LA0011,PC-1011,2FAD84C3.doc,False,
{F-0012128},09/18/2026 01:00:34,EA0004,PC-1004,05730A0E.xls,False,
{F-0007922},09/18/2026 01:03:34,CA0002,PC-1002,BF98CDD3.txt,False,
{F-0013577},09/18/2026 01:03:34,FA0005,PC-1005,71289E0E.doc,False,
{F-0032515},09/18/2026 01:04:34,PA0015,PC-1015,B990FBB0.xlsx,False,
{F-0004683},09/18/2026 01:06:34,BA0001,PC-1001,A2ACE5EA.doc,False,
{F-0010628},09/18/2026 01:09:34,DA0003,PC-1003,8ED73663.xls,False,
{F-0022513},09/18/2026 01:10:34,KA0010,PC-1010,F23BC5EC.jpg,False,
{F-0010622},09/18/2026 01:13:34,DA0003,PC-1003,A0B99371.jpg,False,
{F-0020560},09/18/2026 01:13:34,JA0009,PC-1009,CF31D5D9.jpg,False,
{F-0020567},09/18/2026 01:16:34,JA0009,PC-1009,40FAED74.doc,False,
{F-0033954},09/18/2026 01:19:34,QA0016,PC-1016,4B42C3A6.txt,False,
{F-0032511},09/18/2026 01:20:34,PA0015,PC-1015,D81B6722.xlsx,False,
{F-0018534},09/18/2026 01:21:34,IA0008,PC-1008,7599C916.xlsx,False,
{F-0007928},09/18/2026 01:22:34,CA0002,PC-1002,73A98564.doc,False,
{F-0012137},09/18/2026 01:23:34,EA0004,PC-1004,FDA6D8D4.txt,False,
{F-0004677},09/18/2026 01:26:34,BA0001,PC-1001,20E9DD5A.doc,False,
{F-0004687},09/18/2026 01:28:34,BA0001,PC-1001,40372B17.xls,False,
{F-0004692},09/18/2026 01:30:34,BA0001,PC-1001,9F606941.xlsx,False,
{F-0022521},09/18/2026 01:30:34,KA0010,PC-1010,C06EA452.xlsx,False,
{F-0004680},09/18/2026 01:31:34,BA0001,PC-1001,F9B8D761.txt,False,
{F-0012136},09/18/2026 01:38:34,EA0004,PC-1004,EAA1410C.doc,False,
{F-0020561},09/18/2026 01:39:34,JA0009,PC-1009,1090E6EC.xlsx,False,
{F-0032504},09/18/2026 01:39:34,PA0015,PC-1015,4A0CC8B1.txt,False,
{F-0024579},09/18/2026 01:42:34,LA0011,PC-1011,C68E6C8B.txt,False,
{F-0030812},09/18/2026 01:42:34,OA0014,PC-1014,7520778C.doc,False,
{F-0018529},09/18/2026 01:44:34,IA0008,PC-1008,7E765EA5.xlsx,False,
{F-0033948},09/18/2026 01:45:34,QA0016,PC-1016,B00DA4C1.pdf,False,
{F-0020553},09/18/2026 01:46:34,JA0009,PC-1009,4E135A15.xls,False,
{F-0020558},09/18/2026 01:46:34,JA0009,PC-1009,4261A1C6.doc,False,
{F-0030804},09/18/2026 01:46:34,OA0014,PC-1014,6131319C.xls,False,
{F-0010623},09/18/2026 01:47:34,DA0003,PC-1003,1ACCD4CB.txt,False,
{F-0015835},09/18/2026 01:47:34,GA0006,PC-1006,9579BD1F.jpg,False,
{F-0013574},09/18/2026 01:48:34,FA0005,PC-1005,888C68A6.txt,False,
{F-0017017},09/18/2026 01:49:34,HA0007,PC-1007,B8A8CAD7.txt,False,
{F-0022510},09/18/2026 01:50:34,KA0010,PC-1010,93DC9B38.xlsx,False,
{F-0010639},09/18/2026 01:56:34,DA0003,PC-1003,4A4F2432.jpg,False,
{F-0010636},09/18/2026 02:03:34,DA0003,PC-1003,14684D93.pdf,False,
{F-0024568},09/18/2026 02:05:34,LA0011,PC-1011,BFE21603.doc,False,
{F-0030806},09/18/2026 02:05:34,OA0014,PC-1014,1AA029F5.jpg,False,
{F-0013583},09/18/2026 02:06:34,FA0005,PC-1005,4CCB0E11.jpg,False,
{F-0032506},09/18/2026 02:07:34,PA0015,PC-1015,E5E5A17E.jpg,False,
{F-0007923},09/18/2026 02:10:34,CA0002,PC-1002,7CE8B237.xlsx,False,
{F-0004693},09/18/2026 02:11:34,BA0001,PC-1001,5EB1A0DD.xls,False,
{F-0017012},09/18/2026 02:13:34,HA0007,PC-1007,23DD4A9E.xls,False,
{F-0026602},09/18/2026 02:13:34,MA0012,PC-1012,C577D956.doc,False,
{F-0028262},09/18/2026 02:13:34,NA0013,PC-1013,5AA14ADA.jpg,False,
{F-0033950},09/18/2026 02:13:34,QA0016,PC-1016,E00302BB.pdf,False,
{F-0024572},09/18/2026 02:16:34,LA0011,PC-1011,E11DB11D.jpg,False,
{F-0020571},09/18/2026 02:19:34,JA0009,PC-1009,366CB483.jpg,False,
{F-0022511},09/18/2026 02:19:34,KA0010,PC-1010,C1283419.pdf,False,
{F-0030813},09/18/2026 02:19:34,OA0014,PC-1014,F41B0C55.jpg,False,
{F-0030816},09/18/2026 02:19:34,OA0014,PC-1014,4AFEB106.txt,False,
{F-0004676},09/18/2026 02:21:34,BA0001,PC-1001,AC3C815F.jpg,False,
{F-0015831},09/18/2026 02:22:34,GA0006,PC-1006,E67793B9.doc,False,
{F-0032513},09/18/2026 02:22:34,PA0015,PC-1015,6B546AB1.doc,False,
{F-0032510},09/18/2026 02:25:34,PA0015,PC-1015,81F20C61.xlsx,False,
{F-0013588},09/18/2026 02:26:34,FA0005,PC-1005,EA452CE0.pdf,False,
{F-0018530},09/18/2026 02:34:34,IA0008,PC-1008,A305472A.doc,False,
{F-0015836},09/18/2026 02:45:34,GA0006,PC-1006,F7C0EF6D.jpg,False,
{F-0013570},09/18/2026 02:46:34,FA0005,PC-1005,139AEE00.xls,False,
{F-0013587},09/18/2026 02:46:34,FA0005,PC-1005,86584F8F.jpg,False,
{F-0007925},09/18/2026 02:47:34,CA0002,PC-1002,5150A568.doc,False,
{F-0030814},09/18/2026 02:50:34,OA0014,PC-1014,8B076E08.doc,False,
{F-0012131},09/18/2026 02:51:34,EA0004,PC-1004,B1EB0F2B.txt,False,
{F-0012133},09/18/2026 02:51:34,EA0004,PC-1004,A9D9F28A.xlsx,False,
{F-0028272},09/18/2026 03:00:34,NA0013,PC-1013,13A2F5B0.txt,False,
{F-0020568},09/18/2026 03:01:34,JA0009,PC-1009,65FFB20F.doc,False,
{F-0017019},09/18/2026 03:02:34,HA0007,PC-1007,B163A714.jpg,False,
{F-0022515},09/18/2026 03:04:34,KA0010,PC-1010,9B658D91.jpg,False,
{F-0004685},09/18/2026 03:08:34,BA0001,PC-1001,5BB65907.txt,False,
{F-0004690},09/18/2026 03:08:34,BA0001,PC-1001,4C071BBE.doc,False,
{F-0024587},09/18/2026 03:11:34,LA0011,PC-1011,D702681B.xlsx,False,
{F-0030805},09/18/2026 03:12:34,OA0014,PC-1014,6046E0BA.doc,False,
{F-0030808},09/18/2026 03:13:34,OA0014,PC-1014,82987701.xlsx,False,
{F-0028270},09/18/2026 03:15:34,NA0013,PC-1013,FB2303B9.pdf,False,
{F-0022523},09/18/2026 03:16:34,KA0010,PC-1010,3C7FE048.xlsx,False,
{F-0030810},09/18/2026 03:16:34,OA0014,PC-1014,B69794D3.pdf,False,
{F-0022516},09/18/2026 03:18:34,KA0010,PC-1010,8ED756A1.doc,False,
{F-0032512},09/18/2026 03:21:34,PA0015,PC-1015,FC3C06B8.xls,False,
{F-0007927},09/18/2026 03:24:34,CA0002,PC-1002,D5AADE48.pdf,False,
{F-0032502},09/18/2026 03:24:34,PA0015,PC-1015,D8B7EA1E.xls,False,
{F-0026600},09/18/2026 03:25:34,MA0012,PC-1012,C4FE3AEF.doc,False,
{F-0010631},09/18/2026 03:31:34,DA0003,PC-1003,B935068C.xlsx,False,
{F-0012134},09/18/2026 03:31:34,EA0004,PC-1004,7D139DC9.doc,False,
{F-0013582},09/18/2026 03:33:34,FA0005,PC-1005,A8A5658C.doc,False,
{F-0004696},09/18/2026 03:49:34,BA0001,PC-1001,89989739.xls,False,
{F-0028265},09/18/2026 03:58:34,NA0013,PC-1013,3DF6B067.xls,False,
{F-0004691},09/18/2026 04:00:34,BA0001,PC-1001,1839520B.jpg,False,
{F-0004684},09/18/2026 04:10:34,BA0001,PC-1001,442E78EF.doc,False,
{F-0010627},09/18/2026 04:14:34,DA0003,PC-1003,C71C5083.xls,False,
{F-0004679},09/18/2026 04:21:34,BA0001,PC-1001,EB21AB39.xls,False,
{F-0022514},09/18/2026 04:35:34,KA0010,PC-1010,2094CD7E.jpg,False,
{F-0007933},09/18/2026 04:39:34,CA0002,PC-1002,42217564.jpg,False,
{F-0013581},09/18/2026 04:48:34,FA0005,PC-1005,320B2DEB.xlsx,False,
{F-0013585},09/18/2026 04:55:34,FA0005,PC-1005,EF6DAC77.txt,False,
{F-0022508},09/18/2026 04:55:34,KA0010,PC-1010,BF50CDB5.xlsx,False,
{F-0007924},09/18/2026 04:58:34,CA0002,PC-1002,AE04EB33.doc,False,
{F-0013578},09/18/2026 05:01:34,FA0005,PC-1005,AEBE457B.doc,False,
{F-0022518},09/18/2026 05:09:34,KA0010,PC-1010,4868CAF2.xlsx,False,
{F-0022509},09/18/2026 05:32:34,KA0010,PC-1010,26C7EC7C.xlsx,False,
{F-0007930},09/18/2026 05:55:34,CA0002,PC-1002,B600D034.pdf,False,
{F-0024642},09/20/2026 18:21:34,LA0011,PC-1011,0F8F3424.txt,False,
{F-0024624},09/20/2026 18:28:34,LA0011,PC-1011,EE159D86.doc,False,
{F-0024637},09/20/2026 18:40:34,LA0011,PC-1011,57221FDF.xls,False,
{F-0024628},09/20/2026 18:52:34,LA0011,PC-1011,17489C7A.xlsx,False,
{F-0024632},09/20/2026 19:03:34,LA0011,PC-1011,D5042B5F.doc,False,
{F-0002118},09/20/2026 19:08:34,AA0000,PC-1000,6B106B51.txt,False,
{F-0010690},09/20/2026 19:13:34,DA0003,PC-1003,BBBC14AA.doc,False,
{F-0015888},09/20/2026 19:20:34,GA0006,PC-1006,F583A218.doc,False,
{F-0010704},09/20/2026 19:28:34,DA0003,PC-1003,BBE4EBDE.xlsx,False,
{F-0024641},09/20/2026 19:28:34,LA0011,PC-1011,29362ABD.xlsx,False,
{F-0024636},09/20/2026 19:35:34,LA0011,PC-1011,A70F9A41.xls,False,
{F-0015889},09/20/2026 19:38:34,GA0006,PC-1006,861EDB12.pdf,False,
{F-0015892},09/20/2026 19:38:34,GA0006,PC-1006,74C618BD.xls,False,
{F-0024625},09/20/2026 19:39:34,LA0011,PC-1011,DD528198.xlsx,False,
{F-0030868},09/20/2026 19:42:34,OA0014,PC-1014,FFBCE94F.doc,False,
{F-0028313},09/20/2026 19:43:34,NA0013,PC-1013,7CA0813F.xlsx,False,
{F-0030862},09/20/2026 19:44:34,OA0014,PC-1014,AA790066.doc,False,
{F-0020621},09/20/2026 19:45:34,JA0009,PC-1009,8A651934.doc,False,
{F-0010700},09/20/2026 19:48:34,DA0003,PC-1003,A2246DB4.xls,False,
{F-0010702},09/20/2026 19:49:34,DA0003,PC-1003,8318703B.txt,False,
{F-0026656},09/20/2026 19:50:34,MA0012,PC-1012,F50873F7.txt,False,
{F-0022558},09/20/2026 19:52:34,KA0010,PC-1010,B6664474.jpg,False,
{F-0004786},09/20/2026 19:53:34,BA0001,PC-1001,208FF841.xlsx,False,
{F-0020634},09/20/2026 19:56:34,JA0009,PC-1009,5A09FFF1.xlsx,False,
{F-0010703},09/20/2026 20:01:34,DA0003,PC-1003,47254ED0.xls,False,
{F-0010698},09/20/2026 20:04:34,DA0003,PC-1003,6E6CE55F.xlsx,False,
{F-0004785},09/20/2026 20:08:34,BA0001,PC-1001,EADD8E36.doc,False,
{F-0024626},09/20/2026 20:08:34,LA0011,PC-1011,4C22B1C5.doc,False,
{F-0035021},09/20/2026 20:09:34,RA0017,PC-1017,15BC4BAF.xlsx,False,
{F-0004783},09/20/2026 20:13:34,BA0001,PC-1001,81F8E4F3.xls,False,
{F-0007981},09/20/2026 20:13:34,CA0002,PC-1002,6417F68F.xls,False,
{F-0002116},09/20/2026 20:16:34,AA0000,PC-1000,5CF57230.doc,False,
{F-0010689},09/20/2026 20:16:34,DA0003,PC-1003,8D4D65B4.pdf,False,
{F-0024639},09/20/2026 20:16:34,LA0011,PC-1011,3D74A185.xlsx,False,
{F-0028310},09/20/2026 20:18:34,NA0013,PC-1013,1FAF6EB5.txt,False,
{F-0013606},09/20/2026 20:21:34,FA0005,PC-1005,E8A24275.doc,False,
{F-0007976},09/20/2026 20:23:34,CA0002,PC-1002,D6F87782.pdf,False,
{F-0022560},09/20/2026 20:23:34,KA0010,PC-1010,1E898C09.txt,False,
{F-0022564},09/20/2026 20:28:34,KA0010,PC-1010,D0D0AABE.doc,False,
{F-0026659},09/20/2026 20:31:34,MA0012,PC-1012,0FDB540A.doc,False,
{F-0018558},09/20/2026 20:32:34,IA0008,PC-1008,10EDD62A.xls,False,
{F-0022570},09/20/2026 20:37:34,KA0010,PC-1010,F8DBAEB8.txt,False,
{F-0020628},09/20/2026 20:38:34,JA0009,PC-1009,D0493EDC.txt,False,
{F-0018571},09/20/2026 20:44:34,IA0008,PC-1008,D7436671.xlsx,False,
{F-0010684},09/20/2026 20:45:34,DA0003,PC-1003,A3E42514.doc,False,
{F-0004797},09/20/2026 20:46:34,BA0001,PC-1001,EACA8942.txt,False,
{F-0010688},09/20/2026 20:48:34,DA0003,PC-1003,2FBC3CD6.doc,False,
{F-0013600},09/20/2026 20:50:34,FA0005,PC-1005,542DAA83.txt,False,
{F-0004787},09/20/2026 20:51:34,BA0001,PC-1001,E4AD8D2D.pdf,False,
{F-0028320},09/20/2026 20:53:34,NA0013,PC-1013,12AB43FF.xlsx,False,
{F-0012162},09/20/2026 20:54:34,EA0004,PC-1004,53332C4C.pdf,False,
{F-0007988},09/20/2026 20:55:34,CA0002,PC-1002,94D9D5BF.doc,False,
{F-0018565},09/20/2026 20:55:34,IA0008,PC-1008,F4C00E95.txt,False,
{F-0030865},09/20/2026 20:56:34,OA0014,PC-1014,E6BF437F.doc,False,
{F-0002117},09/20/2026 21:00:34,AA0000,PC-1000,32192DAD.xls,False,
{F-0013598},09/20/2026 21:01:34,FA0005,PC-1005,17322F5F.xlsx,False,
{F-0028316},09/20/2026 21:01:34,NA0013,PC-1013,87CB07B2.jpg,False,
{F-0012163},09/20/2026 21:02:34,EA0004,PC-1004,698FF6D7.pdf,False,
{F-0020623},09/20/2026 21:04:34,JA0009,PC-1009,21AC79DC.doc,False,
{F-0004784},09/20/2026 21:05:34,BA0001,PC-1001,68A5F7DB.txt,False,
{F-0007977},09/20/2026 21:05:34,CA0002,PC-1002,AFCE3E75.doc,False,
{F-0020637},09/20/2026 21:06:34,JA0009,PC-1009,5B4DA046.doc,False,
{F-0028319},09/20/2026 21:08:34,NA0013,PC-1013,F14D5F1E.xls,False,
{F-0022567},09/20/2026 21:09:34,KA0010,PC-1010,38CFB0B9.doc,False,
{F-0024640},09/20/2026 21:11:34,LA0011,PC-1011,958705A9.doc,False,
{F-0002110},09/20/2026 21:13:34,AA0000,PC-1000,5CBA4E80.xlsx,False,
{F-0004796},09/20/2026 21:14:34,BA0001,PC-1001,9935F766.xlsx,False,
{F-0004791},09/20/2026 21:16:34,BA0001,PC-1001,BDAC799A.txt,False,
{F-0010686},09/20/2026 21:17:34,DA0003,PC-1003,B5AA86BB.pdf,False,
{F-0015887},09/20/2026 21:18:34,GA0006,PC-1006,7A322806.xls,False,
{F-0028311},09/20/2026 21:18:34,NA0013,PC-1013,C0006B05.xlsx,False,
{F-0032542},09/20/2026 21:19:34,PA0015,PC-1015,ADDA12D9.xlsx,False,
{F-0013597},09/20/2026 21:21:34,FA0005,PC-1005,DC0CC6E4.doc,False,
{F-0022565},09/20/2026 21:21:34,KA0010,PC-1010,EC601E9D.jpg,False,
{F-0022569},09/20/2026 21:21:34,KA0010,PC-1010,D2DCC813.xls,False,
{F-0022561},09/20/2026 21:23:34,KA0010,PC-1010,8C85469A.doc,False,
{F-0004792},09/20/2026 21:33:34,BA0001,PC-1001,3291C833.pdf,False,
{F-0018570},09/20/2026 21:36:34,IA0008,PC-1008,8276DD39.xlsx,False,
{F-0032536},09/20/2026 21:38:34,PA0015,PC-1015,BF80EA1D.doc,False,
{F-0032541},09/20/2026 21:38:34,PA0015,PC-1015,D8C749A6.doc,False,
{F-0022559},09/20/2026 21:39:34,KA0010,PC-1010,645421FC.doc,False,
{F-0010682},09/20/2026 21:40:34,DA0003,PC-1003,A8EB7151.txt,False,
{F-0022568},09/20/2026 21:41:34,KA0010,PC-1010,5241626E.doc,False,
{F-0010695},09/20/2026 21:45:34,DA0003,PC-1003,11B8F8CF.doc,False,
{F-0024621},09/20/2026 21:45:34,LA0011,PC-1011,C8C9E302.txt,False,
{F-0004781},09/20/2026 21:46:34,BA0001,PC-1001,41E23FFD.pdf,False,
{F-0013602},09/20/2026 21:51:34,FA0005,PC-1005,93B11024.doc,False,
{F-0028317},09/20/2026 21:55:34,NA0013,PC-1013,07166DD4.doc,False,
{F-0024620},09/20/2026 21:58:34,LA0011,PC-1011,C2600AB3.doc,False,
{F-0002112},09/20/2026 22:00:34,AA0000,PC-1000,AF851412.doc,False,
{F-0026655},09/20/2026 22:02:34,MA0012,PC-1012,6790A3BB.txt,False,
{F-0030867},09/20/2026 22:10:34,OA0014,PC-1014,CE09E99D.doc,False,
{F-0010691},09/20/2026 22:20:34,DA0003,PC-1003,FD33BF87.pdf,False,
{F-0028309},09/20/2026 22:20:34,NA0013,PC-1013,884EA65F.txt,False,
{F-0020622},09/20/2026 22:22:34,JA0009,PC-1009,31CB5052.doc,False,
{F-0013607},09/20/2026 22:26:34,FA0005,PC-1005,CC367393.txt,False,
{F-0004794},09/20/2026 22:28:34,BA0001,PC-1001,A3F28524.doc,False,
{F-0002113},09/20/2026 22:30:34,AA0000,PC-1000,F94B2647.xlsx,False,
{F-0012167},09/20/2026 22:30:34,EA0004,PC-1004,90529D0B.xlsx,False,
{F-0004795},09/20/2026 22:32:34,BA0001,PC-1001,123E4133.txt,False,
{F-0020629},09/20/2026 22:38:34,JA0009,PC-1009,A46F6F87.xlsx,False,
{F-0032543},09/20/2026 22:43:34,PA0015,PC-1015,812CE568.doc,False,
{F-0033971},09/20/2026 22:49:34,QA0016,PC-1016,414A7D2B.doc,False,
{F-0015895},09/20/2026 22:50:34,GA0006,PC-1006,810577D3.xlsx,False,
{F-0024631},09/20/2026 22:50:34,LA0011,PC-1011,14AEEF56.jpg,False,
{F-0010697},09/20/2026 22:51:34,DA0003,PC-1003,5B6EA3BD.xls,False,
{F-0018564},09/20/2026 22:54:34,IA0008,PC-1008,F562ED6B.xlsx,False,
{F-0012171},09/20/2026 23:01:34,EA0004,PC-1004,65A348A4.pdf,False,
{F-0018562},09/20/2026 23:04:34,IA0008,PC-1008,EB6A4E39.doc,False,
{F-0035024},09/20/2026 23:07:34,RA0017,PC-1017,93E7FA82.txt,False,
{F-0015896},09/20/2026 23:09:34,GA0006,PC-1006,491C5ED0.doc,False,
{F-0020627},09/20/2026 23:10:34,JA0009,PC-1009,81E6EAA7.pdf,False,
{F-0020630},09/20/2026 23:10:34,JA0009,PC-1009,74DEA85E.doc,False,
{F-0024638},09/20/2026 23:11:34,LA0011,PC-1011,594519B5.jpg,False,
{F-0015897},09/20/2026 23:15:34,GA0006,PC-1006,CD39A063.doc,False,
{F-0024623},09/20/2026 23:16:34,LA0011,PC-1011,52BEDE56.pdf,False,
{F-0030863},09/20/2026 23:20:34,OA0014,PC-1014,621D22F2.jpg,False,
{F-0018566},09/20/2026 23:25:34,IA0008,PC-1008,07765C94.jpg,False,
{F-0010683},09/20/2026 23:26:34,DA0003,PC-1003,C1BBF1E1.txt,False,
{F-0035023},09/20/2026 23:28:34,RA0017,PC-1017,148B8314.jpg,False,
{F-0020625},09/20/2026 23:29:34,JA0009,PC-1009,BD9101F3.txt,False,
{F-0004790},09/20/2026 23:30:34,BA0001,PC-1001,168D56A8.xlsx,False,
{F-0002104},09/20/2026 23:32:34,AA0000,PC-1000,EC7D0168.doc,False,
{F-0012158},09/20/2026 23:34:34,EA0004,PC-1004,294E34D3.txt,False,
{F-0012164},09/20/2026 23:34:34,EA0004,PC-1004,2CE04CB5.xlsx,False,
{F-0012168},09/20/2026 23:34:34,EA0004,PC-1004,91BECF1D.txt,False,
{F-0022555},09/20/2026 23:37:34,KA0010,PC-1010,5C0195C6.doc,False,
{F-0028318},09/20/2026 23:38:34,NA0013,PC-1013,E416899D.pdf,False,
{F-0020639},09/20/2026 23:41:34,JA0009,PC-1009,6EF6D58E.xls,False,
{F-0028312},09/20/2026 23:42:34,NA0013,PC-1013,340B2F14.xls,False,
{F-0015893},09/20/2026 23:43:34,GA0006,PC-1006,BC017431.xlsx,False,
{F-0024629},09/20/2026 23:46:34,LA0011,PC-1011,8978E6AE.jpg,False,
{F-0022573},09/20/2026 23:48:34,KA0010,PC-1010,9905FA93.xls,False,
{F-0007978},09/20/2026 23:49:34,CA0002,PC-1002,F20FE08E.jpg,False,
{F-0007982},09/20/2026 23:51:34,CA0002,PC-1002,20283A8F.jpg,False,
{F-0010701},09/20/2026 23:51:34,DA0003,PC-1003,1B6D26ED.pdf,False,
{F-0013599},09/20/2026 23:52:34,FA0005,PC-1005,040DA0AE.doc,False,
{F-0020632},09/20/2026 23:52:34,JA0009,PC-1009,B16B2B5A.txt,False,
{F-0012169},09/20/2026 23:58:34,EA0004,PC-1004,F93F26FC.doc,False,
{F-0004789},09/20/2026 23:59:34,BA0001,PC-1001,9EA0CF2D.pdf,False,
{F-0018560},09/21/2026 00:01:34,IA0008,PC-1008,4338DCBD.doc,False,
{F-0002107},09/21/2026 00:02:34,AA0000,PC-1000,466D6D97.jpg,False,
{F-0032539},09/21/2026 00:09:34,PA0015,PC-1015,5A0AB901.doc,False,
{F-0010696},09/21/2026 00:10:34,DA0003,PC-1003,F6D7A28A.jpg,False,
{F-0002108},09/21/2026 00:11:34,AA0000,PC-1000,E1E0F78A.pdf,False,
{F-0010705},09/21/2026 00:11:34,DA0003,PC-1003,02AE7456.xls,False,
{F-0002119},09/21/2026 00:14:34,AA0000,PC-1000,98180984.jpg,False,
{F-0020638},09/21/2026 00:16:34,JA0009,PC-1009,228A5F32.xlsx,False,
{F-0015890},09/21/2026 00:17:34,GA0006,PC-1006,728DB8B9.doc,False,
{F-0022571},09/21/2026 00:24:34,KA0010,PC-1010,72501543.pdf,False,
{F-0018567},09/21/2026 00:25:34,IA0008,PC-1008,65F315A7.xls,False,
{F-0007987},09/21/2026 00:26:34,CA0002,PC-1002,8E9689A8.xls,False,
{F-0024627},09/21/2026 00:27:34,LA0011,PC-1011,1AE07D62.doc,False,
{F-0010687},09/21/2026 00:29:34,DA0003,PC-1003,778AA6FA.pdf,False,
{F-0007985},09/21/2026 00:31:34,CA0002,PC-1002,263E158D.txt,False,
{F-0012159},09/21/2026 00:34:34,EA0004,PC-1004,9FA7D59A.doc,False,
{F-0002103},09/21/2026 00:37:34,AA0000,PC-1000,37183FA2.pdf,False,
{F-0010694},09/21/2026 00:39:34,DA0003,PC-1003,E14ADE42.doc,False,
{F-0010681},09/21/2026 00:43:34,DA0003,PC-1003,F8115609.doc,False,
{F-0020624},09/21/2026 00:49:34,JA0009,PC-1009,94A49080.txt,False,
{F-0018572},09/21/2026 00:50:34,IA0008,PC-1008,365A1EB0.pdf,False,
{F-0007975},09/21/2026 00:51:34,CA0002,PC-1002,281EEA6C.jpg,False,
{F-0010685},09/21/2026 00:51:34,DA0003,PC-1003,2F20DD47.jpg,False,
{F-0026657},09/21/2026 00:52:34,MA0012,PC-1012,F191C444.doc,False,
{F-0013601},09/21/2026 00:53:34,FA0005,PC-1005,0262687B.txt,False,
{F-0002114},09/21/2026 00:55:34,AA0000,PC-1000,35EAF621.jpg,False,
{F-0033966},09/21/2026 00:55:34,QA0016,PC-1016,EE3E6D89.doc,False,
{F-0020635},09/21/2026 01:05:34,JA0009,PC-1009,F2C9612D.pdf,False,
{F-0030861},09/21/2026 01:06:34,OA0014,PC-1014,D55B8A6E.doc,False,
{F-0013604},09/21/2026 01:07:34,FA0005,PC-1005,DFDE98B3.doc,False,
{F-0018563},09/21/2026 01:09:34,IA0008,PC-1008,7BB67BD2.doc,False,
{F-0018559},09/21/2026 01:12:34,IA0008,PC-1008,4E94F02E.doc,False,
{F-0013596},09/21/2026 01:13:34,FA0005,PC-1005,8A601A41.pdf,False,
{F-0026658},09/21/2026 01:15:34,MA0012,PC-1012,A0132560.jpg,False,
{F-0010699},09/21/2026 01:18:34,DA0003,PC-1003,230D3D5A.xls,False,
{F-0024634},09/21/2026 01:20:34,LA0011,PC-1011,0B350655.txt,False,
{F-0035025},09/21/2026 01:21:34,RA0017,PC-1017,819144FE.doc,False,
{F-0018557},09/21/2026 01:23:34,IA0008,PC-1008,A621D825.jpg,False,
{F-0024622},09/21/2026 01:29:34,LA0011,PC-1011,BDAD2A79.xls,False,
{F-0032537},09/21/2026 01:29:34,PA0015,PC-1015,9338C91B.pdf,False,
{F-0002109},09/21/2026 01:35:34,AA0000,PC-1000,BD37E327.doc,False,
{F-0012160},09/21/2026 01:35:34,EA0004,PC-1004,1A657130.xls,False,
{F-0007984},09/21/2026 01:36:34,CA0002,PC-1002,43EE45BF.pdf,False,
{F-0018568},09/21/2026 01:36:34,IA0008,PC-1008,4E5F8F32.xls,False,
{F-0007980},09/21/2026 01:41:34,CA0002,PC-1002,DE6C8136.jpg,False,
{F-0030866},09/21/2026 01:45:34,OA0014,PC-1014,1C55B4DE.pdf,False,
{F-0022556},09/21/2026 01:46:34,KA0010,PC-1010,392E7B96.xlsx,False,
{F-0024630},09/21/2026 01:46:34,LA0011,PC-1011,CB461F99.xls,False,
{F-0007983},09/21/2026 01:51:34,CA0002,PC-1002,90AE76E3.doc,False,
{F-0013605},09/21/2026 01:57:34,FA0005,PC-1005,95E66C0F.xlsx,False,
{F-0020636},09/21/2026 01:57:34,JA0009,PC-1009,ECA2630C.doc,False,
{F-0015894},09/21/2026 02:01:34,GA0006,PC-1006,299DB723.xls,False,
{F-0020633},09/21/2026 02:02:34,JA0009,PC-1009,BFB16468.xlsx,False,
{F-0010693},09/21/2026 02:04:34,DA0003,PC-1003,684F44DD.doc,False,
{F-0015891},09/21/2026 02:12:34,GA0006,PC-1006,E8E15C57.jpg,False,
{F-0020631},09/21/2026 02:12:34,JA0009,PC-1009,A8B94ECA.pdf,False,
{F-0002106},09/21/2026 02:14:34,AA0000,PC-1000,7FD2ABC4.doc,False,
{F-0020626},09/21/2026 02:17:34,JA0009,PC-1009,7E05BE3A.jpg,False,
{F-0018556},09/21/2026 02:18:34,IA0008,PC-1008,72FB53DE.jpg,False,
{F-0012170},09/21/2026 02:19:34,EA0004,PC-1004,CE37A4F5.doc,False,
{F-0033970},09/21/2026 02:20:34,QA0016,PC-1016,C8C197FF.xlsx,False,
{F-0015898},09/21/2026 02:27:34,GA0006,PC-1006,A804F598.doc,False,
{F-0028321},09/21/2026 02:28:34,NA0013,PC-1013,56DA655D.xls,False,
{F-0018569},09/21/2026 02:29:34,IA0008,PC-1008,70CCEEDD.xls,False,
{F-0022563},09/21/2026 02:37:34,KA0010,PC-1010,DE139046.doc,False,
{F-0030864},09/21/2026 02:43:34,OA0014,PC-1014,6664825E.txt,False,
{F-0010692},09/21/2026 02:44:34,DA0003,PC-1003,DE6A4E15.xls,False,
{F-0002105},09/21/2026 02:45:34,AA0000,PC-1000,9445B63D.txt,False,
{F-0012157},09/21/2026 02:54:34,EA0004,PC-1004,629BBD52.jpg,False,
{F-0018561},09/21/2026 02:56:34,IA0008,PC-1008,7402C69C.xlsx,False,
{F-0002111},09/21/2026 02:58:34,AA0000,PC-1000,E43C04B6.jpg,False,
{F-0002115},09/21/2026 03:02:34,AA0000,PC-1000,9B42E5AC.txt,False,
{F-0012161},09/21/2026 03:12:34,EA0004,PC-1004,562C47FB.pdf,False,
{F-0024635},09/21/2026 03:18:34,LA0011,PC-1011,91168A3A.pdf,False,
{F-0030860},09/21/2026 03:19:34,OA0014,PC-1014,F0276BEF.xls,False,
{F-0024633},09/21/2026 03:33:34,LA0011,PC-1011,F2C914C0.xlsx,False,
{F-0022566},09/21/2026 03:34:34,KA0010,PC-1010,BB190815.doc,False,
{F-0032540},09/21/2026 03:39:34,PA0015,PC-1015,C8ECEC5B.pdf,False,
{F-0022557},09/21/2026 03:41:34,KA0010,PC-1010,69BD6CDF.doc,False,
{F-0022572},09/21/2026 03:45:34,KA0010,PC-1010,27B5D093.doc,False,
{F-0013603},09/21/2026 03:46:34,FA0005,PC-1005,92D0ABBF.txt,False,
{F-0004788},09/21/2026 03:52:34,BA0001,PC-1001,3720BADC.jpg,False,
{F-0028314},09/21/2026 03:54:34,NA0013,PC-1013,98DF5626.doc,False,
{F-0012166},09/21/2026 04:07:34,EA0004,PC-1004,9488DBEF.doc,False,
{F-0007979},09/21/2026 04:17:34,CA0002,PC-1002,BFD8D694.doc,False,
{F-0012172},09/21/2026 04:22:34,EA0004,PC-1004,684129B6.txt,False,
{F-0028315},09/21/2026 04:24:34,NA0013,PC-1013,2BC4FEEC.xlsx,False,
{F-0012165},09/21/2026 04:29:34,EA0004,PC-1004,97424A84.txt,False,
{F-0032538},09/21/2026 04:31:34,PA0015,PC-1015,693A8C83.jpg,False,
{F-0022562},09/21/2026 04:34:34,KA0010,PC-1010,B9BE3C7B.xlsx,False,
{F-0004782},09/21/2026 04:35:34,BA0001,PC-1001,FBF2C519.jpg,False,
{F-0007989},09/21/2026 04:47:34,CA0002,PC-1002,32B90470.xls,False,
{F-0033969},09/21/2026 04:47:34,QA0016,PC-1016,B5D58A76.jpg,False,
{F-0004798},09/21/2026 04:48:34,BA0001,PC-1001,F61E1AC2.jpg,False,
{F-0004793},09/21/2026 04:50:34,BA0001,PC-1001,21B9B3E9.pdf,False,
{F-0007986},09/21/2026 05:04:34,CA0002,PC-1002,DC6153B1.jpg,False,
{F-0007990},09/21/2026 05:05:34,CA0002,PC-1002,9F471817.xlsx,False,
{F-0033967},09/21/2026 05:07:34,QA0016,PC-1016,41C4C4B5.txt,False,
{F-0035022},09/21/2026 05:24:34,RA0017,PC-1017,C4FEC08C.xlsx,False,
{F-0033968},09/21/2026 05:29:34,QA0016,PC-1016,BC11FB1B.xlsx,False,
{F-0033965},09/21/2026 05:48:34,QA0016,PC-1016,01C788A5.doc,False,
{F-0024677},09/21/2026 18:27:34,LA0011,PC-1011,95028E68.xlsx,False,
{F-0010756},09/21/2026 18:46:34,DA0003,PC-1003,A7B59AB8.xlsx,False,
{F-0018593},09/21/2026 18:46:34,IA0008,PC-1008,BCBFFB53.doc,False,
{F-0024680},09/21/2026 19:02:34,LA0011,PC-1011,1AF486F4.jpg,False,
{F-0028349},09/21/2026 19:06:34,NA0013,PC-1013,33268779.txt,False,
{F-0028357},09/21/2026 19:07:34,NA0013,PC-1013,F6D0AE76.xlsx,False,
{F-0018594},09/21/2026 19:09:34,IA0008,PC-1008,944FB57A.pdf,False,
{F-0028348},09/21/2026 19:11:34,NA0013,PC-1013,C6BF5620.txt,False,
{F-0010779},09/21/2026 19:30:34,DA0003,PC-1003,F4546CB2.xls,False,
{F-0002194},09/21/2026 19:32:34,AA0000,PC-1000,4B708C28.xls,False,
{F-0002181},09/21/2026 19:34:34,AA0000,PC-1000,1563D5AA.jpg,False,
{F-0010773},09/21/2026 19:42:34,DA0003,PC-1003,09B2B62F.txt,False,
{F-0018591},09/21/2026 19:43:34,IA0008,PC-1008,B4302A59.xlsx,False,
{F-0010750},09/21/2026 19:45:34,DA0003,PC-1003,3372172B.pdf,False,
{F-0018598},09/21/2026 19:55:34,IA0008,PC-1008,F7D366ED.xls,False,
{F-0010761},09/21/2026 19:58:34,DA0003,PC-1003,280C8169.doc,False,
{F-0010765},09/21/2026 20:03:34,DA0003,PC-1003,B2BE4FC7.doc,False,
{F-0020687},09/21/2026 20:03:34,JA0009,PC-1009,D882B092.xls,False,
{F-0010752},09/21/2026 20:12:34,DA0003,PC-1003,B7001D88.jpg,False,
{F-0020688},09/21/2026 20:13:34,JA0009,PC-1009,6576280E.txt,False,
{F-0010754},09/21/2026 20:14:34,DA0003,PC-1003,8B8FA0DA.pdf,False,
{F-0002193},09/21/2026 20:16:34,AA0000,PC-1000,0A6BA3B1.doc,False,
{F-0010778},09/21/2026 20:18:34,DA0003,PC-1003,96A0419B.jpg,False,
{F-0020685},09/21/2026 20:18:34,JA0009,PC-1009,A2B970A5.jpg,False,
{F-0032570},09/21/2026 20:21:34,PA0015,PC-1015,5A75CA25.xls,False,
{F-0032575},09/21/2026 20:21:34,PA0015,PC-1015,F085E3E4.txt,False,
{F-0018600},09/21/2026 20:24:34,IA0008,PC-1008,E0D0FD05.doc,False,
{F-0028352},09/21/2026 20:27:34,NA0013,PC-1013,2EC731BF.jpg,False,
{F-0028354},09/21/2026 20:27:34,NA0013,PC-1013,3DE7E5F8.doc,False,
{F-0015951},09/21/2026 20:29:34,GA0006,PC-1006,669B516A.xlsx,False,
{F-0018597},09/21/2026 20:29:34,IA0008,PC-1008,271A99FA.pdf,False,
{F-0002192},09/21/2026 20:36:34,AA0000,PC-1000,BC05569C.doc,False,
{F-0010762},09/21/2026 20:39:34,DA0003,PC-1003,A55E8D0A.xls,False,
{F-0010766},09/21/2026 20:39:34,DA0003,PC-1003,E03270AA.pdf,False,
{F-0032573},09/21/2026 20:46:34,PA0015,PC-1015,D47AE4CE.doc,False,
{F-0024682},09/21/2026 20:50:34,LA0011,PC-1011,28F2A688.doc,False,
{F-0010760},09/21/2026 20:54:34,DA0003,PC-1003,04DD9086.doc,False,
{F-0013631},09/21/2026 20:57:34,FA0005,PC-1005,8E17A93E.txt,False,
{F-0028350},09/21/2026 20:58:34,NA0013,PC-1013,316B1BB6.txt,False,
{F-0004855},09/21/2026 21:01:34,BA0001,PC-1001,98FFA4C8.pdf,False,
{F-0002187},09/21/2026 21:02:34,AA0000,PC-1000,C12BE02B.xlsx,False,
{F-0004850},09/21/2026 21:02:34,BA0001,PC-1001,1BAB42EE.xlsx,False,
{F-0010770},09/21/2026 21:03:34,DA0003,PC-1003,A758314F.pdf,False,
{F-0030913},09/21/2026 21:06:34,OA0014,PC-1014,FB89BDB4.jpg,False,
{F-0002198},09/21/2026 21:12:34,AA0000,PC-1000,2DD810E8.txt,False,
{F-0015953},09/21/2026 21:13:34,GA0006,PC-1006,EF2A15F1.jpg,False,
{F-0020683},09/21/2026 21:18:34,JA0009,PC-1009,17AD3621.pdf,False,
{F-0022619},09/21/2026 21:18:34,KA0010,PC-1010,8285CD5A.jpg,False,
{F-0010775},09/21/2026 21:21:34,DA0003,PC-1003,D29C837E.xls,False,
{F-0002190},09/21/2026 21:24:34,AA0000,PC-1000,AB79DB27.pdf,False,
{F-0008036},09/21/2026 21:25:34,CA0002,PC-1002,1FF4A48B.doc,False,
{F-0024687},09/21/2026 21:26:34,LA0011,PC-1011,5D65509E.xls,False,
{F-0024689},09/21/2026 21:26:34,LA0011,PC-1011,3F6AB7D1.jpg,False,
{F-0008028},09/21/2026 21:29:34,CA0002,PC-1002,F50BDBE3.doc,False,
{F-0022614},09/21/2026 21:29:34,KA0010,PC-1010,86F0D11E.xlsx,False,
{F-0004858},09/21/2026 21:31:34,BA0001,PC-1001,51A0A90F.doc,False,
{F-0020678},09/21/2026 21:32:34,JA0009,PC-1009,05788B63.xlsx,False,
{F-0015950},09/21/2026 21:33:34,GA0006,PC-1006,2837964C.xlsx,False,
{F-0012191},09/21/2026 21:34:34,EA0004,PC-1004,4F78BCDF.xlsx,False,
{F-0004871},09/21/2026 21:35:34,BA0001,PC-1001,6935A754.jpg,False,
{F-0022618},09/21/2026 21:38:34,KA0010,PC-1010,38209118.xls,False,
{F-0033997},09/21/2026 21:38:34,QA0016,PC-1016,3E02AB88.txt,False,
{F-0020676},09/21/2026 21:40:34,JA0009,PC-1009,026E1980.xlsx,False,
{F-0020686},09/21/2026 21:40:34,JA0009,PC-1009,D8BA9510.xlsx,False,
{F-0024674},09/21/2026 21:52:34,LA0011,PC-1011,BEBB851A.txt,False,
{F-0032571},09/21/2026 21:52:34,PA0015,PC-1015,7D1BCF02.doc,False,
{F-0028351},09/21/2026 21:56:34,NA0013,PC-1013,7AD8E212.pdf,False,
{F-0020684},09/21/2026 21:57:34,JA0009,PC-1009,445115C3.pdf,False,
{F-0022620},09/21/2026 21:58:34,KA0010,PC-1010,38E7EE95.jpg,False,
{F-0020677},09/21/2026 21:59:34,JA0009,PC-1009,422D05CF.xls,False,
{F-0032574},09/21/2026 22:01:34,PA0015,PC-1015,5E25A45C.jpg,False,
{F-0004872},09/21/2026 22:08:34,BA0001,PC-1001,7CB0FBF6.doc,False,
{F-0018592},09/21/2026 22:08:34,IA0008,PC-1008,22B7F999.xls,False,
{F-0022624},09/21/2026 22:10:34,KA0010,PC-1010,C640118E.xlsx,False,
{F-0024678},09/21/2026 22:10:34,LA0011,PC-1011,966F53BF.doc,False,
{F-0008040},09/21/2026 22:14:34,CA0002,PC-1002,6BC8D6B5.xlsx,False,
{F-0020680},09/21/2026 22:21:34,JA0009,PC-1009,8FAB2FCA.jpg,False,
{F-0028346},09/21/2026 22:21:34,NA0013,PC-1013,879103A8.doc,False,
{F-0024681},09/21/2026 22:22:34,LA0011,PC-1011,F1DAC284.pdf,False,
{F-0022616},09/21/2026 22:25:34,KA0010,PC-1010,6358CDC8.txt,False,
{F-0020675},09/21/2026 22:28:34,JA0009,PC-1009,0987D4BD.xls,False,
{F-0035059},09/21/2026 22:29:34,RA0017,PC-1017,0C2CA775.xlsx,False,
{F-0020673},09/21/2026 22:30:34,JA0009,PC-1009,9B2979FE.pdf,False,
{F-0033995},09/21/2026 22:31:34,QA0016,PC-1016,921F05F3.doc,False,
{F-0020679},09/21/2026 22:33:34,JA0009,PC-1009,008AFD61.xlsx,False,
{F-0015949},09/21/2026 22:39:34,GA0006,PC-1006,A971C41A.xlsx,False,
{F-0010776},09/21/2026 22:42:34,DA0003,PC-1003,40A18C4F.xlsx,False,
{F-0022608},09/21/2026 22:47:34,KA0010,PC-1010,8EF87377.xls,False,
{F-0024675},09/21/2026 22:47:34,LA0011,PC-1011,CF708859.pdf,False,
{F-0010758},09/21/2026 22:49:34,DA0003,PC-1003,09895E15.doc,False,
{F-0015955},09/21/2026 22:49:34,GA0006,PC-1006,A39ACAC1.doc,False,
{F-0008026},09/21/2026 22:52:34,CA0002,PC-1002,768B82F9.xlsx,False,
{F-0008019},09/21/2026 22:56:34,CA0002,PC-1002,EEC86D52.jpg,False,
{F-0008032},09/21/2026 22:56:34,CA0002,PC-1002,28FB2168.xls,False,
{F-0010771},09/21/2026 23:00:34,DA0003,PC-1003,4CCA75ED.pdf,False,
{F-0010774},09/21/2026 23:01:34,DA0003,PC-1003,AA142E91.xls,False,
{F-0008024},09/21/2026 23:03:34,CA0002,PC-1002,95BE4090.txt,False,
{F-0035056},09/21/2026 23:06:34,RA0017,PC-1017,D3843576.doc,False,
{F-0004861},09/21/2026 23:07:34,BA0001,PC-1001,B263F374.txt,False,
{F-0018601},09/21/2026 23:10:34,IA0008,PC-1008,087B1002.jpg,False,
{F-0028353},09/21/2026 23:10:34,NA0013,PC-1013,A85D0AAB.txt,False,
{F-0008027},09/21/2026 23:14:34,CA0002,PC-1002,640BEEED.doc,False,
{F-0010751},09/21/2026 23:14:34,DA0003,PC-1003,646AECC1.pdf,False,
{F-0020682},09/21/2026 23:14:34,JA0009,PC-1009,FFF62602.xlsx,False,
{F-0022607},09/21/2026 23:16:34,KA0010,PC-1010,5D16627C.pdf,False,
{F-0024672},09/21/2026 23:17:34,LA0011,PC-1011,F9AF9EC6.jpg,False,
{F-0010768},09/21/2026 23:19:34,DA0003,PC-1003,04EC6C90.doc,False,
{F-0024683},09/21/2026 23:19:34,LA0011,PC-1011,C43306BA.xls,False,
{F-0022625},09/21/2026 23:23:34,KA0010,PC-1010,55C5245C.xlsx,False,
{F-0004851},09/21/2026 23:24:34,BA0001,PC-1001,0801A601.doc,False,
{F-0002189},09/21/2026 23:26:34,AA0000,PC-1000,F198C88E.doc,False,
{F-0004852},09/21/2026 23:26:34,BA0001,PC-1001,0C77141B.xlsx,False,
{F-0020690},09/21/2026 23:29:34,JA0009,PC-1009,5BE8608E.doc,False,
{F-0002196},09/21/2026 23:30:34,AA0000,PC-1000,9D7E7D4F.jpg,False,
{F-0010759},09/21/2026 23:37:34,DA0003,PC-1003,F9A7EFC0.txt,False,
{F-0022627},09/21/2026 23:40:34,KA0010,PC-1010,D9CA8163.xls,False,
{F-0010769},09/21/2026 23:41:34,DA0003,PC-1003,3360558D.doc,False,
{F-0010755},09/21/2026 23:42:34,DA0003,PC-1003,D2532934.xlsx,False,
{F-0018602},09/21/2026 23:46:34,IA0008,PC-1008,F6134226.jpg,False,
{F-0004857},09/21/2026 23:48:34,BA0001,PC-1001,00F92452.xls,False,
{F-0012196},09/21/2026 23:50:34,EA0004,PC-1004,DCB9362B.doc,False,
{F-0030915},09/21/2026 23:52:34,OA0014,PC-1014,9E3D39BE.jpg,False,
{F-0008031},09/21/2026 23:53:34,CA0002,PC-1002,050EE1C6.xlsx,False,
{F-0033994},09/21/2026 23:54:34,QA0016,PC-1016,5ADB8ED8.doc,False,
{F-0013627},09/21/2026 23:57:34,FA0005,PC-1005,7683E082.xls,False,
{F-0024688},09/21/2026 23:57:34,LA0011,PC-1011,E762A836.xlsx,False,
{F-0004859},09/21/2026 23:58:34,BA0001,PC-1001,6C96495D.doc,False,
{F-0010764},09/21/2026 23:58:34,DA0003,PC-1003,6FF74308.txt,False,
{F-0020689},09/21/2026 23:58:34,JA0009,PC-1009,1153D87F.pdf,False,
{F-0002185},09/21/2026 23:59:34,AA0000,PC-1000,E3BC70F5.xls,False,
{F-0022604},09/22/2026 00:08:34,KA0010,PC-1010,0A8A52FD.txt,False,
{F-0018595},09/22/2026 00:09:34,IA0008,PC-1008,4E22C595.doc,False,
{F-0032576},09/22/2026 00:14:34,PA0015,PC-1015,17316F52.jpg,False,
{F-0008025},09/22/2026 00:17:34,CA0002,PC-1002,F1365217.xlsx,False,
{F-0010757},09/22/2026 00:17:34,DA0003,PC-1003,59BFF563.txt,False,
{F-0010777},09/22/2026 00:17:34,DA0003,PC-1003,6FBE0B16.jpg,False,
{F-0033996},09/22/2026 00:22:34,QA0016,PC-1016,004910D5.doc,False,
{F-0010763},09/22/2026 00:27:34,DA0003,PC-1003,49AE2786.txt,False,
{F-0002184},09/22/2026 00:34:34,AA0000,PC-1000,1557BB0B.xlsx,False,
{F-0030908},09/22/2026 00:34:34,OA0014,PC-1014,7DA227B3.xlsx,False,
{F-0020681},09/22/2026 00:35:34,JA0009,PC-1009,870CA039.doc,False,
{F-0008017},09/22/2026 00:36:34,CA0002,PC-1002,6ED9669A.doc,False,
{F-0024685},09/22/2026 00:37:34,LA0011,PC-1011,FB96FB5B.xlsx,False,
{F-0030912},09/22/2026 00:38:34,OA0014,PC-1014,7292BBC8.doc,False,
{F-0030914},09/22/2026 00:38:34,OA0014,PC-1014,BB9E74D5.doc,False,
{F-0022622},09/22/2026 00:39:34,KA0010,PC-1010,ACF26E8A.jpg,False,
{F-0024679},09/22/2026 00:45:34,LA0011,PC-1011,70450AEC.xls,False,
{F-0030909},09/22/2026 00:45:34,OA0014,PC-1014,C1760E96.xlsx,False,
{F-0008038},09/22/2026 00:46:34,CA0002,PC-1002,B8EEA349.xls,False,
{F-0022610},09/22/2026 00:48:34,KA0010,PC-1010,4CF9C2E5.xls,False,
{F-0013635},09/22/2026 00:53:34,FA0005,PC-1005,CB3F47EE.xlsx,False,
{F-0024690},09/22/2026 00:55:34,LA0011,PC-1011,4F67C6D5.doc,False,
{F-0008041},09/22/2026 01:00:34,CA0002,PC-1002,EC18CD59.doc,False,
{F-0028347},09/22/2026 01:01:34,NA0013,PC-1013,F2B3F6C1.doc,False,
{F-0010772},09/22/2026 01:05:34,DA0003,PC-1003,903E9979.doc,False,
{F-0004870},09/22/2026 01:08:34,BA0001,PC-1001,265647BA.txt,False,
{F-0012193},09/22/2026 01:08:34,EA0004,PC-1004,8FAD928C.pdf,False,
{F-0015948},09/22/2026 01:08:34,GA0006,PC-1006,7B35EAA6.pdf,False,
{F-0024686},09/22/2026 01:10:34,LA0011,PC-1011,436AD49B.txt,False,
{F-0004865},09/22/2026 01:11:34,BA0001,PC-1001,995D4B91.xls,False,
{F-0015954},09/22/2026 01:16:34,GA0006,PC-1006,DE09AF09.jpg,False,
{F-0030910},09/22/2026 01:18:34,OA0014,PC-1014,D9E4E5C3.doc,False,
{F-0004864},09/22/2026 01:19:34,BA0001,PC-1001,524257F8.xlsx,False,
{F-0035053},09/22/2026 01:21:34,RA0017,PC-1017,E5B4CD2B.txt,False,
{F-0022623},09/22/2026 01:25:34,KA0010,PC-1010,C6036F5C.txt,False,
{F-0030907},09/22/2026 01:27:34,OA0014,PC-1014,0938815B.xls,False,
{F-0022612},09/22/2026 01:29:34,KA0010,PC-1010,14679D38.txt,False,
{F-0018596},09/22/2026 01:31:34,IA0008,PC-1008,DF6FB480.doc,False,
{F-0035057},09/22/2026 01:33:34,RA0017,PC-1017,89712BA7.txt,False,
{F-0004854},09/22/2026 01:34:34,BA0001,PC-1001,C70403AA.doc,False,
{F-0022606},09/22/2026 01:34:34,KA0010,PC-1010,AD37DC4F.doc,False,
{F-0002191},09/22/2026 01:35:34,AA0000,PC-1000,103670C7.jpg,False,
{F-0032577},09/22/2026 01:37:34,PA0015,PC-1015,D74264D4.pdf,False,
{F-0012192},09/22/2026 01:39:34,EA0004,PC-1004,8B5A9C67.pdf,False,
{F-0010753},09/22/2026 01:41:34,DA0003,PC-1003,BD7910AA.doc,False,
{F-0035055},09/22/2026 01:41:34,RA0017,PC-1017,F309111D.jpg,False,
{F-0028355},09/22/2026 01:43:34,NA0013,PC-1013,4D834D59.doc,False,
{F-0002186},09/22/2026 01:45:34,AA0000,PC-1000,9ED61396.xlsx,False,
{F-0002197},09/22/2026 01:45:34,AA0000,PC-1000,BAFB95DB.doc,False,
{F-0004869},09/22/2026 01:48:34,BA0001,PC-1001,599508C5.pdf,False,
{F-0022615},09/22/2026 01:49:34,KA0010,PC-1010,C27C5D19.xlsx,False,
{F-0024670},09/22/2026 01:58:34,LA0011,PC-1011,7A7B8DFB.pdf,False,
{F-0022605},09/22/2026 01:59:34,KA0010,PC-1010,BF102B43.txt,False,
{F-0022613},09/22/2026 01:59:34,KA0010,PC-1010,FEEAAF12.jpg,False,
{F-0010767},09/22/2026 02:00:34,DA0003,PC-1003,896CACCE.xls,False,
{F-0032568},09/22/2026 02:00:34,PA0015,PC-1015,311333D7.doc,False,
{F-0012194},09/22/2026 02:03:34,EA0004,PC-1004,831363FD.xls,False,
{F-0033993},09/22/2026 02:04:34,QA0016,PC-1016,8885DDBF.xlsx,False,
{F-0013628},09/22/2026 02:06:34,FA0005,PC-1005,92A9F620.jpg,False,
{F-0013625},09/22/2026 02:17:34,FA0005,PC-1005,ADFA6203.doc,False,
{F-0022621},09/22/2026 02:17:34,KA0010,PC-1010,16A3F9E0.jpg,False,
{F-0035058},09/22/2026 02:18:34,RA0017,PC-1017,E9224F96.xlsx,False,
{F-0035054},09/22/2026 02:22:34,RA0017,PC-1017,69BED440.xls,False,
{F-0002188},09/22/2026 02:23:34,AA0000,PC-1000,6CBB4606.xlsx,False,
{F-0024671},09/22/2026 02:23:34,LA0011,PC-1011,EC753CA1.xls,False,
{F-0008023},09/22/2026 02:25:34,CA0002,PC-1002,DD0B5606.doc,False,
{F-0008033},09/22/2026 02:26:34,CA0002,PC-1002,9E250AF8.txt,False,
{F-0004866},09/22/2026 02:27:34,BA0001,PC-1001,F517B4DC.txt,False,
{F-0002195},09/22/2026 02:33:34,AA0000,PC-1000,F706A702.pdf,False,
{F-0013629},09/22/2026 02:33:34,FA0005,PC-1005,ABA10C8F.pdf,False,
{F-0024676},09/22/2026 02:36:34,LA0011,PC-1011,22528B1D.xlsx,False,
{F-0020674},09/22/2026 02:37:34,JA0009,PC-1009,33F6E0A5.doc,False,
{F-0030911},09/22/2026 02:37:34,OA0014,PC-1014,097A1A5A.doc,False,
{F-0004856},09/22/2026 02:38:34,BA0001,PC-1001,544ABECE.doc,False,
{F-0008020},09/22/2026 02:39:34,CA0002,PC-1002,7AB53C5F.jpg,False,
{F-0032572},09/22/2026 02:47:34,PA0015,PC-1015,8BC5CE78.txt,False,
{F-0013633},09/22/2026 02:48:34,FA0005,PC-1005,9CB07644.xls,False,
{F-0018599},09/22/2026 02:52:34,IA0008,PC-1008,CAB1B6E4.txt,False,
{F-0008039},09/22/2026 02:55:34,CA0002,PC-1002,9CE468D8.xls,False,
{F-0022617},09/22/2026 02:59:34,KA0010,PC-1010,7B1E7F0A.doc,False,
{F-0004863},09/22/2026 03:03:34,BA0001,PC-1001,229D31A1.txt,False,
{F-0018603},09/22/2026 03:06:34,IA0008,PC-1008,1D8D595E.xlsx,False,
{F-0020672},09/22/2026 03:06:34,JA0009,PC-1009,6CB1A5E2.doc,False,
{F-0015952},09/22/2026 03:07:34,GA0006,PC-1006,DAABD409.doc,False,
{F-0008029},09/22/2026 03:12:34,CA0002,PC-1002,3B1C69EF.doc,False,
{F-0008037},09/22/2026 03:12:34,CA0002,PC-1002,70B15F83.xlsx,False,
{F-0002180},09/22/2026 03:15:34,AA0000,PC-1000,B8030C46.txt,False,
{F-0024673},09/22/2026 03:17:34,LA0011,PC-1011,BFBCD820.xlsx,False,
{F-0024684},09/22/2026 03:17:34,LA0011,PC-1011,6C033FA4.jpg,False,
{F-0022611},09/22/2026 03:31:34,KA0010,PC-1010,AA5536C5.doc,False,
{F-0008021},09/22/2026 03:35:34,CA0002,PC-1002,91421657.jpg,False,
{F-0028356},09/22/2026 03:37:34,NA0013,PC-1013,DDA14F8C.doc,False,
{F-0004860},09/22/2026 03:38:34,BA0001,PC-1001,4DF672D7.txt,False,
{F-0002183},09/22/2026 03:45:34,AA0000,PC-1000,9549790D.pdf,False,
{F-0013626},09/22/2026 03:46:34,FA0005,PC-1005,1A87EA9A.txt,False,
{F-0012195},09/22/2026 03:47:34,EA0004,PC-1004,AA0C2602.pdf,False,
{F-0013638},09/22/2026 03:47:34,FA0005,PC-1005,0DFC8CBE.pdf,False,
{F-0032569},09/22/2026 03:48:34,PA0015,PC-1015,36CEB452.pdf,False,
{F-0008018},09/22/2026 03:49:34,CA0002,PC-1002,70A62A8F.jpg,False,
{F-0004868},09/22/2026 03:50:34,BA0001,PC-1001,783D6CD5.doc,False,
{F-0024669},09/22/2026 03:50:34,LA0011,PC-1011,B0AEB4CD.pdf,False,
{F-0002182},09/22/2026 04:07:34,AA0000,PC-1000,44CEB0C3.jpg,False,
{F-0013634},09/22/2026 04:11:34,FA0005,PC-1005,F994FD2D.doc,False,
{F-0022609},09/22/2026 04:11:34,KA0010,PC-1010,D8046C5A.doc,False,
{F-0032578},09/22/2026 04:11:34,PA0015,PC-1015,BC87B1F5.doc,False,
{F-0004867},09/22/2026 04:19:34,BA0001,PC-1001,BD676441.xls,False,
{F-0008035},09/22/2026 04:23:34,CA0002,PC-1002,F6F8F37B.xlsx,False,
{F-0008030},09/22/2026 04:26:34,CA0002,PC-1002,96CE9940.txt,False,
{F-0013630},09/22/2026 04:28:34,FA0005,PC-1005,B5BEBA74.doc,False,
{F-0013636},09/22/2026 04:31:34,FA0005,PC-1005,1F8206F1.xls,False,
{F-0004853},09/22/2026 04:36:34,BA0001,PC-1001,BE393BCA.doc,False,
{F-0004862},09/22/2026 04:50:34,BA0001,PC-1001,81D80D35.pdf,False,
{F-0022626},09/22/2026 04:58:34,KA0010,PC-1010,D99F3602.xlsx,False,
{F-0013637},09/22/2026 05:02:34,FA0005,PC-1005,25780666.pdf,False,
{F-0008022},09/22/2026 05:27:34,CA0002,PC-1002,D249F698.pdf,False,
{F-0008034},09/22/2026 05:34:34,CA0002,PC-1002,1C6C4D5D.pdf,False,
{F-0013632},09/22/2026 05:50:34,FA0005,PC-1005,89CFDCEE.pdf,False,
{F-0018633},09/22/2026 18:57:34,IA0008,PC-1008,84F6B59F.pdf,False,
{F-0017048},09/22/2026 18:59:34,HA0007,PC-1007,936239F6.xlsx,False,
{F-0024730},09/22/2026 19:00:34,LA0011,PC-1011,355F458D.xlsx,False,
{F-0024725},09/22/2026 19:02:34,LA0011,PC-1011,1E22F5ED.jpg,False,
{F-0017042},09/22/2026 19:07:34,HA0007,PC-1007,D9F47E31.doc,False,
{F-0017046},09/22/2026 19:09:34,HA0007,PC-1007,F9AD2529.txt,False,
{F-0024722},09/22/2026 19:10:34,LA0011,PC-1011,0AF9B8AC.xls,False,
{F-0028389},09/22/2026 19:19:34,NA0013,PC-1013,33C071F2.xlsx,False,
{F-0016004},09/22/2026 19:26:34,GA0006,PC-1006,426C92F8.doc,False,
{F-0018629},09/22/2026 19:26:34,IA0008,PC-1008,5E12D5D9.txt,False,
{F-0015996},09/22/2026 19:32:34,GA0006,PC-1006,5A26D403.xlsx,False,
{F-0004906},09/22/2026 19:54:34,BA0001,PC-1001,BE839397.txt,False,
{F-0018626},09/22/2026 19:54:34,IA0008,PC-1008,F8F4DBDE.doc,False,
{F-0002248},09/22/2026 19:56:34,AA0000,PC-1000,C1C07F36.txt,False,
{F-0030960},09/22/2026 19:56:34,OA0014,PC-1014,2EC77345.jpg,False,
{F-0034016},09/22/2026 20:00:34,QA0016,PC-1016,7BBB650C.txt,False,
{F-0004910},09/22/2026 20:01:34,BA0001,PC-1001,87378974.xlsx,False,
{F-0034019},09/22/2026 20:09:34,QA0016,PC-1016,6F1EFBF3.xls,False,
{F-0016001},09/22/2026 20:11:34,GA0006,PC-1006,14C8010C.xls,False,
{F-0028385},09/22/2026 20:16:34,NA0013,PC-1013,3B082E85.xlsx,False,
{F-0022673},09/22/2026 20:17:34,KA0010,PC-1010,1836DF0F.xls,False,
{F-0022677},09/22/2026 20:22:34,KA0010,PC-1010,36533610.jpg,False,
{F-0004908},09/22/2026 20:24:34,BA0001,PC-1001,44CCFAFB.xls,False,
{F-0013660},09/22/2026 20:24:34,FA0005,PC-1005,9349E793.doc,False,
{F-0022659},09/22/2026 20:25:34,KA0010,PC-1010,813D816F.doc,False,
{F-0008104},09/22/2026 20:28:34,CA0002,PC-1002,08B8AE9F.jpg,False,
{F-0013672},09/22/2026 20:34:34,FA0005,PC-1005,BA0897C2.pdf,False,
{F-0018632},09/22/2026 20:36:34,IA0008,PC-1008,67B84AC2.jpg,False,
{F-0022661},09/22/2026 20:37:34,KA0010,PC-1010,83ADE1E3.pdf,False,
{F-0018634},09/22/2026 20:43:34,IA0008,PC-1008,3DFFE542.txt,False,
{F-0004904},09/22/2026 20:44:34,BA0001,PC-1001,7C574B48.jpg,False,
{F-0013664},09/22/2026 20:44:34,FA0005,PC-1005,D3A30ECD.pdf,False,
{F-0013676},09/22/2026 20:45:34,FA0005,PC-1005,B4AC0A7F.doc,False,
{F-0028386},09/22/2026 20:48:34,NA0013,PC-1013,7B72D6AE.doc,False,
{F-0022672},09/22/2026 20:49:34,KA0010,PC-1010,2D6946B8.doc,False,
{F-0002246},09/22/2026 20:53:34,AA0000,PC-1000,0DEA83D7.pdf,False,
{F-0008107},09/22/2026 20:55:34,CA0002,PC-1002,F41522A0.xlsx,False,
{F-0015999},09/22/2026 20:56:34,GA0006,PC-1006,DD08F107.xlsx,False,
{F-0017047},09/22/2026 20:56:34,HA0007,PC-1007,D8307A6B.xls,False,
{F-0008099},09/22/2026 20:59:34,CA0002,PC-1002,B9D7939E.txt,False,
{F-0020731},09/22/2026 21:00:34,JA0009,PC-1009,3A9D5AC6.doc,False,
{F-0024726},09/22/2026 21:00:34,LA0011,PC-1011,E56F21E8.pdf,False,
{F-0002251},09/22/2026 21:03:34,AA0000,PC-1000,4706A04F.xls,False,
{F-0002249},09/22/2026 21:04:34,AA0000,PC-1000,352EA981.pdf,False,
{F-0012217},09/22/2026 21:04:34,EA0004,PC-1004,7782486E.doc,False,
{F-0020725},09/22/2026 21:04:34,JA0009,PC-1009,70964B84.txt,False,
{F-0008101},09/22/2026 21:05:34,CA0002,PC-1002,46AA6730.doc,False,
{F-0012218},09/22/2026 21:05:34,EA0004,PC-1004,2651202F.pdf,False,
{F-0034021},09/22/2026 21:07:34,QA0016,PC-1016,238B7C26.txt,False,
{F-0010820},09/22/2026 21:09:34,DA0003,PC-1003,3373C157.xls,False,
{F-0015998},09/22/2026 21:09:34,GA0006,PC-1006,B9F2CF83.jpg,False,
{F-0020726},09/22/2026 21:12:34,JA0009,PC-1009,490D0F2B.pdf,False,
{F-0008096},09/22/2026 21:13:34,CA0002,PC-1002,9BAB8C9D.jpg,False,
{F-0008102},09/22/2026 21:14:34,CA0002,PC-1002,907470FC.pdf,False,
{F-0032623},09/22/2026 21:16:34,PA0015,PC-1015,CF72B842.doc,False,
{F-0002240},09/22/2026 21:20:34,AA0000,PC-1000,275B24A0.txt,False,
{F-0004905},09/22/2026 21:20:34,BA0001,PC-1001,03CF0B58.xls,False,
{F-0012224},09/22/2026 21:21:34,EA0004,PC-1004,C1B7038C.pdf,False,
{F-0008105},09/22/2026 21:26:34,CA0002,PC-1002,CB061A63.doc,False,
{F-0008113},09/22/2026 21:27:34,CA0002,PC-1002,6A20C848.xls,False,
{F-0010834},09/22/2026 21:27:34,DA0003,PC-1003,2F8A4877.xlsx,False,
{F-0020737},09/22/2026 21:29:34,JA0009,PC-1009,133CFD6A.xls,False,
{F-0013673},09/22/2026 21:32:34,FA0005,PC-1005,C6D61928.xls,False,
{F-0008122},09/22/2026 21:34:34,CA0002,PC-1002,9AB8691E.xls,False,
{F-0020727},09/22/2026 21:40:34,JA0009,PC-1009,2E6282DE.doc,False,
{F-0008090},09/22/2026 21:42:34,CA0002,PC-1002,28D1D675.doc,False,
{F-0012229},09/22/2026 21:42:34,EA0004,PC-1004,208B851E.doc,False,
{F-0018636},09/22/2026 21:42:34,IA0008,PC-1008,7037D20D.xlsx,False,
{F-0028382},09/22/2026 21:44:34,NA0013,PC-1013,4EFC713C.doc,False,
{F-0018631},09/22/2026 21:48:34,IA0008,PC-1008,4D98E467.doc,False,
{F-0010824},09/22/2026 21:51:34,DA0003,PC-1003,768712B3.xls,False,
{F-0034018},09/22/2026 21:52:34,QA0016,PC-1016,2EADFA60.txt,False,
{F-0004907},09/22/2026 21:54:34,BA0001,PC-1001,51CDA0D5.xls,False,
{F-0008118},09/22/2026 21:59:34,CA0002,PC-1002,AB28C0BB.xls,False,
{F-0016000},09/22/2026 22:02:34,GA0006,PC-1006,5FBE5272.pdf,False,
{F-0004902},09/22/2026 22:04:34,BA0001,PC-1001,9BCB7F08.txt,False,
{F-0008095},09/22/2026 22:05:34,CA0002,PC-1002,9FE42B28.xlsx,False,
{F-0002241},09/22/2026 22:07:34,AA0000,PC-1000,0264A338.xlsx,False,
{F-0008098},09/22/2026 22:07:34,CA0002,PC-1002,F0AF4B51.doc,False,
{F-0030962},09/22/2026 22:07:34,OA0014,PC-1014,5954FDA5.doc,False,
{F-0035075},09/22/2026 22:07:34,RA0017,PC-1017,512781D2.jpg,False,
{F-0026692},09/22/2026 22:08:34,MA0012,PC-1012,C8FA215B.jpg,False,
{F-0012221},09/22/2026 22:09:34,EA0004,PC-1004,FA86F6A2.xls,False,
{F-0015994},09/22/2026 22:16:34,GA0006,PC-1006,A78FBC4C.doc,False,
{F-0015997},09/22/2026 22:20:34,GA0006,PC-1006,37D51EBF.txt,False,
{F-0022664},09/22/2026 22:20:34,KA0010,PC-1010,09AF15F8.xls,False,
{F-0018635},09/22/2026 22:24:34,IA0008,PC-1008,E1A1EA16.jpg,False,
{F-0016006},09/22/2026 22:43:34,GA0006,PC-1006,CC70EE9A.xls,False,
{F-0018628},09/22/2026 22:44:34,IA0008,PC-1008,F947EF70.xlsx,False,
{F-0035076},09/22/2026 22:44:34,RA0017,PC-1017,2924C8D6.doc,False,
{F-0010827},09/22/2026 22:45:34,DA0003,PC-1003,65B42DBF.xls,False,
{F-0024731},09/22/2026 22:49:34,LA0011,PC-1011,C624530F.doc,False,
{F-0020730},09/22/2026 22:50:34,JA0009,PC-1009,351CEC18.xlsx,False,
{F-0022663},09/22/2026 22:54:34,KA0010,PC-1010,1D489F67.xls,False,
{F-0010839},09/22/2026 22:58:34,DA0003,PC-1003,D1FB8255.pdf,False,
{F-0024727},09/22/2026 23:05:34,LA0011,PC-1011,0E2760DF.txt,False,
{F-0013675},09/22/2026 23:06:34,FA0005,PC-1005,2958B5D8.pdf,False,
{F-0022678},09/22/2026 23:07:34,KA0010,PC-1010,90F4E2DC.pdf,False,
{F-0020735},09/22/2026 23:09:34,JA0009,PC-1009,D21CB99A.doc,False,
{F-0028383},09/22/2026 23:10:34,NA0013,PC-1013,55726806.xls,False,
{F-0012227},09/22/2026 23:11:34,EA0004,PC-1004,FDBAF807.pdf,False,
{F-0022676},09/22/2026 23:16:34,KA0010,PC-1010,D5891360.doc,False,
{F-0002242},09/22/2026 23:21:34,AA0000,PC-1000,736AA877.jpg,False,
{F-0016002},09/22/2026 23:27:34,GA0006,PC-1006,ADD42325.pdf,False,
{F-0028388},09/22/2026 23:27:34,NA0013,PC-1013,9D133709.jpg,False,
{F-0024717},09/22/2026 23:28:34,LA0011,PC-1011,015C2211.txt,False,
{F-0028387},09/22/2026 23:34:34,NA0013,PC-1013,A4B145B4.doc,False,
{F-0022669},09/22/2026 23:36:34,KA0010,PC-1010,A1A186A9.jpg,False,
{F-0028384},09/22/2026 23:48:34,NA0013,PC-1013,D2288372.xls,False,
{F-0002244},09/22/2026 23:53:34,AA0000,PC-1000,B7CBF163.xls,False,
{F-0010826},09/22/2026 23:53:34,DA0003,PC-1003,B8406234.doc,False,
{F-0010825},09/22/2026 23:57:34,DA0003,PC-1003,DD23A6C4.doc,False,
{F-0028391},09/22/2026 23:58:34,NA0013,PC-1013,F2F2DEAF.pdf,False,
{F-0030966},09/22/2026 23:59:34,OA0014,PC-1014,2F4E5723.xlsx,False,
{F-0022658},09/23/2026 00:01:34,KA0010,PC-1010,D7F1D9EA.xlsx,False,
{F-0030961},09/23/2026 00:02:34,OA0014,PC-1014,80568243.pdf,False,
{F-0016005},09/23/2026 00:04:34,GA0006,PC-1006,F8915A5D.jpg,False,
{F-0008111},09/23/2026 00:08:34,CA0002,PC-1002,28F85DAF.xlsx,False,
{F-0002245},09/23/2026 00:10:34,AA0000,PC-1000,7AD33986.doc,False,
{F-0010835},09/23/2026 00:12:34,DA0003,PC-1003,7E8F6993.txt,False,
{F-0024718},09/23/2026 00:12:34,LA0011,PC-1011,2D45A301.doc,False,
{F-0010833},09/23/2026 00:14:34,DA0003,PC-1003,2C4645D7.doc,False,
{F-0008094},09/23/2026 00:15:34,CA0002,PC-1002,7BD5DBD6.doc,False,
{F-0012223},09/23/2026 00:15:34,EA0004,PC-1004,E30E23EE.jpg,False,
{F-0024729},09/23/2026 00:15:34,LA0011,PC-1011,24619BCC.doc,False,
{F-0010829},09/23/2026 00:16:34,DA0003,PC-1003,40003693.jpg,False,
{F-0012216},09/23/2026 00:18:34,EA0004,PC-1004,79394AE4.txt,False,
{F-0020739},09/23/2026 00:20:34,JA0009,PC-1009,1A493A84.jpg,False,
{F-0013665},09/23/2026 00:25:34,FA0005,PC-1005,E372ED88.xls,False,
{F-0024720},09/23/2026 00:25:34,LA0011,PC-1011,BD5A4A01.doc,False,
{F-0032617},09/23/2026 00:26:34,PA0015,PC-1015,296DB4A2.xls,False,
{F-0008108},09/23/2026 00:27:34,CA0002,PC-1002,7CAA4289.xls,False,
{F-0012215},09/23/2026 00:27:34,EA0004,PC-1004,23BCF81E.xlsx,False,
{F-0012220},09/23/2026 00:28:34,EA0004,PC-1004,BD433CAC.doc,False,
{F-0030957},09/23/2026 00:28:34,OA0014,PC-1014,6771AE84.xls,False,
{F-0032616},09/23/2026 00:28:34,PA0015,PC-1015,71BD395F.jpg,False,
{F-0020742},09/23/2026 00:30:34,JA0009,PC-1009,21254A31.doc,False,
{F-0022665},09/23/2026 00:31:34,KA0010,PC-1010,4F76123B.jpg,False,
{F-0020740},09/23/2026 00:39:34,JA0009,PC-1009,156EF9FD.xlsx,False,
{F-0013674},09/23/2026 00:42:34,FA0005,PC-1005,B294F7D7.pdf,False,
{F-0017050},09/23/2026 00:42:34,HA0007,PC-1007,349AB42F.xls,False,
{F-0012230},09/23/2026 00:45:34,EA0004,PC-1004,462DD2A9.xls,False,
{F-0015995},09/23/2026 00:45:34,GA0006,PC-1006,F294DB5A.pdf,False,
{F-0004909},09/23/2026 00:47:34,BA0001,PC-1001,A91409FC.xls,False,
{F-0008093},09/23/2026 00:47:34,CA0002,PC-1002,A54AEFD3.xls,False,
{F-0010836},09/23/2026 00:48:34,DA0003,PC-1003,9E788B0D.jpg,False,
{F-0022674},09/23/2026 00:52:34,KA0010,PC-1010,6389F3DD.xlsx,False,
{F-0013671},09/23/2026 00:53:34,FA0005,PC-1005,3BDF6C74.pdf,False,
{F-0004899},09/23/2026 00:54:34,BA0001,PC-1001,F557DC88.doc,False,
{F-0016003},09/23/2026 00:58:34,GA0006,PC-1006,A7102E91.txt,False,
{F-0022671},09/23/2026 01:00:34,KA0010,PC-1010,92C1C112.txt,False,
{F-0024719},09/23/2026 01:01:34,LA0011,PC-1011,B785F5D9.jpg,False,
{F-0026691},09/23/2026 01:01:34,MA0012,PC-1012,6AF0A63D.xls,False,
{F-0010838},09/23/2026 01:04:34,DA0003,PC-1003,2535EE6D.txt,False,
{F-0030964},09/23/2026 01:04:34,OA0014,PC-1014,B6939966.xlsx,False,
{F-0017049},09/23/2026 01:06:34,HA0007,PC-1007,0834E1F1.txt,False,
{F-0020728},09/23/2026 01:12:34,JA0009,PC-1009,CBADF52D.doc,False,
{F-0002237},09/23/2026 01:13:34,AA0000,PC-1000,53FE5773.xls,False,
{F-0018627},09/23/2026 01:14:34,IA0008,PC-1008,44E10440.pdf,False,
{F-0034020},09/23/2026 01:16:34,QA0016,PC-1016,4DD7584F.xls,False,
{F-0008091},09/23/2026 01:20:34,CA0002,PC-1002,96C4E4C3.xlsx,False,
{F-0010823},09/23/2026 01:20:34,DA0003,PC-1003,0A6ABA57.xlsx,False,
{F-0008115},09/23/2026 01:22:34,CA0002,PC-1002,B81A5871.doc,False,
{F-0022660},09/23/2026 01:23:34,KA0010,PC-1010,123A391C.doc,False,
{F-0032619},09/23/2026 01:23:34,PA0015,PC-1015,0F092C5E.pdf,False,
{F-0002238},09/23/2026 01:24:34,AA0000,PC-1000,7C076290.txt,False,
{F-0010821},09/23/2026 01:25:34,DA0003,PC-1003,943DA382.jpg,False,
{F-0010828},09/23/2026 01:26:34,DA0003,PC-1003,9D8D19AA.jpg,False,
{F-0012228},09/23/2026 01:26:34,EA0004,PC-1004,FC175D59.doc,False,
{F-0022670},09/23/2026 01:27:34,KA0010,PC-1010,6F04B30B.pdf,False,
{F-0013666},09/23/2026 01:28:34,FA0005,PC-1005,A0BEB266.doc,False,
{F-0017043},09/23/2026 01:29:34,HA0007,PC-1007,259181CA.doc,False,
{F-0012225},09/23/2026 01:31:34,EA0004,PC-1004,378A30FA.doc,False,
{F-0012226},09/23/2026 01:32:34,EA0004,PC-1004,A4363772.doc,False,
{F-0020734},09/23/2026 01:32:34,JA0009,PC-1009,F0D6D3CB.xls,False,
{F-0012222},09/23/2026 01:36:34,EA0004,PC-1004,BB41F4E1.txt,False,
{F-0030965},09/23/2026 01:39:34,OA0014,PC-1014,7E5AEF38.txt,False,
{F-0013668},09/23/2026 01:40:34,FA0005,PC-1005,406365CF.xls,False,
{F-0017045},09/23/2026 01:40:34,HA0007,PC-1007,622E9F2F.doc,False,
{F-0020738},09/23/2026 01:41:34,JA0009,PC-1009,04B82FF4.pdf,False,
{F-0010830},09/23/2026 01:49:34,DA0003,PC-1003,5CDB1BBE.txt,False,
{F-0016007},09/23/2026 01:50:34,GA0006,PC-1006,F7DDB256.xlsx,False,
{F-0026689},09/23/2026 02:01:34,MA0012,PC-1012,C2227473.xlsx,False,
{F-0010822},09/23/2026 02:04:34,DA0003,PC-1003,D7A40D9A.jpg,False,
{F-0010840},09/23/2026 02:08:34,DA0003,PC-1003,4B197906.pdf,False,
{F-0002250},09/23/2026 02:09:34,AA0000,PC-1000,DC0173F4.txt,False,
{F-0032615},09/23/2026 02:13:34,PA0015,PC-1015,A3E24437.doc,False,
{F-0032620},09/23/2026 02:21:34,PA0015,PC-1015,08B7A170.xlsx,False,
{F-0018630},09/23/2026 02:26:34,IA0008,PC-1008,B1E376C7.doc,False,
{F-0008106},09/23/2026 02:27:34,CA0002,PC-1002,8D40C4C2.xlsx,False,
{F-0020733},09/23/2026 02:27:34,JA0009,PC-1009,905C60ED.pdf,False,
{F-0026690},09/23/2026 02:28:34,MA0012,PC-1012,6C8509F1.pdf,False,
{F-0008119},09/23/2026 02:29:34,CA0002,PC-1002,B267007F.doc,False,
{F-0010831},09/23/2026 02:29:34,DA0003,PC-1003,ECA94AB6.pdf,False,
{F-0002243},09/23/2026 02:31:34,AA0000,PC-1000,BCB15943.xlsx,False,
{F-0017044},09/23/2026 02:32:34,HA0007,PC-1007,075E2BA3.doc,False,
{F-0022662},09/23/2026 02:35:34,KA0010,PC-1010,41001E00.pdf,False,
{F-0004903},09/23/2026 02:39:34,BA0001,PC-1001,C7CF8A33.xlsx,False,
{F-0012214},09/23/2026 02:40:34,EA0004,PC-1004,0BB88AF8.jpg,False,
{F-0020729},09/23/2026 02:42:34,JA0009,PC-1009,B453CB97.txt,False,
{F-0020741},09/23/2026 02:46:34,JA0009,PC-1009,73D80D36.doc,False,
{F-0008121},09/23/2026 02:51:34,CA0002,PC-1002,684984FE.doc,False,
{F-0013659},09/23/2026 02:51:34,FA0005,PC-1005,988C3634.xlsx,False,
{F-0032622},09/23/2026 02:59:34,PA0015,PC-1015,DD3A8D52.jpg,False,
{F-0012231},09/23/2026 03:01:34,EA0004,PC-1004,9FDF3517.txt,False,
{F-0013669},09/23/2026 03:01:34,FA0005,PC-1005,53A448BB.jpg,False,
{F-0026693},09/23/2026 03:04:34,MA0012,PC-1012,1485B367.xls,False,
{F-0012219},09/23/2026 03:05:34,EA0004,PC-1004,0801987C.pdf,False,
{F-0008109},09/23/2026 03:06:34,CA0002,PC-1002,1CF2EA75.pdf,False,
{F-0002239},09/23/2026 03:12:34,AA0000,PC-1000,4685FEED.xls,False,
{F-0004900},09/23/2026 03:12:34,BA0001,PC-1001,3F35057E.txt,False,
{F-0008089},09/23/2026 03:21:34,CA0002,PC-1002,D4102C8B.xls,False,
{F-0024723},09/23/2026 03:21:34,LA0011,PC-1011,E9D42DFD.txt,False,
{F-0020736},09/23/2026 03:24:34,JA0009,PC-1009,EE1133F1.xlsx,False,
{F-0028390},09/23/2026 03:25:34,NA0013,PC-1013,8296CD9A.jpg,False,
{F-0008117},09/23/2026 03:26:34,CA0002,PC-1002,55F5A195.xls,False,
{F-0010832},09/23/2026 03:29:34,DA0003,PC-1003,738EE098.jpg,False,
{F-0013658},09/23/2026 03:29:34,FA0005,PC-1005,E81E877A.xls,False,
{F-0004901},09/23/2026 03:31:34,BA0001,PC-1001,B9D33DD1.xls,False,
{F-0020732},09/23/2026 03:33:34,JA0009,PC-1009,899307DD.doc,False,
{F-0030958},09/23/2026 03:34:34,OA0014,PC-1014,6595F113.xls,False,
{F-0032621},09/23/2026 03:35:34,PA0015,PC-1015,6609B7F6.xlsx,False,
{F-0010837},09/23/2026 03:37:34,DA0003,PC-1003,A30FC708.doc,False,
{F-0002247},09/23/2026 03:39:34,AA0000,PC-1000,7C5D3AF0.doc,False,
{F-0034017},09/23/2026 03:39:34,QA0016,PC-1016,2012391C.txt,False,
{F-0022675},09/23/2026 03:52:34,KA0010,PC-1010,ED9AB4B5.pdf,False,
{F-0012232},09/23/2026 03:53:34,EA0004,PC-1004,364B7F03.xlsx,False,
{F-0022667},09/23/2026 03:56:34,KA0010,PC-1010,1ACFE754.pdf,False,
{F-0013661},09/23/2026 03:58:34,FA0005,PC-1005,692D3224.doc,False,
{F-0008114},09/23/2026 03:59:34,CA0002,PC-1002,8E92F297.doc,False,
{F-0030963},09/23/2026 04:00:34,OA0014,PC-1014,15EDA414.xlsx,False,
{F-0035077},09/23/2026 04:04:34,RA0017,PC-1017,D379C0F1.txt,False,
{F-0030959},09/23/2026 04:05:34,OA0014,PC-1014,AF6939B6.doc,False,
{F-0008110},09/23/2026 04:06:34,CA0002,PC-1002,D72FC1C8.txt,False,
{F-0012213},09/23/2026 04:06:34,EA0004,PC-1004,A48F2A2D.pdf,False,
{F-0030967},09/23/2026 04:07:34,OA0014,PC-1014,39DE68D4.pdf,False,
{F-0024716},09/23/2026 04:11:34,LA0011,PC-1011,4507E160.pdf,False,
{F-0008120},09/23/2026 04:18:34,CA0002,PC-1002,ECE32492.doc,False,
{F-0013670},09/23/2026 04:22:34,FA0005,PC-1005,5883AA87.txt,False,
{F-0022668},09/23/2026 04:24:34,KA0010,PC-1010,22F9464A.doc,False,
{F-0032618},09/23/2026 04:24:34,PA0015,PC-1015,A1A71927.txt,False,
{F-0035078},09/23/2026 04:30:34,RA0017,PC-1017,DEEBDBEB.xls,False,
{F-0013663},09/23/2026 04:42:34,FA0005,PC-1005,4682FE9B.xls,False,
{F-0022657},09/23/2026 04:45:34,KA0010,PC-1010,70AFFA76.xls,False,
{F-0008103},09/23/2026 04:48:34,CA0002,PC-1002,20A355EC.doc,False,
{F-0024721},09/23/2026 04:57:34,LA0011,PC-1011,213D2638.doc,False,
{F-0024728},09/23/2026 04:57:34,LA0011,PC-1011,279260AF.pdf,False,
{F-0022666},09/23/2026 05:07:34,KA0010,PC-1010,760A84B9.xls,False,
{F-0008100},09/23/2026 05:12:34,CA0002,PC-1002,7D6C3375.txt,False,
{F-0008097},09/23/2026 05:17:34,CA0002,PC-1002,030FB871.doc,False,
{F-0008116},09/23/2026 05:18:34,CA0002,PC-1002,A97004D7.xls,False,
{F-0024724},09/23/2026 05:19:34,LA0011,PC-1011,C0D95BA7.doc,False,
{F-0008092},09/23/2026 05:21:34,CA0002,PC-1002,49AF6934.txt,False,
{F-0008112},09/23/2026 05:29:34,CA0002,PC-1002,E01BEA7D.doc,False,
{F-0013662},09/23/2026 05:51:34,FA0005,PC-1005,17721C78.xlsx,False,
{F-0013667},09/23/2026 06:13:34,FA0005,PC-1005,730089FB.txt,False,
{F-0024752},09/23/2026 18:22:34,LA0011,PC-1011,716EE131.pdf,False,
{F-0024759},09/23/2026 18:49:34,LA0011,PC-1011,737A36BB.doc,False,
{F-0028434},09/23/2026 19:12:34,NA0013,PC-1013,6E060371.xls,False,
{F-0031021},09/23/2026 19:20:34,OA0014,PC-1014,977EE20C.xls,False,
{F-0016051},09/23/2026 19:31:34,GA0006,PC-1006,A7E2FC20.doc,False,
{F-0010896},09/23/2026 19:33:34,DA0003,PC-1003,C211D19A.txt,False,
{F-0020777},09/23/2026 19:34:34,JA0009,PC-1009,D5CBC2E2.doc,False,
{F-0020795},09/23/2026 19:44:34,JA0009,PC-1009,82FFBD08.txt,False,
{F-0002297},09/23/2026 19:59:34,AA0000,PC-1000,B43FADAC.pdf,False,
{F-0018664},09/23/2026 20:01:34,IA0008,PC-1008,D7086FDF.pdf,False,
{F-0020779},09/23/2026 20:10:34,JA0009,PC-1009,11E90598.txt,False,
{F-0002302},09/23/2026 20:12:34,AA0000,PC-1000,59BA5B36.pdf,False,
{F-0004964},09/23/2026 20:14:34,BA0001,PC-1001,976ACD3D.xls,False,
{F-0024758},09/23/2026 20:14:34,LA0011,PC-1011,9BD2EEEB.xls,False,
{F-0018673},09/23/2026 20:15:34,IA0008,PC-1008,F685C02C.xls,False,
{F-0013705},09/23/2026 20:18:34,FA0005,PC-1005,F0A89A98.doc,False,
{F-0002306},09/23/2026 20:21:34,AA0000,PC-1000,A1D600A8.xlsx,False,
{F-0022700},09/23/2026 20:26:34,KA0010,PC-1010,EBCF2679.xlsx,False,
{F-0032648},09/23/2026 20:27:34,PA0015,PC-1015,2C94F268.txt,False,
{F-0018660},09/23/2026 20:31:34,IA0008,PC-1008,2B720585.doc,False,
{F-0022709},09/23/2026 20:33:34,KA0010,PC-1010,D33C3DB6.xlsx,False,
{F-0008189},09/23/2026 20:42:34,CA0002,PC-1002,24946FB1.doc,False,
{F-0024769},09/23/2026 20:52:34,LA0011,PC-1011,D9ADB352.doc,False,
{F-0004962},09/23/2026 20:55:34,BA0001,PC-1001,39F3B5E1.xlsx,False,
{F-0024756},09/23/2026 20:58:34,LA0011,PC-1011,3D3AAF72.pdf,False,
{F-0012252},09/23/2026 21:03:34,EA0004,PC-1004,2F97A5E6.txt,False,
{F-0012254},09/23/2026 21:03:34,EA0004,PC-1004,2C2501B8.pdf,False,
{F-0008183},09/23/2026 21:04:34,CA0002,PC-1002,20EEE47A.txt,False,
{F-0034057},09/23/2026 21:04:34,QA0016,PC-1016,B6E28907.xls,False,
{F-0008198},09/23/2026 21:07:34,CA0002,PC-1002,DF5C1754.xlsx,False,
{F-0010905},09/23/2026 21:08:34,DA0003,PC-1003,686A3344.doc,False,
{F-0035114},09/23/2026 21:09:34,RA0017,PC-1017,D456EE54.doc,False,
{F-0020784},09/23/2026 21:11:34,JA0009,PC-1009,F75D534E.jpg,False,
{F-0031019},09/23/2026 21:12:34,OA0014,PC-1014,5883B7BD.txt,False,
{F-0026723},09/23/2026 21:14:34,MA0012,PC-1012,357266C7.doc,False,
{F-0008206},09/23/2026 21:15:34,CA0002,PC-1002,76A73C82.doc,False,
{F-0010897},09/23/2026 21:19:34,DA0003,PC-1003,C38835D3.doc,False,
{F-0017064},09/23/2026 21:21:34,HA0007,PC-1007,8D9F947F.xls,False,
{F-0018672},09/23/2026 21:22:34,IA0008,PC-1008,F949096B.xls,False,
{F-0016053},09/23/2026 21:24:34,GA0006,PC-1006,94E312D3.jpg,False,
{F-0017069},09/23/2026 21:28:34,HA0007,PC-1007,9AAC36CE.doc,False,
{F-0013699},09/23/2026 21:33:34,FA0005,PC-1005,135BA98C.doc,False,
{F-0020794},09/23/2026 21:35:34,JA0009,PC-1009,0E47120E.txt,False,
{F-0020790},09/23/2026 21:36:34,JA0009,PC-1009,74072AE8.doc,False,
{F-0010904},09/23/2026 21:37:34,DA0003,PC-1003,323928CA.xlsx,False,
{F-0028441},09/23/2026 21:40:34,NA0013,PC-1013,69454491.xlsx,False,
{F-0035109},09/23/2026 21:41:34,RA0017,PC-1017,DA7EBAE3.doc,False,
{F-0002299},09/23/2026 21:44:34,AA0000,PC-1000,98D3F803.xlsx,False,
{F-0020792},09/23/2026 21:44:34,JA0009,PC-1009,9962EB8B.pdf,False,
{F-0012256},09/23/2026 21:45:34,EA0004,PC-1004,911E7836.pdf,False,
{F-0008200},09/23/2026 21:46:34,CA0002,PC-1002,7586FB8D.xls,False,
{F-0004963},09/23/2026 21:47:34,BA0001,PC-1001,EA14D615.xls,False,
{F-0017070},09/23/2026 21:51:34,HA0007,PC-1007,982AAA87.jpg,False,
{F-0012262},09/23/2026 21:52:34,EA0004,PC-1004,80EA565A.txt,False,
{F-0020776},09/23/2026 21:52:34,JA0009,PC-1009,0EC6EFF4.doc,False,
{F-0028436},09/23/2026 21:52:34,NA0013,PC-1013,0ED56267.txt,False,
{F-0026727},09/23/2026 21:53:34,MA0012,PC-1012,F2853C52.xlsx,False,
{F-0013703},09/23/2026 21:58:34,FA0005,PC-1005,BB00B8A8.jpg,False,
{F-0034061},09/23/2026 21:59:34,QA0016,PC-1016,8CA7FBC2.jpg,False,
{F-0010901},09/23/2026 22:04:34,DA0003,PC-1003,EC9D3BEB.txt,False,
{F-0010891},09/23/2026 22:05:34,DA0003,PC-1003,5B8269F9.xls,False,
{F-0016055},09/23/2026 22:06:34,GA0006,PC-1006,2BFB9CB4.pdf,False,
{F-0022711},09/23/2026 22:09:34,KA0010,PC-1010,E613C94B.xlsx,False,
{F-0031013},09/23/2026 22:11:34,OA0014,PC-1014,736EB480.txt,False,
{F-0031022},09/23/2026 22:13:34,OA0014,PC-1014,D9DE507C.doc,False,
{F-0008182},09/23/2026 22:16:34,CA0002,PC-1002,64C06BDF.doc,False,
{F-0013694},09/23/2026 22:16:34,FA0005,PC-1005,87CA5ECB.xlsx,False,
{F-0018661},09/23/2026 22:16:34,IA0008,PC-1008,433B126F.doc,False,
{F-0020780},09/23/2026 22:16:34,JA0009,PC-1009,07997729.xls,False,
{F-0010899},09/23/2026 22:20:34,DA0003,PC-1003,D0A027C0.xlsx,False,
{F-0012250},09/23/2026 22:21:34,EA0004,PC-1004,AA5532BC.txt,False,
{F-0032649},09/23/2026 22:21:34,PA0015,PC-1015,30EC126B.xls,False,
{F-0004961},09/23/2026 22:22:34,BA0001,PC-1001,5FAAECE3.doc,False,
{F-0024753},09/23/2026 22:22:34,LA0011,PC-1011,0EC905CC.doc,False,
{F-0022705},09/23/2026 22:29:34,KA0010,PC-1010,318276B6.xlsx,False,
{F-0002305},09/23/2026 22:31:34,AA0000,PC-1000,DD055AC7.doc,False,
{F-0010893},09/23/2026 22:32:34,DA0003,PC-1003,210AC880.doc,False,
{F-0018662},09/23/2026 22:32:34,IA0008,PC-1008,C205B458.txt,False,
{F-0032645},09/23/2026 22:33:34,PA0015,PC-1015,33E2C751.xlsx,False,
{F-0013700},09/23/2026 22:35:34,FA0005,PC-1005,0B6A9F50.txt,False,
{F-0032644},09/23/2026 22:36:34,PA0015,PC-1015,08AB9115.jpg,False,
{F-0026724},09/23/2026 22:37:34,MA0012,PC-1012,D0ED172A.doc,False,
{F-0031020},09/23/2026 22:37:34,OA0014,PC-1014,850ED242.jpg,False,
{F-0031017},09/23/2026 22:38:34,OA0014,PC-1014,222966E1.doc,False,
{F-0035110},09/23/2026 22:38:34,RA0017,PC-1017,F8C1A983.txt,False,
{F-0028438},09/23/2026 22:39:34,NA0013,PC-1013,46F6094C.txt,False,
{F-0024763},09/23/2026 22:47:34,LA0011,PC-1011,0A363E2E.doc,False,
{F-0024764},09/23/2026 22:50:34,LA0011,PC-1011,28BA5BC2.xlsx,False,
{F-0022714},09/23/2026 22:52:34,KA0010,PC-1010,0311798F.doc,False,
{F-0004965},09/23/2026 22:53:34,BA0001,PC-1001,4F50EBDA.pdf,False,
{F-0031014},09/23/2026 22:53:34,OA0014,PC-1014,D980C563.txt,False,
{F-0018668},09/23/2026 22:54:34,IA0008,PC-1008,B4572F11.xlsx,False,
{F-0004957},09/23/2026 22:55:34,BA0001,PC-1001,01C7E2DB.pdf,False,
{F-0002308},09/23/2026 22:57:34,AA0000,PC-1000,367004F7.doc,False,
{F-0024760},09/23/2026 22:57:34,LA0011,PC-1011,B649C00D.doc,False,
{F-0016057},09/23/2026 22:59:34,GA0006,PC-1006,DC66B89F.xlsx,False,
{F-0031018},09/23/2026 23:00:34,OA0014,PC-1014,BF400A19.xls,False,
{F-0017063},09/23/2026 23:02:34,HA0007,PC-1007,ED3D503D.xlsx,False,
{F-0008199},09/23/2026 23:03:34,CA0002,PC-1002,894EFCC0.doc,False,
{F-0028429},09/23/2026 23:03:34,NA0013,PC-1013,3105B050.xlsx,False,
{F-0028433},09/23/2026 23:06:34,NA0013,PC-1013,7BFBEFE0.doc,False,
{F-0016056},09/23/2026 23:11:34,GA0006,PC-1006,38FB7DA8.jpg,False,
{F-0018669},09/23/2026 23:14:34,IA0008,PC-1008,FE32DCA1.doc,False,
{F-0016060},09/23/2026 23:15:34,GA0006,PC-1006,8082BDB1.jpg,False,
{F-0008196},09/23/2026 23:19:34,CA0002,PC-1002,4F13133B.txt,False,
{F-0008203},09/23/2026 23:22:34,CA0002,PC-1002,61CD83E8.jpg,False,
{F-0002303},09/23/2026 23:25:34,AA0000,PC-1000,F1F16E0D.txt,False,
{F-0010902},09/23/2026 23:25:34,DA0003,PC-1003,04E4C3AC.txt,False,
{F-0008180},09/23/2026 23:31:34,CA0002,PC-1002,AA227020.jpg,False,
{F-0012263},09/23/2026 23:31:34,EA0004,PC-1004,81DEB6DF.doc,False,
{F-0012258},09/23/2026 23:34:34,EA0004,PC-1004,2BAB7A4C.txt,False,
{F-0004958},09/23/2026 23:39:34,BA0001,PC-1001,5415E06A.doc,False,
{F-0024762},09/23/2026 23:39:34,LA0011,PC-1011,BBDFB807.xlsx,False,
{F-0018667},09/23/2026 23:45:34,IA0008,PC-1008,E43CB188.xlsx,False,
{F-0008187},09/23/2026 23:46:34,CA0002,PC-1002,05EBC336.doc,False,
{F-0002301},09/23/2026 23:47:34,AA0000,PC-1000,811AE76A.doc,False,
{F-0012253},09/23/2026 23:48:34,EA0004,PC-1004,A13F3C69.txt,False,
{F-0020788},09/23/2026 23:48:34,JA0009,PC-1009,37F57401.xls,False,
{F-0008192},09/23/2026 23:49:34,CA0002,PC-1002,873AB3BE.xls,False,
{F-0031012},09/23/2026 23:52:34,OA0014,PC-1014,CA7D2CBB.xlsx,False,
{F-0013696},09/23/2026 23:55:34,FA0005,PC-1005,E4E061F0.doc,False,
{F-0024754},09/23/2026 23:56:34,LA0011,PC-1011,83874080.xlsx,False,
{F-0031011},09/23/2026 23:58:34,OA0014,PC-1014,7E1FDCFF.xls,False,
{F-0028439},09/24/2026 00:00:34,NA0013,PC-1013,79F1CE69.xlsx,False,
{F-0010895},09/24/2026 00:01:34,DA0003,PC-1003,738C50C9.txt,False,
{F-0017068},09/24/2026 00:01:34,HA0007,PC-1007,256E96DC.xlsx,False,
{F-0018666},09/24/2026 00:03:34,IA0008,PC-1008,9F5C8548.doc,False,
{F-0020781},09/24/2026 00:03:34,JA0009,PC-1009,9B1FD25F.pdf,False,
{F-0032643},09/24/2026 00:04:34,PA0015,PC-1015,B0CF57E5.txt,False,
{F-0008190},09/24/2026 00:05:34,CA0002,PC-1002,3027FC54.doc,False,
{F-0010892},09/24/2026 00:05:34,DA0003,PC-1003,5A9F0112.doc,False,
{F-0024750},09/24/2026 00:08:34,LA0011,PC-1011,86FAD5EC.doc,False,
{F-0016054},09/24/2026 00:09:34,GA0006,PC-1006,5AB47A5D.txt,False,
{F-0022713},09/24/2026 00:09:34,KA0010,PC-1010,D0492E61.txt,False,
{F-0013701},09/24/2026 00:12:34,FA0005,PC-1005,09344EDB.xls,False,
{F-0034060},09/24/2026 00:12:34,QA0016,PC-1016,0C187AE7.xlsx,False,
{F-0020783},09/24/2026 00:13:34,JA0009,PC-1009,F91BAF8C.doc,False,
{F-0028431},09/24/2026 00:13:34,NA0013,PC-1013,DA5F5C48.txt,False,
{F-0012259},09/24/2026 00:15:34,EA0004,PC-1004,23FC72F0.doc,False,
{F-0010894},09/24/2026 00:17:34,DA0003,PC-1003,899106CD.pdf,False,
{F-0031016},09/24/2026 00:19:34,OA0014,PC-1014,1B5F836E.xls,False,
{F-0008202},09/24/2026 00:20:34,CA0002,PC-1002,315BA618.jpg,False,
{F-0012257},09/24/2026 00:20:34,EA0004,PC-1004,86AD4041.doc,False,
{F-0012251},09/24/2026 00:21:34,EA0004,PC-1004,7F4C4E42.doc,False,
{F-0020775},09/24/2026 00:23:34,JA0009,PC-1009,3FCFD763.txt,False,
{F-0018665},09/24/2026 00:28:34,IA0008,PC-1008,0F96E505.xlsx,False,
{F-0022704},09/24/2026 00:29:34,KA0010,PC-1010,5E9D4393.doc,False,
{F-0028440},09/24/2026 00:38:34,NA0013,PC-1013,5A8420A6.doc,False,
{F-0008201},09/24/2026 00:39:34,CA0002,PC-1002,260156B2.doc,False,
{F-0017062},09/24/2026 00:43:34,HA0007,PC-1007,BF69AAA0.xlsx,False,
{F-0035111},09/24/2026 00:43:34,RA0017,PC-1017,2D078C2F.doc,False,
{F-0034058},09/24/2026 00:45:34,QA0016,PC-1016,33E4FAA0.pdf,False,
{F-0020778},09/24/2026 00:48:34,JA0009,PC-1009,C22282FD.xls,False,
{F-0002296},09/24/2026 00:55:34,AA0000,PC-1000,5EF3D880.doc,False,
{F-0013698},09/24/2026 00:55:34,FA0005,PC-1005,92716A9D.xlsx,False,
{F-0034062},09/24/2026 00:57:34,QA0016,PC-1016,3CB64BB0.jpg,False,
{F-0002298},09/24/2026 00:58:34,AA0000,PC-1000,BF3EA8FE.jpg,False,
{F-0010903},09/24/2026 01:06:34,DA0003,PC-1003,29E2F333.doc,False,
{F-0017065},09/24/2026 01:06:34,HA0007,PC-1007,1B6875F7.jpg,False,
{F-0020793},09/24/2026 01:09:34,JA0009,PC-1009,14B30DCD.txt,False,
{F-0016061},09/24/2026 01:14:34,GA0006,PC-1006,0FB7B8A8.txt,False,
{F-0020791},09/24/2026 01:14:34,JA0009,PC-1009,9CC0139A.doc,False,
{F-0008205},09/24/2026 01:16:34,CA0002,PC-1002,6720D90E.pdf,False,
{F-0026726},09/24/2026 01:16:34,MA0012,PC-1012,A286B396.xls,False,
{F-0013693},09/24/2026 01:17:34,FA0005,PC-1005,C9ACDED5.doc,False,
{F-0020782},09/24/2026 01:18:34,JA0009,PC-1009,70ED2F87.doc,False,
{F-0008191},09/24/2026 01:19:34,CA0002,PC-1002,66A7FFC5.xls,False,
{F-0024765},09/24/2026 01:19:34,LA0011,PC-1011,94C238FF.xls,False,
{F-0020789},09/24/2026 01:21:34,JA0009,PC-1009,716BDDAA.doc,False,
{F-0016049},09/24/2026 01:22:34,GA0006,PC-1006,E10DDEB1.doc,False,
{F-0022701},09/24/2026 01:24:34,KA0010,PC-1010,583D94F1.doc,False,
{F-0024751},09/24/2026 01:24:34,LA0011,PC-1011,D2EC0CC9.xlsx,False,
{F-0024757},09/24/2026 01:25:34,LA0011,PC-1011,F19FCB7E.jpg,False,
{F-0028428},09/24/2026 01:29:34,NA0013,PC-1013,69CAB1AE.xlsx,False,
{F-0008197},09/24/2026 01:32:34,CA0002,PC-1002,38918143.jpg,False,
{F-0012255},09/24/2026 01:32:34,EA0004,PC-1004,D93AD51C.txt,False,
{F-0017067},09/24/2026 01:35:34,HA0007,PC-1007,C1BB81FA.xls,False,
{F-0002307},09/24/2026 01:38:34,AA0000,PC-1000,2D914A6C.doc,False,
{F-0008178},09/24/2026 01:41:34,CA0002,PC-1002,0AF96A7B.doc,False,
{F-0018659},09/24/2026 01:41:34,IA0008,PC-1008,3D7ADA5C.xls,False,
{F-0028432},09/24/2026 01:41:34,NA0013,PC-1013,DFF530B0.doc,False,
{F-0013704},09/24/2026 01:42:34,FA0005,PC-1005,4E944896.doc,False,
{F-0024761},09/24/2026 01:44:34,LA0011,PC-1011,6215CF79.xls,False,
{F-0004959},09/24/2026 01:45:34,BA0001,PC-1001,0C2421E0.txt,False,
{F-0012249},09/24/2026 01:48:34,EA0004,PC-1004,2432581F.xlsx,False,
{F-0024767},09/24/2026 01:48:34,LA0011,PC-1011,F5AF71A4.doc,False,
{F-0028430},09/24/2026 01:48:34,NA0013,PC-1013,2A635011.doc,False,
{F-0008193},09/24/2026 01:50:34,CA0002,PC-1002,B4937FFF.jpg,False,
{F-0024755},09/24/2026 01:50:34,LA0011,PC-1011,FD4400B2.xls,False,
{F-0008195},09/24/2026 01:52:34,CA0002,PC-1002,71106209.xlsx,False,
{F-0012260},09/24/2026 01:54:34,EA0004,PC-1004,0B2CC870.txt,False,
{F-0004960},09/24/2026 01:55:34,BA0001,PC-1001,645EB49C.doc,False,
{F-0034059},09/24/2026 01:58:34,QA0016,PC-1016,AA8B8E69.pdf,False,
{F-0020787},09/24/2026 02:02:34,JA0009,PC-1009,0BCBCF77.txt,False,
{F-0022703},09/24/2026 02:05:34,KA0010,PC-1010,99ADAA4A.txt,False,
{F-0035112},09/24/2026 02:08:34,RA0017,PC-1017,BA9C8957.doc,False,
{F-0018670},09/24/2026 02:09:34,IA0008,PC-1008,1B785D70.doc,False,
{F-0020786},09/24/2026 02:10:34,JA0009,PC-1009,EB049405.txt,False,
{F-0008204},09/24/2026 02:16:34,CA0002,PC-1002,A1C8F7D0.doc,False,
{F-0010900},09/24/2026 02:20:34,DA0003,PC-1003,5C3587D9.pdf,False,
{F-0018674},09/24/2026 02:21:34,IA0008,PC-1008,E047A196.xls,False,
{F-0018671},09/24/2026 02:22:34,IA0008,PC-1008,7D5B7B85.doc,False,
{F-0018663},09/24/2026 02:25:34,IA0008,PC-1008,BF434303.txt,False,
{F-0016050},09/24/2026 02:30:34,GA0006,PC-1006,B51F061F.pdf,False,
{F-0013708},09/24/2026 02:31:34,FA0005,PC-1005,D6EA82FC.pdf,False,
{F-0008185},09/24/2026 02:36:34,CA0002,PC-1002,6E503916.jpg,False,
{F-0016059},09/24/2026 02:37:34,GA0006,PC-1006,EBCAE2F4.jpg,False,
{F-0002300},09/24/2026 02:41:34,AA0000,PC-1000,2326CBEA.pdf,False,
{F-0024766},09/24/2026 02:44:34,LA0011,PC-1011,B09AE1FE.jpg,False,
{F-0031015},09/24/2026 02:44:34,OA0014,PC-1014,9AC6E0A3.xlsx,False,
{F-0018658},09/24/2026 02:47:34,IA0008,PC-1008,C19DEC71.jpg,False,
{F-0010888},09/24/2026 02:49:34,DA0003,PC-1003,D3B1CB6A.pdf,False,
{F-0020785},09/24/2026 02:49:34,JA0009,PC-1009,06AC9F41.doc,False,
{F-0022706},09/24/2026 02:49:34,KA0010,PC-1010,9D6CCE39.doc,False,
{F-0022708},09/24/2026 02:58:34,KA0010,PC-1010,3C2A9557.pdf,False,
{F-0016052},09/24/2026 02:59:34,GA0006,PC-1006,88E638E0.doc,False,
{F-0032647},09/24/2026 03:02:34,PA0015,PC-1015,8F1772B9.txt,False,
{F-0008186},09/24/2026 03:11:34,CA0002,PC-1002,7ED24CEF.jpg,False,
{F-0010889},09/24/2026 03:13:34,DA0003,PC-1003,6EC8886D.jpg,False,
{F-0024768},09/24/2026 03:13:34,LA0011,PC-1011,6445C0CB.jpg,False,
{F-0013695},09/24/2026 03:15:34,FA0005,PC-1005,C4BD054E.xlsx,False,
{F-0013706},09/24/2026 03:15:34,FA0005,PC-1005,FB46F75A.doc,False,
{F-0016058},09/24/2026 03:16:34,GA0006,PC-1006,88AA6100.txt,False,
{F-0012261},09/24/2026 03:18:34,EA0004,PC-1004,CA121C7D.doc,False,
{F-0017066},09/24/2026 03:20:34,HA0007,PC-1007,35F198A7.txt,False,
{F-0010898},09/24/2026 03:21:34,DA0003,PC-1003,516D3CB7.pdf,False,
{F-0022710},09/24/2026 03:21:34,KA0010,PC-1010,13CC3326.pdf,False,
{F-0008194},09/24/2026 03:26:34,CA0002,PC-1002,C9313BFD.jpg,False,
{F-0002304},09/24/2026 03:29:34,AA0000,PC-1000,DA4E8C70.jpg,False,
{F-0032646},09/24/2026 03:29:34,PA0015,PC-1015,2BD1A7A2.pdf,False,
{F-0008188},09/24/2026 03:32:34,CA0002,PC-1002,25A3F5A5.jpg,False,
{F-0010890},09/24/2026 03:33:34,DA0003,PC-1003,AA99062C.xls,False,
{F-0008179},09/24/2026 03:42:34,CA0002,PC-1002,602F5F35.pdf,False,
{F-0012264},09/24/2026 03:43:34,EA0004,PC-1004,D8A851E3.xls,False,
{F-0022707},09/24/2026 03:48:34,KA0010,PC-1010,2224BF06.xls,False,
{F-0028437},09/24/2026 03:55:34,NA0013,PC-1013,C99D37FF.jpg,False,
{F-0022715},09/24/2026 03:56:34,KA0010,PC-1010,FEF6A519.doc,False,
{F-0008181},09/24/2026 04:00:34,CA0002,PC-1002,697A70CD.doc,False,
{F-0008207},09/24/2026 04:02:34,CA0002,PC-1002,07138E3D.xls,False,
{F-0013707},09/24/2026 04:06:34,FA0005,PC-1005,E83EE45B.xls,False,
{F-0028435},09/24/2026 04:08:34,NA0013,PC-1013,E5D80EB2.pdf,False,
{F-0004966},09/24/2026 04:11:34,BA0001,PC-1001,0EE3E6AE.pdf,False,
{F-0035113},09/24/2026 04:22:34,RA0017,PC-1017,7471F0C6.doc,False,
{F-0026725},09/24/2026 04:24:34,MA0012,PC-1012,8CC27E08.xls,False,
{F-0034063},09/24/2026 04:31:34,QA0016,PC-1016,D0751A16.xls,False,
{F-0022702},09/24/2026 04:48:34,KA0010,PC-1010,C283640A.doc,False,
{F-0008184},09/24/2026 04:55:34,CA0002,PC-1002,8B5DEC8C.xls,False,
{F-0022712},09/24/2026 05:17:34,KA0010,PC-1010,E5E200BB.jpg,False,
{F-0013709},09/24/2026 05:31:34,FA0005,PC-1005,56624626.jpg,False,
{F-0013697},09/24/2026 05:32:34,FA0005,PC-1005,E0E2F0B1.xlsx,False,
{F-0013702},09/24/2026 06:07:34,FA0005,PC-1005,9F86C8B5.doc,False,
{F-0024823},09/24/2026 18:44:34,LA0011,PC-1011,6E5BA9D8.txt,False,
{F-0018705},09/24/2026 18:47:34,IA0008,PC-1008,D42D49A0.doc,False,
{F-0024818},09/24/2026 18:59:34,LA0011,PC-1011,1E903C42.doc,False,
{F-0024814},09/24/2026 19:03:34,LA0011,PC-1011,A5E9759B.xlsx,False,
{F-0024820},09/24/2026 19:03:34,LA0011,PC-1011,C7ADDCE1.pdf,False,
{F-0028469},09/24/2026 19:05:34,NA0013,PC-1013,5696A728.jpg,False,
{F-0031062},09/24/2026 19:10:34,OA0014,PC-1014,5085E50D.doc,False,
{F-0024806},09/24/2026 19:11:34,LA0011,PC-1011,05FD1013.txt,False,
{F-0026781},09/24/2026 19:17:34,MA0012,PC-1012,375EE98B.pdf,False,
{F-0018709},09/24/2026 19:21:34,IA0008,PC-1008,8E291E28.doc,False,
{F-0020827},09/24/2026 19:26:34,JA0009,PC-1009,B8A9148C.doc,False,
{F-0002346},09/24/2026 19:30:34,AA0000,PC-1000,5025B0FF.xlsx,False,
{F-0018703},09/24/2026 19:32:34,IA0008,PC-1008,213E1526.xlsx,False,
{F-0017083},09/24/2026 19:33:34,HA0007,PC-1007,D2CAFD88.doc,False,
{F-0017085},09/24/2026 19:33:34,HA0007,PC-1007,2757214E.doc,False,
{F-0017084},09/24/2026 19:45:34,HA0007,PC-1007,5FCDBAFC.jpg,False,
{F-0026780},09/24/2026 19:47:34,MA0012,PC-1012,CB45758C.doc,False,
{F-0005009},09/24/2026 19:48:34,BA0001,PC-1001,8F608631.xlsx,False,
{F-0026778},09/24/2026 19:54:34,MA0012,PC-1012,2B8B1C03.txt,False,
{F-0028476},09/24/2026 20:00:34,NA0013,PC-1013,F717FCA7.xls,False,
{F-0024809},09/24/2026 20:03:34,LA0011,PC-1011,AC20CB56.doc,False,
{F-0005007},09/24/2026 20:07:34,BA0001,PC-1001,76BD7C84.doc,False,
{F-0018698},09/24/2026 20:07:34,IA0008,PC-1008,6C717585.xls,False,
{F-0016103},09/24/2026 20:08:34,GA0006,PC-1006,24C3D912.jpg,False,
{F-0020824},09/24/2026 20:12:34,JA0009,PC-1009,7EBEF6EF.doc,False,
{F-0010938},09/24/2026 20:13:34,DA0003,PC-1003,AE9D3CD6.xls,False,
{F-0008260},09/24/2026 20:14:34,CA0002,PC-1002,CFCCDCD7.jpg,False,
{F-0024810},09/24/2026 20:14:34,LA0011,PC-1011,6692263D.jpg,False,
{F-0002343},09/24/2026 20:15:34,AA0000,PC-1000,78C77B38.doc,False,
{F-0010950},09/24/2026 20:15:34,DA0003,PC-1003,6E942849.doc,False,
{F-0031064},09/24/2026 20:16:34,OA0014,PC-1014,615AEB4A.jpg,False,
{F-0026784},09/24/2026 20:18:34,MA0012,PC-1012,0EC34E3A.doc,False,
{F-0031069},09/24/2026 20:18:34,OA0014,PC-1014,E90FD075.pdf,False,
{F-0022748},09/24/2026 20:24:34,KA0010,PC-1010,C835E58E.xlsx,False,
{F-0028479},09/24/2026 20:30:34,NA0013,PC-1013,8F7DB4D8.jpg,False,
{F-0008285},09/24/2026 20:33:34,CA0002,PC-1002,6C45E866.doc,False,
{F-0008275},09/24/2026 20:38:34,CA0002,PC-1002,F99CB820.xlsx,False,
{F-0008265},09/24/2026 20:45:34,CA0002,PC-1002,8FB5801F.jpg,False,
{F-0010955},09/24/2026 20:50:34,DA0003,PC-1003,782D3D0F.txt,False,
{F-0010940},09/24/2026 20:52:34,DA0003,PC-1003,ADA12926.doc,False,
{F-0008284},09/24/2026 20:56:34,CA0002,PC-1002,3A79D985.txt,False,
{F-0018708},09/24/2026 20:57:34,IA0008,PC-1008,568F7829.doc,False,
{F-0022757},09/24/2026 20:59:34,KA0010,PC-1010,16AABB3F.doc,False,
{F-0031058},09/24/2026 21:03:34,OA0014,PC-1014,B9B4DF34.doc,False,
{F-0002349},09/24/2026 21:06:34,AA0000,PC-1000,EF12881A.jpg,False,
{F-0002356},09/24/2026 21:06:34,AA0000,PC-1000,EFF03309.txt,False,
{F-0005012},09/24/2026 21:07:34,BA0001,PC-1001,652BA114.txt,False,
{F-0010944},09/24/2026 21:08:34,DA0003,PC-1003,AF4C1872.xlsx,False,
{F-0032679},09/24/2026 21:08:34,PA0015,PC-1015,A16DACD9.txt,False,
{F-0008286},09/24/2026 21:11:34,CA0002,PC-1002,0CE32684.xls,False,
{F-0010953},09/24/2026 21:12:34,DA0003,PC-1003,4447494B.doc,False,
{F-0028470},09/24/2026 21:12:34,NA0013,PC-1013,123B03C5.jpg,False,
{F-0010945},09/24/2026 21:17:34,DA0003,PC-1003,960F7BCB.txt,False,
{F-0020838},09/24/2026 21:18:34,JA0009,PC-1009,F80DD157.xlsx,False,
{F-0031060},09/24/2026 21:19:34,OA0014,PC-1014,CD3FAF22.jpg,False,
{F-0034080},09/24/2026 21:19:34,QA0016,PC-1016,29DD41A5.jpg,False,
{F-0024803},09/24/2026 21:21:34,LA0011,PC-1011,8D396EAC.pdf,False,
{F-0032683},09/24/2026 21:21:34,PA0015,PC-1015,700AA842.xlsx,False,
{F-0008266},09/24/2026 21:22:34,CA0002,PC-1002,A345CA96.jpg,False,
{F-0020828},09/24/2026 21:23:34,JA0009,PC-1009,437802DD.doc,False,
{F-0034084},09/24/2026 21:23:34,QA0016,PC-1016,9EA01FCC.xlsx,False,
{F-0031061},09/24/2026 21:27:34,OA0014,PC-1014,F8222531.xlsx,False,
{F-0012282},09/24/2026 21:35:34,EA0004,PC-1004,F0A79D1A.txt,False,
{F-0020829},09/24/2026 21:35:34,JA0009,PC-1009,2DD71F93.pdf,False,
{F-0020831},09/24/2026 21:35:34,JA0009,PC-1009,DD6A08EB.doc,False,
{F-0002347},09/24/2026 21:38:34,AA0000,PC-1000,0D026D92.doc,False,
{F-0002350},09/24/2026 21:38:34,AA0000,PC-1000,00210EB7.xls,False,
{F-0022761},09/24/2026 21:44:34,KA0010,PC-1010,D4770861.doc,False,
{F-0022763},09/24/2026 21:47:34,KA0010,PC-1010,4A4680CB.doc,False,
{F-0024816},09/24/2026 21:49:34,LA0011,PC-1011,7426B3FF.doc,False,
{F-0024828},09/24/2026 21:49:34,LA0011,PC-1011,FCD88096.xlsx,False,
{F-0031067},09/24/2026 21:49:34,OA0014,PC-1014,2C570C99.jpg,False,
{F-0008269},09/24/2026 21:55:34,CA0002,PC-1002,5F453C52.xlsx,False,
{F-0018701},09/24/2026 21:56:34,IA0008,PC-1008,D8C660EC.doc,False,
{F-0017076},09/24/2026 22:01:34,HA0007,PC-1007,46BBBA80.txt,False,
{F-0010954},09/24/2026 22:03:34,DA0003,PC-1003,79204BE6.xls,False,
{F-0008270},09/24/2026 22:09:34,CA0002,PC-1002,3B5B7D54.doc,False,
{F-0008278},09/24/2026 22:12:34,CA0002,PC-1002,92EA8F4E.pdf,False,
{F-0024824},09/24/2026 22:12:34,LA0011,PC-1011,6F3B8BDD.jpg,False,
{F-0020825},09/24/2026 22:14:34,JA0009,PC-1009,11532322.doc,False,
{F-0008280},09/24/2026 22:17:34,CA0002,PC-1002,9E5E7AB7.xls,False,
{F-0020832},09/24/2026 22:18:34,JA0009,PC-1009,A2385FA4.jpg,False,
{F-0018699},09/24/2026 22:22:34,IA0008,PC-1008,2FD3D8CC.txt,False,
{F-0020821},09/24/2026 22:22:34,JA0009,PC-1009,0BCBA42E.jpg,False,
{F-0028475},09/24/2026 22:26:34,NA0013,PC-1013,A0E98177.pdf,False,
{F-0028477},09/24/2026 22:27:34,NA0013,PC-1013,050C20BD.jpg,False,
{F-0024825},09/24/2026 22:36:34,LA0011,PC-1011,FCCFD585.xlsx,False,
{F-0020823},09/24/2026 22:37:34,JA0009,PC-1009,8304E52D.pdf,False,
{F-0008282},09/24/2026 22:40:34,CA0002,PC-1002,C42073C3.txt,False,
{F-0002344},09/24/2026 22:41:34,AA0000,PC-1000,8AAA7DB3.doc,False,
{F-0024805},09/24/2026 22:44:34,LA0011,PC-1011,F7B56DE1.xlsx,False,
{F-0013731},09/24/2026 22:59:34,FA0005,PC-1005,93F2E274.xlsx,False,
{F-0010941},09/24/2026 23:04:34,DA0003,PC-1003,58F65EDE.jpg,False,
{F-0002358},09/24/2026 23:06:34,AA0000,PC-1000,6F57C884.doc,False,
{F-0008279},09/24/2026 23:08:34,CA0002,PC-1002,7F0AC94E.pdf,False,
{F-0008274},09/24/2026 23:10:34,CA0002,PC-1002,BCEE4C5A.doc,False,
{F-0008253},09/24/2026 23:16:34,CA0002,PC-1002,A99F7CA4.txt,False,
{F-0010946},09/24/2026 23:18:34,DA0003,PC-1003,72E0DBC7.jpg,False,
{F-0032678},09/24/2026 23:18:34,PA0015,PC-1015,9CDB2E97.xlsx,False,
{F-0002342},09/24/2026 23:19:34,AA0000,PC-1000,AE41373F.jpg,False,
{F-0020833},09/24/2026 23:19:34,JA0009,PC-1009,D14CA888.doc,False,
{F-0005003},09/24/2026 23:21:34,BA0001,PC-1001,7DE0322F.jpg,False,
{F-0013726},09/24/2026 23:21:34,FA0005,PC-1005,AB65A538.xlsx,False,
{F-0020835},09/24/2026 23:23:34,JA0009,PC-1009,5BF7F5C9.jpg,False,
{F-0024815},09/24/2026 23:23:34,LA0011,PC-1011,74CFA937.txt,False,
{F-0016102},09/24/2026 23:25:34,GA0006,PC-1006,ACA8C608.txt,False,
{F-0022758},09/24/2026 23:33:34,KA0010,PC-1010,15FC7331.txt,False,
{F-0008268},09/24/2026 23:35:34,CA0002,PC-1002,C3CDF891.jpg,False,
{F-0028473},09/24/2026 23:37:34,NA0013,PC-1013,FB9E03C0.pdf,False,
{F-0005010},09/24/2026 23:38:34,BA0001,PC-1001,E75D5E71.jpg,False,
{F-0010942},09/24/2026 23:44:34,DA0003,PC-1003,8094C597.txt,False,
{F-0002351},09/24/2026 23:46:34,AA0000,PC-1000,7A80F7EB.doc,False,
{F-0008256},09/24/2026 23:47:34,CA0002,PC-1002,7272CE9B.doc,False,
{F-0013725},09/24/2026 23:51:34,FA0005,PC-1005,CF493A97.doc,False,
{F-0031063},09/24/2026 23:54:34,OA0014,PC-1014,D53D8447.pdf,False,
{F-0017082},09/24/2026 23:56:34,HA0007,PC-1007,5CB3DF33.txt,False,
{F-0010937},09/25/2026 00:01:34,DA0003,PC-1003,D3E4F6F7.pdf,False,
{F-0018707},09/25/2026 00:01:34,IA0008,PC-1008,754D9318.xlsx,False,
{F-0013730},09/25/2026 00:03:34,FA0005,PC-1005,F311C1C3.jpg,False,
{F-0024808},09/25/2026 00:03:34,LA0011,PC-1011,25307783.txt,False,
{F-0002345},09/25/2026 00:09:34,AA0000,PC-1000,D75516E1.xls,False,
{F-0016108},09/25/2026 00:09:34,GA0006,PC-1006,EB1CB167.doc,False,
{F-0022755},09/25/2026 00:09:34,KA0010,PC-1010,AF519DA5.doc,False,
{F-0012284},09/25/2026 00:14:34,EA0004,PC-1004,FA5F8FB2.doc,False,
{F-0028478},09/25/2026 00:17:34,NA0013,PC-1013,0A5F30B7.xlsx,False,
{F-0010939},09/25/2026 00:18:34,DA0003,PC-1003,D93F2A90.jpg,False,
{F-0028472},09/25/2026 00:21:34,NA0013,PC-1013,555A62A4.doc,False,
{F-0024826},09/25/2026 00:22:34,LA0011,PC-1011,0C501B7B.jpg,False,
{F-0005008},09/25/2026 00:23:34,BA0001,PC-1001,1EC10AD2.pdf,False,
{F-0017081},09/25/2026 00:23:34,HA0007,PC-1007,130E8553.doc,False,
{F-0018702},09/25/2026 00:27:34,IA0008,PC-1008,F450A1AF.txt,False,
{F-0032682},09/25/2026 00:28:34,PA0015,PC-1015,8C1A98B3.doc,False,
{F-0018706},09/25/2026 00:30:34,IA0008,PC-1008,93CB063A.jpg,False,
{F-0024804},09/25/2026 00:30:34,LA0011,PC-1011,B85C2F3F.doc,False,
{F-0012283},09/25/2026 00:31:34,EA0004,PC-1004,2C374481.xls,False,
{F-0020820},09/25/2026 00:31:34,JA0009,PC-1009,0B7B3BBD.jpg,False,
{F-0024821},09/25/2026 00:32:34,LA0011,PC-1011,81E36757.txt,False,
{F-0026777},09/25/2026 00:32:34,MA0012,PC-1012,9A0965B1.xls,False,
{F-0028471},09/25/2026 00:32:34,NA0013,PC-1013,47E61E3D.xlsx,False,
{F-0005011},09/25/2026 00:34:34,BA0001,PC-1001,199FE284.xlsx,False,
{F-0035133},09/25/2026 00:35:34,RA0017,PC-1017,5E3AF8ED.doc,False,
{F-0010947},09/25/2026 00:37:34,DA0003,PC-1003,3CDD324D.xlsx,False,
{F-0002340},09/25/2026 00:40:34,AA0000,PC-1000,BF5AE639.xls,False,
{F-0016110},09/25/2026 00:43:34,GA0006,PC-1006,9BF4E4F5.doc,False,
{F-0002339},09/25/2026 00:45:34,AA0000,PC-1000,A1A2F7DC.doc,False,
{F-0022756},09/25/2026 00:47:34,KA0010,PC-1010,ED23757D.jpg,False,
{F-0026783},09/25/2026 00:51:34,MA0012,PC-1012,F86636F4.pdf,False,
{F-0022754},09/25/2026 00:55:34,KA0010,PC-1010,C468BC4B.txt,False,
{F-0032684},09/25/2026 00:55:34,PA0015,PC-1015,FBEEFC98.xls,False,
{F-0008263},09/25/2026 00:57:34,CA0002,PC-1002,EF4AF55C.pdf,False,
{F-0012281},09/25/2026 00:57:34,EA0004,PC-1004,F17C5FE4.jpg,False,
{F-0035135},09/25/2026 00:57:34,RA0017,PC-1017,55378076.xlsx,False,
{F-0034081},09/25/2026 00:58:34,QA0016,PC-1016,D52DAEA3.doc,False,
{F-0020837},09/25/2026 01:00:34,JA0009,PC-1009,EAE34A61.jpg,False,
{F-0016109},09/25/2026 01:02:34,GA0006,PC-1006,B3EE4A35.pdf,False,
{F-0012287},09/25/2026 01:04:34,EA0004,PC-1004,9B83F706.txt,False,
{F-0002352},09/25/2026 01:06:34,AA0000,PC-1000,C47DE812.jpg,False,
{F-0031066},09/25/2026 01:08:34,OA0014,PC-1014,E80FD0BA.doc,False,
{F-0002353},09/25/2026 01:10:34,AA0000,PC-1000,EB6F6A78.txt,False,
{F-0008273},09/25/2026 01:11:34,CA0002,PC-1002,1F77B9BB.doc,False,
{F-0032680},09/25/2026 01:17:34,PA0015,PC-1015,E6972DD6.doc,False,
{F-0024802},09/25/2026 01:19:34,LA0011,PC-1011,51BE16BC.xlsx,False,
{F-0008276},09/25/2026 01:25:34,CA0002,PC-1002,1FF1A500.jpg,False,
{F-0012288},09/25/2026 01:25:34,EA0004,PC-1004,BF417195.txt,False,
{F-0016107},09/25/2026 01:27:34,GA0006,PC-1006,2B177160.jpg,False,
{F-0016104},09/25/2026 01:31:34,GA0006,PC-1006,F5B2BCFD.txt,False,
{F-0008289},09/25/2026 01:32:34,CA0002,PC-1002,964A6C7B.pdf,False,
{F-0020822},09/25/2026 01:32:34,JA0009,PC-1009,987913F6.pdf,False,
{F-0010948},09/25/2026 01:38:34,DA0003,PC-1003,4A142A41.xls,False,
{F-0002354},09/25/2026 01:40:34,AA0000,PC-1000,B7B3AE8F.doc,False,
{F-0008271},09/25/2026 01:42:34,CA0002,PC-1002,26C8E349.xlsx,False,
{F-0010943},09/25/2026 01:44:34,DA0003,PC-1003,7D05533E.txt,False,
{F-0031068},09/25/2026 01:44:34,OA0014,PC-1014,4B7E1F24.jpg,False,
{F-0008287},09/25/2026 01:50:34,CA0002,PC-1002,89B9F5A8.jpg,False,
{F-0002355},09/25/2026 01:52:34,AA0000,PC-1000,DBA40845.xls,False,
{F-0008288},09/25/2026 01:52:34,CA0002,PC-1002,FC78FD78.xls,False,
{F-0026785},09/25/2026 01:52:34,MA0012,PC-1012,FA2FD7A5.doc,False,
{F-0034085},09/25/2026 01:53:34,QA0016,PC-1016,7C91530E.pdf,False,
{F-0024817},09/25/2026 01:55:34,LA0011,PC-1011,CCAF14D2.doc,False,
{F-0010956},09/25/2026 02:00:34,DA0003,PC-1003,0D401038.xls,False,
{F-0005004},09/25/2026 02:02:34,BA0001,PC-1001,DCBBD469.doc,False,
{F-0012285},09/25/2026 02:03:34,EA0004,PC-1004,8736391E.doc,False,
{F-0008272},09/25/2026 02:07:34,CA0002,PC-1002,92EB40A0.doc,False,
{F-0020834},09/25/2026 02:07:34,JA0009,PC-1009,A1124993.jpg,False,
{F-0008251},09/25/2026 02:09:34,CA0002,PC-1002,BBE325A8.xls,False,
{F-0010952},09/25/2026 02:09:34,DA0003,PC-1003,590B685B.doc,False,
{F-0020830},09/25/2026 02:11:34,JA0009,PC-1009,2D99449E.xlsx,False,
{F-0002341},09/25/2026 02:12:34,AA0000,PC-1000,FB6D43AA.xlsx,False,
{F-0010949},09/25/2026 02:12:34,DA0003,PC-1003,734F5508.doc,False,
{F-0016100},09/25/2026 02:13:34,GA0006,PC-1006,D1824442.jpg,False,
{F-0018704},09/25/2026 02:14:34,IA0008,PC-1008,AE487D92.pdf,False,
{F-0016105},09/25/2026 02:16:34,GA0006,PC-1006,5AF21BCD.xls,False,
{F-0012286},09/25/2026 02:18:34,EA0004,PC-1004,64E88892.jpg,False,
{F-0032681},09/25/2026 02:18:34,PA0015,PC-1015,0BA91C59.txt,False,
{F-0024819},09/25/2026 02:24:34,LA0011,PC-1011,61F78B48.doc,False,
{F-0022752},09/25/2026 02:25:34,KA0010,PC-1010,85041FB6.jpg,False,
{F-0017079},09/25/2026 02:26:34,HA0007,PC-1007,FA3DD360.xls,False,
{F-0026786},09/25/2026 02:26:34,MA0012,PC-1012,803B618B.xlsx,False,
{F-0010951},09/25/2026 02:27:34,DA0003,PC-1003,097EA789.jpg,False,
{F-0017080},09/25/2026 02:30:34,HA0007,PC-1007,6DF76132.jpg,False,
{F-0017077},09/25/2026 02:32:34,HA0007,PC-1007,8539E432.pdf,False,
{F-0013728},09/25/2026 02:34:34,FA0005,PC-1005,B680002C.jpg,False,
{F-0016106},09/25/2026 02:35:34,GA0006,PC-1006,A1CF6FF9.xls,False,
{F-0022760},09/25/2026 02:35:34,KA0010,PC-1010,C4F49CE2.txt,False,
{F-0035136},09/25/2026 02:36:34,RA0017,PC-1017,984BFA7D.xls,False,
{F-0031065},09/25/2026 02:37:34,OA0014,PC-1014,6A368DCF.txt,False,
{F-0024822},09/25/2026 02:38:34,LA0011,PC-1011,123C7027.doc,False,
{F-0010957},09/25/2026 02:41:34,DA0003,PC-1003,C2D08D28.txt,False,
{F-0026782},09/25/2026 02:47:34,MA0012,PC-1012,8D238ADA.xlsx,False,
{F-0002338},09/25/2026 02:49:34,AA0000,PC-1000,203A071A.doc,False,
{F-0016101},09/25/2026 02:51:34,GA0006,PC-1006,782FDDF4.doc,False,
{F-0031057},09/25/2026 02:58:34,OA0014,PC-1014,76A72168.doc,False,
{F-0020836},09/25/2026 03:03:34,JA0009,PC-1009,A97907BC.xlsx,False,
{F-0022753},09/25/2026 03:03:34,KA0010,PC-1010,A1C4C33F.doc,False,
{F-0008255},09/25/2026 03:04:34,CA0002,PC-1002,A36BC8A2.pdf,False,
{F-0026776},09/25/2026 03:06:34,MA0012,PC-1012,3955520E.xlsx,False,
{F-0035134},09/25/2026 03:09:34,RA0017,PC-1017,1F6B0A0B.jpg,False,
{F-0028480},09/25/2026 03:11:34,NA0013,PC-1013,249B7408.pdf,False,
{F-0002348},09/25/2026 03:12:34,AA0000,PC-1000,6DB8C184.pdf,False,
{F-0020826},09/25/2026 03:14:34,JA0009,PC-1009,EF91A0F9.pdf,False,
{F-0031059},09/25/2026 03:15:34,OA0014,PC-1014,A45EEF2F.doc,False,
{F-0024827},09/25/2026 03:16:34,LA0011,PC-1011,1D37FFCB.doc,False,
{F-0002357},09/25/2026 03:20:34,AA0000,PC-1000,BEAC456A.txt,False,
{F-0024811},09/25/2026 03:23:34,LA0011,PC-1011,C21B4493.xls,False,
{F-0012280},09/25/2026 03:24:34,EA0004,PC-1004,A493DC22.jpg,False,
{F-0026779},09/25/2026 03:25:34,MA0012,PC-1012,6B1996B0.jpg,False,
{F-0024801},09/25/2026 03:26:34,LA0011,PC-1011,F27E1826.doc,False,
{F-0022749},09/25/2026 03:27:34,KA0010,PC-1010,97CFD4F3.pdf,False,
{F-0005006},09/25/2026 03:28:34,BA0001,PC-1001,F4DA3B45.txt,False,
{F-0008264},09/25/2026 03:28:34,CA0002,PC-1002,DDAF35D3.doc,False,
{F-0018700},09/25/2026 03:28:34,IA0008,PC-1008,ECDE16D8.jpg,False,
{F-0008258},09/25/2026 03:29:34,CA0002,PC-1002,11DE0AF3.jpg,False,
{F-0005005},09/25/2026 03:33:34,BA0001,PC-1001,5F8C5040.jpg,False,
{F-0024807},09/25/2026 03:33:34,LA0011,PC-1011,A5855207.txt,False,
{F-0026787},09/25/2026 03:34:34,MA0012,PC-1012,C78A77FA.xlsx,False,
{F-0024800},09/25/2026 03:40:34,LA0011,PC-1011,9B5F9BC7.txt,False,
{F-0032685},09/25/2026 03:49:34,PA0015,PC-1015,4D7A4231.xls,False,
{F-0017078},09/25/2026 03:51:34,HA0007,PC-1007,7E6433E9.doc,False,
{F-0008281},09/25/2026 03:53:34,CA0002,PC-1002,BBD6A86C.xls,False,
{F-0008261},09/25/2026 03:55:34,CA0002,PC-1002,581AF6B5.xls,False,
{F-0008257},09/25/2026 04:00:34,CA0002,PC-1002,A46FBFBE.xls,False,
{F-0028474},09/25/2026 04:11:34,NA0013,PC-1013,9CE0132B.pdf,False,
{F-0008254},09/25/2026 04:13:34,CA0002,PC-1002,75FDBCC5.xls,False,
{F-0022759},09/25/2026 04:14:34,KA0010,PC-1010,70624857.xlsx,False,
{F-0024813},09/25/2026 04:30:34,LA0011,PC-1011,830F874C.txt,False,
{F-0024829},09/25/2026 04:32:34,LA0011,PC-1011,8B19C95B.pdf,False,
{F-0024799},09/25/2026 04:36:34,LA0011,PC-1011,DFB7685C.xls,False,
{F-0022750},09/25/2026 04:40:34,KA0010,PC-1010,850A4B42.doc,False,
{F-0008252},09/25/2026 04:43:34,CA0002,PC-1002,677DC8B2.pdf,False,
{F-0024812},09/25/2026 04:44:34,LA0011,PC-1011,34D17640.jpg,False,
{F-0022751},09/25/2026 04:49:34,KA0010,PC-1010,E165D34F.jpg,False,
{F-0022762},09/25/2026 04:49:34,KA0010,PC-1010,3BA6C8A2.doc,False,
{F-0008262},09/25/2026 04:53:34,CA0002,PC-1002,0BCA0A0C.jpg,False,
{F-0008259},09/25/2026 05:14:34,CA0002,PC-1002,7D084D4A.txt,False,
{F-0013727},09/25/2026 05:18:34,FA0005,PC-1005,8E4C72C1.jpg,False,
{F-0013729},09/25/2026 05:24:34,FA0005,PC-1005,01E7BBA0.doc,False,
{F-0008283},09/25/2026 05:29:34,CA0002,PC-1002,1043F374.pdf,False,
{F-0008267},09/25/2026 05:32:34,CA0002,PC-1002,1F5F680D.pdf,False,
{F-0008277},09/25/2026 05:35:34,CA0002,PC-1002,4F23A54A.txt,False,
{F-0034082},09/25/2026 05:39:34,QA0016,PC-1016,48DA71E3.doc,False,
{F-0034083},09/25/2026 05:42:34,QA0016,PC-1016,9E9E5609.xls,False,
